2	0	0	No Answer
2	0	1	Black
2	0	2	White
2	0	3	Male
2	0	4	Female
2	0	5	Battle
2	0	6	Trade
2	0	7	The City
2	0	8	The Country
2	0	9	Smart
2	0	10	Athletic
2	0	11	Time
2	0	12	Money
2	0	13	Appearance
2	0	14	Substance
2	0	15	Cool
2	0	16	Cute
2	0	17	Strange
2	0	18	Tepig
2	0	19	Oshawott
2	0	20	Snivy
2	0	21	The Beach
2	0	22	A River
2	0	23	The Mountains
2	0	24	Classes
2	0	25	Breaks
2	0	26	Lunch
2	0	27	Family
2	0	28	Friends
2	0	29	Self
2	0	30	Spring
2	0	31	Summer
2	0	32	Autumn
2	0	33	Winter
2	0	34	Sweet
2	0	35	Spicy
2	0	36	Sour
2	0	37	Bitter
2	0	38	Fun
2	0	39	Cool
2	0	40	Kind
2	0	41	Rich
2	0	42	Battles
2	0	43	Collecting
2	0	44	The Story
2	0	45	Pokémon
2	0	46	English
2	0	47	Math
2	0	48	Science
2	0	49	Social Studies
2	0	50	English
2	0	51	Math
2	0	52	Science
2	0	53	Social Studies
2	0	54	Trainer
2	0	55	Professor
2	0	56	Team Plasma
2	0	57	Pokémon
2	0	58	Play Outside
2	0	59	Shopping
2	0	60	Reading
2	0	61	Video Games
2	0	62	Sleeping Late
2	0	63	Pop
2	0	64	Rock
2	0	65	Jazz
2	0	66	Rap
2	0	67	Classical
2	0	68	News
2	0	69	Drama
2	0	70	Comedy
2	0	71	Sports
2	0	72	Cartoons
2	0	73	Action
2	0	74	Sci-Fi
2	0	75	Romance
2	0	76	Suspense
2	0	77	Comedy
2	0	78	Horror
2	0	79	Baseball
2	0	80	Soccer
2	0	81	Basketball
2	0	82	Football
2	0	83	Hockey
2	0	84	Martial Arts
2	0	85	Red
2	0	86	Green
2	0	87	Blue
2	0	88	Yellow
2	0	89	White
2	0	90	Black
2	0	91	Exercising
2	0	92	Reading
2	0	93	Music
2	0	94	Movies
2	0	95	Traveling
2	0	96	Cooking
2	0	97	Fishing
2	0	98	Video Games
2	0	99	Student
2	0	100	Office Worker
2	0	101	Creator
2	0	102	Self-Employed
2	0	103	Public Official
2	0	104	Homemaker
2	0	105	Artist
2	0	106	Job-Hopper
2	0	107	Chili
2	0	108	Cilan
2	0	109	Cress
2	0	110	Lenora
2	0	111	Burgh
2	0	112	Elesa
2	0	113	Clay
2	0	114	Skyla
2	0	115	Brycen
2	0	116	Iris
2	0	117	Drayden
2	0	118	Normal
2	0	119	Fire
2	0	120	Water
2	0	121	Electric
2	0	122	Grass
2	0	123	Ice
2	0	124	Fighting
2	0	125	Poison
2	0	126	Ground
2	0	127	Flying
2	0	128	Psychic
2	0	129	Bug
2	0	130	Rock
2	0	131	Ghost
2	0	132	Dragon
2	0	133	Dark
2	0	134	Steel
2	0	135	0-10 Hours
2	0	136	10-20 Hours
2	0	137	20-30 Hours
2	0	138	30-40 Hours
2	0	139	40-50 Hours
2	0	140	50-60 Hours
2	0	141	60-70 Hours
2	0	142	70-80 Hours
2	0	143	80-90 Hours
2	0	144	90-100 Hours
2	0	145	100+ Hours
2	1	0	Delete all saved data?
2	1	1	Once the saved data has been deleted,\nthere is no way to recover it.\n\nIs it really OK to delete\nall saved data?
2	1	2	Deleting all saved data...\nDon't turn off the power.
2	2	0	The save data could not be\naccessed.\n\nPlease turn the power off and\nreinsert the Game Card.
2	2	1	The save data could not be\naccessed.\n\nPlease turn the power off and\nreinsert the Game Card.
2	2	2	The save data could not be accessed.\n\nPlease turn off the power \nand reinsert the DS Card.
2	3	0	USE
2	3	1	TRASH
2	3	2	REGISTER
2	3	3	GIVE
2	3	5	CONFIRM
2	3	6	WALK
2	3	8	CANCEL
2	3	16	CHECK
2	3	18	DESELECT
2	3	43	{00} is selected.
2	3	47	The {00} can't be held.
2	3	53	Throw away how many\n{00}?
2	3	54	Threw away {01} {00}.
2	3	55	Is it OK to throw away\n{01} {00}?
2	3	56	Juniper's words echoed...\n{00}! There's a time and\n\nplace for everything! But not now.
2	3	57	You can't dismount your Bike here.
2	3	58	Juniper's words echoed...\n{00}! There's a time and\n\nplace for everything! But not now.
2	3	60	Booted up a TM.
2	3	61	Booted up an HM.
2	3	62	It contained\n{00}.\n\nTeach {00}\nto a Pokémon?
2	3	63	{00} used the\n{01}.
2	3	64	Since a Repel's effects still linger,\nyou can't use this now.
2	3	69	No. {00}　{01}
2	3	71	Hidden {00}　{01}
2	3	77	{00}? Oh, no.\nI can't buy that.
2	3	78	{00}? \nHow many will you sell?
2	3	79	I can pay ${00}.\nWould that be OK?
2	3	80	Turned over the {00}\nand received ${01}.
2	3	81	Money
2	3	82	${00}
2	3	84	+${00}
2	3	90	PP
2	3	91	POWER
2	3	92	ACCURACY
2	3	93	CATEGORY
2	3	94	{00}
2	3	95	{00}
2	3	102	TYPE
2	3	130	{00}
2	3	131	x{00}
2	3	132	YES
2	3	133	NO
2	3	134	{00}
2	3	135	It's empty.
2	3	138	Items have been sorted!
2	3	139	{00}
2	4	0	Welcome to Battle Competition!
2	4	1	There are two kinds of Battle Competition.\nOne is the Wi-Fi Competition, which is held\n\nvia Nintendo Wi-Fi Connection, and the\n\nother is the Live Competition, which is\n\nheld at certain events.\n\nOnly Pokémon registered in your\nBattle Box can participate.\n\nOnce registered, you cannot move\nyour Pokémon to and from your\n\nBattle Box.\n\nWhen you participate in a competition,\nyour Digital Player ID will be updated.\n\nPlease check it.\n\n
2	4	2	To the Wi-Fi Competition
2	4	3	To the Live Competition
2	4	4	Check your Digital Player ID
2	4	5	Info
2	4	6	Back
2	4	7	Participate
2	4	8	To participate in the Wi-Fi Competition,\nyou'll need to access the webpage\n\nof the Pokémon Global Link to register.\n\nhttp://www.pokemon-gl.com\n\nPlease check the Pokémon Global Link\nwebpage for the competition regulations,\n\nits duration, and other information.\n\n
2	4	9	Will you participate in\nthe Wi-Fi Competition?
2	4	13	Cancel participation
2	4	14	Will you participate in\nthe Live Competition?
2	4	15	You can check the information\nregarding the Live Competition at the\n\nPokémon official website:\n\nhttp://www.pokemon.com.\n\nPlease check the Pokémon official website\nfor the competition regulations,\n\nits duration, and other information.\n\n
2	5	0	BATTLE VIDEOS
2	5	1	BATTLE SUBWAY
2	5	2	RANDOM MATCHUP
2	5	3	CANCEL
2	5	4	QUIT
2	5	5	MY VIDEO
2	5	6	OTHER VIDEOS
2	5	7	DELETE VIDEOS
2	5	8	{00}'S VIDEO
2	5	9	EMPTY
2	5	10	{00}
2	5	11	Battle
2	5	12	Video no.: {00}-{01}-{02}
2	5	13	Video no.: {00}-{01}-{02} ★
2	5	14	{00}'S PROFILE
2	5	16	Born in {00}
2	5	17	Location
2	5	18	Trainer's quote
2	5	23	{00}
2	5	24	{00}
2	5	26	{00}'S VIDEO
2	5	27	DELETE MY VIDEO
2	5	28	DELETE OTHER VIDEOS
2	5	31	SEARCH BY RANKING
2	5	33	NEWEST 30
2	5	34	SEARCH
2	5	35	SEARCH BY NO.
2	5	36	SEARCH BY FACILITY
2	5	37	SEARCH BY POKÉMON
2	5	38	SEARCH YOUR LOCATION
2	5	39	LINK BATTLES
2	5	40	BATTLE SUBWAY
2	5	41	SEND PHOTO
2	5	42	VIEW PHOTOS
2	5	43	SEND
2	5	44	Please choose the Pokémon you want to see.
2	5	58	ABC
2	5	59	DEF
2	5	60	GHI
2	5	61	JKL
2	5	62	MNO
2	5	63	PQR
2	5	64	STU
2	5	65	VWX
2	5	66	YZ
2	5	84	SAVE
2	5	85	VIEW BATTLE\nVIDEO
2	5	87	NEWEST 30 BATTLE VIDEOS
2	5	88	TOP-RANKED BATTLE VIDEOS\nLINK BATTLE
2	5	89	TOP-RANKED BATTLE VIDEOS\nBATTLE SUBWAY
2	5	90	LIST OF BATTLE VIDEOS FROM\nSEARCH RESULTS
2	5	92	Where would you like to save\n{00}'s Battle Video?
2	5	94	Is it OK to delete\n{00}'s Battle Video?
2	5	95	VIEW BATTLE VIDEOS
2	5	96	SEND BATTLE VIDEO
2	5	100	SEARCH BY FACILITY
2	5	101	SEARCH BY POKÉMON
2	5	102	SEARCH YOUR LOCATION
2	5	103	OK!
2	5	104	Please enter the Video Number.
2	5	105	Please choose the facility.
2	5	106	Please choose the Pokémon.
2	5	107	Please enter the search criteria.
2	5	108	You haven't set any search criteria.
2	5	109	Loading Battle Video...
2	5	110	There is no matching Battle Video...
2	5	111	Sending the Battle Video...
2	5	112	The Battle Video has been sent!
2	5	113	VIEW PROFILE
2	5	114	CLOSE PROFILE
2	5	116	Please set the search criteria.
2	5	117	Undefined
2	5	119	The same Battle Video can't be sent again.\nTouch the Touch Screen to continue.
2	5	120	You have not registered your location.
2	5	121	There is no Battle Video to send.
2	5	122	{00}
2	5	124	BATTLE SUBWAY
2	5	126	SINGLE TRAIN
2	5	127	DOUBLE TRAIN
2	5	128	MULTI TRAIN
2	5	129	Wi-Fi TRAIN
2	5	130	BATTLE SUBWAY
2	5	131	SUPER SINGLE TRAIN
2	5	132	SUPER DOUBLE TRAIN
2	5	133	SUPER MULTI TRAIN
2	5	134	Please select the Record\nyou want to view.
2	5	135	PREVIOUS:
2	5	136	RECORD:
2	5	137	{00}
2	5	139	 Wins
2	5	140	Multi with Trainer
2	5	141	Multi with friend
2	5	142	RANK
2	5	143	Current Record
2	5	144	Wi-Fi Train Record
2	5	145	CURRENT:
2	5	146	{00}'S RATING
2	5	147	RATING MODE RECORD
2	5	148	FREE MODE RECORD
2	5	149	Win
2	5	150	Lose
2	5	151	Single:
2	5	152	Double:
2	5	153	Triple:
2	5	154	Rotation:
2	5	155	Launcher:
2	5	156	{00}
2	5	157	{00}
2	5	158	Rating
2	5	159	YES
2	5	160	NO
2	5	161	YES
2	5	162	NO
2	5	163	Is it OK to disconnect from\nNintendo Wi-Fi Connection?
2	5	164	Colosseum Single,\nNo Restrictions
2	5	165	Colosseum Single,\nFlat
2	5	166	Colosseum Single,\nNo Restrictions, Launcher On
2	5	167	Colosseum Single,\nFlat, Launcher On
2	5	168	Colosseum Double,\nNo Restrictions
2	5	169	Colosseum Double,\nFlat
2	5	170	Colosseum Double,\nNo Restrictions, Launcher On
2	5	171	Colosseum Double,\nFlat, Launcher On
2	5	172	Colosseum Triple,\nNo Restrictions
2	5	173	Colosseum Triple,\nFlat
2	5	174	Colosseum Triple,\nNo Restrictions, Launcher On
2	5	175	Colosseum Triple,\nFlat, Launcher On
2	5	176	Colosseum Rotation,\nNo Restrictions
2	5	177	Colosseum Rotation,\nFlat
2	5	178	Colosseum Rotation,\nNo Restrictions, Launcher On
2	5	179	Colosseum Rotation,\nFlat, Launcher On
2	5	180	Colosseum Multi,\nNo Restrictions
2	5	181	Colosseum Multi,\nFlat
2	5	182	Colosseum Multi,\nNo Restrictions, Launcher On
2	5	183	Colosseum Multi,\nFlat, Launcher On
2	5	184	Battle Subway,\nSingle
2	5	185	Battle Subway,\nDouble
2	5	186	Battle Subway,\nMulti
2	5	187	Random Matchup, Free\nSingle
2	5	188	Random Matchup, Free\nDouble
2	5	189	Random Matchup, Free\nTriple
2	5	190	Random Matchup, Free\nRotation
2	5	191	Random Matchup, Free\nLauncher Battle
2	5	192	Random Matchup, Rating\nSingle
2	5	193	Random Matchup, Rating\nDouble
2	5	194	Random Matchup, Rating\nTriple
2	5	195	Random Matchup, Rating\nRotation
2	5	196	Random Matchup, Rating\nLauncher Battle
2	5	197	Competition, Single\nLauncher Off
2	5	198	Competition, Single\nLauncher On
2	5	199	Competition, Double\nLauncher Off
2	5	200	Competition, Double\nLauncher On
2	5	201	Competition, Triple\nLauncher Off
2	5	202	Competition, Triple\nLauncher On
2	5	203	Competition, Rotation\nLauncher Off
2	5	204	Competition, Rotation\nLauncher On
2	5	205	01: Colosseum, Single\nLauncher Off
2	5	206	02: Colosseum, Single\nLauncher On
2	5	207	03: Colosseum, Double\nLauncher Off
2	5	208	04: Colosseum, Double\nLauncher On
2	5	209	05: Colosseum, Triple\nLauncher Off
2	5	210	06: Colosseum, Triple\nLauncher On
2	5	211	07: Colosseum, Rotation\nLauncher Off
2	5	212	08: Colosseum, Rotation\nLauncher On
2	5	213	09: Colosseum, Multi\nLauncher Off
2	5	214	10: Colosseum, Multi\nLauncher On
2	5	215	11: Battle Subway\nSingle
2	5	216	12: Battle Subway\nDouble
2	5	217	13: Battle Subway\nMulti
2	5	218	14: Random Matchup\nSingle
2	5	219	15: Random Matchup\nDouble
2	5	220	16: Random Matchup\nTriple
2	5	221	17: Random Matchup\nRotation
2	5	222	18: Random Matchup\nLauncher Battle
2	5	223	19: Battle Competition
2	5	224	20: Battle Castle\nMulti
2	5	225	21: Battle Arcade\nSingle
2	5	226	22: Battle Arcade\nDouble
2	5	227	23: Battle Arcade\nMulti
2	5	228	TAP HERE!
2	5	229	Is it OK to disconnect from\nNintendo Wi-Fi Connection?
2	5	231	Authentication error.\nUnable to connect.
2	5	232	This data is already registered.\nTouch the Touch Screen to continue.
2	5	233	There appears to be a problem\nwith the Musical Photo.
2	5	234	There appears to be a problem with the\nPokémon in the Musical Photo.
2	5	235	There appears to be a problem\nwith the Profile data.
2	5	236	An error occurred.\nTouch the Touch Screen to continue.
2	5	238	Authentication error.\nUnable to connect.
2	5	239	There appears to be a problem with the\nchosen Pokémon.
2	5	240	An error occurred.\nTouch the Touch Screen to continue.
2	5	262	Authentication error.\nUnable to connect.
2	5	263	This data is already registered.\nTouch the Touch Screen to continue.
2	5	264	There appears to be a problem\nwith the Battle Video.
2	5	265	There appears to be a problem\nwith the Battle Video.
2	5	266	There appears to be a problem\nwith the Profile data.
2	5	267	There appears to be a problem with the\nPokémon in the Battle Video.
2	5	268	An error occurred.\nTouch the Touch Screen to continue.
2	5	270	Authentication error.\nUnable to connect.
2	5	271	There appears to be a problem\nwith the search criteria.
2	5	272	There appears to be a problem\nwith the search criteria.
2	5	273	The search failed...
2	5	275	Authentication error.\nUnable to connect.
2	5	276	No matching Battle Videos found...\nTouch the Touch Screen to continue.
2	5	277	You cannot watch this Battle Video.
2	5	278	Failed to receive the Battle Video.
2	5	284	An error occurred.\nError Code 10601
2	5	285	An error occurred.\nError Code 10602
2	5	286	An error occurred.\nError Code 10603
2	5	287	An error occurred.\nError Code 10604
2	5	288	Unable to connect.\nError Code 10605
2	5	289	An error occurred.\nError Code 10606
2	5	290	Unable to connect.\nError Code 10607
2	5	291	An error occurred.\nError Code 10608
2	5	292	An error occurred.\nError Code 10609
2	5	293	There is no response.\nError Code 10610
2	5	294	There is no response.\nError Code 10611
2	5	295	There is no response.\nError Code 10612
2	5	296	Communication was interrupted.\nError Code 10613
2	5	297	Unable to connect.\nError Code 10614
2	5	305	The connection to the server was lost.\nTouch the Touch Screen to continue.
2	5	308	There is nothing saved.\nTouch the Touch Screen to continue.
2	5	315	The saved data could not be deleted...
2	5	316	The same Battle Video can't be saved again.\nTouch the Touch Screen to continue.
2	5	317	Saving...\nDon't turn off the power.
2	5	318	Receiving ranking data...
2	5	319	Sending save data...
2	5	320	Save completed.\nTouch the Touch Screen to continue.
2	5	321	Is it OK to delete\n{00}'s Battle Video?
2	5	322	Is it really OK to delete this data?
2	5	323	Deleting data...\nSaving... Don't turn off the power.
2	5	324	The data was deleted.\nTouch the Touch Screen to continue.
2	5	325	Sending your Musical Photo...
2	5	326	Receiving Musical Photo...
2	5	327	Sending your Box Data...
2	5	328	Receiving Box Data...
2	5	329	You have no saved data to send.\nParticipate in the data to send.
2	5	330	The same data can't be sent again.\nTouch the Touch Screen to continue.
2	5	331	Receiving Battle Videos...
2	5	332	No matching data was found...\nTouch the Touch Screen to continue.
2	5	333	No matching Musical Photo was found...\nTouch the Touch Screen to continue.
2	5	334	Your Battle Video was sent.\nVideo no.: {00}-{01}-{02}
2	5	335	The game will be saved before\nyou can view Battle Videos.
2	5	336	Deleting data... Saving a lot of\ndata... Don't turn off the power.
2	5	337	Saving a lot of data...\nDon't turn off the power.
2	5	338	Saving...\nDon't turn off the power.
2	5	339	There is no ranking data...\nTouch the Touch Screen to continue.
2	5	340	Would you like to send\nyour Battle Video?
2	5	371	Kuro*
2	7	0	NAME:
2	7	1	WORK:
2	7	2	HOBBY:
2	7	3	TIME:
2	7	4	{00}
2	7	5	{00}
2	7	6	{02}:{03}
2	7	7	FROM:
2	7	8	{00}\n{01}
2	7	9	Number of times thanked:\nNumber of people passed by:
2	7	10	{00}\n{01}
2	7	13	Passerby time: {00}:{01}
2	7	14	Passerby time: {00}:{01}
2	7	15	Battling a wild {00}
2	7	16	Battling a special Pokémon
2	7	17	Battling {00} {01}
2	7	18	Battling a Gym Leader
2	7	19	Battling a special Trainer
2	7	20	Moving through {00}
2	8	0	{00} Ppl.
2	8	1	Total: {00} 
2	8	2	Who will you thank?
2	8	3	You thanked {00}!
2	8	4	Will you use {01}?\n{02} needed/{03} held
2	8	5	Use the {01}\nthat {00} activated?
2	8	6	Special Pass Power activated!\nDo you want to use\n{01}?
2	8	7	Used {01}!
2	8	8	You do not have enough Pass Orbs\nto use this Pass Power.\n{02} needed/{03} held
2	8	9	Using {01}.\nSeconds remaining: {05}.
2	8	10	Using {01}.\nTime remaining: {04} min., {05} sec.
2	8	11	Said “{00}!"
2	8	12	CHECK
2	8	13	YES
2	8	14	NO
2	8	15	CHECK
2	8	16	CLOSE
2	8	17	Hiya!
2	8	18	{00} is nearby.
2	8	19	{00} started battling\na wild {01}!
2	8	20	{00} won the battle\nwith the wild {01}!
2	8	21	{00} started battling\na special Pokémon!
2	8	22	{00} won the battle\nwith the special Pokémon!
2	8	23	{00} started a battle with\n{01} {02}!
2	8	24	{00} won the battle with\n{01} {02}!
2	8	25	{00} started a battle\nwith a Gym Leader!
2	8	26	{00} won the battle\nwith the Gym Leader!
2	8	27	{00} started a battle\nwith a special Trainer!
2	8	28	{00} won the battle\nwith a special Trainer!
2	8	29	{00} started a battle\nwith a special Trainer!
2	8	30	{00} won the battle\nwith a special Trainer!
2	8	31	{00} caught a\nwild {01}!
2	8	32	{00} caught\na special Pokémon!
2	8	33	{00}'s {02}'s\nlevel went up!
2	8	34	{00}'s\n{02} evolved\ninto {01}!
2	8	35	Dummy Message
2	8	36	{00} found\n{01}!
2	8	37	{00}'s playing time has\nexceeded {01} hours!
2	8	38	{00} completed the\nPokédex!
2	8	39	{00} has been thanked\nmore than {01} times!
2	8	40	{00} is in the reception\narea of the Union Room.
2	8	41	{00} thanked you!
2	8	42	{01} is currently\nbeing distributed!
2	8	43	The {01} is currently being\ndistributed!
2	8	44	A Mystery Gift is currently\nbeing distributed!
2	8	45	{00}'s\n{02}'s attack\nwas a critical hit!
2	8	46	{00}'s\n{02} took\na critical hit!
2	8	47	{00} escaped\nfrom the battle!
2	8	48	{00}'s\n{02}\nhas very low HP!
2	8	49	{00}'s\n{02}\nhas very low PP!
2	8	50	{00}'s\n{02}\nhas fainted!
2	8	51	{00}'s\n{02}\nhas a status condition!
2	8	52	{00} used\n{01}!
2	8	53	{00} used\n{01}!
2	8	54	{00} received\nan Egg!
2	8	55	{01} hatched from\n{00}'s Egg!\n
2	8	56	{00} is\nshopping.
2	8	57	{00} is in a\nBattle Subway challenge.
2	8	58	{00} has\n{01} straight wins\nin the Battle Subway!
2	8	59	{00} won\na trophy in the Battle Subway!
2	8	60	{00} challenged\nthe Battle Institute.
2	8	61	{00} was certified as\n{01} in\nthe Battle Institute!
2	8	62	{00} got on\nthe Ferris wheel.
2	8	63	{00} entered\nthe Poké Transfer.
2	8	64	{00}'s\n{02} is currently\nparticipating in the Musical contest.
2	8	65	{00} used the received\n{01}!
2	8	66	{00} said\n“{01}."
2	8	67	dummy message
2	9	0	{00}
2	9	1	{00}
2	9	6	BOX 1
2	9	7	BOX 2
2	9	8	BOX 3
2	9	9	BOX 4
2	9	10	BOX 5
2	9	11	BOX 6
2	9	12	BOX 7
2	9	13	BOX 8
2	9	14	BOX 9
2	9	15	BOX 10
2	9	16	BOX 11
2	9	17	BOX 12
2	9	18	BOX 13
2	9	19	BOX 14
2	9	20	BOX 15
2	9	21	BOX 16
2	9	22	BOX 17
2	9	23	BOX 18
2	9	24	BOX 19
2	9	25	BOX 20
2	9	26	BOX 21
2	9	27	BOX 22
2	9	28	BOX 23
2	9	29	BOX 24
2	9	30	{00}
2	9	31	SWITCH BOX
2	9	32	WALLPAPER
2	9	33	NAME
2	9	34	CANCEL
2	9	35	SCENERY 1
2	9	36	SCENERY 2
2	9	37	SCENERY 3
2	9	38	MISC.
2	9	41	FOREST
2	9	42	CITY
2	9	43	DESERT
2	9	44	SAVANNA
2	9	45	CRAG
2	9	46	VOLCANO
2	9	47	SNOW
2	9	48	CAVE
2	9	49	BEACH
2	9	50	SEAFLOOR
2	9	51	RIVER
2	9	52	SKY
2	9	53	POKÉ CENTER
2	9	54	MACHINE
2	9	55	CHECKS
2	9	56	SIMPLE
2	9	57	SPECIAL
2	9	58	RESHIRAM
2	9	59	ZEKROM
2	9	60	MONOCHROME
2	9	61	TEAM PLASMA
2	9	62	MUNNA
2	9	63	ZOROARK
2	9	64	SUBWAY
2	9	65	MUSICAL
2	9	66	BACK
2	9	67	PREVIOUS
2	9	68	NEXT
2	9	69	PARTY PKMN
2	9	70	BOX LIST
2	9	71	BATTLE BOX
2	9	74	SUMMARY
2	9	75	HELD ITEMS
2	9	76	MARKING
2	9	77	RELEASE
2	9	78	WITHDRAW
2	9	79	DEPOSIT
2	9	80	CANCEL
2	9	81	MOVE
2	9	82	MOVE
2	9	83	TUCK IN
2	9	84	CONFIRM
2	9	85	CANCEL
2	9	92	BAG
2	9	93	GIVE
2	9	94	MOVE
2	9	95	♂
2	9	96	♀
2	9	97	{00}
2	9	98	{00}
2	9	99	{00}
2	9	100	NATURE
2	9	101	ABILITY
2	9	102	ITEM
2	9	103	{00}
2	9	104	{00}
2	9	105	None
2	9	106	???
2	9	107	Lv.
2	9	108	No.
2	9	109	MOVES LEARNED
2	9	110	YES
2	9	111	NO
2	10	0	{00} is selected.
2	10	2	Release this Pokémon?
2	10	3	{00} was released.
2	10	4	Bye-bye, {00}!
2	10	5	Your party's full!
2	10	6	That's your last Pokémon!
2	10	7	What do you want to do?
2	10	8	Jump to which Box?
2	10	9	Please pick a theme.
2	10	10	Pick the wallpaper.
2	10	11	Continue Box operations?
2	10	12	The Box is full.
2	10	13	The Bag is full.
2	10	14	Took the {00}.
2	10	15	{00} is now being held.
2	10	16	Which one will you take?
2	10	17	Place it in which Box?
2	10	21	Take this {00}?
2	10	22	Mail can't be taken away.
2	10	23	{00} is selected.
2	10	24	Put away {00}?
2	10	25	Placed {00} in the Bag.
2	10	26	It can hold an item.
2	10	27	Please remove the Mail.
2	10	28	You can't release an Egg.
2	10	29	{00} came back!
2	10	30	Was it worried about you?
2	10	31	An Egg can't hold an item.
2	10	32	Touch the Mark!
2	10	37	DEPOSIT POKÉMON
2	10	38	WITHDRAW POKÉMON
2	10	39	MOVE POKÉMON
2	10	40	MOVE ITEMS
2	10	41	BATTLE BOX
2	10	42	SELECT A SLEEPY POKÉMON
2	10	43	Mail cannot be moved!
2	10	44	It cannot hold {00}!
2	10	45	It has Mail!
2	10	46	You're out of Pokémon that can fight!
2	10	47	Mail cannot be moved!
2	10	48	It cannot hold Mail here.
2	10	49	Eggs cannot be selected!
2	10	50	{00} will be tucked in.\nOK?
2	10	51	This Pokémon doesn't seem\nsleepy now.
2	10	52	Select another Pokémon?
2	10	53	Your Battle Box is locked.\nYou cannot move your Pokémon.
2	10	54	Your Battle Box is locked.\nItems cannot be given or taken.
2	11	0	Joshua
2	11	1	London
2	11	2	Berry
2	11	3	Smith
2	11	4	Agneau
2	11	5	Crevett
2	11	6	Jillian
2	11	7	Coin
2	11	8	Egon
2	11	9	Ezra
2	11	10	Egbert
2	11	11	Kevyn
2	11	12	Hearts
2	11	13	Elise
2	11	14	Peaches
2	11	15	Plum
2	11	16	Pound
2	11	17	Rupee
2	11	18	Dollar
2	11	19	Rutie
2	11	20	Won
2	11	21	Peso
2	11	22	Sasha
2	11	23	Real
2	11	24	Oda
2	11	25	Hide
2	11	26	Nobu
2	11	27	Tada
2	11	28	Janice
2	11	29	Dakota
2	11	30	Monroe
2	11	31	Hellen
2	11	32	Irwin
2	11	33	Ananda
2	11	34	Serjbu
2	11	35	Myera
2	11	36	Tatyana
2	11	37	Theresa
2	11	38	Sawyer
2	11	39	Abdul
2	11	40	Vern
2	11	41	Willow
2	11	42	Chaonne
2	11	43	Terra
2	11	44	Norm
2	11	45	Ormond
2	11	46	Kali
2	11	47	Nerola
2	11	48	Karelen
2	11	49	Farna
2	11	50	Hodgman
2	11	51	Saber
2	11	52	Diplo
2	11	53	Jaguar
2	11	54	Polo
2	11	55	Leone
2	11	56	Scampi
2	11	57	Tiiu
2	11	58	Atlas
2	11	59	Calisto
2	11	60	Nichols
2	11	61	Paulo
2	11	62	Balut
2	11	63	Carabel
2	11	64	Klara
2	11	65	Olga
2	11	66	Bob
2	11	67	Bobhiko
2	11	68	Micah
2	11	69	Henrik
2	11	70	Lincoln
2	11	71	Truman
2	11	72	Herbert
2	11	73	Kiley
2	11	74	Tanna
2	11	75	Teresa
2	11	76	Chestin
2	11	77	Persim
2	11	78	Peachum
2	11	79	Roberta
2	11	80	Faun
2	11	81	Haniska
2	11	82	Rodger
2	11	83	Fabian
2	11	84	Cimon
2	11	85	Lew
2	11	86	Emil
2	11	87	Kegan
2	11	88	Way
2	11	89	Min
2	11	90	Marx
2	11	91	Durbin
2	11	92	Furze
2	11	93	Cloud
2	11	94	Basiléu
2	11	95	Hoffman
2	11	96	Lara
2	11	97	Elodie
2	11	98	Godwin
2	11	99	Kocher
2	11	100	Turtle
2	11	101	Pella
2	11	102	Trenton
2	11	103	Enzo
2	11	104	Dione
2	11	105	Nerid
2	11	106	Willy
2	11	107	Timmy
2	11	108	Roanne
2	11	109	Quyen
2	11	110	Sill
2	11	111	Sherman
2	11	112	Huitres
2	11	113	Paulina
2	11	114	Fritz
2	11	115	Layton
2	11	116	Scout
2	11	117	Percy
2	11	118	Troy
2	11	119	Bertran
2	11	120	Poisson
2	11	121	Huitre
2	11	122	Usef
2	11	123	Zaid
2	11	124	Betty
2	11	125	Helen
2	11	126	Mabon
2	11	127	Shamus
2	11	128	Zlata
2	11	129	Polina
2	11	130	Lennart
2	11	131	Karston
2	11	132	Ikaora
2	11	133	Meena
2	11	134	Sergio
2	11	135	Filippe
2	11	136	Biijal
2	11	137	Meryl
2	11	138	Tapioca
2	11	139	Glen
2	11	140	Duncan
2	11	141	Morgan
2	11	142	Cocome
2	11	143	Nu
2	11	144	Pomodi
2	11	145	Oberon
2	11	146	Triton
2	11	147	Calon
2	11	148	Xavier
2	11	149	Jacob
2	11	150	Joachim
2	11	151	Chelsie
2	11	152	Col
2	11	153	Maris
2	11	154	Surune
2	11	155	Egil
2	11	156	Brant
2	11	157	Minerva
2	11	158	Ceylon
2	11	159	Cyanea
2	11	160	Dali
2	11	161	Iron
2	11	162	Bogey
2	11	163	March
2	11	164	Hazel
2	11	165	Polka
2	11	166	Antoin
2	11	167	Rey
2	11	168	Earwin
2	11	169	Lamont
2	11	170	Hamid
2	11	171	Amhed
2	11	172	Oren
2	11	173	Minnow
2	11	174	Bobjiro
2	11	175	Bobyosi
2	11	176	Vadim
2	11	177	Yuri
2	11	178	Velour
2	11	179	Mohair
2	11	180	Ketmon
2	11	181	Nida
2	11	182	Cameron
2	11	183	Jackie
2	11	184	Frank
2	11	185	Thymine
2	11	186	Adenine
2	11	187	Tomatoe
2	11	188	Kikuri
2	11	189	Kushina
2	11	190	Daniil
2	11	191	Fedor
2	11	192	Sue
2	11	193	Kathy
2	11	194	Boyce
2	11	195	Dover
2	11	196	Ashley
2	11	197	Joice
2	11	198	Phyl
2	11	199	Florian
2	11	200	Ulfgang
2	11	201	Faust
2	11	202	Stubs
2	11	203	Spacey
2	11	204	Shan
2	11	205	Lotte
2	11	206	Therese
2	11	207	Charis
2	11	208	Boldbat
2	11	209	Solongo
2	11	210	Khaan
2	11	211	Zaya
2	11	212	Sambala
2	11	213	Longo
2	11	214	Unsu
2	11	215	Harimao
2	11	216	Enpi
2	11	217	Aces
2	11	218	Queenie
2	11	219	Flush
2	11	220	Smokey
2	11	221	Mouse
2	11	222	Skyblue
2	11	223	Terran
2	11	224	Paula
2	11	225	Ivy
2	11	226	Farley
2	11	227	Dylan
2	11	228	Reigel
2	11	229	Gwen
2	11	230	Mooi
2	11	231	Palm
2	11	232	Ponta
2	11	233	Donta
2	11	234	Colombo
2	11	235	Leron
2	11	236	Hecate
2	11	237	Ginger
2	11	238	Risha
2	11	239	Jeune
2	11	240	Cedric
2	11	241	Felton
2	11	242	Simone
2	11	243	Wald
2	11	244	Hasan
2	11	245	Gonyan
2	11	246	Amber
2	11	247	Roe
2	11	248	Jorge
2	11	249	Kemuel
2	11	250	Humfrey
2	11	251	Fird
2	11	252	Vanna
2	11	253	Hilary
2	11	254	Ganymed
2	11	255	Proteus
2	11	256	Petro
2	11	257	Philipo
2	11	258	Judy
2	11	259	Vespera
2	11	260	Aramis
2	11	261	Athos
2	11	262	Anguile
2	11	263	Fesan
2	11	264	Hacikan
2	11	265	Rikkyu
2	11	266	Evelyn
2	11	267	Chachi
2	11	268	Roman
2	11	269	Valéry
2	11	270	Hayes
2	11	271	Quinn
2	11	272	Marion
2	11	273	Dante
2	11	274	Birgit
2	11	275	Margit
2	11	276	Bank
2	11	277	Elwin
2	11	278	Bobnori
2	11	279	Bobemon
2	11	280	Eric
2	11	281	Oscar
2	11	282	Isadore
2	11	283	Ramses
2	11	284	Anette
2	11	285	Anora
2	11	286	Dwight
2	11	287	Levant
2	11	288	Saisune
2	11	289	Panarat
2	11	290	Manford
2	11	291	Eoin
2	11	292	Shawna
2	11	293	Janet
2	11	294	Camus
2	11	295	Kavan
2	11	296	Saty
2	11	297	Aparna
2	11	298	Chand
2	11	299	Artemas
2	11	300	Hilbert
2	11	301	Hilbert
2	11	302	Hilbert
2	11	303	Hilda
2	11	304	Hilda
2	11	305	Hilda
2	11	306	Ingo
2	11	307	Ingo
2	11	308	Emmet
2	11	309	Emmet
2	11	310	Ingo
2	11	311	Emmet
2	11	312	Ingo
2	11	313	Emmet
2	12	0	{00}
2	12	1	PP
2	12	2	{00}/{01}
2	12	3	{00}♂
2	12	4	{00}♀
2	12	5	{00}
2	12	6	{00}
2	12	7	/
2	12	8	{00}
2	12	9	Playback paused...\nPlease wait a moment.
2	12	10	Data is corrupted.\nPlayback canceled.
2	12	11	Skipping the video...\nPlease wait a moment.
2	12	12	Playback stopped...\nPlease wait a moment.
2	13	0	!
2	13	1	!
2	13	2	!
2	13	3	{00} used\nPound!
2	13	4	The wild {00} used\nPound!
2	13	5	The foe's {00} used\nPound!
2	13	6	{00} used\nKarate Chop!
2	13	7	The wild {00} used\nKarate Chop!
2	13	8	The foe's {00} used\nKarate Chop!
2	13	9	{00} used\nDoubleSlap!
2	13	10	The wild {00} used\nDoubleSlap!
2	13	11	The foe's {00} used\nDoubleSlap!
2	13	12	{00} used\nComet Punch!
2	13	13	The wild {00} used\nComet Punch!
2	13	14	The foe's {00} used\nComet Punch!
2	13	15	{00} used\nMega Punch!
2	13	16	The wild {00} used\nMega Punch!
2	13	17	The foe's {00} used\nMega Punch!
2	13	18	{00} used\nPay Day!
2	13	19	The wild {00} used\nPay Day!
2	13	20	The foe's {00} used\nPay Day!
2	13	21	{00} used\nFire Punch!
2	13	22	The wild {00} used\nFire Punch!
2	13	23	The foe's {00} used\nFire Punch!
2	13	24	{00} used\nIce Punch!
2	13	25	The wild {00} used\nIce Punch!
2	13	26	The foe's {00} used\nIce Punch!
2	13	27	{00} used\nThunderPunch!
2	13	28	The wild {00} used\nThunderPunch!
2	13	29	The foe's {00} used\nThunderPunch!
2	13	30	{00} used\nScratch!
2	13	31	The wild {00} used\nScratch!
2	13	32	The foe's {00} used\nScratch!
2	13	33	{00} used\nViceGrip!
2	13	34	The wild {00} used\nViceGrip!
2	13	35	The foe's {00} used\nViceGrip!
2	13	36	{00} used\nGuillotine!
2	13	37	The wild {00} used\nGuillotine!
2	13	38	The foe's {00} used\nGuillotine!
2	13	39	{00} used\nRazor Wind!
2	13	40	The wild {00} used\nRazor Wind!
2	13	41	The foe's {00} used\nRazor Wind!
2	13	42	{00} used\nSwords Dance!
2	13	43	The wild {00} used\nSwords Dance!
2	13	44	The foe's {00} used\nSwords Dance!
2	13	45	{00} used\nCut!
2	13	46	The wild {00} used\nCut!
2	13	47	The foe's {00} used\nCut!
2	13	48	{00} used\nGust!
2	13	49	The wild {00} used\nGust!
2	13	50	The foe's {00} used\nGust!
2	13	51	{00} used\nWing Attack!
2	13	52	The wild {00} used\nWing Attack!
2	13	53	The foe's {00} used\nWing Attack!
2	13	54	{00} used\nWhirlwind!
2	13	55	The wild {00} used\nWhirlwind!
2	13	56	The foe's {00} used\nWhirlwind!
2	13	57	{00} used\nFly!
2	13	58	The wild {00} used\nFly!
2	13	59	The foe's {00} used\nFly!
2	13	60	{00} used\nBind!
2	13	61	The wild {00} used\nBind!
2	13	62	The foe's {00} used\nBind!
2	13	63	{00} used\nSlam!
2	13	64	The wild {00} used\nSlam!
2	13	65	The foe's {00} used\nSlam!
2	13	66	{00} used\nVine Whip!
2	13	67	The wild {00} used\nVine Whip!
2	13	68	The foe's {00} used\nVine Whip!
2	13	69	{00} used\nStomp!
2	13	70	The wild {00} used\nStomp!
2	13	71	The foe's {00} used\nStomp!
2	13	72	{00} used\nDouble Kick!
2	13	73	The wild {00} used\nDouble Kick!
2	13	74	The foe's {00} used\nDouble Kick!
2	13	75	{00} used\nMega Kick!
2	13	76	The wild {00} used\nMega Kick!
2	13	77	The foe's {00} used\nMega Kick!
2	13	78	{00} used\nJump Kick!
2	13	79	The wild {00} used\nJump Kick!
2	13	80	The foe's {00} used\nJump Kick!
2	13	81	{00} used\nRolling Kick!
2	13	82	The wild {00} used\nRolling Kick!
2	13	83	The foe's {00} used\nRolling Kick!
2	13	84	{00} used\nSand-Attack!
2	13	85	The wild {00} used\nSand-Attack!
2	13	86	The foe's {00} used\nSand-Attack!
2	13	87	{00} used\nHeadbutt!
2	13	88	The wild {00} used\nHeadbutt!
2	13	89	The foe's {00} used\nHeadbutt!
2	13	90	{00} used\nHorn Attack!
2	13	91	The wild {00} used\nHorn Attack!
2	13	92	The foe's {00} used\nHorn Attack!
2	13	93	{00} used\nFury Attack!
2	13	94	The wild {00} used\nFury Attack!
2	13	95	The foe's {00} used\nFury Attack!
2	13	96	{00} used\nHorn Drill!
2	13	97	The wild {00} used\nHorn Drill!
2	13	98	The foe's {00} used\nHorn Drill!
2	13	99	{00} used\nTackle!
2	13	100	The wild {00} used\nTackle!
2	13	101	The foe's {00} used\nTackle!
2	13	102	{00} used\nBody Slam!
2	13	103	The wild {00} used\nBody Slam!
2	13	104	The foe's {00} used\nBody Slam!
2	13	105	{00} used\nWrap!
2	13	106	The wild {00} used\nWrap!
2	13	107	The foe's {00} used\nWrap!
2	13	108	{00} used\nTake Down!
2	13	109	The wild {00} used\nTake Down!
2	13	110	The foe's {00} used\nTake Down!
2	13	111	{00} used\nThrash!
2	13	112	The wild {00} used\nThrash!
2	13	113	The foe's {00} used\nThrash!
2	13	114	{00} used\nDouble-Edge!
2	13	115	The wild {00} used\nDouble-Edge!
2	13	116	The foe's {00} used\nDouble-Edge!
2	13	117	{00} used\nTail Whip!
2	13	118	The wild {00} used\nTail Whip!
2	13	119	The foe's {00} used\nTail Whip!
2	13	120	{00} used\nPoison Sting!
2	13	121	The wild {00} used\nPoison Sting!
2	13	122	The foe's {00} used\nPoison Sting!
2	13	123	{00} used\nTwineedle!
2	13	124	The wild {00} used\nTwineedle!
2	13	125	The foe's {00} used\nTwineedle!
2	13	126	{00} used\nPin Missile!
2	13	127	The wild {00} used\nPin Missile!
2	13	128	The foe's {00} used\nPin Missile!
2	13	129	{00} used\nLeer!
2	13	130	The wild {00} used\nLeer!
2	13	131	The foe's {00} used\nLeer!
2	13	132	{00} used\nBite!
2	13	133	The wild {00} used\nBite!
2	13	134	The foe's {00} used\nBite!
2	13	135	{00} used\nGrowl!
2	13	136	The wild {00} used\nGrowl!
2	13	137	The foe's {00} used\nGrowl!
2	13	138	{00} used\nRoar!
2	13	139	The wild {00} used\nRoar!
2	13	140	The foe's {00} used\nRoar!
2	13	141	{00} used\nSing!
2	13	142	The wild {00} used\nSing!
2	13	143	The foe's {00} used\nSing!
2	13	144	{00} used\nSupersonic!
2	13	145	The wild {00} used\nSupersonic!
2	13	146	The foe's {00} used\nSupersonic!
2	13	147	{00} used\nSonicBoom!
2	13	148	The wild {00} used\nSonicBoom!
2	13	149	The foe's {00} used\nSonicBoom!
2	13	150	{00} used\nDisable!
2	13	151	The wild {00} used\nDisable!
2	13	152	The foe's {00} used\nDisable!
2	13	153	{00} used\nAcid!
2	13	154	The wild {00} used\nAcid!
2	13	155	The foe's {00} used\nAcid!
2	13	156	{00} used\nEmber!
2	13	157	The wild {00} used\nEmber!
2	13	158	The foe's {00} used\nEmber!
2	13	159	{00} used\nFlamethrower!
2	13	160	The wild {00} used\nFlamethrower!
2	13	161	The foe's {00} used\nFlamethrower!
2	13	162	{00} used\nMist!
2	13	163	The wild {00} used\nMist!
2	13	164	The foe's {00} used\nMist!
2	13	165	{00} used\nWater Gun!
2	13	166	The wild {00} used\nWater Gun!
2	13	167	The foe's {00} used\nWater Gun!
2	13	168	{00} used\nHydro Pump!
2	13	169	The wild {00} used\nHydro Pump!
2	13	170	The foe's {00} used\nHydro Pump!
2	13	171	{00} used\nSurf!
2	13	172	The wild {00} used\nSurf!
2	13	173	The foe's {00} used\nSurf!
2	13	174	{00} used\nIce Beam!
2	13	175	The wild {00} used\nIce Beam!
2	13	176	The foe's {00} used\nIce Beam!
2	13	177	{00} used\nBlizzard!
2	13	178	The wild {00} used\nBlizzard!
2	13	179	The foe's {00} used\nBlizzard!
2	13	180	{00} used\nPsybeam!
2	13	181	The wild {00} used\nPsybeam!
2	13	182	The foe's {00} used\nPsybeam!
2	13	183	{00} used\nBubbleBeam!
2	13	184	The wild {00} used\nBubbleBeam!
2	13	185	The foe's {00} used\nBubbleBeam!
2	13	186	{00} used\nAurora Beam!
2	13	187	The wild {00} used\nAurora Beam!
2	13	188	The foe's {00} used\nAurora Beam!
2	13	189	{00} used\nHyper Beam!
2	13	190	The wild {00} used\nHyper Beam!
2	13	191	The foe's {00} used\nHyper Beam!
2	13	192	{00} used\nPeck!
2	13	193	The wild {00} used\nPeck!
2	13	194	The foe's {00} used\nPeck!
2	13	195	{00} used\nDrill Peck!
2	13	196	The wild {00} used\nDrill Peck!
2	13	197	The foe's {00} used\nDrill Peck!
2	13	198	{00} used\nSubmission!
2	13	199	The wild {00} used\nSubmission!
2	13	200	The foe's {00} used\nSubmission!
2	13	201	{00} used\nLow Kick!
2	13	202	The wild {00} used\nLow Kick!
2	13	203	The foe's {00} used\nLow Kick!
2	13	204	{00} used\nCounter!
2	13	205	The wild {00} used\nCounter!
2	13	206	The foe's {00} used\nCounter!
2	13	207	{00} used\nSeismic Toss!
2	13	208	The wild {00} used\nSeismic Toss!
2	13	209	The foe's {00} used\nSeismic Toss!
2	13	210	{00} used\nStrength!
2	13	211	The wild {00} used\nStrength!
2	13	212	The foe's {00} used\nStrength!
2	13	213	{00} used\nAbsorb!
2	13	214	The wild {00} used\nAbsorb!
2	13	215	The foe's {00} used\nAbsorb!
2	13	216	{00} used\nMega Drain!
2	13	217	The wild {00} used\nMega Drain!
2	13	218	The foe's {00} used\nMega Drain!
2	13	219	{00} used\nLeech Seed!
2	13	220	The wild {00} used\nLeech Seed!
2	13	221	The foe's {00} used\nLeech Seed!
2	13	222	{00} used\nGrowth!
2	13	223	The wild {00} used\nGrowth!
2	13	224	The foe's {00} used\nGrowth!
2	13	225	{00} used\nRazor Leaf!
2	13	226	The wild {00} used\nRazor Leaf!
2	13	227	The foe's {00} used\nRazor Leaf!
2	13	228	{00} used\nSolarBeam!
2	13	229	The wild {00} used\nSolarBeam!
2	13	230	The foe's {00} used\nSolarBeam!
2	13	231	{00} used\nPoisonPowder!
2	13	232	The wild {00} used\nPoisonPowder!
2	13	233	The foe's {00} used\nPoisonPowder!
2	13	234	{00} used\nStun Spore!
2	13	235	The wild {00} used\nStun Spore!
2	13	236	The foe's {00} used\nStun Spore!
2	13	237	{00} used\nSleep Powder!
2	13	238	The wild {00} used\nSleep Powder!
2	13	239	The foe's {00} used\nSleep Powder!
2	13	240	{00} used\nPetal Dance!
2	13	241	The wild {00} used\nPetal Dance!
2	13	242	The foe's {00} used\nPetal Dance!
2	13	243	{00} used\nString Shot!
2	13	244	The wild {00} used\nString Shot!
2	13	245	The foe's {00} used\nString Shot!
2	13	246	{00} used\nDragon Rage!
2	13	247	The wild {00} used\nDragon Rage!
2	13	248	The foe's {00} used\nDragon Rage!
2	13	249	{00} used\nFire Spin!
2	13	250	The wild {00} used\nFire Spin!
2	13	251	The foe's {00} used\nFire Spin!
2	13	252	{00} used\nThunderShock!
2	13	253	The wild {00} used\nThunderShock!
2	13	254	The foe's {00} used\nThunderShock!
2	13	255	{00} used\nThunderbolt!
2	13	256	The wild {00} used\nThunderbolt!
2	13	257	The foe's {00} used\nThunderbolt!
2	13	258	{00} used\nThunder Wave!
2	13	259	The wild {00} used\nThunder Wave!
2	13	260	The foe's {00} used\nThunder Wave!
2	13	261	{00} used\nThunder!
2	13	262	The wild {00} used\nThunder!
2	13	263	The foe's {00} used\nThunder!
2	13	264	{00} used\nRock Throw!
2	13	265	The wild {00} used\nRock Throw!
2	13	266	The foe's {00} used\nRock Throw!
2	13	267	{00} used\nEarthquake!
2	13	268	The wild {00} used\nEarthquake!
2	13	269	The foe's {00} used\nEarthquake!
2	13	270	{00} used\nFissure!
2	13	271	The wild {00} used\nFissure!
2	13	272	The foe's {00} used\nFissure!
2	13	273	{00} used\nDig!
2	13	274	The wild {00} used\nDig!
2	13	275	The foe's {00} used\nDig!
2	13	276	{00} used\nToxic!
2	13	277	The wild {00} used\nToxic!
2	13	278	The foe's {00} used\nToxic!
2	13	279	{00} used\nConfusion!
2	13	280	The wild {00} used\nConfusion!
2	13	281	The foe's {00} used\nConfusion!
2	13	282	{00} used\nPsychic!
2	13	283	The wild {00} used\nPsychic!
2	13	284	The foe's {00} used\nPsychic!
2	13	285	{00} used\nHypnosis!
2	13	286	The wild {00} used\nHypnosis!
2	13	287	The foe's {00} used\nHypnosis!
2	13	288	{00} used\nMeditate!
2	13	289	The wild {00} used\nMeditate!
2	13	290	The foe's {00} used\nMeditate!
2	13	291	{00} used\nAgility!
2	13	292	The wild {00} used\nAgility!
2	13	293	The foe's {00} used\nAgility!
2	13	294	{00} used\nQuick Attack!
2	13	295	The wild {00} used\nQuick Attack!
2	13	296	The foe's {00} used\nQuick Attack!
2	13	297	{00} used\nRage!
2	13	298	The wild {00} used\nRage!
2	13	299	The foe's {00} used\nRage!
2	13	300	{00} used\nTeleport!
2	13	301	The wild {00} used\nTeleport!
2	13	302	The foe's {00} used\nTeleport!
2	13	303	{00} used\nNight Shade!
2	13	304	The wild {00} used\nNight Shade!
2	13	305	The foe's {00} used\nNight Shade!
2	13	306	{00} used\nMimic!
2	13	307	The wild {00} used\nMimic!
2	13	308	The foe's {00} used\nMimic!
2	13	309	{00} used\nScreech!
2	13	310	The wild {00} used\nScreech!
2	13	311	The foe's {00} used\nScreech!
2	13	312	{00} used\nDouble Team!
2	13	313	The wild {00} used\nDouble Team!
2	13	314	The foe's {00} used\nDouble Team!
2	13	315	{00} used\nRecover!
2	13	316	The wild {00} used\nRecover!
2	13	317	The foe's {00} used\nRecover!
2	13	318	{00} used\nHarden!
2	13	319	The wild {00} used\nHarden!
2	13	320	The foe's {00} used\nHarden!
2	13	321	{00} used\nMinimize!
2	13	322	The wild {00} used\nMinimize!
2	13	323	The foe's {00} used\nMinimize!
2	13	324	{00} used\nSmokeScreen!
2	13	325	The wild {00} used\nSmokeScreen!
2	13	326	The foe's {00} used\nSmokeScreen!
2	13	327	{00} used\nConfuse Ray!
2	13	328	The wild {00} used\nConfuse Ray!
2	13	329	The foe's {00} used\nConfuse Ray!
2	13	330	{00} used\nWithdraw!
2	13	331	The wild {00} used\nWithdraw!
2	13	332	The foe's {00} used\nWithdraw!
2	13	333	{00} used\nDefense Curl!
2	13	334	The wild {00} used\nDefense Curl!
2	13	335	The foe's {00} used\nDefense Curl!
2	13	336	{00} used\nBarrier!
2	13	337	The wild {00} used\nBarrier!
2	13	338	The foe's {00} used\nBarrier!
2	13	339	{00} used\nLight Screen!
2	13	340	The wild {00} used\nLight Screen!
2	13	341	The foe's {00} used\nLight Screen!
2	13	342	{00} used\nHaze!
2	13	343	The wild {00} used\nHaze!
2	13	344	The foe's {00} used\nHaze!
2	13	345	{00} used\nReflect!
2	13	346	The wild {00} used\nReflect!
2	13	347	The foe's {00} used\nReflect!
2	13	348	{00} used\nFocus Energy!
2	13	349	The wild {00} used\nFocus Energy!
2	13	350	The foe's {00} used\nFocus Energy!
2	13	351	{00} used\nBide!
2	13	352	The wild {00} used\nBide!
2	13	353	The foe's {00} used\nBide!
2	13	354	{00} used\nMetronome!
2	13	355	The wild {00} used\nMetronome!
2	13	356	The foe's {00} used\nMetronome!
2	13	357	{00} used\nMirror Move!
2	13	358	The wild {00} used\nMirror Move!
2	13	359	The foe's {00} used\nMirror Move!
2	13	360	{00} used\nSelfdestruct!
2	13	361	The wild {00} used\nSelfdestruct!
2	13	362	The foe's {00} used\nSelfdestruct!
2	13	363	{00} used\nEgg Bomb!
2	13	364	The wild {00} used\nEgg Bomb!
2	13	365	The foe's {00} used\nEgg Bomb!
2	13	366	{00} used\nLick!
2	13	367	The wild {00} used\nLick!
2	13	368	The foe's {00} used\nLick!
2	13	369	{00} used\nSmog!
2	13	370	The wild {00} used\nSmog!
2	13	371	The foe's {00} used\nSmog!
2	13	372	{00} used\nSludge!
2	13	373	The wild {00} used\nSludge!
2	13	374	The foe's {00} used\nSludge!
2	13	375	{00} used\nBone Club!
2	13	376	The wild {00} used\nBone Club!
2	13	377	The foe's {00} used\nBone Club!
2	13	378	{00} used\nFire Blast!
2	13	379	The wild {00} used\nFire Blast!
2	13	380	The foe's {00} used\nFire Blast!
2	13	381	{00} used\nWaterfall!
2	13	382	The wild {00} used\nWaterfall!
2	13	383	The foe's {00} used\nWaterfall!
2	13	384	{00} used\nClamp!
2	13	385	The wild {00} used\nClamp!
2	13	386	The foe's {00} used\nClamp!
2	13	387	{00} used\nSwift!
2	13	388	The wild {00} used\nSwift!
2	13	389	The foe's {00} used\nSwift!
2	13	390	{00} used\nSkull Bash!
2	13	391	The wild {00} used\nSkull Bash!
2	13	392	The foe's {00} used\nSkull Bash!
2	13	393	{00} used\nSpike Cannon!
2	13	394	The wild {00} used\nSpike Cannon!
2	13	395	The foe's {00} used\nSpike Cannon!
2	13	396	{00} used\nConstrict!
2	13	397	The wild {00} used\nConstrict!
2	13	398	The foe's {00} used\nConstrict!
2	13	399	{00} used\nAmnesia!
2	13	400	The wild {00} used\nAmnesia!
2	13	401	The foe's {00} used\nAmnesia!
2	13	402	{00} used\nKinesis!
2	13	403	The wild {00} used\nKinesis!
2	13	404	The foe's {00} used\nKinesis!
2	13	405	{00} used\nSoftboiled!
2	13	406	The wild {00} used\nSoftboiled!
2	13	407	The foe's {00} used\nSoftboiled!
2	13	408	{00} used\nHi Jump Kick!
2	13	409	The wild {00} used\nHi Jump Kick!
2	13	410	The foe's {00} used\nHi Jump Kick!
2	13	411	{00} used\nGlare!
2	13	412	The wild {00} used\nGlare!
2	13	413	The foe's {00} used\nGlare!
2	13	414	{00} used\nDream Eater!
2	13	415	The wild {00} used\nDream Eater!
2	13	416	The foe's {00} used\nDream Eater!
2	13	417	{00} used\nPoison Gas!
2	13	418	The wild {00} used\nPoison Gas!
2	13	419	The foe's {00} used\nPoison Gas!
2	13	420	{00} used\nBarrage!
2	13	421	The wild {00} used\nBarrage!
2	13	422	The foe's {00} used\nBarrage!
2	13	423	{00} used\nLeech Life!
2	13	424	The wild {00} used\nLeech Life!
2	13	425	The foe's {00} used\nLeech Life!
2	13	426	{00} used\nLovely Kiss!
2	13	427	The wild {00} used\nLovely Kiss!
2	13	428	The foe's {00} used\nLovely Kiss!
2	13	429	{00} used\nSky Attack!
2	13	430	The wild {00} used\nSky Attack!
2	13	431	The foe's {00} used\nSky Attack!
2	13	432	{00} used\nTransform!
2	13	433	The wild {00} used\nTransform!
2	13	434	The foe's {00} used\nTransform!
2	13	435	{00} used\nBubble!
2	13	436	The wild {00} used\nBubble!
2	13	437	The foe's {00} used\nBubble!
2	13	438	{00} used\nDizzy Punch!
2	13	439	The wild {00} used\nDizzy Punch!
2	13	440	The foe's {00} used\nDizzy Punch!
2	13	441	{00} used\nSpore!
2	13	442	The wild {00} used\nSpore!
2	13	443	The foe's {00} used\nSpore!
2	13	444	{00} used\nFlash!
2	13	445	The wild {00} used\nFlash!
2	13	446	The foe's {00} used\nFlash!
2	13	447	{00} used\nPsywave!
2	13	448	The wild {00} used\nPsywave!
2	13	449	The foe's {00} used\nPsywave!
2	13	450	{00} used\nSplash!
2	13	451	The wild {00} used\nSplash!
2	13	452	The foe's {00} used\nSplash!
2	13	453	{00} used\nAcid Armor!
2	13	454	The wild {00} used\nAcid Armor!
2	13	455	The foe's {00} used\nAcid Armor!
2	13	456	{00} used\nCrabhammer!
2	13	457	The wild {00} used\nCrabhammer!
2	13	458	The foe's {00} used\nCrabhammer!
2	13	459	{00} used\nExplosion!
2	13	460	The wild {00} used\nExplosion!
2	13	461	The foe's {00} used\nExplosion!
2	13	462	{00} used\nFury Swipes!
2	13	463	The wild {00} used\nFury Swipes!
2	13	464	The foe's {00} used\nFury Swipes!
2	13	465	{00} used\nBonemerang!
2	13	466	The wild {00} used\nBonemerang!
2	13	467	The foe's {00} used\nBonemerang!
2	13	468	{00} used\nRest!
2	13	469	The wild {00} used\nRest!
2	13	470	The foe's {00} used\nRest!
2	13	471	{00} used\nRock Slide!
2	13	472	The wild {00} used\nRock Slide!
2	13	473	The foe's {00} used\nRock Slide!
2	13	474	{00} used\nHyper Fang!
2	13	475	The wild {00} used\nHyper Fang!
2	13	476	The foe's {00} used\nHyper Fang!
2	13	477	{00} used\nSharpen!
2	13	478	The wild {00} used\nSharpen!
2	13	479	The foe's {00} used\nSharpen!
2	13	480	{00} used\nConversion!
2	13	481	The wild {00} used\nConversion!
2	13	482	The foe's {00} used\nConversion!
2	13	483	{00} used\nTri Attack!
2	13	484	The wild {00} used\nTri Attack!
2	13	485	The foe's {00} used\nTri Attack!
2	13	486	{00} used\nSuper Fang!
2	13	487	The wild {00} used\nSuper Fang!
2	13	488	The foe's {00} used\nSuper Fang!
2	13	489	{00} used\nSlash!
2	13	490	The wild {00} used\nSlash!
2	13	491	The foe's {00} used\nSlash!
2	13	492	{00} used\nSubstitute!
2	13	493	The wild {00} used\nSubstitute!
2	13	494	The foe's {00} used\nSubstitute!
2	13	495	{00} used\nStruggle!
2	13	496	The wild {00} used\nStruggle!
2	13	497	The foe's {00} used\nStruggle!
2	13	498	{00} used\nSketch!
2	13	499	The wild {00} used\nSketch!
2	13	500	The foe's {00} used\nSketch!
2	13	501	{00} used\nTriple Kick!
2	13	502	The wild {00} used\nTriple Kick!
2	13	503	The foe's {00} used\nTriple Kick!
2	13	504	{00} used\nThief!
2	13	505	The wild {00} used\nThief!
2	13	506	The foe's {00} used\nThief!
2	13	507	{00} used\nSpider Web!
2	13	508	The wild {00} used\nSpider Web!
2	13	509	The foe's {00} used\nSpider Web!
2	13	510	{00} used\nMind Reader!
2	13	511	The wild {00} used\nMind Reader!
2	13	512	The foe's {00} used\nMind Reader!
2	13	513	{00} used\nNightmare!
2	13	514	The wild {00} used\nNightmare!
2	13	515	The foe's {00} used\nNightmare!
2	13	516	{00} used\nFlame Wheel!
2	13	517	The wild {00} used\nFlame Wheel!
2	13	518	The foe's {00} used\nFlame Wheel!
2	13	519	{00} used\nSnore!
2	13	520	The wild {00} used\nSnore!
2	13	521	The foe's {00} used\nSnore!
2	13	522	{00} used\nCurse!
2	13	523	The wild {00} used\nCurse!
2	13	524	The foe's {00} used\nCurse!
2	13	525	{00} used\nFlail!
2	13	526	The wild {00} used\nFlail!
2	13	527	The foe's {00} used\nFlail!
2	13	528	{00} used\nConversion 2!
2	13	529	The wild {00} used\nConversion 2!
2	13	530	The foe's {00} used\nConversion 2!
2	13	531	{00} used\nAeroblast!
2	13	532	The wild {00} used\nAeroblast!
2	13	533	The foe's {00} used\nAeroblast!
2	13	534	{00} used\nCotton Spore!
2	13	535	The wild {00} used\nCotton Spore!
2	13	536	The foe's {00} used\nCotton Spore!
2	13	537	{00} used\nReversal!
2	13	538	The wild {00} used\nReversal!
2	13	539	The foe's {00} used\nReversal!
2	13	540	{00} used\nSpite!
2	13	541	The wild {00} used\nSpite!
2	13	542	The foe's {00} used\nSpite!
2	13	543	{00} used\nPowder Snow!
2	13	544	The wild {00} used\nPowder Snow!
2	13	545	The foe's {00} used\nPowder Snow!
2	13	546	{00} used\nProtect!
2	13	547	The wild {00} used\nProtect!
2	13	548	The foe's {00} used\nProtect!
2	13	549	{00} used\nMach Punch!
2	13	550	The wild {00} used\nMach Punch!
2	13	551	The foe's {00} used\nMach Punch!
2	13	552	{00} used\nScary Face!
2	13	553	The wild {00} used\nScary Face!
2	13	554	The foe's {00} used\nScary Face!
2	13	555	{00} used\nFaint Attack!
2	13	556	The wild {00} used\nFaint Attack!
2	13	557	The foe's {00} used\nFaint Attack!
2	13	558	{00} used\nSweet Kiss!
2	13	559	The wild {00} used\nSweet Kiss!
2	13	560	The foe's {00} used\nSweet Kiss!
2	13	561	{00} used\nBelly Drum!
2	13	562	The wild {00} used\nBelly Drum!
2	13	563	The foe's {00} used\nBelly Drum!
2	13	564	{00} used\nSludge Bomb!
2	13	565	The wild {00} used\nSludge Bomb!
2	13	566	The foe's {00} used\nSludge Bomb!
2	13	567	{00} used\nMud-Slap!
2	13	568	The wild {00} used\nMud-Slap!
2	13	569	The foe's {00} used\nMud-Slap!
2	13	570	{00} used\nOctazooka!
2	13	571	The wild {00} used\nOctazooka!
2	13	572	The foe's {00} used\nOctazooka!
2	13	573	{00} used\nSpikes!
2	13	574	The wild {00} used\nSpikes!
2	13	575	The foe's {00} used\nSpikes!
2	13	576	{00} used\nZap Cannon!
2	13	577	The wild {00} used\nZap Cannon!
2	13	578	The foe's {00} used\nZap Cannon!
2	13	579	{00} used\nForesight!
2	13	580	The wild {00} used\nForesight!
2	13	581	The foe's {00} used\nForesight!
2	13	582	{00} used\nDestiny Bond!
2	13	583	The wild {00} used\nDestiny Bond!
2	13	584	The foe's {00} used\nDestiny Bond!
2	13	585	{00} used\nPerish Song!
2	13	586	The wild {00} used\nPerish Song!
2	13	587	The foe's {00} used\nPerish Song!
2	13	588	{00} used\nIcy Wind!
2	13	589	The wild {00} used\nIcy Wind!
2	13	590	The foe's {00} used\nIcy Wind!
2	13	591	{00} used\nDetect!
2	13	592	The wild {00} used\nDetect!
2	13	593	The foe's {00} used\nDetect!
2	13	594	{00} used\nBone Rush!
2	13	595	The wild {00} used\nBone Rush!
2	13	596	The foe's {00} used\nBone Rush!
2	13	597	{00} used\nLock-On!
2	13	598	The wild {00} used\nLock-On!
2	13	599	The foe's {00} used\nLock-On!
2	13	600	{00} used\nOutrage!
2	13	601	The wild {00} used\nOutrage!
2	13	602	The foe's {00} used\nOutrage!
2	13	603	{00} used\nSandstorm!
2	13	604	The wild {00} used\nSandstorm!
2	13	605	The foe's {00} used\nSandstorm!
2	13	606	{00} used\nGiga Drain!
2	13	607	The wild {00} used\nGiga Drain!
2	13	608	The foe's {00} used\nGiga Drain!
2	13	609	{00} used\nEndure!
2	13	610	The wild {00} used\nEndure!
2	13	611	The foe's {00} used\nEndure!
2	13	612	{00} used\nCharm!
2	13	613	The wild {00} used\nCharm!
2	13	614	The foe's {00} used\nCharm!
2	13	615	{00} used\nRollout!
2	13	616	The wild {00} used\nRollout!
2	13	617	The foe's {00} used\nRollout!
2	13	618	{00} used\nFalse Swipe!
2	13	619	The wild {00} used\nFalse Swipe!
2	13	620	The foe's {00} used\nFalse Swipe!
2	13	621	{00} used\nSwagger!
2	13	622	The wild {00} used\nSwagger!
2	13	623	The foe's {00} used\nSwagger!
2	13	624	{00} used\nMilk Drink!
2	13	625	The wild {00} used\nMilk Drink!
2	13	626	The foe's {00} used\nMilk Drink!
2	13	627	{00} used\nSpark!
2	13	628	The wild {00} used\nSpark!
2	13	629	The foe's {00} used\nSpark!
2	13	630	{00} used\nFury Cutter!
2	13	631	The wild {00} used\nFury Cutter!
2	13	632	The foe's {00} used\nFury Cutter!
2	13	633	{00} used\nSteel Wing!
2	13	634	The wild {00} used\nSteel Wing!
2	13	635	The foe's {00} used\nSteel Wing!
2	13	636	{00} used\nMean Look!
2	13	637	The wild {00} used\nMean Look!
2	13	638	The foe's {00} used\nMean Look!
2	13	639	{00} used\nAttract!
2	13	640	The wild {00} used\nAttract!
2	13	641	The foe's {00} used\nAttract!
2	13	642	{00} used\nSleep Talk!
2	13	643	The wild {00} used\nSleep Talk!
2	13	644	The foe's {00} used\nSleep Talk!
2	13	645	{00} used\nHeal Bell!
2	13	646	The wild {00} used\nHeal Bell!
2	13	647	The foe's {00} used\nHeal Bell!
2	13	648	{00} used\nReturn!
2	13	649	The wild {00} used\nReturn!
2	13	650	The foe's {00} used\nReturn!
2	13	651	{00} used\nPresent!
2	13	652	The wild {00} used\nPresent!
2	13	653	The foe's {00} used\nPresent!
2	13	654	{00} used\nFrustration!
2	13	655	The wild {00} used\nFrustration!
2	13	656	The foe's {00} used\nFrustration!
2	13	657	{00} used\nSafeguard!
2	13	658	The wild {00} used\nSafeguard!
2	13	659	The foe's {00} used\nSafeguard!
2	13	660	{00} used\nPain Split!
2	13	661	The wild {00} used\nPain Split!
2	13	662	The foe's {00} used\nPain Split!
2	13	663	{00} used\nSacred Fire!
2	13	664	The wild {00} used\nSacred Fire!
2	13	665	The foe's {00} used\nSacred Fire!
2	13	666	{00} used\nMagnitude!
2	13	667	The wild {00} used\nMagnitude!
2	13	668	The foe's {00} used\nMagnitude!
2	13	669	{00} used\nDynamicPunch!
2	13	670	The wild {00} used\nDynamicPunch!
2	13	671	The foe's {00} used\nDynamicPunch!
2	13	672	{00} used\nMegahorn!
2	13	673	The wild {00} used\nMegahorn!
2	13	674	The foe's {00} used\nMegahorn!
2	13	675	{00} used\nDragonBreath!
2	13	676	The wild {00} used\nDragonBreath!
2	13	677	The foe's {00} used\nDragonBreath!
2	13	678	{00} used\nBaton Pass!
2	13	679	The wild {00} used\nBaton Pass!
2	13	680	The foe's {00} used\nBaton Pass!
2	13	681	{00} used\nEncore!
2	13	682	The wild {00} used\nEncore!
2	13	683	The foe's {00} used\nEncore!
2	13	684	{00} used\nPursuit!
2	13	685	The wild {00} used\nPursuit!
2	13	686	The foe's {00} used\nPursuit!
2	13	687	{00} used\nRapid Spin!
2	13	688	The wild {00} used\nRapid Spin!
2	13	689	The foe's {00} used\nRapid Spin!
2	13	690	{00} used\nSweet Scent!
2	13	691	The wild {00} used\nSweet Scent!
2	13	692	The foe's {00} used\nSweet Scent!
2	13	693	{00} used\nIron Tail!
2	13	694	The wild {00} used\nIron Tail!
2	13	695	The foe's {00} used\nIron Tail!
2	13	696	{00} used\nMetal Claw!
2	13	697	The wild {00} used\nMetal Claw!
2	13	698	The foe's {00} used\nMetal Claw!
2	13	699	{00} used\nVital Throw!
2	13	700	The wild {00} used\nVital Throw!
2	13	701	The foe's {00} used\nVital Throw!
2	13	702	{00} used\nMorning Sun!
2	13	703	The wild {00} used\nMorning Sun!
2	13	704	The foe's {00} used\nMorning Sun!
2	13	705	{00} used\nSynthesis!
2	13	706	The wild {00} used\nSynthesis!
2	13	707	The foe's {00} used\nSynthesis!
2	13	708	{00} used\nMoonlight!
2	13	709	The wild {00} used\nMoonlight!
2	13	710	The foe's {00} used\nMoonlight!
2	13	711	{00} used\nHidden Power!
2	13	712	The wild {00} used\nHidden Power!
2	13	713	The foe's {00} used\nHidden Power!
2	13	714	{00} used\nCross Chop!
2	13	715	The wild {00} used\nCross Chop!
2	13	716	The foe's {00} used\nCross Chop!
2	13	717	{00} used\nTwister!
2	13	718	The wild {00} used\nTwister!
2	13	719	The foe's {00} used\nTwister!
2	13	720	{00} used\nRain Dance!
2	13	721	The wild {00} used\nRain Dance!
2	13	722	The foe's {00} used\nRain Dance!
2	13	723	{00} used\nSunny Day!
2	13	724	The wild {00} used\nSunny Day!
2	13	725	The foe's {00} used\nSunny Day!
2	13	726	{00} used\nCrunch!
2	13	727	The wild {00} used\nCrunch!
2	13	728	The foe's {00} used\nCrunch!
2	13	729	{00} used\nMirror Coat!
2	13	730	The wild {00} used\nMirror Coat!
2	13	731	The foe's {00} used\nMirror Coat!
2	13	732	{00} used\nPsych Up!
2	13	733	The wild {00} used\nPsych Up!
2	13	734	The foe's {00} used\nPsych Up!
2	13	735	{00} used\nExtremeSpeed!
2	13	736	The wild {00} used\nExtremeSpeed!
2	13	737	The foe's {00} used\nExtremeSpeed!
2	13	738	{00} used\nAncientPower!
2	13	739	The wild {00} used\nAncientPower!
2	13	740	The foe's {00} used\nAncientPower!
2	13	741	{00} used\nShadow Ball!
2	13	742	The wild {00} used\nShadow Ball!
2	13	743	The foe's {00} used\nShadow Ball!
2	13	744	{00} used\nFuture Sight!
2	13	745	The wild {00} used\nFuture Sight!
2	13	746	The foe's {00} used\nFuture Sight!
2	13	747	{00} used\nRock Smash!
2	13	748	The wild {00} used\nRock Smash!
2	13	749	The foe's {00} used\nRock Smash!
2	13	750	{00} used\nWhirlpool!
2	13	751	The wild {00} used\nWhirlpool!
2	13	752	The foe's {00} used\nWhirlpool!
2	13	753	{00} used\nBeat Up!
2	13	754	The wild {00} used\nBeat Up!
2	13	755	The foe's {00} used\nBeat Up!
2	13	756	{00} used\nFake Out!
2	13	757	The wild {00} used\nFake Out!
2	13	758	The foe's {00} used\nFake Out!
2	13	759	{00} used\nUproar!
2	13	760	The wild {00} used\nUproar!
2	13	761	The foe's {00} used\nUproar!
2	13	762	{00} used\nStockpile!
2	13	763	The wild {00} used\nStockpile!
2	13	764	The foe's {00} used\nStockpile!
2	13	765	{00} used\nSpit Up!
2	13	766	The wild {00} used\nSpit Up!
2	13	767	The foe's {00} used\nSpit Up!
2	13	768	{00} used\nSwallow!
2	13	769	The wild {00} used\nSwallow!
2	13	770	The foe's {00} used\nSwallow!
2	13	771	{00} used\nHeat Wave!
2	13	772	The wild {00} used\nHeat Wave!
2	13	773	The foe's {00} used\nHeat Wave!
2	13	774	{00} used\nHail!
2	13	775	The wild {00} used\nHail!
2	13	776	The foe's {00} used\nHail!
2	13	777	{00} used\nTorment!
2	13	778	The wild {00} used\nTorment!
2	13	779	The foe's {00} used\nTorment!
2	13	780	{00} used\nFlatter!
2	13	781	The wild {00} used\nFlatter!
2	13	782	The foe's {00} used\nFlatter!
2	13	783	{00} used\nWill-O-Wisp!
2	13	784	The wild {00} used\nWill-O-Wisp!
2	13	785	The foe's {00} used\nWill-O-Wisp!
2	13	786	{00} used\nMemento!
2	13	787	The wild {00} used\nMemento!
2	13	788	The foe's {00} used\nMemento!
2	13	789	{00} used\nFacade!
2	13	790	The wild {00} used\nFacade!
2	13	791	The foe's {00} used\nFacade!
2	13	792	{00} used\nFocus Punch!
2	13	793	The wild {00} used\nFocus Punch!
2	13	794	The foe's {00} used\nFocus Punch!
2	13	795	{00} used\nSmellingSalt!
2	13	796	The wild {00} used\nSmellingSalt!
2	13	797	The foe's {00} used\nSmellingSalt!
2	13	798	{00} used\nFollow Me!
2	13	799	The wild {00} used\nFollow Me!
2	13	800	The foe's {00} used\nFollow Me!
2	13	801	{00} used\nNature Power!
2	13	802	The wild {00} used\nNature Power!
2	13	803	The foe's {00} used\nNature Power!
2	13	804	{00} used\nCharge!
2	13	805	The wild {00} used\nCharge!
2	13	806	The foe's {00} used\nCharge!
2	13	807	{00} used\nTaunt!
2	13	808	The wild {00} used\nTaunt!
2	13	809	The foe's {00} used\nTaunt!
2	13	810	{00} used\nHelping Hand!
2	13	811	The wild {00} used\nHelping Hand!
2	13	812	The foe's {00} used\nHelping Hand!
2	13	813	{00} used\nTrick!
2	13	814	The wild {00} used\nTrick!
2	13	815	The foe's {00} used\nTrick!
2	13	816	{00} used\nRole Play!
2	13	817	The wild {00} used\nRole Play!
2	13	818	The foe's {00} used\nRole Play!
2	13	819	{00} used\nWish!
2	13	820	The wild {00} used\nWish!
2	13	821	The foe's {00} used\nWish!
2	13	822	{00} used\nAssist!
2	13	823	The wild {00} used\nAssist!
2	13	824	The foe's {00} used\nAssist!
2	13	825	{00} used\nIngrain!
2	13	826	The wild {00} used\nIngrain!
2	13	827	The foe's {00} used\nIngrain!
2	13	828	{00} used\nSuperpower!
2	13	829	The wild {00} used\nSuperpower!
2	13	830	The foe's {00} used\nSuperpower!
2	13	831	{00} used\nMagic Coat!
2	13	832	The wild {00} used\nMagic Coat!
2	13	833	The foe's {00} used\nMagic Coat!
2	13	834	{00} used\nRecycle!
2	13	835	The wild {00} used\nRecycle!
2	13	836	The foe's {00} used\nRecycle!
2	13	837	{00} used\nRevenge!
2	13	838	The wild {00} used\nRevenge!
2	13	839	The foe's {00} used\nRevenge!
2	13	840	{00} used\nBrick Break!
2	13	841	The wild {00} used\nBrick Break!
2	13	842	The foe's {00} used\nBrick Break!
2	13	843	{00} used\nYawn!
2	13	844	The wild {00} used\nYawn!
2	13	845	The foe's {00} used\nYawn!
2	13	846	{00} used\nKnock Off!
2	13	847	The wild {00} used\nKnock Off!
2	13	848	The foe's {00} used\nKnock Off!
2	13	849	{00} used\nEndeavor!
2	13	850	The wild {00} used\nEndeavor!
2	13	851	The foe's {00} used\nEndeavor!
2	13	852	{00} used\nEruption!
2	13	853	The wild {00} used\nEruption!
2	13	854	The foe's {00} used\nEruption!
2	13	855	{00} used\nSkill Swap!
2	13	856	The wild {00} used\nSkill Swap!
2	13	857	The foe's {00} used\nSkill Swap!
2	13	858	{00} used\nImprison!
2	13	859	The wild {00} used\nImprison!
2	13	860	The foe's {00} used\nImprison!
2	13	861	{00} used\nRefresh!
2	13	862	The wild {00} used\nRefresh!
2	13	863	The foe's {00} used\nRefresh!
2	13	864	{00} used\nGrudge!
2	13	865	The wild {00} used\nGrudge!
2	13	866	The foe's {00} used\nGrudge!
2	13	867	{00} used\nSnatch!
2	13	868	The wild {00} used\nSnatch!
2	13	869	The foe's {00} used\nSnatch!
2	13	870	{00} used\nSecret Power!
2	13	871	The wild {00} used\nSecret Power!
2	13	872	The foe's {00} used\nSecret Power!
2	13	873	{00} used\nDive!
2	13	874	The wild {00} used\nDive!
2	13	875	The foe's {00} used\nDive!
2	13	876	{00} used\nArm Thrust!
2	13	877	The wild {00} used\nArm Thrust!
2	13	878	The foe's {00} used\nArm Thrust!
2	13	879	{00} used\nCamouflage!
2	13	880	The wild {00} used\nCamouflage!
2	13	881	The foe's {00} used\nCamouflage!
2	13	882	{00} used\nTail Glow!
2	13	883	The wild {00} used\nTail Glow!
2	13	884	The foe's {00} used\nTail Glow!
2	13	885	{00} used\nLuster Purge!
2	13	886	The wild {00} used\nLuster Purge!
2	13	887	The foe's {00} used\nLuster Purge!
2	13	888	{00} used\nMist Ball!
2	13	889	The wild {00} used\nMist Ball!
2	13	890	The foe's {00} used\nMist Ball!
2	13	891	{00} used\nFeatherDance!
2	13	892	The wild {00} used\nFeatherDance!
2	13	893	The foe's {00} used\nFeatherDance!
2	13	894	{00} used\nTeeter Dance!
2	13	895	The wild {00} used\nTeeter Dance!
2	13	896	The foe's {00} used\nTeeter Dance!
2	13	897	{00} used\nBlaze Kick!
2	13	898	The wild {00} used\nBlaze Kick!
2	13	899	The foe's {00} used\nBlaze Kick!
2	13	900	{00} used\nMud Sport!
2	13	901	The wild {00} used\nMud Sport!
2	13	902	The foe's {00} used\nMud Sport!
2	13	903	{00} used\nIce Ball!
2	13	904	The wild {00} used\nIce Ball!
2	13	905	The foe's {00} used\nIce Ball!
2	13	906	{00} used\nNeedle Arm!
2	13	907	The wild {00} used\nNeedle Arm!
2	13	908	The foe's {00} used\nNeedle Arm!
2	13	909	{00} used\nSlack Off!
2	13	910	The wild {00} used\nSlack Off!
2	13	911	The foe's {00} used\nSlack Off!
2	13	912	{00} used\nHyper Voice!
2	13	913	The wild {00} used\nHyper Voice!
2	13	914	The foe's {00} used\nHyper Voice!
2	13	915	{00} used\nPoison Fang!
2	13	916	The wild {00} used\nPoison Fang!
2	13	917	The foe's {00} used\nPoison Fang!
2	13	918	{00} used\nCrush Claw!
2	13	919	The wild {00} used\nCrush Claw!
2	13	920	The foe's {00} used\nCrush Claw!
2	13	921	{00} used\nBlast Burn!
2	13	922	The wild {00} used\nBlast Burn!
2	13	923	The foe's {00} used\nBlast Burn!
2	13	924	{00} used\nHydro Cannon!
2	13	925	The wild {00} used\nHydro Cannon!
2	13	926	The foe's {00} used\nHydro Cannon!
2	13	927	{00} used\nMeteor Mash!
2	13	928	The wild {00} used\nMeteor Mash!
2	13	929	The foe's {00} used\nMeteor Mash!
2	13	930	{00} used\nAstonish!
2	13	931	The wild {00} used\nAstonish!
2	13	932	The foe's {00} used\nAstonish!
2	13	933	{00} used\nWeather Ball!
2	13	934	The wild {00} used\nWeather Ball!
2	13	935	The foe's {00} used\nWeather Ball!
2	13	936	{00} used\nAromatherapy!
2	13	937	The wild {00} used\nAromatherapy!
2	13	938	The foe's {00} used\nAromatherapy!
2	13	939	{00} used\nFake Tears!
2	13	940	The wild {00} used\nFake Tears!
2	13	941	The foe's {00} used\nFake Tears!
2	13	942	{00} used\nAir Cutter!
2	13	943	The wild {00} used\nAir Cutter!
2	13	944	The foe's {00} used\nAir Cutter!
2	13	945	{00} used\nOverheat!
2	13	946	The wild {00} used\nOverheat!
2	13	947	The foe's {00} used\nOverheat!
2	13	948	{00} used\nOdor Sleuth!
2	13	949	The wild {00} used\nOdor Sleuth!
2	13	950	The foe's {00} used\nOdor Sleuth!
2	13	951	{00} used\nRock Tomb!
2	13	952	The wild {00} used\nRock Tomb!
2	13	953	The foe's {00} used\nRock Tomb!
2	13	954	{00} used\nSilver Wind!
2	13	955	The wild {00} used\nSilver Wind!
2	13	956	The foe's {00} used\nSilver Wind!
2	13	957	{00} used\nMetal Sound!
2	13	958	The wild {00} used\nMetal Sound!
2	13	959	The foe's {00} used\nMetal Sound!
2	13	960	{00} used\nGrassWhistle!
2	13	961	The wild {00} used\nGrassWhistle!
2	13	962	The foe's {00} used\nGrassWhistle!
2	13	963	{00} used\nTickle!
2	13	964	The wild {00} used\nTickle!
2	13	965	The foe's {00} used\nTickle!
2	13	966	{00} used\nCosmic Power!
2	13	967	The wild {00} used\nCosmic Power!
2	13	968	The foe's {00} used\nCosmic Power!
2	13	969	{00} used\nWater Spout!
2	13	970	The wild {00} used\nWater Spout!
2	13	971	The foe's {00} used\nWater Spout!
2	13	972	{00} used\nSignal Beam!
2	13	973	The wild {00} used\nSignal Beam!
2	13	974	The foe's {00} used\nSignal Beam!
2	13	975	{00} used\nShadow Punch!
2	13	976	The wild {00} used\nShadow Punch!
2	13	977	The foe's {00} used\nShadow Punch!
2	13	978	{00} used\nExtrasensory!
2	13	979	The wild {00} used\nExtrasensory!
2	13	980	The foe's {00} used\nExtrasensory!
2	13	981	{00} used\nSky Uppercut!
2	13	982	The wild {00} used\nSky Uppercut!
2	13	983	The foe's {00} used\nSky Uppercut!
2	13	984	{00} used\nSand Tomb!
2	13	985	The wild {00} used\nSand Tomb!
2	13	986	The foe's {00} used\nSand Tomb!
2	13	987	{00} used\nSheer Cold!
2	13	988	The wild {00} used\nSheer Cold!
2	13	989	The foe's {00} used\nSheer Cold!
2	13	990	{00} used\nMuddy Water!
2	13	991	The wild {00} used\nMuddy Water!
2	13	992	The foe's {00} used\nMuddy Water!
2	13	993	{00} used\nBullet Seed!
2	13	994	The wild {00} used\nBullet Seed!
2	13	995	The foe's {00} used\nBullet Seed!
2	13	996	{00} used\nAerial Ace!
2	13	997	The wild {00} used\nAerial Ace!
2	13	998	The foe's {00} used\nAerial Ace!
2	13	999	{00} used\nIcicle Spear!
2	13	1000	The wild {00} used\nIcicle Spear!
2	13	1001	The foe's {00} used\nIcicle Spear!
2	13	1002	{00} used\nIron Defense!
2	13	1003	The wild {00} used\nIron Defense!
2	13	1004	The foe's {00} used\nIron Defense!
2	13	1005	{00} used\nBlock!
2	13	1006	The wild {00} used\nBlock!
2	13	1007	The foe's {00} used\nBlock!
2	13	1008	{00} used\nHowl!
2	13	1009	The wild {00} used\nHowl!
2	13	1010	The foe's {00} used\nHowl!
2	13	1011	{00} used\nDragon Claw!
2	13	1012	The wild {00} used\nDragon Claw!
2	13	1013	The foe's {00} used\nDragon Claw!
2	13	1014	{00} used\nFrenzy Plant!
2	13	1015	The wild {00} used\nFrenzy Plant!
2	13	1016	The foe's {00} used\nFrenzy Plant!
2	13	1017	{00} used\nBulk Up!
2	13	1018	The wild {00} used\nBulk Up!
2	13	1019	The foe's {00} used\nBulk Up!
2	13	1020	{00} used\nBounce!
2	13	1021	The wild {00} used\nBounce!
2	13	1022	The foe's {00} used\nBounce!
2	13	1023	{00} used\nMud Shot!
2	13	1024	The wild {00} used\nMud Shot!
2	13	1025	The foe's {00} used\nMud Shot!
2	13	1026	{00} used\nPoison Tail!
2	13	1027	The wild {00} used\nPoison Tail!
2	13	1028	The foe's {00} used\nPoison Tail!
2	13	1029	{00} used\nCovet!
2	13	1030	The wild {00} used\nCovet!
2	13	1031	The foe's {00} used\nCovet!
2	13	1032	{00} used\nVolt Tackle!
2	13	1033	The wild {00} used\nVolt Tackle!
2	13	1034	The foe's {00} used\nVolt Tackle!
2	13	1035	{00} used\nMagical Leaf!
2	13	1036	The wild {00} used\nMagical Leaf!
2	13	1037	The foe's {00} used\nMagical Leaf!
2	13	1038	{00} used\nWater Sport!
2	13	1039	The wild {00} used\nWater Sport!
2	13	1040	The foe's {00} used\nWater Sport!
2	13	1041	{00} used\nCalm Mind!
2	13	1042	The wild {00} used\nCalm Mind!
2	13	1043	The foe's {00} used\nCalm Mind!
2	13	1044	{00} used\nLeaf Blade!
2	13	1045	The wild {00} used\nLeaf Blade!
2	13	1046	The foe's {00} used\nLeaf Blade!
2	13	1047	{00} used\nDragon Dance!
2	13	1048	The wild {00} used\nDragon Dance!
2	13	1049	The foe's {00} used\nDragon Dance!
2	13	1050	{00} used\nRock Blast!
2	13	1051	The wild {00} used\nRock Blast!
2	13	1052	The foe's {00} used\nRock Blast!
2	13	1053	{00} used\nShock Wave!
2	13	1054	The wild {00} used\nShock Wave!
2	13	1055	The foe's {00} used\nShock Wave!
2	13	1056	{00} used\nWater Pulse!
2	13	1057	The wild {00} used\nWater Pulse!
2	13	1058	The foe's {00} used\nWater Pulse!
2	13	1059	{00} used\nDoom Desire!
2	13	1060	The wild {00} used\nDoom Desire!
2	13	1061	The foe's {00} used\nDoom Desire!
2	13	1062	{00} used\nPsycho Boost!
2	13	1063	The wild {00} used\nPsycho Boost!
2	13	1064	The foe's {00} used\nPsycho Boost!
2	13	1065	{00} used\nRoost!
2	13	1066	The wild {00} used\nRoost!
2	13	1067	The foe's {00} used\nRoost!
2	13	1068	{00} used\nGravity!
2	13	1069	The wild {00} used\nGravity!
2	13	1070	The foe's {00} used\nGravity!
2	13	1071	{00} used\nMiracle Eye!
2	13	1072	The wild {00} used\nMiracle Eye!
2	13	1073	The foe's {00} used\nMiracle Eye!
2	13	1074	{00} used\nWake-Up Slap!
2	13	1075	The wild {00} used\nWake-Up Slap!
2	13	1076	The foe's {00} used\nWake-Up Slap!
2	13	1077	{00} used\nHammer Arm!
2	13	1078	The wild {00} used\nHammer Arm!
2	13	1079	The foe's {00} used\nHammer Arm!
2	13	1080	{00} used\nGyro Ball!
2	13	1081	The wild {00} used\nGyro Ball!
2	13	1082	The foe's {00} used\nGyro Ball!
2	13	1083	{00} used\nHealing Wish!
2	13	1084	The wild {00} used\nHealing Wish!
2	13	1085	The foe's {00} used\nHealing Wish!
2	13	1086	{00} used\nBrine!
2	13	1087	The wild {00} used\nBrine!
2	13	1088	The foe's {00} used\nBrine!
2	13	1089	{00} used\nNatural Gift!
2	13	1090	The wild {00} used\nNatural Gift!
2	13	1091	The foe's {00} used\nNatural Gift!
2	13	1092	{00} used\nFeint!
2	13	1093	The wild {00} used\nFeint!
2	13	1094	The foe's {00} used\nFeint!
2	13	1095	{00} used\nPluck!
2	13	1096	The wild {00} used\nPluck!
2	13	1097	The foe's {00} used\nPluck!
2	13	1098	{00} used\nTailwind!
2	13	1099	The wild {00} used\nTailwind!
2	13	1100	The foe's {00} used\nTailwind!
2	13	1101	{00} used\nAcupressure!
2	13	1102	The wild {00} used\nAcupressure!
2	13	1103	The foe's {00} used\nAcupressure!
2	13	1104	{00} used\nMetal Burst!
2	13	1105	The wild {00} used\nMetal Burst!
2	13	1106	The foe's {00} used\nMetal Burst!
2	13	1107	{00} used\nU-turn!
2	13	1108	The wild {00} used\nU-turn!
2	13	1109	The foe's {00} used\nU-turn!
2	13	1110	{00} used\nClose Combat!
2	13	1111	The wild {00} used\nClose Combat!
2	13	1112	The foe's {00} used\nClose Combat!
2	13	1113	{00} used\nPayback!
2	13	1114	The wild {00} used\nPayback!
2	13	1115	The foe's {00} used\nPayback!
2	13	1116	{00} used\nAssurance!
2	13	1117	The wild {00} used\nAssurance!
2	13	1118	The foe's {00} used\nAssurance!
2	13	1119	{00} used\nEmbargo!
2	13	1120	The wild {00} used\nEmbargo!
2	13	1121	The foe's {00} used\nEmbargo!
2	13	1122	{00} used\nFling!
2	13	1123	The wild {00} used\nFling!
2	13	1124	The foe's {00} used\nFling!
2	13	1125	{00} used\nPsycho Shift!
2	13	1126	The wild {00} used\nPsycho Shift!
2	13	1127	The foe's {00} used\nPsycho Shift!
2	13	1128	{00} used\nTrump Card!
2	13	1129	The wild {00} used\nTrump Card!
2	13	1130	The foe's {00} used\nTrump Card!
2	13	1131	{00} used\nHeal Block!
2	13	1132	The wild {00} used\nHeal Block!
2	13	1133	The foe's {00} used\nHeal Block!
2	13	1134	{00} used\nWring Out!
2	13	1135	The wild {00} used\nWring Out!
2	13	1136	The foe's {00} used\nWring Out!
2	13	1137	{00} used\nPower Trick!
2	13	1138	The wild {00} used\nPower Trick!
2	13	1139	The foe's {00} used\nPower Trick!
2	13	1140	{00} used\nGastro Acid!
2	13	1141	The wild {00} used\nGastro Acid!
2	13	1142	The foe's {00} used\nGastro Acid!
2	13	1143	{00} used\nLucky Chant!
2	13	1144	The wild {00} used\nLucky Chant!
2	13	1145	The foe's {00} used\nLucky Chant!
2	13	1146	{00} used\nMe First!
2	13	1147	The wild {00} used\nMe First!
2	13	1148	The foe's {00} used\nMe First!
2	13	1149	{00} used\nCopycat!
2	13	1150	The wild {00} used\nCopycat!
2	13	1151	The foe's {00} used\nCopycat!
2	13	1152	{00} used\nPower Swap!
2	13	1153	The wild {00} used\nPower Swap!
2	13	1154	The foe's {00} used\nPower Swap!
2	13	1155	{00} used\nGuard Swap!
2	13	1156	The wild {00} used\nGuard Swap!
2	13	1157	The foe's {00} used\nGuard Swap!
2	13	1158	{00} used\nPunishment!
2	13	1159	The wild {00} used\nPunishment!
2	13	1160	The foe's {00} used\nPunishment!
2	13	1161	{00} used\nLast Resort!
2	13	1162	The wild {00} used\nLast Resort!
2	13	1163	The foe's {00} used\nLast Resort!
2	13	1164	{00} used\nWorry Seed!
2	13	1165	The wild {00} used\nWorry Seed!
2	13	1166	The foe's {00} used\nWorry Seed!
2	13	1167	{00} used\nSucker Punch!
2	13	1168	The wild {00} used\nSucker Punch!
2	13	1169	The foe's {00} used\nSucker Punch!
2	13	1170	{00} used\nToxic Spikes!
2	13	1171	The wild {00} used\nToxic Spikes!
2	13	1172	The foe's {00} used\nToxic Spikes!
2	13	1173	{00} used\nHeart Swap!
2	13	1174	The wild {00} used\nHeart Swap!
2	13	1175	The foe's {00} used\nHeart Swap!
2	13	1176	{00} used\nAqua Ring!
2	13	1177	The wild {00} used\nAqua Ring!
2	13	1178	The foe's {00} used\nAqua Ring!
2	13	1179	{00} used\nMagnet Rise!
2	13	1180	The wild {00} used\nMagnet Rise!
2	13	1181	The foe's {00} used\nMagnet Rise!
2	13	1182	{00} used\nFlare Blitz!
2	13	1183	The wild {00} used\nFlare Blitz!
2	13	1184	The foe's {00} used\nFlare Blitz!
2	13	1185	{00} used\nForce Palm!
2	13	1186	The wild {00} used\nForce Palm!
2	13	1187	The foe's {00} used\nForce Palm!
2	13	1188	{00} used\nAura Sphere!
2	13	1189	The wild {00} used\nAura Sphere!
2	13	1190	The foe's {00} used\nAura Sphere!
2	13	1191	{00} used\nRock Polish!
2	13	1192	The wild {00} used\nRock Polish!
2	13	1193	The foe's {00} used\nRock Polish!
2	13	1194	{00} used\nPoison Jab!
2	13	1195	The wild {00} used\nPoison Jab!
2	13	1196	The foe's {00} used\nPoison Jab!
2	13	1197	{00} used\nDark Pulse!
2	13	1198	The wild {00} used\nDark Pulse!
2	13	1199	The foe's {00} used\nDark Pulse!
2	13	1200	{00} used\nNight Slash!
2	13	1201	The wild {00} used\nNight Slash!
2	13	1202	The foe's {00} used\nNight Slash!
2	13	1203	{00} used\nAqua Tail!
2	13	1204	The wild {00} used\nAqua Tail!
2	13	1205	The foe's {00} used\nAqua Tail!
2	13	1206	{00} used\nSeed Bomb!
2	13	1207	The wild {00} used\nSeed Bomb!
2	13	1208	The foe's {00} used\nSeed Bomb!
2	13	1209	{00} used\nAir Slash!
2	13	1210	The wild {00} used\nAir Slash!
2	13	1211	The foe's {00} used\nAir Slash!
2	13	1212	{00} used\nX-Scissor!
2	13	1213	The wild {00} used\nX-Scissor!
2	13	1214	The foe's {00} used\nX-Scissor!
2	13	1215	{00} used\nBug Buzz!
2	13	1216	The wild {00} used\nBug Buzz!
2	13	1217	The foe's {00} used\nBug Buzz!
2	13	1218	{00} used\nDragon Pulse!
2	13	1219	The wild {00} used\nDragon Pulse!
2	13	1220	The foe's {00} used\nDragon Pulse!
2	13	1221	{00} used\nDragon Rush!
2	13	1222	The wild {00} used\nDragon Rush!
2	13	1223	The foe's {00} used\nDragon Rush!
2	13	1224	{00} used\nPower Gem!
2	13	1225	The wild {00} used\nPower Gem!
2	13	1226	The foe's {00} used\nPower Gem!
2	13	1227	{00} used\nDrain Punch!
2	13	1228	The wild {00} used\nDrain Punch!
2	13	1229	The foe's {00} used\nDrain Punch!
2	13	1230	{00} used\nVacuum Wave!
2	13	1231	The wild {00} used\nVacuum Wave!
2	13	1232	The foe's {00} used\nVacuum Wave!
2	13	1233	{00} used\nFocus Blast!
2	13	1234	The wild {00} used\nFocus Blast!
2	13	1235	The foe's {00} used\nFocus Blast!
2	13	1236	{00} used\nEnergy Ball!
2	13	1237	The wild {00} used\nEnergy Ball!
2	13	1238	The foe's {00} used\nEnergy Ball!
2	13	1239	{00} used\nBrave Bird!
2	13	1240	The wild {00} used\nBrave Bird!
2	13	1241	The foe's {00} used\nBrave Bird!
2	13	1242	{00} used\nEarth Power!
2	13	1243	The wild {00} used\nEarth Power!
2	13	1244	The foe's {00} used\nEarth Power!
2	13	1245	{00} used\nSwitcheroo!
2	13	1246	The wild {00} used\nSwitcheroo!
2	13	1247	The foe's {00} used\nSwitcheroo!
2	13	1248	{00} used\nGiga Impact!
2	13	1249	The wild {00} used\nGiga Impact!
2	13	1250	The foe's {00} used\nGiga Impact!
2	13	1251	{00} used\nNasty Plot!
2	13	1252	The wild {00} used\nNasty Plot!
2	13	1253	The foe's {00} used\nNasty Plot!
2	13	1254	{00} used\nBullet Punch!
2	13	1255	The wild {00} used\nBullet Punch!
2	13	1256	The foe's {00} used\nBullet Punch!
2	13	1257	{00} used\nAvalanche!
2	13	1258	The wild {00} used\nAvalanche!
2	13	1259	The foe's {00} used\nAvalanche!
2	13	1260	{00} used\nIce Shard!
2	13	1261	The wild {00} used\nIce Shard!
2	13	1262	The foe's {00} used\nIce Shard!
2	13	1263	{00} used\nShadow Claw!
2	13	1264	The wild {00} used\nShadow Claw!
2	13	1265	The foe's {00} used\nShadow Claw!
2	13	1266	{00} used\nThunder Fang!
2	13	1267	The wild {00} used\nThunder Fang!
2	13	1268	The foe's {00} used\nThunder Fang!
2	13	1269	{00} used\nIce Fang!
2	13	1270	The wild {00} used\nIce Fang!
2	13	1271	The foe's {00} used\nIce Fang!
2	13	1272	{00} used\nFire Fang!
2	13	1273	The wild {00} used\nFire Fang!
2	13	1274	The foe's {00} used\nFire Fang!
2	13	1275	{00} used\nShadow Sneak!
2	13	1276	The wild {00} used\nShadow Sneak!
2	13	1277	The foe's {00} used\nShadow Sneak!
2	13	1278	{00} used\nMud Bomb!
2	13	1279	The wild {00} used\nMud Bomb!
2	13	1280	The foe's {00} used\nMud Bomb!
2	13	1281	{00} used\nPsycho Cut!
2	13	1282	The wild {00} used\nPsycho Cut!
2	13	1283	The foe's {00} used\nPsycho Cut!
2	13	1284	{00} used\nZen Headbutt!
2	13	1285	The wild {00} used\nZen Headbutt!
2	13	1286	The foe's {00} used\nZen Headbutt!
2	13	1287	{00} used\nMirror Shot!
2	13	1288	The wild {00} used\nMirror Shot!
2	13	1289	The foe's {00} used\nMirror Shot!
2	13	1290	{00} used\nFlash Cannon!
2	13	1291	The wild {00} used\nFlash Cannon!
2	13	1292	The foe's {00} used\nFlash Cannon!
2	13	1293	{00} used\nRock Climb!
2	13	1294	The wild {00} used\nRock Climb!
2	13	1295	The foe's {00} used\nRock Climb!
2	13	1296	{00} used\nDefog!
2	13	1297	The wild {00} used\nDefog!
2	13	1298	The foe's {00} used\nDefog!
2	13	1299	{00} used\nTrick Room!
2	13	1300	The wild {00} used\nTrick Room!
2	13	1301	The foe's {00} used\nTrick Room!
2	13	1302	{00} used\nDraco Meteor!
2	13	1303	The wild {00} used\nDraco Meteor!
2	13	1304	The foe's {00} used\nDraco Meteor!
2	13	1305	{00} used\nDischarge!
2	13	1306	The wild {00} used\nDischarge!
2	13	1307	The foe's {00} used\nDischarge!
2	13	1308	{00} used\nLava Plume!
2	13	1309	The wild {00} used\nLava Plume!
2	13	1310	The foe's {00} used\nLava Plume!
2	13	1311	{00} used\nLeaf Storm!
2	13	1312	The wild {00} used\nLeaf Storm!
2	13	1313	The foe's {00} used\nLeaf Storm!
2	13	1314	{00} used\nPower Whip!
2	13	1315	The wild {00} used\nPower Whip!
2	13	1316	The foe's {00} used\nPower Whip!
2	13	1317	{00} used\nRock Wrecker!
2	13	1318	The wild {00} used\nRock Wrecker!
2	13	1319	The foe's {00} used\nRock Wrecker!
2	13	1320	{00} used\nCross Poison!
2	13	1321	The wild {00} used\nCross Poison!
2	13	1322	The foe's {00} used\nCross Poison!
2	13	1323	{00} used\nGunk Shot!
2	13	1324	The wild {00} used\nGunk Shot!
2	13	1325	The foe's {00} used\nGunk Shot!
2	13	1326	{00} used\nIron Head!
2	13	1327	The wild {00} used\nIron Head!
2	13	1328	The foe's {00} used\nIron Head!
2	13	1329	{00} used\nMagnet Bomb!
2	13	1330	The wild {00} used\nMagnet Bomb!
2	13	1331	The foe's {00} used\nMagnet Bomb!
2	13	1332	{00} used\nStone Edge!
2	13	1333	The wild {00} used\nStone Edge!
2	13	1334	The foe's {00} used\nStone Edge!
2	13	1335	{00} used\nCaptivate!
2	13	1336	The wild {00} used\nCaptivate!
2	13	1337	The foe's {00} used\nCaptivate!
2	13	1338	{00} used\nStealth Rock!
2	13	1339	The wild {00} used\nStealth Rock!
2	13	1340	The foe's {00} used\nStealth Rock!
2	13	1341	{00} used\nGrass Knot!
2	13	1342	The wild {00} used\nGrass Knot!
2	13	1343	The foe's {00} used\nGrass Knot!
2	13	1344	{00} used\nChatter!
2	13	1345	The wild {00} used\nChatter!
2	13	1346	The foe's {00} used\nChatter!
2	13	1347	{00} used\nJudgment!
2	13	1348	The wild {00} used\nJudgment!
2	13	1349	The foe's {00} used\nJudgment!
2	13	1350	{00} used\nBug Bite!
2	13	1351	The wild {00} used\nBug Bite!
2	13	1352	The foe's {00} used\nBug Bite!
2	13	1353	{00} used\nCharge Beam!
2	13	1354	The wild {00} used\nCharge Beam!
2	13	1355	The foe's {00} used\nCharge Beam!
2	13	1356	{00} used\nWood Hammer!
2	13	1357	The wild {00} used\nWood Hammer!
2	13	1358	The foe's {00} used\nWood Hammer!
2	13	1359	{00} used\nAqua Jet!
2	13	1360	The wild {00} used\nAqua Jet!
2	13	1361	The foe's {00} used\nAqua Jet!
2	13	1362	{00} used\nAttack Order!
2	13	1363	The wild {00} used\nAttack Order!
2	13	1364	The foe's {00} used\nAttack Order!
2	13	1365	{00} used\nDefend Order!
2	13	1366	The wild {00} used\nDefend Order!
2	13	1367	The foe's {00} used\nDefend Order!
2	13	1368	{00} used\nHeal Order!
2	13	1369	The wild {00} used\nHeal Order!
2	13	1370	The foe's {00} used\nHeal Order!
2	13	1371	{00} used\nHead Smash!
2	13	1372	The wild {00} used\nHead Smash!
2	13	1373	The foe's {00} used\nHead Smash!
2	13	1374	{00} used\nDouble Hit!
2	13	1375	The wild {00} used\nDouble Hit!
2	13	1376	The foe's {00} used\nDouble Hit!
2	13	1377	{00} used\nRoar of Time!
2	13	1378	The wild {00} used\nRoar of Time!
2	13	1379	The foe's {00} used\nRoar of Time!
2	13	1380	{00} used\nSpacial Rend!
2	13	1381	The wild {00} used\nSpacial Rend!
2	13	1382	The foe's {00} used\nSpacial Rend!
2	13	1383	{00} used\nLunar Dance!
2	13	1384	The wild {00} used\nLunar Dance!
2	13	1385	The foe's {00} used\nLunar Dance!
2	13	1386	{00} used\nCrush Grip!
2	13	1387	The wild {00} used\nCrush Grip!
2	13	1388	The foe's {00} used\nCrush Grip!
2	13	1389	{00} used\nMagma Storm!
2	13	1390	The wild {00} used\nMagma Storm!
2	13	1391	The foe's {00} used\nMagma Storm!
2	13	1392	{00} used\nDark Void!
2	13	1393	The wild {00} used\nDark Void!
2	13	1394	The foe's {00} used\nDark Void!
2	13	1395	{00} used\nSeed Flare!
2	13	1396	The wild {00} used\nSeed Flare!
2	13	1397	The foe's {00} used\nSeed Flare!
2	13	1398	{00} used\nOminous Wind!
2	13	1399	The wild {00} used\nOminous Wind!
2	13	1400	The foe's {00} used\nOminous Wind!
2	13	1401	{00} used\nShadow Force!
2	13	1402	The wild {00} used\nShadow Force!
2	13	1403	The foe's {00} used\nShadow Force!
2	13	1404	{00} used\nHone Claws!
2	13	1405	The wild {00} used\nHone Claws!
2	13	1406	The foe's {00} used\nHone Claws!
2	13	1407	{00} used\nWide Guard!
2	13	1408	The wild {00} used\nWide Guard!
2	13	1409	The foe's {00} used\nWide Guard!
2	13	1410	{00} used\nGuard Split!
2	13	1411	The wild {00} used\nGuard Split!
2	13	1412	The foe's {00} used\nGuard Split!
2	13	1413	{00} used\nPower Split!
2	13	1414	The wild {00} used\nPower Split!
2	13	1415	The foe's {00} used\nPower Split!
2	13	1416	{00} used\nWonder Room!
2	13	1417	The wild {00} used\nWonder Room!
2	13	1418	The foe's {00} used\nWonder Room!
2	13	1419	{00} used\nPsyshock!
2	13	1420	The wild {00} used\nPsyshock!
2	13	1421	The foe's {00} used\nPsyshock!
2	13	1422	{00} used\nVenoshock!
2	13	1423	The wild {00} used\nVenoshock!
2	13	1424	The foe's {00} used\nVenoshock!
2	13	1425	{00} used\nAutotomize!
2	13	1426	The wild {00} used\nAutotomize!
2	13	1427	The foe's {00} used\nAutotomize!
2	13	1428	{00} used\nRage Powder!
2	13	1429	The wild {00} used\nRage Powder!
2	13	1430	The foe's {00} used\nRage Powder!
2	13	1431	{00} used\nTelekinesis!
2	13	1432	The wild {00} used\nTelekinesis!
2	13	1433	The foe's {00} used\nTelekinesis!
2	13	1434	{00} used\nMagic Room!
2	13	1435	The wild {00} used\nMagic Room!
2	13	1436	The foe's {00} used\nMagic Room!
2	13	1437	{00} used\nSmack Down!
2	13	1438	The wild {00} used\nSmack Down!
2	13	1439	The foe's {00} used\nSmack Down!
2	13	1440	{00} used\nStorm Throw!
2	13	1441	The wild {00} used\nStorm Throw!
2	13	1442	The foe's {00} used\nStorm Throw!
2	13	1443	{00} used\nFlame Burst!
2	13	1444	The wild {00} used\nFlame Burst!
2	13	1445	The foe's {00} used\nFlame Burst!
2	13	1446	{00} used\nSludge Wave!
2	13	1447	The wild {00} used\nSludge Wave!
2	13	1448	The foe's {00} used\nSludge Wave!
2	13	1449	{00} used\nQuiver Dance!
2	13	1450	The wild {00} used\nQuiver Dance!
2	13	1451	The foe's {00} used\nQuiver Dance!
2	13	1452	{00} used\nHeavy Slam!
2	13	1453	The wild {00} used\nHeavy Slam!
2	13	1454	The foe's {00} used\nHeavy Slam!
2	13	1455	{00} used\nSynchronoise!
2	13	1456	The wild {00} used\nSynchronoise!
2	13	1457	The foe's {00} used\nSynchronoise!
2	13	1458	{00} used\nElectro Ball!
2	13	1459	The wild {00} used\nElectro Ball!
2	13	1460	The foe's {00} used\nElectro Ball!
2	13	1461	{00} used\nSoak!
2	13	1462	The wild {00} used\nSoak!
2	13	1463	The foe's {00} used\nSoak!
2	13	1464	{00} used\nFlame Charge!
2	13	1465	The wild {00} used\nFlame Charge!
2	13	1466	The foe's {00} used\nFlame Charge!
2	13	1467	{00} used\nCoil!
2	13	1468	The wild {00} used\nCoil!
2	13	1469	The foe's {00} used\nCoil!
2	13	1470	{00} used\nLow Sweep!
2	13	1471	The wild {00} used\nLow Sweep!
2	13	1472	The foe's {00} used\nLow Sweep!
2	13	1473	{00} used\nAcid Spray!
2	13	1474	The wild {00} used\nAcid Spray!
2	13	1475	The foe's {00} used\nAcid Spray!
2	13	1476	{00} used\nFoul Play!
2	13	1477	The wild {00} used\nFoul Play!
2	13	1478	The foe's {00} used\nFoul Play!
2	13	1479	{00} used\nSimple Beam!
2	13	1480	The wild {00} used\nSimple Beam!
2	13	1481	The foe's {00} used\nSimple Beam!
2	13	1482	{00} used\nEntrainment!
2	13	1483	The wild {00} used\nEntrainment!
2	13	1484	The foe's {00} used\nEntrainment!
2	13	1485	{00} used\nAfter You!
2	13	1486	The wild {00} used\nAfter You!
2	13	1487	The foe's {00} used\nAfter You!
2	13	1488	{00} used\nRound!
2	13	1489	The wild {00} used\nRound!
2	13	1490	The foe's {00} used\nRound!
2	13	1491	{00} used\nEchoed Voice!
2	13	1492	The wild {00} used\nEchoed Voice!
2	13	1493	The foe's {00} used\nEchoed Voice!
2	13	1494	{00} used\nChip Away!
2	13	1495	The wild {00} used\nChip Away!
2	13	1496	The foe's {00} used\nChip Away!
2	13	1497	{00} used\nClear Smog!
2	13	1498	The wild {00} used\nClear Smog!
2	13	1499	The foe's {00} used\nClear Smog!
2	13	1500	{00} used\nStored Power!
2	13	1501	The wild {00} used\nStored Power!
2	13	1502	The foe's {00} used\nStored Power!
2	13	1503	{00} used\nQuick Guard!
2	13	1504	The wild {00} used\nQuick Guard!
2	13	1505	The foe's {00} used\nQuick Guard!
2	13	1506	{00} used\nAlly Switch!
2	13	1507	The wild {00} used\nAlly Switch!
2	13	1508	The foe's {00} used\nAlly Switch!
2	13	1509	{00} used\nScald!
2	13	1510	The wild {00} used\nScald!
2	13	1511	The foe's {00} used\nScald!
2	13	1512	{00} used\nShell Smash!
2	13	1513	The wild {00} used\nShell Smash!
2	13	1514	The foe's {00} used\nShell Smash!
2	13	1515	{00} used\nHeal Pulse!
2	13	1516	The wild {00} used\nHeal Pulse!
2	13	1517	The foe's {00} used\nHeal Pulse!
2	13	1518	{00} used\nHex!
2	13	1519	The wild {00} used\nHex!
2	13	1520	The foe's {00} used\nHex!
2	13	1521	{00} used\nSky Drop!
2	13	1522	The wild {00} used\nSky Drop!
2	13	1523	The foe's {00} used\nSky Drop!
2	13	1524	{00} used\nShift Gear!
2	13	1525	The wild {00} used\nShift Gear!
2	13	1526	The foe's {00} used\nShift Gear!
2	13	1527	{00} used\nCircle Throw!
2	13	1528	The wild {00} used\nCircle Throw!
2	13	1529	The foe's {00} used\nCircle Throw!
2	13	1530	{00} used\nIncinerate!
2	13	1531	The wild {00} used\nIncinerate!
2	13	1532	The foe's {00} used\nIncinerate!
2	13	1533	{00} used\nQuash!
2	13	1534	The wild {00} used\nQuash!
2	13	1535	The foe's {00} used\nQuash!
2	13	1536	{00} used\nAcrobatics!
2	13	1537	The wild {00} used\nAcrobatics!
2	13	1538	The foe's {00} used\nAcrobatics!
2	13	1539	{00} used\nReflect Type!
2	13	1540	The wild {00} used\nReflect Type!
2	13	1541	The foe's {00} used\nReflect Type!
2	13	1542	{00} used\nRetaliate!
2	13	1543	The wild {00} used\nRetaliate!
2	13	1544	The foe's {00} used\nRetaliate!
2	13	1545	{00} used\nFinal Gambit!
2	13	1546	The wild {00} used\nFinal Gambit!
2	13	1547	The foe's {00} used\nFinal Gambit!
2	13	1548	{00} used\nBestow!
2	13	1549	The wild {00} used\nBestow!
2	13	1550	The foe's {00} used\nBestow!
2	13	1551	{00} used\nInferno!
2	13	1552	The wild {00} used\nInferno!
2	13	1553	The foe's {00} used\nInferno!
2	13	1554	{00} used\nWater Pledge!
2	13	1555	The wild {00} used\nWater Pledge!
2	13	1556	The foe's {00} used\nWater Pledge!
2	13	1557	{00} used\nFire Pledge!
2	13	1558	The wild {00} used\nFire Pledge!
2	13	1559	The foe's {00} used\nFire Pledge!
2	13	1560	{00} used\nGrass Pledge!
2	13	1561	The wild {00} used\nGrass Pledge!
2	13	1562	The foe's {00} used\nGrass Pledge!
2	13	1563	{00} used\nVolt Switch!
2	13	1564	The wild {00} used\nVolt Switch!
2	13	1565	The foe's {00} used\nVolt Switch!
2	13	1566	{00} used\nStruggle Bug!
2	13	1567	The wild {00} used\nStruggle Bug!
2	13	1568	The foe's {00} used\nStruggle Bug!
2	13	1569	{00} used\nBulldoze!
2	13	1570	The wild {00} used\nBulldoze!
2	13	1571	The foe's {00} used\nBulldoze!
2	13	1572	{00} used\nFrost Breath!
2	13	1573	The wild {00} used\nFrost Breath!
2	13	1574	The foe's {00} used\nFrost Breath!
2	13	1575	{00} used\nDragon Tail!
2	13	1576	The wild {00} used\nDragon Tail!
2	13	1577	The foe's {00} used\nDragon Tail!
2	13	1578	{00} used\nWork Up!
2	13	1579	The wild {00} used\nWork Up!
2	13	1580	The foe's {00} used\nWork Up!
2	13	1581	{00} used\nElectroweb!
2	13	1582	The wild {00} used\nElectroweb!
2	13	1583	The foe's {00} used\nElectroweb!
2	13	1584	{00} used\nWild Charge!
2	13	1585	The wild {00} used\nWild Charge!
2	13	1586	The foe's {00} used\nWild Charge!
2	13	1587	{00} used\nDrill Run!
2	13	1588	The wild {00} used\nDrill Run!
2	13	1589	The foe's {00} used\nDrill Run!
2	13	1590	{00} used\nDual Chop!
2	13	1591	The wild {00} used\nDual Chop!
2	13	1592	The foe's {00} used\nDual Chop!
2	13	1593	{00} used\nHeart Stamp!
2	13	1594	The wild {00} used\nHeart Stamp!
2	13	1595	The foe's {00} used\nHeart Stamp!
2	13	1596	{00} used\nHorn Leech!
2	13	1597	The wild {00} used\nHorn Leech!
2	13	1598	The foe's {00} used\nHorn Leech!
2	13	1599	{00} used\nSacred Sword!
2	13	1600	The wild {00} used\nSacred Sword!
2	13	1601	The foe's {00} used\nSacred Sword!
2	13	1602	{00} used\nRazor Shell!
2	13	1603	The wild {00} used\nRazor Shell!
2	13	1604	The foe's {00} used\nRazor Shell!
2	13	1605	{00} used\nHeat Crash!
2	13	1606	The wild {00} used\nHeat Crash!
2	13	1607	The foe's {00} used\nHeat Crash!
2	13	1608	{00} used\nLeaf Tornado!
2	13	1609	The wild {00} used\nLeaf Tornado!
2	13	1610	The foe's {00} used\nLeaf Tornado!
2	13	1611	{00} used\nSteamroller!
2	13	1612	The wild {00} used\nSteamroller!
2	13	1613	The foe's {00} used\nSteamroller!
2	13	1614	{00} used\nCotton Guard!
2	13	1615	The wild {00} used\nCotton Guard!
2	13	1616	The foe's {00} used\nCotton Guard!
2	13	1617	{00} used\nNight Daze!
2	13	1618	The wild {00} used\nNight Daze!
2	13	1619	The foe's {00} used\nNight Daze!
2	13	1620	{00} used\nPsystrike!
2	13	1621	The wild {00} used\nPsystrike!
2	13	1622	The foe's {00} used\nPsystrike!
2	13	1623	{00} used\nTail Slap!
2	13	1624	The wild {00} used\nTail Slap!
2	13	1625	The foe's {00} used\nTail Slap!
2	13	1626	{00} used\nHurricane!
2	13	1627	The wild {00} used\nHurricane!
2	13	1628	The foe's {00} used\nHurricane!
2	13	1629	{00} used\nHead Charge!
2	13	1630	The wild {00} used\nHead Charge!
2	13	1631	The foe's {00} used\nHead Charge!
2	13	1632	{00} used\nGear Grind!
2	13	1633	The wild {00} used\nGear Grind!
2	13	1634	The foe's {00} used\nGear Grind!
2	13	1635	{00} used\nSearing Shot!
2	13	1636	The wild {00} used\nSearing Shot!
2	13	1637	The foe's {00} used\nSearing Shot!
2	13	1638	{00} used\nTechno Blast!
2	13	1639	The wild {00} used\nTechno Blast!
2	13	1640	The foe's {00} used\nTechno Blast!
2	13	1641	{00} used\nRelic Song!
2	13	1642	The wild {00} used\nRelic Song!
2	13	1643	The foe's {00} used\nRelic Song!
2	13	1644	{00} used\nSecret Sword!
2	13	1645	The wild {00} used\nSecret Sword!
2	13	1646	The foe's {00} used\nSecret Sword!
2	13	1647	{00} used\nGlaciate!
2	13	1648	The wild {00} used\nGlaciate!
2	13	1649	The foe's {00} used\nGlaciate!
2	13	1650	{00} used\nBolt Strike!
2	13	1651	The wild {00} used\nBolt Strike!
2	13	1652	The foe's {00} used\nBolt Strike!
2	13	1653	{00} used\nBlue Flare!
2	13	1654	The wild {00} used\nBlue Flare!
2	13	1655	The foe's {00} used\nBlue Flare!
2	13	1656	{00} used\nFiery Dance!
2	13	1657	The wild {00} used\nFiery Dance!
2	13	1658	The foe's {00} used\nFiery Dance!
2	13	1659	{00} used\nFreeze Shock!
2	13	1660	The wild {00} used\nFreeze Shock!
2	13	1661	The foe's {00} used\nFreeze Shock!
2	13	1662	{00} used\nIce Burn!
2	13	1663	The wild {00} used\nIce Burn!
2	13	1664	The foe's {00} used\nIce Burn!
2	13	1665	{00} used\nSnarl!
2	13	1666	The wild {00} used\nSnarl!
2	13	1667	The foe's {00} used\nSnarl!
2	13	1668	{00} used\nIcicle Crash!
2	13	1669	The wild {00} used\nIcicle Crash!
2	13	1670	The foe's {00} used\nIcicle Crash!
2	13	1671	{00} used\nV-create!
2	13	1672	The wild {00} used\nV-create!
2	13	1673	The foe's {00} used\nV-create!
2	13	1674	{00} used\nFusion Flare!
2	13	1675	The wild {00} used\nFusion Flare!
2	13	1676	The foe's {00} used\nFusion Flare!
2	13	1677	{00} used\nFusion Bolt!
2	13	1678	The wild {00} used\nFusion Bolt!
2	13	1679	The foe's {00} used\nFusion Bolt!
2	14	0	{00} fainted!
2	14	1	The wild {00} fainted!
2	14	2	The foe's {00} fainted!
2	14	3	{00} recovered\nfrom fainting!
2	14	4	The wild {00} recovered\nfrom fainting!
2	14	5	The foe's {00} recovered\nfrom fainting!
2	14	6	It's super effective on\n{00}!
2	14	7	It's super effective on\nthe wild {00}!
2	14	8	It's super effective on\nthe foe's {00}!
2	14	9	It's super effective on\n{00} and {01}!
2	14	10	It's super effective on the wild\n{00} and {01}!
2	14	11	It's super effective on\nthe foe's {00} and {01}!
2	14	12	It's super effective on {00},\n{01}, and {02}!
2	14	13	It's super effective on the wild\n{00}, {01}, and {02}!
2	14	14	It's super effective on the foe's\n{00}, {01}, and {02}!
2	14	15	It's not very effective on {00}.
2	14	16	It's not very effective on\nthe wild {00}.
2	14	17	It's not very effective on\nthe foe's {00}.
2	14	18	It's not very effective on\n{00} or {01}.
2	14	19	It's not very effective on the wild\n{00} or {01}.
2	14	20	It's not very effective on the foe's\n{00} or {01}.
2	14	21	It's not very effective on {00},\n{01}, or {02}!
2	14	22	It's not very effective on the wild\n{00}, {01}, or {02}!
2	14	23	It's not very effective on the foe's\n{00}, {01}, or {02}!
2	14	24	But it failed to affect\n{00}!
2	14	25	But it failed to affect\nthe wild {00}!
2	14	26	But it failed to affect\nthe foe's {00}!
2	14	27	{00}'s Attack\nrose!
2	14	28	The wild {00}'s Attack\nrose!
2	14	29	The foe's {00}'s Attack\nrose!
2	14	30	{00}'s Defense\nrose!
2	14	31	The wild {00}'s Defense\nrose!
2	14	32	The foe's {00}'s Defense\nrose!
2	14	33	{00}'s Special Attack\nrose!
2	14	34	The wild {00}'s Special Attack\nrose!
2	14	35	The foe's {00}'s Special Attack\nrose!
2	14	36	{00}'s Special Defense\nrose!
2	14	37	The wild {00}'s Special Defense\nrose!
2	14	38	The foe's {00}'s Special Defense\nrose!
2	14	39	{00}'s Speed\nrose!
2	14	40	The wild {00}'s Speed\nrose!
2	14	41	The foe's {00}'s Speed\nrose!
2	14	42	{00}'s accuracy\nrose!
2	14	43	The wild {00}'s accuracy\nrose!
2	14	44	The foe's {00}'s accuracy\nrose!
2	14	45	{00}'s evasiveness\nrose!
2	14	46	The wild {00}'s evasiveness\nrose!
2	14	47	The foe's {00}'s evasiveness\nrose!
2	14	48	{00}'s Attack\nrose sharply!
2	14	49	The wild {00}'s Attack\nrose sharply!
2	14	50	The foe's {00}'s Attack\nrose sharply!
2	14	51	{00}'s Defense\nrose sharply!
2	14	52	The wild {00}'s Defense\nrose sharply!
2	14	53	The foe's {00}'s Defense\nrose sharply!
2	14	54	{00}'s Special Attack\nrose sharply!
2	14	55	The wild {00}'s Special Attack\nrose sharply!
2	14	56	The foe's {00}'s Special Attack\nrose sharply!
2	14	57	{00}'s Special Defense\nrose sharply!
2	14	58	The wild {00}'s Special Defense\nrose sharply!
2	14	59	The foe's {00}'s Special Defense\nrose sharply!
2	14	60	{00}'s Speed\nrose sharply!
2	14	61	The wild {00}'s Speed\nrose sharply!
2	14	62	The foe's {00}'s Speed\nrose sharply!
2	14	63	{00}'s accuracy\nrose sharply!
2	14	64	The wild {00}'s accuracy\nrose sharply!
2	14	65	The foe's {00}'s accuracy\nrose sharply!
2	14	66	{00}'s evasiveness\nrose sharply!
2	14	67	The wild {00}'s evasiveness\nrose sharply!
2	14	68	The foe's {00}'s evasiveness\nrose sharply!
2	14	69	{00}'s Attack\nrose drastically!
2	14	70	The wild {00}'s Attack\nrose drastically!
2	14	71	The foe's {00}'s Attack\nrose drastically!
2	14	72	{00}'s Defense\nrose drastically!
2	14	73	The wild {00}'s Defense\nrose drastically!
2	14	74	The foe's {00}'s Defense\nrose drastically!
2	14	75	{00}'s Special Attack\nrose drastically!
2	14	76	The wild {00}'s Special Attack\nrose drastically!
2	14	77	The foe's {00}'s Special Attack\nrose drastically!
2	14	78	{00}'s Special Defense\nrose drastically!
2	14	79	The wild {00}'s Special Defense\nrose drastically!
2	14	80	The foe's {00}'s Special Defense\nrose drastically!
2	14	81	{00}'s Speed\nrose drastically!
2	14	82	The wild {00}'s Speed\nrose drastically!
2	14	83	The foe's {00}'s Speed\nrose drastically!
2	14	84	{00}'s accuracy\nrose drastically!
2	14	85	The wild {00}'s accuracy\nrose drastically!
2	14	86	The foe's {00}'s accuracy\nrose drastically!
2	14	87	{00}'s evasiveness\nrose drastically!
2	14	88	The wild {00}'s evasiveness\nrose drastically!
2	14	89	The foe's {00}'s evasiveness\nrose drastically!
2	14	90	{00}'s Attack\nfell!
2	14	91	The wild {00}'s Attack\nfell!
2	14	92	The foe's {00}'s Attack\nfell!
2	14	93	{00}'s Defense\nfell!
2	14	94	The wild {00}'s Defense\nfell!
2	14	95	The foe's {00}'s Defense\nfell!
2	14	96	{00}'s Special Attack\nfell!
2	14	97	The wild {00}'s Special Attack\nfell!
2	14	98	The foe's {00}'s Special Attack\nfell!
2	14	99	{00}'s Special Defense\nfell!
2	14	100	The wild {00}'s Special Defense\nfell!
2	14	101	The foe's {00}'s Special Defense\nfell!
2	14	102	{00}'s Speed\nfell!
2	14	103	The wild {00}'s Speed\nfell!
2	14	104	The foe's {00}'s Speed\nfell!
2	14	105	{00}'s accuracy\nfell!
2	14	106	The wild {00}'s accuracy\nfell!
2	14	107	The foe's {00}'s accuracy\nfell!
2	14	108	{00}'s evasiveness\nfell!
2	14	109	The wild {00}'s evasiveness\nfell!
2	14	110	The foe's {00}'s evasiveness\nfell!
2	14	111	{00}'s Attack\nharshly fell!
2	14	112	The wild {00}'s Attack\nharshly fell!
2	14	113	The foe's {00}'s Attack\nharshly fell!
2	14	114	{00}'s Defense\nharshly fell!
2	14	115	The wild {00}'s Defense\nharshly fell!
2	14	116	The foe's {00}'s Defense\nharshly fell!
2	14	117	{00}'s Special Attack\nharshly fell!
2	14	118	The wild {00}'s Special Attack\nharshly fell!
2	14	119	The foe's {00}'s Special Attack\nharshly fell!
2	14	120	{00}'s Special Defense\nharshly fell!
2	14	121	The wild {00}'s Special Defense\nharshly fell!
2	14	122	The foe's {00}'s Special Defense\nharshly fell!
2	14	123	{00}'s Speed\nharshly fell!
2	14	124	The wild {00}'s Speed\nharshly fell!
2	14	125	The foe's {00}'s Speed\nharshly fell!
2	14	126	{00}'s accuracy\nharshly fell!
2	14	127	The wild {00}'s accuracy\nharshly fell!
2	14	128	The foe's {00}'s accuracy\nharshly fell!
2	14	129	{00}'s evasiveness\nharshly fell!
2	14	130	The wild {00}'s evasiveness\nharshly fell!
2	14	131	The foe's {00}'s evasiveness\nharshly fell!
2	14	132	{00}'s Attack\nseverely fell!
2	14	133	The wild {00}'s Attack\nseverely fell!
2	14	134	The foe's {00}'s Attack\nseverely fell!
2	14	135	{00}'s Defense\nseverely fell!
2	14	136	The wild {00}'s Defense\nseverely fell!
2	14	137	The foe's {00}'s Defense\nseverely fell!
2	14	138	{00}'s Special Attack\nseverely fell!
2	14	139	The wild {00}'s Special Attack\nseverely fell!
2	14	140	The foe's {00}'s Special Attack\nseverely fell!
2	14	141	{00}'s Special Defense\nseverely fell!
2	14	142	The wild {00}'s Special Defense\nseverely fell!
2	14	143	The foe's {00}'s Special Defense\nseverely fell!
2	14	144	{00}'s Speed\nseverely fell!
2	14	145	The wild {00}'s Speed\nseverely fell!
2	14	146	The foe's {00}'s Speed\nseverely fell!
2	14	147	{00}'s accuracy\nseverely fell!
2	14	148	The wild {00}'s accuracy\nseverely fell!
2	14	149	The foe's {00}'s accuracy\nseverely fell!
2	14	150	{00}'s evasiveness\nseverely fell!
2	14	151	The wild {00}'s evasiveness\nseverely fell!
2	14	152	The foe's {00}'s evasiveness\nseverely fell!
2	14	153	{00}'s Attack won't\ngo any higher!
2	14	154	The wild {00}'s Attack\nwon't go any higher!
2	14	155	The foe's {00}'s Attack\nwon't go any higher!
2	14	156	{00}'s Defense won't\ngo any higher!
2	14	157	The wild {00}'s Defense\nwon't go any higher!
2	14	158	The foe's {00}'s Defense\nwon't go any higher!
2	14	159	{00}'s Special Attack won't\ngo any higher!
2	14	160	The wild {00}'s Special Attack\nwon't go any higher!
2	14	161	The foe's {00}'s Special Attack\nwon't go any higher!
2	14	162	{00}'s Special Defense won't\ngo any higher!
2	14	163	The wild {00}'s Special Defense\nwon't go any higher!
2	14	164	The foe's {00}'s Special Defense\nwon't go any higher!
2	14	165	{00}'s Speed won't\ngo any higher!
2	14	166	The wild {00}'s Speed\nwon't go any higher!
2	14	167	The foe's {00}'s Speed\nwon't go any higher!
2	14	168	{00}'s accuracy won't\ngo any higher!
2	14	169	The wild {00}'s accuracy\nwon't go any higher!
2	14	170	The foe's {00}'s accuracy\nwon't go any higher!
2	14	171	{00}'s evasiveness won't\ngo any higher!
2	14	172	The wild {00}'s evasiveness\nwon't go any higher!
2	14	173	The foe's {00}'s evasiveness\nwon't go any higher!
2	14	174	{00}'s Attack won't\ngo any lower!
2	14	175	The wild {00}'s Attack\nwon't go any lower!
2	14	176	The foe's {00}'s Attack\nwon't go any lower!
2	14	177	{00}'s Defense won't\ngo any lower!
2	14	178	The wild {00}'s Defense\nwon't go any lower!
2	14	179	The foe's {00}'s Defense\nwon't go any lower!
2	14	180	{00}'s Special Attack won't\ngo any lower!
2	14	181	The wild {00}'s Special Attack\nwon't go any lower!
2	14	182	The foe's {00}'s Special Attack\nwon't go any lower!
2	14	183	{00}'s Special Defense won't\ngo any lower!
2	14	184	The wild {00}'s Special Defense\nwon't go any lower!
2	14	185	The foe's {00}'s Special Defense\nwon't go any lower!
2	14	186	{00}'s Speed won't\ngo any lower!
2	14	187	The wild {00}'s Speed\nwon't go any lower!
2	14	188	The foe's {00}'s Speed\nwon't go any lower!
2	14	189	{00}'s accuracy won't\ngo any lower!
2	14	190	The wild {00}'s accuracy\nwon't go any lower!
2	14	191	The foe's {00}'s accuracy\nwon't go any lower!
2	14	192	{00}'s evasiveness won't\ngo any lower!
2	14	193	The wild {00}'s evasiveness\nwon't go any lower!
2	14	194	The foe's {00}'s evasiveness\nwon't go any lower!
2	14	195	{00}'s stat changes\nwere removed!
2	14	196	The wild {00}'s stat changes\nwere removed!
2	14	197	The foe's {00}'s stat changes\nwere removed!
2	14	198	{00}'s stats\nwere not lowered!
2	14	199	The wild {00}'s stats\nwere not lowered!
2	14	200	The foe's {00}'s stats\nwere not lowered!
2	14	201	{00}'s Attack\nwas not lowered!
2	14	202	The wild {00}'s Attack\nwas not lowered!
2	14	203	The foe's {00}'s Attack\nwas not lowered!
2	14	204	{00}'s Defense\nwas not lowered!
2	14	205	The wild {00}'s Defense\nwas not lowered!
2	14	206	The foe's {00}'s Defense\nwas not lowered!
2	14	207	{00}'s accuracy\nwas not lowered!
2	14	208	The wild {00}'s accuracy\nwas not lowered!
2	14	209	The foe's {00}'s accuracy\nwas not lowered!
2	14	210	It doesn't affect\n{00}...
2	14	211	It doesn't affect\nthe wild {00}...
2	14	212	It doesn't affect\nthe foe's {00}...
2	14	213	{00} avoided\nthe attack!
2	14	214	The wild {00} avoided\nthe attack!
2	14	215	The foe's {00} avoided\nthe attack!
2	14	216	{00} is\nunaffected!
2	14	217	The wild {00} is\nunaffected!
2	14	218	The foe's {00} is\nunaffected!
2	14	219	The {01} weakened the damage\nto {00}!
2	14	220	The {01} weakened the damage\nto the wild {00}!
2	14	221	The {01} weakened the damage\nto the foe's {00}!
2	14	222	{00} transformed!
2	14	223	The wild {00}\ntransformed!
2	14	224	The foe's {00}\ntransformed!
2	14	225	{00} dropped\nits {01}!
2	14	226	The wild {00} dropped\nits {01}!
2	14	227	The foe's {00} dropped\nits {01}!
2	14	228	{00}'s status\nwas restored!
2	14	229	The wild {00}'s status\nwas restored!
2	14	230	The foe's {00}'s status\nwas restored!
2	14	231	{00} moved\nto the center!
2	14	232	The wild {00} moved\nto the center!
2	14	233	The foe's {00} moved\nto the center!
2	14	234	{00}\nwas poisoned!
2	14	235	The wild {00}\nwas poisoned!
2	14	236	The foe's {00}\nwas poisoned!
2	14	237	{00} was badly\npoisoned!
2	14	238	The wild {00} was badly\npoisoned!
2	14	239	The foe's {00} was badly\npoisoned!
2	14	240	{00} was badly\npoisoned by the {01}!
2	14	241	The wild {00} was badly\npoisoned by the {01}!
2	14	242	The foe's {00} was badly\npoisoned by the {01}!
2	14	243	{00} was hurt\nby poison!
2	14	244	The wild {00} was hurt\nby poison!
2	14	245	The foe's {00} was hurt\nby poison!
2	14	246	{00} was cured of its\npoisoning.
2	14	247	{00} was cured of its\npoisoning.
2	14	248	{00} was cured of its\npoisoning.
2	14	249	{00} is already\npoisoned.
2	14	250	The wild {00} is already\npoisoned.
2	14	251	The foe's {00} is already\npoisoned.
2	14	252	{00} cannot\nbe poisoned!
2	14	253	The wild {00} cannot\nbe poisoned!
2	14	254	The foe's {00} cannot\nbe poisoned!
2	14	255	{00} was burned!
2	14	256	The wild {00}\nwas burned!
2	14	257	The foe's {00}\nwas burned!
2	14	258	{00} was burned by {01}!
2	14	259	The wild {00}\nwas burned by {01}!
2	14	260	The foe's {00}\nwas burned by {01}!
2	14	261	{00} was hurt\nby its burn!
2	14	262	The wild {00} was hurt\nby its burn!
2	14	263	The foe's {00} was hurt\nby its burn!
2	14	264	{00}'s burn was healed.
2	14	265	The wild {00} healed its burn!
2	14	266	The foe's {00} healed its burn!
2	14	267	{00} already\nhas a burn.
2	14	268	The wild {00} already\nhas a burn.
2	14	269	The foe's {00} already\nhas a burn.
2	14	270	{00} cannot\nbe burned!
2	14	271	The wild {00} cannot\nbe burned!
2	14	272	The foe's {00} cannot\nbe burned!
2	14	273	{00} is paralyzed!\nIt may be unable to move!
2	14	274	The wild {00} is paralyzed!\nIt may be unable to move!
2	14	275	The foe's {00} is paralyzed!\nIt may be unable to move!
2	14	276	{00} is paralyzed!\nIt can't move!
2	14	277	The wild {00} is paralyzed!\nIt can't move!
2	14	278	The foe's {00} is paralyzed!\nIt can't move!
2	14	279	{00} was cured of\nparalysis.
2	14	280	The wild {00} was cured of\nparalysis.
2	14	281	The foe's {00} was cured of\nparalysis.
2	14	282	{00} is\nalready paralyzed!
2	14	283	The wild {00} is\nalready paralyzed!
2	14	284	The foe's {00} is\nalready paralyzed!
2	14	285	{00} cannot\nbe paralyzed!
2	14	286	The wild {00} cannot\nbe paralyzed!
2	14	287	The foe's {00} cannot\nbe paralyzed!
2	14	288	{00} was\nfrozen solid!
2	14	289	The wild {00} was\nfrozen solid!
2	14	290	The foe's {00} was\nfrozen solid!
2	14	291	{00} is\nfrozen solid!
2	14	292	The wild {00} is\nfrozen solid!
2	14	293	The foe's {00} is\nfrozen solid!
2	14	294	{00} thawed out!
2	14	295	The wild {00} thawed out!
2	14	296	The foe's {00} thawed out!
2	14	297	{00} is\nalready frozen solid!
2	14	298	The wild {00} is\nalready frozen solid!
2	14	299	The foe's {00} is\nalready frozen solid!
2	14	300	{00} cannot be\nfrozen solid!
2	14	301	The wild {00} cannot be\nfrozen solid!
2	14	302	The foe's {00} cannot be\nfrozen solid!
2	14	303	{00}'s {01}\nmelted the ice!
2	14	304	The wild {00}'s {01}\nmelted the ice!
2	14	305	The foe's {00}'s {01}\nmelted the ice!
2	14	306	{00}\nfell asleep!
2	14	307	The wild {00}\nfell asleep!
2	14	308	The foe's {00}\nfell asleep!
2	14	309	{00} is fast\nasleep.
2	14	310	The wild {00} is fast\nasleep.
2	14	311	The foe's {00} is fast\nasleep.
2	14	312	{00} woke up!
2	14	313	The wild {00}\nwoke up!
2	14	314	The foe's {00}\nwoke up!
2	14	315	{00} is\nalready asleep!
2	14	316	The wild {00} is\nalready asleep!
2	14	317	The foe's {00} is\nalready asleep!
2	14	318	{00} stays awake!
2	14	319	The wild {00} stays awake!
2	14	320	The foe's {00} stays awake!
2	14	321	{00} began having\na nightmare!
2	14	322	The wild {00} began\nhaving a nightmare!
2	14	323	The foe's {00} began\nhaving a nightmare!
2	14	324	{00} is locked\nin a nightmare!
2	14	325	The wild {00} is locked\nin a nightmare!
2	14	326	The foe's {00} is locked\nin a nightmare!
2	14	327	{00}\nfell in love!
2	14	328	The wild {00}\nfell in love!
2	14	329	The foe's {00}\nfell in love!
2	14	330	{00}\nfell in love from the {01}!
2	14	331	The wild {00}\nfell in love from the {01}!
2	14	332	The foe's {00}\nfell in love from the {01}!
2	14	333	{00} is in love\nwith {01}!
2	14	334	The wild {00} is in love\nwith {01}!
2	14	335	The foe's {00} is in love\nwith {01}!
2	14	336	{00} is\nimmobilized by love!
2	14	337	The wild {00} is\nimmobilized by love!
2	14	338	The foe's {00} is\nimmobilized by love!
2	14	339	{00} got over its\ninfatuation.
2	14	340	The wild {00} got over its\ninfatuation.
2	14	341	The foe's {00} got over its\ninfatuation.
2	14	342	{00}'s status\nis returned to normal!
2	14	343	The wild {00}'s status\nis returned to normal!
2	14	344	The foe's {00}'s status\nis returned to normal!
2	14	345	{00} became\nconfused!
2	14	346	The wild {00} became\nconfused!
2	14	347	The foe's {00} became\nconfused!
2	14	348	{00} is\nconfused!
2	14	349	The wild {00} is\nconfused!
2	14	350	The foe's {00} is\nconfused!
2	14	351	{00} snapped out of its\nconfusion.
2	14	352	The wild {00} snapped\nout of confusion!
2	14	353	The foe's {00} snapped\nout of confusion!
2	14	354	{00} is\nalready confused!
2	14	355	The wild {00} is\nalready confused!
2	14	356	The foe's {00} is\nalready confused!
2	14	357	{00} doesn't\nbecome confused!
2	14	358	The wild {00} doesn't\nbecome confused!
2	14	359	The foe's {00} doesn't\nbecome confused!
2	14	360	{00} became\nconfused due to fatigue!
2	14	361	The wild {00} became\nconfused due to fatigue!
2	14	362	The foe's {00} became\nconfused due to fatigue!
2	14	363	{00} flinched\nand couldn't move!
2	14	364	The wild {00} flinched\nand couldn't move!
2	14	365	The foe's {00} flinched\nand couldn't move!
2	14	366	{00} lost its\nfocus and couldn't move!
2	14	367	The wild {00} lost its\nfocus and couldn't move!
2	14	368	The foe's {00} lost its\nfocus and couldn't move!
2	14	369	{00} was identified!
2	14	370	The wild {00} was identified!
2	14	371	The foe's {00} was identified!
2	14	372	{00} is hurt\nby {01}!
2	14	373	The wild {00} is hurt\nby {01}!
2	14	374	The foe's {00} is hurt\nby {01}!
2	14	375	{00} was freed\nfrom {01}!
2	14	376	The wild {00} was freed\nfrom {01}!
2	14	377	The foe's {00} was freed\nfrom {01}!
2	14	378	{00} is damaged\nby recoil!
2	14	379	The wild {00} is damaged\nby recoil!
2	14	380	The foe's {00} is damaged\nby recoil!
2	14	381	It traced\n{00}'s {01}!
2	14	382	It traced the wild\n{00}'s {01}!
2	14	383	It traced the foe's\n{00}'s {01}!
2	14	384	A critical hit on {00}!
2	14	385	A critical hit on the wild {00}!
2	14	386	A critical hit on the foe's {00}!
2	14	387	{00}'s HP was restored.
2	14	388	The wild {00} had its HP restored.
2	14	389	The foe's {00} had its HP restored.
2	14	390	{00} restored\n{01}'s PP!
2	14	391	The wild {00} restored\n{01}'s PP!
2	14	392	The foe's {00} restored\n{01}'s PP!
2	14	393	{00} restored all its\nmoves' PP!
2	14	394	The wild {00} restored all its\nmoves' PP!
2	14	395	The foe's {00} restored all its\nmoves' PP!
2	14	396	{00} is buffeted\nby the sandstorm!
2	14	397	The wild {00} is buffeted\nby the sandstorm!
2	14	398	The foe's {00} is buffeted\nby the sandstorm!
2	14	399	{00} is buffeted\nby the hail!
2	14	400	The wild {00} is buffeted\nby the hail!
2	14	401	The foe's {00} is buffeted\nby the hail!
2	14	402	{00}\nis hurt!
2	14	403	The wild {00}\nis hurt!
2	14	404	The foe's {00}\nis hurt!
2	14	405	{00} acquired\n{01}!
2	14	406	The wild {00} acquired\n{01}!
2	14	407	The foe's {00} acquired\n{01}!
2	14	408	{00} floats in the air\nwith its Air Balloon!
2	14	409	The wild {00} floats in the air\nwith its Air Balloon!
2	14	410	The foe's {00} floats in the air\nwith its Air Balloon!
2	14	411	{00}'s Air Balloon\npopped!
2	14	412	The wild {00}'s Air Balloon\npopped!
2	14	413	The foe's {00}'s Air Balloon\npopped!
2	14	414	{00} is switched out\nwith the Eject Button!
2	14	415	The wild {00} is switched out\nwith the Eject Button!
2	14	416	The foe's {00} is switched out\nwith the Eject Button!
2	14	417	{00} held up its Red Card\nagainst {01}!
2	14	418	{00} held up its Red Card\nagainst the wild {01}!
2	14	419	{00} held up its Red Card\nagainst the foe's {01}!
2	14	420	The wild {00} held up its Red Card\nagainst {01}!
2	14	421	The wild {00} held up its Red Card\nagainst the wild {01}!
2	14	422	The foe's {00} held up its Red Card\nagainst {01}!
2	14	423	The foe's {00} held up its Red Card\nagainst the foe's {01}!
2	14	424	{00} was hurt\nby the Rocky Helmet!
2	14	425	The wild {00} was hurt\nby the Rocky Helmet!
2	14	426	The foe's {00} was hurt\nby the Rocky Helmet!
2	14	427	The power of {00}'s\nFire-type moves rose!
2	14	428	The power of the wild {00}'s\nFire-type moves rose!
2	14	429	The power of the foe's {00}'s\nFire-type moves rose!
2	14	430	{00}\nwas hurt!
2	14	431	The wild {00}\nwas hurt!
2	14	432	The foe's {00}\nwas hurt!
2	14	433	It was alerted to {00}'s\n{01}!
2	14	434	It was alerted to the wild {00}'s\n{01}!
2	14	435	It was alerted to the foe's {00}'s\n{01}!
2	14	436	{00}\nshuddered!
2	14	437	The wild {00}\nshuddered!
2	14	438	The foe's {00}\nshuddered!
2	14	439	{00} frisked its\ntarget and found one {01}!
2	14	440	The wild {00} frisked its\ntarget and found one {01}!
2	14	441	The foe's {00} frisked its\ntarget and found one {01}!
2	14	442	{00}\nbreaks the mold!
2	14	443	The wild {00}\nbreaks the mold!
2	14	444	The foe's {00}\nbreaks the mold!
2	14	445	{00} is\nloafing around!
2	14	446	The wild {00} is\nloafing around!
2	14	447	The foe's {00} is\nloafing around!
2	14	448	{00}\ntook the attack!
2	14	449	The wild {00}\ntook the attack!
2	14	450	The foe's {00}\ntook the attack!
2	14	451	{00} stays awake!
2	14	452	The wild {00} stays awake!
2	14	453	The foe's {00} stays awake!
2	14	454	{00} anchors itself!
2	14	455	The wild {00} anchors itself!
2	14	456	The foe's {00} anchors itself!
2	14	457	{00} sucked up the\nliquid ooze!
2	14	458	The wild {00} sucked up the\nliquid ooze!
2	14	459	The foe's {00} sucked up the\nliquid ooze!
2	14	460	It stole\n{00}'s {01}!
2	14	461	It stole\nthe wild {00}'s {01}!
2	14	462	It stole\nthe foe's {00}'s {01}!
2	14	463	{00}'s Ability\nbecame Mummy!
2	14	464	The wild {00}'s Ability\nbecame Mummy!
2	14	465	The foe's {00}'s Ability\nbecame Mummy!
2	14	466	It bounced back\n{00}'s {01}!
2	14	467	It bounced back\nthe wild {00}'s {01}!
2	14	468	It bounced back\nthe foe's {00}'s {01}!
2	14	469	{00} avoids attacks\nby its ally Pokémon!
2	14	470	The wild {00} avoids attacks\nby its ally Pokémon!
2	14	471	The foe's {00} avoids attacks\nby its ally Pokémon!
2	14	472	It poisoned {00}!
2	14	473	It poisoned the wild {00}!
2	14	474	It poisoned the foe's {00}!
2	14	475	{00} harvested\none {01}!
2	14	476	The wild {00} harvested\none {01}!
2	14	477	The foe's {00} harvested\none {01}!
2	14	478	{00}'s\nillusion wore off!
2	14	479	The wild {00}'s\nillusion wore off!
2	14	480	The foe's {00}'s\nillusion wore off!
2	14	481	{00}\nmaxed its Attack!
2	14	482	The wild {00}\nmaxed its Attack!
2	14	483	The foe's {00}\nmaxed its Attack!
2	14	484	{00}\nis tormented!
2	14	485	The wild {00}\nis tormented!
2	14	486	The foe's {00}\nis tormented!
2	14	487	{00} is exerting\nits pressure!
2	14	488	The wild {00} is exerting\nits pressure!
2	14	489	The foe's {00} is exerting\nits pressure!
2	14	490	{00} found\none {01}!
2	14	491	The wild {00} found\none {01}!
2	14	492	The foe's {00} found\none {01}!
2	14	493	{00}'s item\ncannot be stolen!
2	14	494	The wild {00}'s item\ncannot be stolen!
2	14	495	The foe's {00}'s item\ncannot be stolen!
2	14	496	{00}\ncan't get it going!
2	14	497	The wild {00}\ncan't get it going!
2	14	498	The foe's {00}\ncan't get it going!
2	14	499	{00} finally got\nits act together!
2	14	500	The wild {00} finally got\nits act together!
2	14	501	The foe's {00} finally got\nits act together!
2	14	502	{00} is radiating\na bursting aura!
2	14	503	The wild {00} is radiating\na bursting aura!
2	14	504	The foe's {00} is radiating\na bursting aura!
2	14	505	{00} is radiating\na blazing aura!
2	14	506	The wild {00} is radiating\na blazing aura!
2	14	507	The foe's {00} is radiating\na blazing aura!
2	14	508	{00} swapped\nAbilities with its target!
2	14	509	The wild {00} swapped\nAbilities with its target!
2	14	510	The foe's {00} swapped\nAbilities with its target!
2	14	511	{00} braced\nitself!
2	14	512	The wild {00} braced\nitself!
2	14	513	The foe's {00} braced\nitself!
2	14	514	{00} endured\nthe hit!
2	14	515	The wild {00} endured\nthe hit!
2	14	516	The foe's {00} endured\nthe hit!
2	14	517	{00} protected\nitself!
2	14	518	The wild {00} protected\nitself!
2	14	519	The foe's {00} protected\nitself!
2	14	520	It broke through\n{00}'s protection!
2	14	521	It broke through the wild\n{00}'s protection!
2	14	522	It broke through the foe's\n{00}'s protection!
2	14	523	{00}\nprotected itself!
2	14	524	The wild {00}\nprotected itself!
2	14	525	The foe's {00}\nprotected itself!
2	14	526	{00} fell for\nthe feint!
2	14	527	The wild {00} fell for\nthe feint!
2	14	528	The foe's {00} fell for\nthe feint!
2	14	529	{00} flew\nup high!
2	14	530	The wild {00} flew\nup high!
2	14	531	The foe's {00} flew\nup high!
2	14	532	{00}'s rage\nis building!
2	14	533	The wild {00}'s rage\nis building!
2	14	534	The foe's {00}'s rage\nis building!
2	14	535	{00} hid\nunderwater!
2	14	536	The wild {00} hid\nunderwater!
2	14	537	The foe's {00} hid\nunderwater!
2	14	538	{00} burrowed\nits way under the ground!
2	14	539	The wild {00} burrowed\nits way under the ground!
2	14	540	The foe's {00} burrowed\nits way under the ground!
2	14	541	{00} vanished\ninstantly!
2	14	542	The wild {00} vanished\ninstantly!
2	14	543	The foe's {00} vanished\ninstantly!
2	14	544	{00} sprang up!
2	14	545	The wild {00} sprang up!
2	14	546	The foe's {00} sprang up!
2	14	547	{00} whipped\nup a whirlwind!
2	14	548	The wild {00} whipped\nup a whirlwind!
2	14	549	The foe's {00} whipped\nup a whirlwind!
2	14	550	{00} became\ncloaked in a harsh light!
2	14	551	The wild {00} became\ncloaked in a harsh light!
2	14	552	The foe's {00} became\ncloaked in a harsh light!
2	14	553	{00} absorbed\nlight!
2	14	554	The wild {00} absorbed\nlight!
2	14	555	The foe's {00} absorbed\nlight!
2	14	556	{00} tucked in\nits head!
2	14	557	The wild {00} tucked in\nits head!
2	14	558	The foe's {00} tucked in\nits head!
2	14	559	{00} received\nan encore!
2	14	560	The wild {00} received\nan encore!
2	14	561	The foe's {00} received\nan encore!
2	14	562	{00}'s encore\nended!
2	14	563	The wild {00}'s encore\nended!
2	14	564	The foe's {00}'s encore\nended!
2	14	565	{00}'s Ability\nwas suppressed!
2	14	566	The wild {00}'s Ability\nwas suppressed!
2	14	567	The foe's {00}'s Ability\nwas suppressed!
2	14	568	{00} fell for\nthe taunt!
2	14	569	The wild {00} fell for\nthe taunt!
2	14	570	The foe's {00} fell for\nthe taunt!
2	14	571	{00} can't use\n{01} after the taunt!
2	14	572	The wild {00} can't use\n{01} after the taunt!
2	14	573	The foe's {00} can't use\n{01} after the taunt!
2	14	574	{00}'s taunt\nwore off!
2	14	575	The wild {00}'s taunt\nwore off!
2	14	576	The foe's {00}'s taunt\nwore off!
2	14	577	{00} was subjected\nto torment!
2	14	578	The wild {00} was subjected\nto torment!
2	14	579	The foe's {00} was subjected\nto torment!
2	14	580	{00} can't use the same move\ntwice in a row due to the torment!
2	14	581	The wild {00} can't use the same move\ntwice in a row due to the torment!
2	14	582	The foe's {00} can't use the\nsame move twice in a row due to the torment!
2	14	583	{00}'s torment\nwore off!
2	14	584	The wild {00}'s torment\nwore off!
2	14	585	The foe's {00}'s torment\nwore off!
2	14	586	{00} sealed the\nopponent's move(s)!
2	14	587	The wild {00} sealed the\nopponent's move(s)!
2	14	588	The foe's {00} sealed the\nopponent's move(s)!
2	14	589	{00} can't use\nthe sealed {01}!
2	14	590	The wild {00} can't use\nthe sealed {01}!
2	14	591	The foe's {00} can't use\nthe sealed {01}!
2	14	592	{00}'s {01}\nwas disabled!
2	14	593	The wild {00}'s\n{01} was disabled!
2	14	594	The foe's {00}'s\n{01} was disabled!
2	14	595	{00}'s {01}\nis disabled!
2	14	596	The wild {00}'s\n{01} is disabled!
2	14	597	The foe's {00}'s\n{01} is disabled!
2	14	598	{00} is no\nlonger disabled!
2	14	599	The wild {00} is no\nlonger disabled!
2	14	600	The foe's {00} is no\nlonger disabled!
2	14	601	{00} surrounded\nitself with a veil of water!
2	14	602	The wild {00} surrounded\nitself with a veil of water!
2	14	603	The foe's {00} surrounded\nitself with a veil of water!
2	14	604	Aqua Ring restored\n{00}'s HP!
2	14	605	Aqua Ring restored\nthe wild {00}'s HP!
2	14	606	Aqua Ring restored\nthe foe's {00}'s HP!
2	14	607	{00} was seeded!
2	14	608	The wild {00}\nwas seeded!
2	14	609	The foe's {00}\nwas seeded!
2	14	610	{00}'s health is\nsapped by Leech Seed!
2	14	611	The wild {00}'s health is\nsapped by Leech Seed!
2	14	612	The foe's {00}'s health is\nsapped by Leech Seed!
2	14	613	{00} cut its own HP\nand maximized its Attack!
2	14	614	The wild {00} cut its own HP\nand maximized its Attack!
2	14	615	The foe's {00} cut its own HP\nand maximized its Attack!
2	14	616	{00} is tightening\nits focus!
2	14	617	The wild {00} is tightening\nits focus!
2	14	618	The foe's {00} is tightening\nits focus!
2	14	619	{00} copied\n{01}'s {02}!
2	14	620	{00} copied the wild\n{01}'s {02}!
2	14	621	{00} copied the foe's\n{01}'s {02}!
2	14	622	The wild {00} copied\n{01}'s {02}!
2	14	623	The wild {00} copied the wild\n{01}'s {02}!
2	14	624	The foe's {00} copied\n{01}'s {02}!
2	14	625	The foe's {00} copied the\nfoe's {01}'s {02}!
2	14	626	{00} is trying\nto take its foe down with it!
2	14	627	The wild {00} is trying\nto take its foe down with it!
2	14	628	The foe's {00} is trying\nto take its foe down with it!
2	14	629	{00} took its attacker\ndown with it!
2	14	630	The wild {00} took its attacker\ndown with it!
2	14	631	The foe's {00} took its attacker\ndown with it!
2	14	632	{00} wants its target\nto bear a grudge!
2	14	633	The wild {00} wants its target\nto bear a grudge!
2	14	634	The foe's {00} wants its target\nto bear a grudge!
2	14	635	{00}'s\n{01} lost all its PP\n\ndue to the grudge!
2	14	636	The wild {00}'s\n{01} lost all its PP\n\ndue to the grudge!
2	14	637	The foe's {00}'s\n{01} lost all its PP\n\ndue to the grudge!
2	14	638	{00} slept and\nbecame healthy!
2	14	639	The wild {00} slept and\nbecame healthy!
2	14	640	The foe's {00} slept and\nbecame healthy!
2	14	641	It reduced the PP of {00}'s\n{01} by {02}!
2	14	642	It reduced the PP of the wild\n{00}'s {01} by {02}!
2	14	643	It reduced the PP of the foe's\n{00}'s {01} by {02}!
2	14	644	{00} transformed\ninto {01}!
2	14	645	{00} transformed\ninto the wild {01}!
2	14	646	{00} transformed\ninto the foe's {01}!
2	14	647	The wild {00} transformed\ninto {01}!
2	14	648	The wild {00} transformed\ninto the wild {01}!
2	14	649	The foe's {00} transformed\ninto {01}!
2	14	650	The foe's {00} transformed\ninto the foe's {01}!
2	14	651	{00} took aim at\n{01}!
2	14	652	{00} took aim at\nthe wild {01}!
2	14	653	{00} took aim at\nthe foe's {01}!
2	14	654	The wild {00} took aim at\n{01}!
2	14	655	The wild {00} took aim at\nthe wild {01}!
2	14	656	The foe's {00} took aim at\n{01}!
2	14	657	The foe's {00} took aim at\nthe foe's {01}!
2	14	658	{00} levitated\nwith electromagnetism!
2	14	659	The wild {00} levitated\nwith electromagnetism!
2	14	660	The foe's {00} levitated\nwith electromagnetism!
2	14	661	{00}'s\nelectromagnetism wore off!
2	14	662	The wild {00}'s\nelectromagnetism wore off!
2	14	663	The electromagnetism of the foe's\n{00} wore off!
2	14	664	{00} began\ncharging power!
2	14	665	The wild {00} began\ncharging power!
2	14	666	The foe's {00} began\ncharging power!
2	14	667	{00} grew drowsy!
2	14	668	The wild {00} grew drowsy!
2	14	669	The foe's {00} grew drowsy!
2	14	670	{00} became\nthe center of attention!
2	14	671	The wild {00} became\nthe center of attention!
2	14	672	The foe's {00} became\nthe center of attention!
2	14	673	{00} switched stat\nchanges with the target!
2	14	674	The wild {00} switched stat\nchanges with the target!
2	14	675	The foe's {00} switched stat\nchanges with the target!
2	14	676	{00} switched all\nchanges to its Attack and Sp. Atk\n\nwith the target!
2	14	677	The wild {00} switched all\nchanges to its Attack and Sp. Atk\n\nwith the target!
2	14	678	The foe's {00} switched all\nchanges to its Attack and Sp. Atk\n\nwith the target!
2	14	679	{00} switched all\nchanges to its Defense and Sp. Def\n\nwith the target!
2	14	680	The wild {00} switched all\nchanges to its Defense and Sp. Def\n\nwith the target!
2	14	681	The foe's {00} switched all\nchanges to its Defense and Sp. Def\n\nwith the target!
2	14	682	{00} switched\nitems with its target!
2	14	683	The wild {00} switched\nitems with its target!
2	14	684	The foe's {00} switched\nitems with its target!
2	14	685	{00} obtained\none {01}.
2	14	686	The wild {00} obtained\none {01}.
2	14	687	The foe's {00} obtained\none {01}.
2	14	688	{00} learned\n{01}!
2	14	689	The wild {00} learned\n{01}!
2	14	690	The foe's {00} learned\n{01}!
2	14	691	{00} sketched\n{01}!
2	14	692	The wild {00} sketched\n{01}!
2	14	693	The foe's {00} sketched\n{01}!
2	14	694	{00} became cloaked\nin mystical moonlight!
2	14	695	The wild {00} became cloaked\nin mystical moonlight!
2	14	696	The foe's {00} became cloaked\nin mystical moonlight!
2	14	697	The healing wish came true\nfor {00}!
2	14	698	The healing wish came true\nfor the wild {00}!
2	14	699	The healing wish came true\nfor the foe's {00}!
2	14	700	{00}'s wish\ncame true!
2	14	701	The wild {00}'s wish\ncame true!
2	14	702	The foe's {00}'s wish\ncame true!
2	14	703	{00} caused\nan uproar!
2	14	704	The wild {00} caused\nan uproar!
2	14	705	The foe's {00} caused\nan uproar!
2	14	706	The uproar woke up\nthe {00}!
2	14	707	The uproar woke up the\nwild {00}!
2	14	708	The uproar woke up the\nfoe's {00}!
2	14	709	But the uproar kept\n{00} awake!
2	14	710	But the uproar kept\nthe wild {00} awake!
2	14	711	But the uproar kept\nthe foe's {00} awake!
2	14	712	But {00} can't\nsleep in an uproar!
2	14	713	But the wild {00} can't\nsleep in an uproar!
2	14	714	But the foe's {00} can't\nsleep in an uproar!
2	14	715	{00} is making\nan uproar!
2	14	716	The wild {00} is making\nan uproar!
2	14	717	The foe's {00} is making\nan uproar!
2	14	718	{00}\ncalmed down.
2	14	719	The wild {00}\ncalmed down.
2	14	720	The foe's {00}\ncalmed down.
2	14	721	{00} stockpiled {01}!
2	14	722	The wild {00} stockpiled {01}!
2	14	723	The foe's {00} stockpiled {01}!
2	14	724	{00}'s stockpiled\neffect wore off!
2	14	725	The wild {00}'s stockpiled\neffect wore off!
2	14	726	The foe's {00}'s stockpiled\neffect wore off!
2	14	727	{00} can't use\nitems anymore!
2	14	728	The wild {00} can't use\nitems anymore!
2	14	729	The foe's {00} can't use\nitems anymore!
2	14	730	{00} can use\nitems again!
2	14	731	The wild {00} can use\nitems again!
2	14	732	The foe's {00} can use\nitems again!
2	14	733	{00} found\none {01}!
2	14	734	The wild {00} found\none {01}!
2	14	735	The foe's {00} found\none {01}!
2	14	736	{00} planted its roots!
2	14	737	The wild {00} planted\nits roots!
2	14	738	The foe's {00} planted\nits roots!
2	14	739	{00} absorbed\nnutrients with its roots!
2	14	740	The wild {00} absorbed\nnutrients with its roots!
2	14	741	The foe's {00} absorbed\nnutrients with its roots!
2	14	742	{00} anchored\nitself with its roots!
2	14	743	The wild {00} anchored\nitself with its roots!
2	14	744	The foe's {00} anchored\nitself with its roots!
2	14	745	{00} is storing\nenergy!
2	14	746	The wild {00} is storing\nenergy!
2	14	747	The foe's {00} is storing\nenergy!
2	14	748	{00} unleashed\nenergy!
2	14	749	The wild {00} unleashed\nenergy!
2	14	750	The foe's {00} unleashed\nenergy!
2	14	751	{00} waits for a target\nto make a move!
2	14	752	The wild {00} waits for\na target to make a move!
2	14	753	The foe's {00} waits for\na target to make a move!
2	14	754	{00} snatched\n{01}'s move!
2	14	755	{00} snatched the wild\n{01}'s move!
2	14	756	{00} snatched the foe's\n{01}'s move!
2	14	757	The wild {00} snatched\n{01}'s move!
2	14	758	The wild {00} snatched\nthe wild {01}'s move!
2	14	759	The foe's {00} snatched\n{01}'s move!
2	14	760	The foe's {00} snatched\nthe foe's {01}'s move!
2	14	761	{00} shrouded\nitself with Magic Coat!
2	14	762	The wild {00} shrouded\nitself with Magic Coat!
2	14	763	The foe's {00} shrouded\nitself with Magic Coat!
2	14	764	{00}\nbounced the {01} back!
2	14	765	The wild {00}\nbounced the {01} back!
2	14	766	The foe's {00}\nbounced the {01} back!
2	14	767	{00} fled\nfrom battle!
2	14	768	The wild {00} fled\nfrom battle!
2	14	769	The foe's {00} fled\nfrom battle!
2	14	770	{00} went back\nto {01}!
2	14	771	The wild {00} went back\nto {01}!
2	14	772	The foe's {00} went back\nto {01}!
2	14	773	{00} switched\nits Attack and Defense!
2	14	774	The wild {00} switched\nits Attack and Defense!
2	14	775	The foe's {00} switched\nits Attack and Defense!
2	14	776	{00} stole and\nate its target's {01}!
2	14	777	The wild {00} stole and\nate its target's {01}!
2	14	778	The foe's {00} stole and\nate its target's {01}!
2	14	779	{00} flung\nits {01}!
2	14	780	The wild {00} flung\nits {01}!
2	14	781	The foe's {00} flung\nits {01}!
2	14	782	{00} blew away\n{01}!
2	14	783	The wild {00} blew away\n{01}!
2	14	784	The foe's {00} blew away\n{01}!
2	14	785	{00} put in\na substitute!
2	14	786	The wild {00} put in\na substitute!
2	14	787	The foe's {00} put in\na substitute!
2	14	788	{00} already\nhas a substitute!
2	14	789	The wild {00} already\nhas a substitute!
2	14	790	The foe's {00} already\nhas a substitute!
2	14	791	The substitute took damage\nfor {00}!
2	14	792	The substitute took damage\nfor the wild {00}!
2	14	793	The substitute took damage\nfor the foe's {00}!
2	14	794	{00}'s\nsubstitute faded!
2	14	795	The wild {00}'s\nsubstitute faded!
2	14	796	The foe's {00}'s\nsubstitute faded!
2	14	797	Wide Guard protected\n{00}!
2	14	798	Wide Guard protected\nthe wild {00}!
2	14	799	Wide Guard protected\nthe foe's {00}!
2	14	800	Quick Guard protected\n{00}!
2	14	801	Quick Guard protected\nthe wild {00}!
2	14	802	Quick Guard protected\nthe foe's {00}!
2	14	803	{00} was squeezed\nby {01}!
2	14	804	{00} was squeezed\nby the wild {01}!
2	14	805	{00} was squeezed\nby the foe's {01}!
2	14	806	The wild {00} was squeezed\nby {01}!
2	14	807	The wild {00} was squeezed\nby the wild {01}!
2	14	808	The foe's {00} was squeezed\nby {01}!
2	14	809	The foe's {00} was squeezed\nby the foe's {01}!
2	14	810	{00} was wrapped by\n{01}!
2	14	811	{00} was wrapped\nby the wild {01}!
2	14	812	{00} was wrapped\nby the foe's {01}!
2	14	813	The wild {00} was wrapped by\n{01}!
2	14	814	The wild {00} was wrapped\nby the wild {01}!
2	14	815	The foe's {00} was wrapped\nby {01}!
2	14	816	The foe's {00} was wrapped\nby the foe's {01}!
2	14	817	{01} clamped\n{00}!
2	14	818	The wild {01} clamped\n{00}!
2	14	819	The foe's {01} clamped\n{00}!
2	14	820	{01} clamped\nthe wild {00}!
2	14	821	The wild {01} clamped\nthe wild {00}!
2	14	822	{01} clamped\nthe foe's {00}!
2	14	823	The foe's {01} clamped\nthe foe's {00}!
2	14	824	{00} became trapped\nin the vortex!
2	14	825	The wild {00} became trapped\nin the vortex!
2	14	826	The foe's {00} became trapped\nin the vortex!
2	14	827	{00} became trapped\nin the fiery vortex!
2	14	828	The wild {00} became trapped\nin the fiery vortex!
2	14	829	The foe's {00} became trapped\nin the fiery vortex!
2	14	830	{00} became\ntrapped by swirling magma!
2	14	831	The wild {00} became\ntrapped by swirling magma!
2	14	832	The foe's {00} became\ntrapped by swirling magma!
2	14	833	{00} became trapped\nby Sand Tomb!
2	14	834	The wild {00} became trapped\nby Sand Tomb!
2	14	835	The foe's {00} became trapped\nby Sand Tomb!
2	14	836	{00} has no\nmoves left!
2	14	837	The wild {00} has no\nmoves left!
2	14	838	The foe's {00} has no\nmoves left!
2	14	839	{00} is protected\nby Safeguard!
2	14	840	The wild {00} is protected\nby Safeguard!
2	14	841	The foe's {00} is protected\nby Safeguard!
2	14	842	{00} is protected\nby the mist!
2	14	843	The wild {00} is protected\nby the mist!
2	14	844	The foe's {00} is protected\nby the mist!
2	14	845	{00} was\ndragged out!
2	14	846	The wild {00} was\ndragged out!
2	14	847	The foe's {00} was\ndragged out!
2	14	848	{00} must\nrecharge!
2	14	849	The wild {00} must\nrecharge!
2	14	850	The foe's {00} must\nrecharge!
2	14	851	{00} is hurt\nby the spikes!
2	14	852	The wild {00} is hurt\nby the spikes!
2	14	853	The foe's {00} is hurt\nby the spikes!
2	14	854	Pointed stones dug into\n{00}!
2	14	855	Pointed stones dug into\nthe wild {00}!
2	14	856	Pointed stones dug into\nthe foe's {00}!
2	14	857	{00} twisted\nthe dimensions!
2	14	858	The wild {00} twisted\nthe dimensions!
2	14	859	The foe's {00} twisted\nthe dimensions!
2	14	860	{00}'s perish count\nfell to {01}!
2	14	861	The wild {00}'s perish count\nfell to {01}!
2	14	862	The foe's {00}'s perish count\nfell to {01}!
2	14	863	{00} became cloaked\nin a freezing light!
2	14	864	The wild {00} became cloaked\nin a freezing light!
2	14	865	The foe's {00} became cloaked\nin a freezing light!
2	14	866	{00} became cloaked\nin freezing air!
2	14	867	The wild {00} became cloaked\nin freezing air!
2	14	868	The foe's {00} became cloaked\nin freezing air!
2	14	869	{00} prevents\nescape with {01}!
2	14	870	The wild {00} prevents\nescape with {01}!
2	14	871	The foe's {00} prevents\nescape with {01}!
2	14	872	{00} can no\nlonger escape!
2	14	873	The wild {00} can no\nlonger escape!
2	14	874	The foe's {00} can no\nlonger escape!
2	14	875	{00}\ncan't escape!
2	14	876	The wild {00}\ncan't escape!
2	14	877	The foe's {00}\ncan't escape!
2	14	881	{00} was prevented\nfrom healing!
2	14	882	The wild {00} was prevented\nfrom healing!
2	14	883	The foe's {00} was prevented\nfrom healing!
2	14	884	{00}'s Heal Block\nwore off!
2	14	885	The wild {00}'s Heal Block\nwore off!
2	14	886	The foe's {00}'s Heal Block\nwore off!
2	14	887	{00} was prevented\nfrom healing due to Heal Block!
2	14	888	The wild {00} was prevented\nfrom healing due to Heal Block!
2	14	889	The foe's {00} was prevented\nfrom healing due to Heal Block!
2	14	890	{00} can't use\n{01} because of Heal Block!
2	14	891	The wild {00} can't use\n{01} because of Heal Block!
2	14	892	The foe's {00} can't use\n{01} because of Heal Block!
2	14	893	{00}'s\nHP is full!
2	14	894	The wild {00}'s\nHP is full!
2	14	895	The foe's {00}'s\nHP is full!
2	14	896	{00} transformed\ninto the {01} type!
2	14	897	The wild {00} transformed\ninto the {01} type!
2	14	898	The foe's {00} transformed\ninto the {01} type!
2	14	899	{00} had its\nenergy drained!
2	14	900	The wild {00} had its\nenergy drained!
2	14	901	The foe's {00} had its\nenergy drained!
2	14	902	{00} kept going\nand crashed!
2	14	903	The wild {00} kept going\nand crashed!
2	14	904	The foe's {00} kept going\nand crashed!
2	14	905	{00}\ncannot use {01}!
2	14	906	The wild {00}\ncannot use {01}!
2	14	907	The foe's {00}\ncannot use {01}!
2	14	908	{00} restored its\nhealth using its {01}!
2	14	909	The wild {00} restored its\nhealth using its {01}!
2	14	910	The foe's {00} restored its\nhealth using its {01}!
2	14	911	{00} restored\n{02}'s PP using its\n\n{01}!
2	14	912	The wild {00} restored\n{02}'s PP using its\n\n{01}!
2	14	913	The foe's {00} restored\n{02}'s PP using its\n\n{01}!
2	14	914	{00} restored\na little HP using its {01}!
2	14	915	The wild {00} restored\na little HP using its {01}!
2	14	916	The foe's {00} restored\na little HP using its {01}!
2	14	917	{00}'s {01}\ncured its poison!
2	14	918	The wild {00}'s\n{01} cured its poison!
2	14	919	The foe's {00}'s\n{01} cured its poison!
2	14	920	{00}'s {01}\ncured its paralysis!
2	14	921	The wild {00}'s\n{01} cured its paralysis!
2	14	922	The foe's {00}'s\n{01} cured its paralysis!
2	14	923	{00}'s {01}\nwoke it up!
2	14	924	The wild {00}'s {01}\nwoke it up!
2	14	925	The foe's {00}'s {01}\nwoke it up!
2	14	926	{00}'s {01}\ndefrosted it!
2	14	927	The wild {00}'s\n{01} defrosted it!
2	14	928	The foe's {00}'s\n{01} defrosted it!
2	14	929	{00}'s {01}\nhealed its burn!
2	14	930	The wild {00}'s\n{01} healed its burn!
2	14	931	The foe's {00}'s\n{01} healed its burn!
2	14	932	{00}'s {01}\nsnapped it out of its confusion!
2	14	933	The wild {00}'s\n{01} snapped it out of\n\nits confusion!
2	14	934	The foe's {00}'s\n{01} snapped it out of\n\nits confusion!
2	14	935	{00} cured its\ninfatuation status\n\nusing its {01}!
2	14	936	The wild {00} cured its\ninfatuation status\n\nusing its {01}!
2	14	937	The foe's {00} cured its\ninfatuation status\n\nusing its {01}!
2	14	938	The {01} raised\n{00}'s Attack!
2	14	939	The {01} raised\nthe wild {00}'s Attack!
2	14	940	The {01} raised\nthe foe's {00}'s Attack!
2	14	941	The {01} raised\n{00}'s Defense!
2	14	942	The {01} raised\nthe wild {00}'s Defense!
2	14	943	The {01} raised\nthe foe's {00}'s Defense!
2	14	944	The {01} raised\n{00}'s Special Attack!
2	14	945	The {01} raised\nthe wild {00}'s Special Attack!
2	14	946	The {01} raised\nthe foe's {00}'s Special Attack!
2	14	947	The {01} raised\n{00}'s Special Defense!
2	14	948	The {01} raised\nthe wild {00}'s Special Defense!
2	14	949	The {01} raised\nthe foe's {00}'s Special Defense!
2	14	950	The {01} raised\n{00}'s Speed!
2	14	951	The {01} raised\nthe wild {00}'s Speed!
2	14	952	The {01} raised\nthe foe's {00}'s Speed!
2	14	953	The {01} raised\n{00}'s accuracy!
2	14	954	The {01} raised\nthe wild {00}'s accuracy!
2	14	955	The {01} raised\nthe foe's {00}'s accuracy!
2	14	956	The {01} raised\n{00}'s evasiveness!
2	14	957	The {01} raised\nthe wild {00}'s evasiveness!
2	14	958	The {01} raised\nthe foe's {00}'s evasiveness!
2	14	959	The {01} sharply raised\n{00}'s Attack!
2	14	960	The {01} sharply raised\nthe wild {00}'s Attack!
2	14	961	The {01} sharply raised\nthe foe's {00}'s Attack!
2	14	962	The {01} sharply raised\n{00}'s Defense!
2	14	963	The {01} sharply raised\nthe wild {00}'s Defense!
2	14	964	The {01} sharply raised\nthe foe's {00}'s Defense!
2	14	965	The {01} sharply raised\n{00}'s Special Attack!
2	14	966	The {01} sharply raised\nthe wild {00}'s Special Attack!
2	14	967	The {01} sharply raised\nthe foe's {00}'s Special Attack!
2	14	968	The {01} sharply raised\n{00}'s Special Defense!
2	14	969	The {01} sharply raised\nthe wild {00}'s Special Defense!
2	14	970	The {01} sharply raised\nthe foe's {00}'s Special Defense!
2	14	971	The {01} sharply raised\n{00}'s Speed!
2	14	972	The {01} sharply raised\nthe wild {00}'s Speed!
2	14	973	The {01} sharply raised\nthe foe's {00}'s Speed!
2	14	974	The {01} sharply raised\n{00}'s accuracy!
2	14	975	The {01} sharply raised\nthe wild {00}'s accuracy!
2	14	976	The {01} sharply raised\nthe foe's {00}'s accuracy!
2	14	977	The {01} sharply raised\n{00}'s evasiveness!
2	14	978	The {01} sharply raised\nthe wild {00}'s evasiveness!
2	14	979	The {01} sharply raised\nthe foe's {00}'s evasiveness!
2	14	980	The {01} drastically raised\n{00}'s Attack!
2	14	981	The {01} drastically raised\nthe wild {00}'s Attack!
2	14	982	The {01} drastically raised\nthe foe's {00}'s Attack!
2	14	983	The {01} drastically raised\n{00}'s Defense!
2	14	984	The {01} drastically raised\nthe wild {00}'s Defense!
2	14	985	The {01} drastically raised\nthe foe's {00}'s Defense!
2	14	986	The {01} drastically raised\n{00}'s Special Attack!
2	14	987	The {01} drastically raised\nthe wild {00}'s Special Attack!
2	14	988	The {01} drastically raised\nthe foe's {00}'s Special Attack!
2	14	989	The {01} drastically raised\n{00}'s Special Defense!
2	14	990	The {01} drastically raised\nthe wild {00}'s Special Defense!
2	14	991	The {01} drastically raised\nthe foe's {00}'s Special Defense!
2	14	992	The {01} drastically raised\n{00}'s Speed!
2	14	993	The {01} drastically raised\nthe wild {00}'s Speed!
2	14	994	The {01} drastically raised\nthe foe's {00}'s Speed!
2	14	995	The {01} drastically raised\n{00}'s accuracy!
2	14	996	The {01} drastically raised\nthe wild {00}'s accuracy!
2	14	997	The {01} drastically raised\nthe foe's {00}'s accuracy!
2	14	998	The {01} drastically raised\n{00}'s evasiveness!
2	14	999	The {01} drastically raised\nthe wild {00}'s evasiveness!
2	14	1000	The {01} drastically raised\nthe foe's {00}'s evasiveness!
2	14	1001	{00} used\nthe {01} to get pumped!
2	14	1002	The wild {00} used\nthe {01} to get pumped!
2	14	1003	The foe's {00} used\nthe {01} to get pumped!
2	14	1004	{00} fled\nusing its {01}!
2	14	1005	The wild {00} fled\nusing its {01}!
2	14	1006	The foe's {00} fled\nusing its {01}!
2	14	1007	{00} hung on\nusing its {01}!
2	14	1008	The wild {00} hung on\nusing its {01}!
2	14	1009	The foe's {00} hung on\nusing its {01}!
2	14	1010	{00} restored its\nstatus using its {01}!
2	14	1011	The wild {00} restored its\nstatus using its {01}!
2	14	1012	The foe's {00} restored its\nstatus using its {01}!
2	14	1013	{00} lost\nsome of its HP!
2	14	1014	The wild {00} lost\nsome of its HP!
2	14	1015	The foe's {00} lost\nsome of its HP!
2	14	1016	...But {00}\nis not here!
2	14	1017	...But the wild {00}\nis not here!
2	14	1018	...But the foe's {00}\nis not here!
2	14	1019	...But {00} was not\nholding a usable item!
2	14	1020	...But the wild {00} was not\nholding a usable item!
2	14	1021	...But the foe's {00} was not\nholding a usable item!
2	14	1022	{00} became fully\ncharged due to its {01}!
2	14	1023	The wild {00} became fully\ncharged due to its {01}!
2	14	1024	The foe's {00} became fully\ncharged due to its {01}!
2	14	1025	{00}'s {01}\nlet it move first!
2	14	1026	The wild {00}'s\n{01} let it move first!
2	14	1027	The foe's {00}'s\n{01} let it move first!
2	14	1028	{00} boosted\nthe accuracy of its next move\n\nusing its {01}!
2	14	1029	The wild {00} boosted\nthe accuracy of its next move\n\nusing its {01}!
2	14	1030	The foe's {00} boosted\nthe accuracy of its next move\n\nusing its {01}!
2	14	1031	{00} is hurt by\n{01}'s {02}!
2	14	1032	{00} is hurt by the wild\n{01}'s {02}!
2	14	1033	{00} is hurt by the foe's\n{01}'s {02}!
2	14	1034	The wild {00} is hurt by\n{01}'s {02}!
2	14	1035	The wild {00} is hurt by\nthe wild {01}'s {02}!
2	14	1036	The foe's {00} is hurt by\n{01}'s {02}!
2	14	1037	The foe's {00} is hurt by\nthe foe's {01}'s {02}!
2	14	1038	{00} is hurt\nby its {01}!
2	14	1039	The wild {00} is hurt\nby its {01}!
2	14	1040	The foe's {00} is hurt\nby its {01}!
2	14	1041	{00} is getting\npumped!
2	14	1042	The wild {00} is getting\npumped!
2	14	1043	The foe's {00} is getting\npumped!
2	14	1044	{00} is ready to\nhelp {01}!
2	14	1045	The wild {00} is ready to\nhelp {01}!
2	14	1046	The foe's {00} is ready to\nhelp {01}!
2	14	1047	{00} copied\n{01}'s stat changes!
2	14	1048	The wild {00} copied\n{01}'s stat changes!
2	14	1049	The foe's {00} copied\n{01}'s stat changes!
2	14	1050	{00} knocked off\n{01}'s {02}!
2	14	1051	{00} knocked off the wild\n{01}'s {02}!
2	14	1052	{00} knocked off the foe's\n{01}'s {02}!
2	14	1053	The wild {00} knocked off\n{01}'s {02}!
2	14	1054	The wild {00} knocked off the\nwild {01}'s {02}!
2	14	1055	The foe's {00} knocked off\n{01}'s {02}!
2	14	1056	The foe's {00} knocked off\nthe foe's {01}'s\n\n{02}!
2	14	1057	{00} stole\n{01}'s {02}!
2	14	1058	{00} stole the wild\n{01}'s {02}!
2	14	1059	{00} stole the foe's\n{01}'s {02}!
2	14	1060	The wild {00} stole\n{01}'s {02}!
2	14	1061	The wild {00} stole the wild\n{01}'s {02}!
2	14	1062	The foe's {00} stole\n{01}'s {02}!
2	14	1063	The foe's {00} stole the\nfoe's {01}'s {02}!
2	14	1064	{00} cut its own HP\nand laid a curse on {01}!
2	14	1065	{00} cut its own HP\nand laid a curse on the wild {01}!
2	14	1066	{00} cut its own HP\nand laid a curse on the foe's {01}!
2	14	1067	The wild {00} cut its own HP\nand laid a curse on {01}!
2	14	1068	The wild {00} cut its own HP\nand laid a curse on the wild {01}!
2	14	1069	The foe's {00} cut its own HP\nand laid a curse on {01}!
2	14	1070	The foe's {00} cut its own HP\nand laid a curse on the foe's {01}!
2	14	1071	{00} is afflicted\nby the curse!
2	14	1072	The wild {00} is afflicted\nby the curse!
2	14	1073	The foe's {00} is afflicted\nby the curse!
2	14	1074	{00} foresaw\nan attack!
2	14	1075	The wild {00} foresaw\nan attack!
2	14	1076	The foe's {00} foresaw\nan attack!
2	14	1077	{00} chose\nDoom Desire as its destiny!
2	14	1078	The wild {00} chose\nDoom Desire as its destiny!
2	14	1079	The foe's {00} chose\nDoom Desire as its destiny!
2	14	1080	{00} took\nthe {01} attack!
2	14	1081	The wild {00} took\nthe {01} attack!
2	14	1082	The foe's {00} took\nthe {01} attack!
2	14	1083	{00} couldn't stay\nairborne because of gravity!
2	14	1084	The wild {00} couldn't stay\nairborne because of gravity!
2	14	1085	The foe's {00} couldn't stay\nairborne because of gravity!
2	14	1086	{00} can't use\n{01} because of gravity!
2	14	1087	The wild {00} can't use\n{01} because of gravity!
2	14	1088	The foe's {00} can't use\n{01} because of gravity!
2	14	1089	{00}'s type\nchanged to match {01}'s!
2	14	1090	{00}'s type\nchanged to match the wild {01}'s!
2	14	1091	{00}'s type\nchanged to match the foe's {01}'s!
2	14	1092	The wild {00}'s type\nchanged to match {01}'s!
2	14	1093	The wild {00}'s type\nchanged to match the wild {01}'s!
2	14	1094	The foe's {00}'s type\nchanged to match {01}'s!
2	14	1095	The foe's {00}'s type\nchanged to match the foe's {01}'s!
2	14	1096	{00} shared its\npower with the target!
2	14	1097	The wild {00} shared its\npower with the target!
2	14	1098	The foe's {00} shared its\npower with the target!
2	14	1099	{00} shared its\nguard with the target!
2	14	1100	The wild {00} shared its\nguard with the target!
2	14	1101	The foe's {00} shared its\nguard with the target!
2	14	1102	{00} became nimble!
2	14	1103	The wild {00} became nimble!
2	14	1104	The foe's {00} became nimble!
2	14	1105	The bursting flame hit {00}!
2	14	1106	The bursting flame hit the wild {00}!
2	14	1107	The bursting flame hit the foe's {00}!
2	14	1108	{00}'s {01}\nwas burnt up!
2	14	1109	The wild {00}'s {01}\nwas burnt up!
2	14	1110	The foe's {00}'s {01}\nwas burnt up!
2	14	1111	{00} received {02}\nfrom {01}!
2	14	1112	{00} received {02}\nfrom the wild {01}!
2	14	1113	{00} received {02}\nfrom the foe's {01}!
2	14	1114	The wild {00} received {02}\nfrom {01}!
2	14	1115	The wild {00} received {02}\nfrom the wild {01}!
2	14	1116	The foe's {00} received {02}\nfrom {01}!
2	14	1117	The foe's {00} received {02}\nfrom the foe's {01}!
2	14	1118	{00} took\n{01} into the sky!
2	14	1119	{00} took\nthe wild {01} into the sky!
2	14	1120	{00} took\nthe foe's {01} into the sky!
2	14	1121	The wild {00} took\n{01} into the sky!
2	14	1122	The wild {00} took\nthe wild {01} into the sky!
2	14	1123	The foe's {00} took\n{01} into the sky!
2	14	1124	The foe's {00} took\nthe foe's {01} into the sky!
2	14	1125	{00} was freed\nfrom the Sky Drop!
2	14	1126	The wild {00} was freed\nfrom the Sky Drop!
2	14	1127	The foe's {00} was freed\nfrom the Sky Drop!
2	14	1128	{00} fell\nstraight down!
2	14	1129	The wild {00} fell\nstraight down!
2	14	1130	The foe's {00} fell\nstraight down!
2	14	1131	{00}'s move\nwas postponed!
2	14	1132	The wild {00}'s move\nwas postponed!
2	14	1133	The foe's {00}'s move\nwas postponed!
2	14	1134	{00}\ntook the kind offer!
2	14	1135	The wild {00}\ntook the kind offer!
2	14	1136	The foe's {00}\ntook the kind offer!
2	14	1137	{00} and\n{01} switched places!
2	14	1138	The wild {00} and\n{01} switched places!
2	14	1139	The foe's {00} and\n{01} switched places!
2	14	1140	{00} was hurled\ninto the air!
2	14	1141	The wild {00} was hurled\ninto the air!
2	14	1142	The foe's {00} was hurled\ninto the air!
2	14	1143	{00} was freed\nfrom the telekinesis!
2	14	1144	The wild {00} was freed\nfrom the telekinesis!
2	14	1145	The foe's {00} was freed\nfrom the telekinesis!
2	14	1146	{00} is waiting\nfor {01}'s move...
2	14	1147	{00} is waiting\nfor the wild {01}'s move...
2	14	1148	{00} is waiting\nfor the foe's {01}...
2	14	1149	The wild {00} is waiting\nfor {01}'s move...
2	14	1150	The wild {00} is waiting\nfor the wild {01}'s move...
2	14	1151	The foe's {00} is waiting\nfor {01}'s move...
2	14	1152	The foe's {00} is waiting\nfor the foe's {01}'s move...
2	14	1153	It is completely synchronized\nwith {00}!
2	14	1154	It is completely synchronized\nwith the wild {00}!
2	14	1155	It is completely synchronized\nwith the foe's {00}!
2	14	1156	{00} is hurt\nby the sea of fire!
2	14	1157	The wild {00} is hurt\nby the sea of fire!
2	14	1158	The foe's {00} is hurt\nby the sea of fire!
2	15	0	●●
2	15	1	A wild {00} appeared!
2	15	2	Oh! A wild {00} and\n{01} appeared!
2	15	3	A wild {00} appeared!
2	15	4	A wild {00} appeared!
2	15	5	The {00} your Pokémon saw\nin the dream appeared!
2	15	6	{00} appeared!
2	15	7	You are challenged by\n{00} {01}!\n\n
2	15	8	You are challenged by\n{00}!\n\n
2	15	9	You are challenged by\n{00} {01} and\n\n{02} {03}!\n\n
2	15	10	You are challenged by\n{00} and {01}!\n\n
2	15	11	Go! {00}!
2	15	12	Go! {00} and\n{01}!
2	15	13	Go! {00},\n{01}, and {02}!
2	15	14	{00} {01} sent\nout {02}!
2	15	15	{00} {01} sent out\n{02} and {03}!
2	15	16	{00} {01} sent out\n{02}, {03},\n\nand {04}!
2	15	17	{00} sent out\n{01}!
2	15	18	{00} sent out\n{01} and {02}!
2	15	19	{00} sent out\n{01}, {02},\n\nand {03}!
2	15	20	{00} {01} is\nabout to send in {02}.\n\nWill you switch your Pokémon?
2	15	21	You're in charge, {00}!
2	15	22	Go for it, {00}!
2	15	23	Just a little more!\nHang in there, {00}!
2	15	24	Your foe's weak!\nGet 'em, {00}!
2	15	25	{00}, switch out!\nCome back!
2	15	26	{00}, come back!
2	15	27	{00}, enough!\nGet back!
2	15	28	{00}, OK!\nCome back!
2	15	29	{00}, good job!\nGet back!
2	15	30	{00} {01}\nwithdrew {02}!
2	15	31	{00}\nwithdrew {01}!
2	15	32	Hit {00} time(s)!
2	15	33	{00} used the\n{01}.
2	15	34	{00} used the\n{01}.
2	15	35	{00} {01}\nused one {02}!
2	15	36	{00} launched the {02}\ntoward {01}!
2	15	37	You cannot use your\nWonder Launcher now!
2	15	38	{00}'s Pokémon\nrotated to the left!
2	15	39	{00}'s Pokémon\nrotated to the left!
2	15	40	{00}'s Pokémon\nrotated to the right!
2	15	41	{00}'s Pokémon\nrotated to the right!
2	15	42	{00} gained\n{01} Exp. Points!
2	15	43	{00} gained a boosted\n{01} Exp. Points!
2	15	44	Player defeated\n{00} {01}!
2	15	45	Player beat\n{00} {01}\n\nand {02} {03}!
2	15	46	Player lost against\n{00} {01}!
2	15	47	Player battled to a draw against\n{00} {01}!
2	15	48	Player defeated\n{00}!
2	15	49	Player defeated {00}\nand {01}!
2	15	50	Player lost against\n{00}!
2	15	51	Player lost to {00}\nand {01}!
2	15	52	Player battled to a draw against\n{00}!
2	15	53	Player battled to a draw against\n{00} and {01}!
2	15	54	{00} is out of\nusable Pokémon!\n\n
2	15	55	{00} dropped ${01}\nin panic...
2	15	56	{00} paid out ${01}\nto the winner...
2	15	57	{00} blacked out!
2	15	58	{00} got ${01}\nfor winning!
2	15	59	{00} picked up\n${01}!
2	15	60	{00} grew to\nLv. {01}!
2	15	61	Oh, no!\nThe Pokémon broke free!
2	15	62	Aww!\nIt appeared to be caught!
2	15	63	Aargh!\nAlmost had it!
2	15	64	Shoot!\nIt was so close, too!
2	15	65	Gotcha!\n{00} was caught!
2	15	66	{00}'s data was\nadded to the Pokédex.
2	15	67	The Trainer blocked the ball!\n\nDon't be a thief!
2	15	68	But it had no effect!
2	15	69	What will {00} do?
2	15	70	What will {00} do?
2	15	71	But it failed!
2	15	72	Got away safely!
2	15	73	Couldn't get away!
2	15	74	Can't escape!
2	15	75	The wild {00} fled!
2	15	76	No! There's no running\nfrom a Trainer battle!
2	15	77	Would you like to forfeit the match\nand quit now?
2	15	78	It's super effective!
2	15	79	It's not very effective...
2	15	80	It hurt itself in its confusion!
2	15	81	A critical hit!
2	15	82	But there was no PP left\nfor the move!
2	15	83	{00} came to the rescue\nto restore {01}'s health!
2	15	84	The sunlight turned harsh!
2	15	85	It started to rain!
2	15	86	A sandstorm kicked up!
2	15	87	It started to hail!
2	15	88	Fog crept up as thick as soup!
2	15	89	The sunlight faded.
2	15	90	The rain stopped.
2	15	91	The sandstorm subsided.
2	15	92	The hail stopped.
2	15	93	The fog lifted.
2	15	94	The effects of weather disappeared.
2	15	95	The sandstorm rages.
2	15	96	The hail crashes down.
2	15	97	It's a one-hit KO!
2	15	98	The {00} weakened\n{01}'s power!
2	15	99	The {00} allows the\nuse of only {01}!
2	15	100	{00} can use only\n{01}!
2	15	101	All stat changes were eliminated!
2	15	102	But nothing happened!
2	15	103	{00}'s\n{01}
2	15	104	Magnitude 4!
2	15	105	Magnitude 5!
2	15	106	Magnitude 6!
2	15	107	Magnitude 7!
2	15	108	Magnitude 8!
2	15	109	Magnitude 9!
2	15	110	Magnitude 10!
2	15	111	A bell chimed!
2	15	112	A soothing aroma wafted\nthrough the area!
2	15	113	The battlers shared\ntheir pain!
2	15	114	Fire's power was weakened!
2	15	115	Electricity's power was weakened!
2	15	116	The twisted dimensions returned\nto normal!
2	15	117	Gravity intensified!
2	15	118	Gravity returned to normal!
2	15	119	All Pokémon hearing the song\nwill faint in three turns!
2	15	120	Waggling a finger\nlet it use {00}!
2	15	121	Nature Power turned into\n{00}!
2	15	122	Coins were scattered everywhere!
2	15	123	It was too weak to make\na substitute!
2	15	124	Reflect raised your team's\nDefense!
2	15	125	Reflect raised the\nopposing team's Defense!
2	15	126	Your team's Reflect\nwore off!
2	15	127	The opposing team's Reflect\nwore off!
2	15	128	Light Screen raised your team's\nSpecial Defense!
2	15	129	Light Screen raised\nthe opposing team's Special Defense!
2	15	130	Your team's Light Screen\nwore off!
2	15	131	The opposing team's Light Screen\nwore off!
2	15	132	Your team became cloaked in\na mystical veil!
2	15	133	The foe's team became\ncloaked in a mystical veil!
2	15	134	Your team is no longer protected\nby Safeguard!
2	15	135	The foe's team is no longer protected\nby Safeguard!
2	15	136	Your team became\nshrouded in mist!
2	15	137	The foe's team became\nshrouded in mist!
2	15	138	Your team is no longer protected\nby mist!
2	15	139	The foe's team is no longer protected\nby mist!
2	15	140	The tailwind blew from behind\nyour team!
2	15	141	The tailwind blew from behind\nthe foe's team!
2	15	142	Your team's tailwind petered out!
2	15	143	The foe's team's tailwind petered out!
2	15	144	The Lucky Chant shielded your team\nfrom critical hits!
2	15	145	The Lucky Chant shielded the opposing team\nfrom critical hits!
2	15	146	Your team's Lucky Chant wore off!
2	15	147	The opposing team's Lucky Chant wore off!
2	15	148	Spikes were scattered all around\nyour team's feet!
2	15	149	Spikes were scattered all around\nthe feet of the foe's team!
2	15	150	The spikes disappeared from\naround your team's feet!
2	15	151	The spikes disappeared from\naround the foe's team's feet!
2	15	152	Poison spikes were scattered all\naround your team's feet!
2	15	153	Poison spikes were scattered all\naround the foe's team's feet!
2	15	154	The poison spikes disappeared\nfrom around your team's feet!
2	15	155	The poison spikes disappeared\nfrom around the foe's team's feet!
2	15	156	Pointed stones float in the air\naround your team!
2	15	157	Pointed stones float in the air\naround your foe's team!
2	15	158	The pointed stones disappeared\nfrom around your team!
2	15	159	The pointed stones disappeared\nfrom around the foe's team!
2	15	160	Wide Guard protected your team!
2	15	161	Wide Guard protected the foe's team!
2	15	162	Quick Guard protected your team!
2	15	163	Quick Guard protected the foe's team!
2	15	164	A rainbow appeared in the sky\non your team's side!
2	15	165	A rainbow appeared in the sky\non the foe's team's side!
2	15	166	The rainbow on your team's side\ndisappeared!
2	15	167	The rainbow on the foe's team's side\ndisappeared!
2	15	168	A sea of fire enveloped\nyour team!
2	15	169	A sea of fire enveloped\nthe foe's team!
2	15	170	The sea of fire around your team\ndisappeared!
2	15	171	The sea of fire around the foe's team\ndisappeared!
2	15	172	A swamp enveloped your team!
2	15	173	A swamp enveloped the\nfoe's team!
2	15	174	The swamp around your team\ndisappeared!
2	15	175	The swamp around the foe's team\ndisappeared!
2	15	176	Your team is too nervous to\neat Berries!
2	15	177	The foe's team is too nervous to\neat Berries!
2	15	178	It created a bizarre area in which\nthe Defense and Sp. Def stats are swapped!
2	15	179	Wonder Room wore off, and the Defense\nand Sp. Def stats returned to normal!
2	15	180	It created a bizarre area in which\nPokémon's held items lose their effects!
2	15	181	Magic Room wore off, and the held items'\neffects returned to normal!
2	15	182	The {00} strengthened\n{01}'s power!
2	15	183	The time limit is up!\nThe battle will end!
2	15	184	The battle is too long.\nPlayback canceled.
2	15	185	Zen Mode triggered!
2	15	186	Zen Mode ended!
2	15	187	The two moves are joined!\nIt's a combined move!
2	15	188	{00} won't obey!
2	15	189	{00} is\nloafing around!
2	15	190	{00} turned away!
2	15	191	{00} pretended\nnot to notice!
2	15	192	{00} ignored orders!
2	15	193	{00} began to nap!
2	15	194	{00} ignored\norders while asleep!
2	15	195	Automatic center!
2	15	196	But it's not where this item\ncan be used!
2	15	197	Sky Drop won't let {00} go!
2	15	198	The match was forfeited.
2	15	199	({00})'s Metronome {01}:{02}
2	16	1	RUN
2	16	5	USE NEXT POKÉMON
2	16	6	SWITCH POKÉMON
2	16	7	KEEP BATTLING
2	16	8	YES
2	16	9	NO
2	16	15	Communicating. Please stand by...
2	16	16	Max. HP+{00}\nAttack+{01}\nDefense+{02}\nSp. Atk+{03}\nSp. Def+{04}\nSpeed+{05}
2	16	17	Max. HP{00}\nAttack{01}\nDefense{02}\nSp. Atk{03}\nSp. Def{04}\nSpeed{05}
2	17	0	HP/PP
2	17	1	RESTORE
2	17	2	STATUS
2	17	3	RESTORE
2	17	6	BATTLE ITEMS
2	17	7	POKÉ BALLS
2	17	8	LAST USED ITEM
2	17	9	{00}
2	17	10	x{00}
2	17	11	{00}
2	17	12	x{00}
2	17	13	{00}
2	17	14	x{00}
2	17	15	{00}
2	17	16	x{00}
2	17	17	{00}
2	17	18	x{00}
2	17	19	{00}
2	17	20	x{00}
2	17	22	HP/PP
2	17	23	RESTORE
2	17	24	STATUS
2	17	25	RESTORE
2	17	26	POKÉ BALLS
2	17	27	BATTLE ITEMS
2	17	28	/
2	17	29	{00}
2	17	30	{00}
2	17	31	USE
2	17	44	It's no good! It's impossible to aim\nwhen there are two Pokémon!
2	17	45	There is no room left in the PC!
2	17	47	It's no good! It's impossible to aim\nat a Pokémon that's not in sight!
2	17	49	It's not charged enough.
2	17	50	Juniper's words echoed...\nThere's a time and\n\nplace for everything! But not now.
2	17	51	It's impossible to aim\nwithout being focused!
2	18	0	{00}
2	18	1	{00}
2	18	2	{00}
2	18	3	{00}
2	18	4	{00}
2	18	5	{00}
2	18	6	Choose a Pokémon.
2	18	7	Use on which Pokémon?
2	18	9	Battle using which Pokémon?
2	18	10	Switch out which Pokémon?
2	18	11	L{00}
2	18	12	/
2	18	13	{00}
2	18	14	{00}
2	18	15	{00}
2	18	20	PP
2	18	21	SHIFT
2	18	22	♂
2	18	23	♀
2	18	24	SUMMARY
2	18	25	CHECK MOVES
2	18	26	CANNOT BATTLE
2	18	27	IN BATTLE
2	18	28	STAND BY
2	18	29	PARTNER'S
2	18	30	No item held
2	18	33	Lv.
2	18	34	{00}
2	18	35	NEXT LV
2	18	36	{00}
2	18	38	HP
2	18	39	{00}
2	18	40	{00}
2	18	41	/
2	18	42	ATTACK
2	18	43	{00}
2	18	44	DEFENSE
2	18	45	{00}
2	18	46	SP. ATK
2	18	47	{00}
2	18	48	SP. DEF
2	18	49	{00}
2	18	50	SPEED
2	18	51	{00}
2	18	53	PP
2	18	54	{00}
2	18	55	{00}
2	18	56	/
2	18	58	POWER
2	18	59	{00}
2	18	61	ACCURACY
2	18	62	{00}
2	18	63	CATEGORY
2	18	64	PHYSICAL
2	18	65	STATUS
2	18	66	SPECIAL
2	18	68	FORGET
2	18	69	CANCEL
2	18	70	HM moves can't be\nforgotten now.
2	18	71	{00}
2	18	74	{00}
2	18	77	{00}
2	18	80	{00}
2	18	83	{00}
2	18	86	{00} is\nalready in battle!
2	18	87	{00} has no energy\nleft to battle!
2	18	88	{00} can't be switched\nout!
2	18	89	An Egg can't battle!
2	18	90	You cannot decide for\nyour partner!
2	18	91	It won't have any effect.
2	18	103	{00} has already been\nselected.
2	18	104	Restore which move?
2	18	105	{01}'s effect prevents\nthe item's use on {00}!
2	18	106	{00} can't be switched\nout!
2	18	107	{00} is already switched\nout.
2	19	0	Would you like to save the last battle\nas your Battle Video?
2	19	3	The last battle will not be saved.\nOK?
2	19	6	Is it OK to overwrite your existing\nBattle Video?
2	19	9	Saving your Battle Video...\nDon't turn off the power.
2	19	10	The Battle Video has been saved.
2	19	11	There was an error.\nThe Battle Video couldn't be saved.
2	19	12	Awaiting your friend's decision...\nPlease wait.
2	19	13	You cannot record videos\nwith this Trainer... Please wait.
2	19	14	You cannot record videos\nwith this Trainer.
2	19	15	The last battle cannot be recorded.
2	19	16	Time Limit:
2	19	18	{01}
2	19	19	PREVIOUS RECORD
2	19	20	Colosseum Single,\nNo Restrictions
2	19	21	Colosseum Single,\nFlat
2	19	22	Colosseum Single,\nNo Restrictions, Launcher On
2	19	23	Colosseum Single,\nFlat, Launcher On
2	19	24	Colosseum Double,\nNo Restrictions
2	19	25	Colosseum Double,\nFlat
2	19	26	Colosseum Double,\nNo Restrictions, Launcher On
2	19	27	Colosseum Double,\nFlat, Launcher On
2	19	28	Colosseum Triple,\nNo Restrictions
2	19	29	Colosseum Triple,\nFlat
2	19	30	Colosseum Triple,\nNo Restrictions, Launcher On
2	19	31	Colosseum Triple,\nFlat, Launcher On
2	19	32	Colosseum Rotation,\nNo Restrictions
2	19	33	Colosseum Rotation,\nFlat
2	19	34	Colosseum Rotation,\nNo Restrictions, Launcher On
2	19	35	Colosseum Rotation,\nFlat, Launcher On
2	19	36	Colosseum Multi,\nNo Restrictions
2	19	37	Colosseum Multi,\nFlat
2	19	38	Colosseum Multi,\nNo Restrictions, Launcher On
2	19	39	Colosseum Multi,\nFlat, Launcher On
2	19	40	Battle Subway,\nSingle
2	19	41	Battle Subway,\nDouble
2	19	42	Battle Subway,\nMulti
2	19	43	Random Matchup, Free\nSingle
2	19	44	Random Matchup, Free\nDouble
2	19	45	Random Matchup, Free\nTriple
2	19	46	Random Matchup, Free\nRotation
2	19	47	Random Matchup, Free\nLauncher Battle
2	19	48	Random Matchup, Rating\nSingle
2	19	49	Random Matchup, Rating\nDouble
2	19	50	Random Matchup, Rating\nTriple
2	19	51	Random Matchup, Rating\nRotation
2	19	52	Random Matchup, Rating\nLauncher Battle
2	19	53	Competition, Single\nLauncher Off
2	19	54	Competition, Single\nLauncher On
2	19	55	Competition, Double\nLauncher Off
2	19	56	Competition, Double\nLauncher On
2	19	57	Competition, Triple\nLauncher Off
2	19	58	Competition, Triple\nLauncher On
2	19	59	Competition, Rotation\nLauncher Off
2	19	60	Competition, Rotation\nLauncher On
2	20	0	Use a Poké Ball after\nlowering its HP!
2	20	1	Professor Juniper used\na Poké Ball!
2	21	0	About “Infrared"
2	21	1	About “Online"
2	21	2	About “Online"
2	21	3	About “Wireless"
2	21	4	About “Wireless"
2	21	5	About “Wireless"
2	21	6	About “Wireless"
2	21	7	About “Wireless"
2	21	8	About “Tag Log"
2	21	9	About “Survey Radar"
2	21	10	About “Customization"
2	21	11	About “ON/OFF"
2	21	12	Using infrared, you can battle and trade\nwith a friend in front of you.\nYou can also use the Feeling Check which\ntells you how compatible you and your\nfriend are, and exchange Friend Codes.
2	21	13	By pressing the Game Sync button,\nyou can select a Pokémon to make sleep\nand then send your saved data over\nNintendo Wi-Fi Connection.
2	21	14	You cannot connect to Nintendo Wi-Fi\nConnection without the proper\nsystem settings, even when you are\nable to receive a signal for \nNintendo Wi-Fi Connection.
2	21	15	DS Wireless Communications\nallow you to use the features below\nwith your nearby friends.\n-Xtransceiver\n-Entralink
2	21	16	The Xtransceiver allows you to connect\nwith friends you've played with in the\nWi-Fi Club or those you've exchanged\nFriend Codes with using the C-Gear.
2	21	17	Press the button, and you will be\nsent to the Entralink instantly.
2	21	18	You can tell how many people\nare in the Union Room around you\nand if wireless distributions\nare available nearby.
2	21	19	You can also tell who has\nthe C-Gear turned on around you.\nWhen people are nearby,\nit is easier to receive signals for\nthe Tag Log and Survey Radar.
2	21	20	It displays what people\naround you are doing in real time.\nBy selecting it, you can find out\nmore about them and send\nthem messages.
2	21	21	You can do surveys on people\naround you.\n\nChoose what you want to find out,\nand you can see the daily results,\nas well as the cumulative results.
2	21	22	Touch the Customization icon, and it will\nstart blinking. Touch other buttons as it\nblinks, and they will appear differently.\n\nYou can even make patterns with buttons\nof different colors.
2	21	23	Touch this button to turn\nwireless communications on or off.\n\nOnce you turn it off, the touch panel\nturns dark, and wireless communications\nwill be turned off.
2	21	24	NEXT
2	21	25	QUIT
2	21	26	PREVIOUS
2	22	0	Turn on the C-Gear and\nestablish communications?
2	22	1	When communications are on, closing the\nsystem will put it into Sleep Mode if the \nbattery is low. Please watch the battery.
2	22	2	Will you turn C-Gear off to stop\ncommunications?
2	22	3	Warning!\nPlease turn C-Gear off\nin places--such as airplanes\nand hospitals--where wireless\ncommunications are prohibited.
2	22	4	C-Gear cannot be turned on.\nWireless communications are turned OFF.\nTurn wireless communications ON in the\nSystem Settings.\nError code: 50699
2	22	5	YES
2	22	6	NO
2	23	0	ENTRALINK
2	23	1	XTRANSCEIVER
2	23	2	Union Room
2	23	3	{00} Ppl
2	23	4	Wireless Distribution
2	23	5	YES
2	23	6	NO
2	23	12	C-Gear Detected
2	23	15	CONNECTING\nENTRALINK...
2	23	16	ENTRALINK\nGUESTS: {00}
2	23	17	ENTRALINK\nMISSION
2	24	0	Hardy
2	24	1	Lonely
2	24	2	Brave
2	24	3	Adamant
2	24	4	Naughty
2	24	5	Bold
2	24	6	Docile
2	24	7	Relaxed
2	24	8	Impish
2	24	9	Lax
2	24	10	Timid
2	24	11	Hasty
2	24	12	Serious
2	24	13	Jolly
2	24	14	Naive
2	24	15	Modest
2	24	16	Mild
2	24	17	Quiet
2	24	18	Bashful
2	24	19	Rash
2	24	20	Calm
2	24	21	Gentle
2	24	22	Sassy
2	24	23	Careful
2	24	24	Quirky
2	25	0	Please enter the Friend Code.
2	25	1	Enter\nTrain Number (01-{00})
2	25	2	Enter\nRank (01-{00})
2	25	3	BACK
2	25	4	OK
2	25	5	There is no such Train Number.\nPlease enter a number up to {00}.
2	25	6	There is no such Rank.\nPlease enter a number up to {00}.
2	27	0	X BUTTON
2	27	1	SELECT
2	27	2	B BUTTON
2	27	3	Use the graffiti marker
2	27	4	Freeze frame
2	27	5	Quit graffiti mode
2	27	6	Change pen size
2	27	7	Select color with the dropper
2	27	8	Use as an eraser
2	27	9	Close the graffiti marker
2	27	10	Stamps
2	27	11	GRAFFITI MODE
2	27	14	ID {00}
2	27	16	{00}/4
2	27	17	Please select your friend(s).
2	27	18	CALL FRIEND(S)
2	27	19	JOIN
2	27	20	Calling...
2	27	24	Connecting...
2	27	28	Searching for your friends...
2	27	32	Would you like to stop the Xtransceiver?
2	27	33	If the leader drops out, the group will\nbe disbanded. Is that OK?
2	27	34	YES
2	27	35	NO
2	27	36	Since the leader dropped out,\nthe group will be disbanded.
2	27	37	The other Trainer has left the group.\nThe communication will be ended.
2	27	38	There are no members.\nThe communication will be ended.
2	27	39	Call failed.
2	27	40	Failed to connect.
2	27	41	Parental Controls prohibits the transfer\nof photos.\nIf you wish to send them, please change\nthe System Settings to allow this.
2	27	42	Waiting for the other player to finish...
2	29	0	OPTIONS
2	29	1	TEXT SPEED
2	29	2	BATTLE SCENE
2	29	3	BATTLE STYLE
2	29	4	SOUND
2	29	5	CHARACTERS
2	29	7	SAVE BEFORE IR
2	29	8	CONFIRM
2	29	9	QUIT
2	29	10	SLOW
2	29	11	MID
2	29	12	FAST
2	29	13	ON
2	29	14	OFF
2	29	15	SHIFT
2	29	16	SET
2	29	17	STEREO
2	29	18	MONO
2	29	23	SAVE
2	29	24	NO SAVE
2	29	25	You can choose from three different\ntext-scrolling speeds.
2	29	26	You can choose whether to view\nmove animations.
2	29	27	You can choose to switch Pokémon\nwhen an opponent's Pokémon faints.
2	29	28	You can choose the way the game sounds.
2	29	31	You can choose to save the game\nbefore C-Gear launches infrared.
2	29	32	You have saved data already.\nYou cannot change this option.\n\n
2	29	33	Would you like to make these changes?
2	29	34	YES
2	29	35	NO
2	30	2	{00} more needed.
2	30	3	Up to {00} more allowed.
2	30	4	Seeking Multi Battle participants!
2	30	5	Seeking Musical participants!
2	30	6	Seeking Battle Subway participants!
2	30	7	{00}ID: {01}
2	30	8	Awaiting participating members...\nB Button: Cancel
2	30	9	When the group is ready:\nA Button: Proceed   B Button: Cancel
2	30	10	{00} has contacted you.\nAdd to your group?
2	30	11	Is this group OK?
2	30	12	Will you cancel Multi Battle?
2	30	13	Will you cancel the Musical?
2	30	14	Will you cancel Battle Subway?
2	30	15	If the leader drops out, the group will\nbe disbanded. Is that OK?
2	30	16	Multi Battle will be\ncanceled.
2	30	17	The Musical will be\ncanceled.
2	30	18	Battle Subway will be\ncanceled.
2	30	20	There are no members.\nMulti Battle will be canceled.
2	30	21	Please wait.\nB Button: Cancel
2	30	23	There appears to be a problem.\nMulti Battle will be canceled.{DELAY_3C}
2	30	24	There appears to be a problem.\nThe Musical will be canceled.{DELAY_3C}
2	30	25	There appears to be a problem.\nBattle Subway will be canceled.{DELAY_3C}
2	30	26	{00}:
2	30	27	{00}:{01}ID: {02}
2	30	28	Choose the Musical you would\nlike to join.
2	30	29	Choose the Battle Subway you would\nlike to join.
2	30	30	The members have gathered.\nPlease enter the room.
2	30	31	{00} refused...{DELAY_3C}
2	30	32	Awaiting {00}'s response...\nB Button: Cancel
2	30	33	{00} replied, “OK."
2	30	34	Please wait.\nB Button: Cancel
2	30	35	Do you want to leave the group?
2	30	36	There appears to be a problem...{DELAY_3C}
2	32	0	The Hall of Fame!
2	32	1	{00}
2	32	2	Lv.
2	32	3	{00}
2	32	4	League Champion! Congratulations!
2	32	5	{00}
2	32	6	ID No. {00}
2	32	7	{00}:{01}
2	32	8	Ｎｏ　{00}　Ｆｏｒｍ　{01}
2	32	9	♂
2	32	10	♀
2	32	11	ＮＥＸＴ　{00}
2	33	0	Let's Dress Up {00}\nwith Props!
2	33	1	Is this look OK?
2	33	2	Waiting for other participants\nto Dress Up.
2	33	3	{00}: A Prop that looks\nnice on the {01}.
2	33	4	Props that look nice on the {00}\nwere sorted at the beginning.
2	33	5	The order of Props was\nrestored to the original order.
2	33	6	You can pull out Props from the list\nand put them on your Pokémon.
2	34	1	POKÉDEX
2	34	2	POKÉMON
2	34	3	BAG
2	34	5	SAVE
2	34	6	OPTIONS
2	35	0	Lillil
2	35	1	Dye
2	35	2	Fluffee
2	35	3	Dye
2	35	4	Redeye
2	35	5	Kyle
2	35	6	Blueeye
2	35	7	Kyle
2	35	8	Minipete
2	35	9	Manny
2	35	10	Gorge
2	35	11	Ander
2	35	12	Eeks
2	35	13	Lillian
2	36	3	Saving...\nDon't turn off the power.
2	36	4	{00} saved the game.
2	36	5	There is already a saved game file.\nIt is impossible to save.
2	37	2	{01} scurried to\na Pokémon Center, protecting\nthe exhausted and fainted\nPokémon from further harm...
2	37	3	{01} scurried back\nhome, protecting the exhausted\nand fainted Pokémon \nfrom further harm...
2	38	0	{00} {01}, 20{02}
2	38	3	◇ A Trainer from Nuvema Town challenged one of the Striaton Gym Leaders--Cilan, Chili, and Cress--and was victorious!
2	38	4	◇ A Trainer from Nuvema Town challenged and successfully beat Lenora, the Nacrene Gym Leader!
2	38	5	◇ A Trainer from Nuvema Town challenged and successfully beat Burgh, the Castelia Gym Leader!
2	38	6	◇ A Trainer from Nuvema Town challenged and successfully beat Elesa, the Nimbasa Gym Leader!
2	38	7	◇ A Trainer from Nuvema Town challenged and successfully beat Clay, the Driftveil Gym Leader!
2	38	8	◇ A Trainer from Nuvema Town challenged and successfully beat Skyla, the Mistralton Gym Leader!
2	38	9	◇ A Trainer from Nuvema Town challenged and successfully beat Brycen, the Icirrus Gym Leader!
2	38	10	◇ A Trainer from Nuvema Town challenged and successfully beat Iris, the Opelucid Gym Leader!
2	38	11	◇ A Trainer from Nuvema Town challenged and successfully beat Drayden, the Opelucid Gym Leader!
2	38	12	◇ “Tender loving care! They grow in no time!" Day Care on Route 3
2	38	13	◇ “Names will bring you wonderful relationships!" Name Rater in Castelia City
2	38	14	◇ “Wondering what others are doing? Let's interview them!" Passerby Analytics in Castelia City
2	38	15	◇ “Run and battle! Trains never stop!" Battle Subway in Nimbasa City
2	38	16	◇ “Take your first step to stardom." Musical in Nimbasa City
2	38	17	◇ “We deliver to you what winds and waves have brought to us." Driftveil Market
2	38	18	◇ “The biggest shopping area in the entire Unova region. There's nothing you can't buy!" Shopping Mall Nine
2	38	19	◇ Striaton City is nestled in the forest, and the breeze smells like trees.
2	38	20	◇ The stairs at the entrance help with heavy snow.
2	38	21	◇ Striaton Gym is a restaurant where meals--and battles--are served.
2	38	22	◇ The garden full of green makes you feel warm inside.
2	38	23	◇ Next to the city is a Day Care, which many Trainers visit.
2	38	24	◇ You can learn the basics of Pokémon at the Trainers' School.
2	38	25	◇ Striaton City is nestled in the forest, and the breeze smells like trees.
2	38	26	◇ The stairs at the entrance help with heavy snow.
2	38	27	◇ Striaton Gym is a restaurant where meals are served. And so are battles!
2	38	28	◇ Nacrene City is characterized by its stone pavement and warehouses.
2	38	29	◇ Pokémon research at the museum starts with their bones.
2	38	30	◇ Nacrene Gym is a museum where battles and knowledge are pursued.
2	38	31	◇ Many young artists use the warehouses as their studios.
2	38	32	◇ Tourists come for the warehouses and the museum.
2	38	33	◇ You can still see the rail tracks.
2	38	34	◇ This is a place for people drawn to the arts.
2	38	35	◇ The theme of the museum is the comparison between culture and nature.
2	38	36	◇ Nacrene City has produced many famous artists.
2	38	37	◇ Until recently, Casteliacones were a local secret. Now, they're everyone's favorite!
2	38	38	◇ The ships that depart the piers of Castelia City go to different places.
2	38	39	◇ Castelia City is an exciting place, and its Gym is no exception!
2	38	40	◇ The fountain in the center of town is said to be the hub that connects people.
2	38	41	◇ Artists from all over the world come to Castelia City to open their art galleries.
2	38	42	◇ When it comes to buildings, shops, and people, Castelia City is number one in the Unova region.
2	38	43	◇ Castelia City's skyline looks totally different at night.
2	38	44	◇ Castelia City offers many cultures and foods from other regions.
2	38	45	◇ There is a place where passersby answer survey questions.
2	38	46	◇ Nimbasa City is a place of feverish excitement. Some say that's why it hosts so many battles.
2	38	47	◇ Heated tennis matches! Glowing basketball matches! The excitement awaits you at Small Court!
2	38	48	◇ They say someone who loved battles also happened to be a railway maniac, and that's why we now have the Battle Subway.
2	38	49	◇ Sometimes, scouts spot potentially popular Pokémon at the Musical Theater.
2	38	50	◇ Star players are here at the stadium today! You might spot your favorite players.
2	38	51	◇ The famous roller coaster is where you least expect it.
2	38	52	◇ Enjoy wonderful views, exciting heights, and heart-pounding encounters at the Rondez-View Ferris Wheel!
2	38	53	◇ You can go to Anville Town from Gear Station.
2	38	54	◇ Welcome to Nimbasa City, voted as the #1 must-see city on everyone's lifetime list!
2	38	55	◇ Driftveil City is a major ocean port.
2	38	56	◇ At one time, the ocean around Driftveil City was thronged with sailboats that took advantage of the wind currents.
2	38	57	◇ Driftveil has developed as a port of freight and fishery.
2	38	58	◇ The market is loaded with products from all over the world.
2	38	59	◇ The city's orange roofs enhance the beauty of sunset.
2	38	60	◇ The spectacular view of the soaring Charizard Bridge is a must-see.
2	38	61	◇ The port features a huge Cold Storage area full of refrigerated containers.
2	38	62	◇ Pokémon can be found in the Cold Storage area.
2	38	63	◇ Driftveil City is a major ocean port.
2	38	82	◇ The building decorations took experts a hundred years to create.
2	38	83	◇ It is believed that Opelucid City has the longest history in the world.
2	38	84	◇ Opelucid City still makes good use of old technologies.
2	38	85	◇ The city produces many archeologists every year.
2	38	86	◇ Here, you can enjoy old music that dates back several hundred years.
2	38	87	◇ The building decorations took craftsmen a hundred years to create.
2	38	88	◇ It is believed that Opelucid City has the longest history in the world.
2	38	89	◇ Opelucid City still makes good use of old technologies.
2	38	90	◇ The city produces many archeologists every year.
2	38	91	◇ The buildings here are said to be able to withstand the weight of a hundred weighty Pokémon.
2	38	92	◇ Opelucid City is where the latest Poké Balls are developed.
2	38	93	◇ The buildings use state-of-the-art materials.
2	38	94	◇ Opelucid City is famous for its solid security.
2	38	95	◇ The latest communication network makes life pleasant.
2	38	96	◇ The buildings here are said to be able to withstand the weight of a hundred weighty Pokémon.
2	38	97	◇ Opelucid City is where the latest Poké Balls are developed.
2	38	98	◇ The buildings use state-of-the-art materials.
2	38	99	◇ Opelucid City is famous for its solid security.
2	38	100	◇ People have no sense of time in Lacunosa Town. They don't even have clocks at home.
2	38	101	◇ People in Lacunosa Town finish work when the sun sets.
2	38	102	◇ The whole city can be seen from the huge bridge.
2	38	103	◇ People have spotted a mysterious Pokémon in the nearby forest.
2	38	104	◇ All the roads and buildings in Lacunosa Town are made of stone.
2	38	105	◇ Lacunosa Town perks up in the afternoon.
2	38	106	◇ Many people sunbathe on a sunny day.
2	38	107	◇ People have no sense of time in Lacunosa Town. They don't even have clocks at home.
2	38	108	◇ People in Lacunosa Town finish work when the sun sets.
2	38	109	◇ The sand on the beach is so fine that you'll leave clear footprints.
2	38	110	◇ People dream about having a vacation house in Undella Town.
2	38	111	◇ The lapping waves at Undella Town make a sound that people treasure.
2	38	112	◇ In the summer, many tourists come to swim in the clear ocean.
2	38	113	◇ Its big cliffs define Undella Town.
2	38	114	◇ The waves are gentle around here, and houses are built close to the ocean.
2	38	115	◇ Water sports are very popular in Undella Town.
2	38	116	◇ The ocean off Undella Town often casts valuable treasures ashore.
2	38	117	◇ The sand on the beach is so fine that you'll leave clear footprints.
2	38	118	◇ White Forest is a place full of nature.
2	38	119	◇ The people love nature and live enmeshed with it.
2	38	120	◇ The people plant trees to help the forest grow.
2	38	121	◇ Nature-loving Pokémon Breeders gather here.
2	38	122	◇ Some Pokémon rarely seen elsewhere can be found here, thanks to nature's bounty.
2	38	123	◇ The things Pokémon drop here are considered the gifts of nature.
2	38	124	◇ Many people would like to live in the city, and the population is constantly changing.
2	38	125	◇ White Forest is a place full of wide stretches of natural growth.
2	38	126	◇ The people love nature and live in complete harmony with it.
2	38	127	◇ Black City is a place full of tall buildings and civilization.
2	38	128	◇ This place strives to be the most advanced city in the Unova region.
2	38	129	◇ People gather to constantly develop and expand Black City.
2	38	130	◇ Many of the city's Trainers are highly competitive.
2	38	131	◇ An ongoing project is developing a huge market in the city.
2	38	132	◇ Immigration to Black City changes the logistics and the products available.
2	38	133	◇ Many people would like to live in the city, and the population is constantly changing.
2	38	134	◇ Black City is a place full of tall buildings and civilization.
2	38	135	◇ This place strives to be the most advanced city in the Unova region.
2	38	136	◇ This is a prime sightseeing spot for tourists who love ruins.
2	38	137	◇ The desert is harsh and vast. Please prepare yourself before attempting to cross it.
2	38	138	◇ Beware! Vast sandstorms can cover the entire desert.
2	38	139	◇ The researchers are investigating when the ruins were formed.
2	38	140	◇ No one knows how the ancient nation fell into ruin.
2	38	141	◇ Inside the Relic Castle, sand trickles and whispers even now.
2	38	142	◇ This is a prime sightseeing spot for tourists who love ruins.
2	38	143	◇ The desert is harsh and vast. Please prepare yourself before attempting to cross it.
2	38	144	◇ Beware! Vast sandstorms can cover the entire desert.
2	38	181	Sunny
2	38	182	Snowy
2	38	183	Rainy
2	38	184	Sandstorm
2	38	185	Sandstorm
2	38	186	Blizzard
2	38	187	Hail
2	38	188	Misty
2	38	189	A very unusual diamond dust is happening!
2	38	190	A very unusual thunderstorm is happening!
2	38	191	A very unusual strong storm is happening!
2	38	192	{00}: {01}
2	38	193	{00}
2	38	194	{00}  {01}
2	38	195	{00}  {01}  {02}
2	38	196	{00}  {01}  {02}  {03}
2	38	197	◆ A Pokémon outbreak at {00}!
2	38	205	◆ Welcome to the Hall of Fame! {06} won a victory with {00}!
2	38	206	◆ Welcome to the Hall of Fame! {06} won a victory with {00} and {01}!
2	38	207	◆ Welcome to the Hall of Fame! {06} won a victory with {00}, {01}, and {02}!
2	38	208	◆ Welcome to the Hall of Fame! {06} won a victory with {00}, {01}, {02}, and {03}!
2	38	209	◆ Welcome to the Hall of Fame! {06} won a victory with {00}, {01}, {02}, {03}, and {04}!
2	38	210	◆ Welcome to the Hall of Fame! {06} won a victory with {00}, {01}, {02}, {03}, {04}, and {05}!
2	39	0	GAME SYNC
2	39	3	Would you like to save the game?
2	39	4	YES
2	39	5	NO
2	39	6	Saving...\nDon't turn off the power.
2	39	7	Do you want to choose the\nNintendo Wi-Fi Connection settings?
2	39	8	The Pokémon has been tucked in.\nDon't turn off the power...
2	39	10	Is it OK to wake up this Pokémon?
2	39	11	The Pokémon is being woken up...\nDon't turn off the power.
2	39	12	{00} has woken up!
2	39	13	Please wait a moment...
2	39	14	{00} fell\nasleep. It's sleeping soundly!
2	39	16	Game Sync has run out of energy.\nIt will take one day to recharge it.
2	39	17	This Pokémon is not dreaming yet.
2	39	19	There are no Pokémon in your PC that can\nbe sent to the Pokémon Dream World.
2	39	20	This Pokémon is dreaming.
2	39	21	You haven't yet received the\nDream Remnants from last time.\n\nYou'll lose it if you wake this Pokémon up\nto receive new Dream Remnants.\n\nIs it OK to wake up this Pokémon?
2	39	22	{00} has gained\n{01} level(s).
2	39	23	C-Gear skin has changed.\nMusical show has changed.\nPokédex skin has changed.
2	39	24	C-Gear skin has changed.
2	39	25	Musical show has changed.
2	39	26	Pokédex skin has changed.
2	39	27	C-Gear skin has changed.\nMusical show has changed.
2	39	28	Musical show has changed.\nPokédex skin has changed.
2	39	29	C-Gear skin has changed.\nPokédex skin has changed.
2	39	30	An error occurred on the server.\nPlease try again.\n\nIf this does not solve the problem,\nrefer to the “Troubleshooting"\nsection of your Instruction Booklet.\n\nError Code: 13201
2	39	31	An error occurred on the server.\nPlease try again.\n\nIf this does not solve the problem,\nrefer to the “Troubleshooting"\nsection of your Instruction Booklet.\n\nError Code: 13202
2	39	32	A communication error occurred.\nPlease try again.\n\nIf this does not solve the problem,\nplease refer to the “Troubleshooting"\nsection of your Instruction Booklet.\n\nError Code: 13203
2	39	33	A communication error occurred.\nPlease try again.\n\nIf this does not solve the problem,\nrefer to the “Troubleshooting"\nsection of your Instruction Booklet.\n\nError Code: 13204
2	39	34	An error occurred on the server.\nPlease try again.\n\nIf this does not solve the problem,\nrefer to the “Troubleshooting"\nsection of your Instruction Booklet.\n\nError Code: 13205
2	39	35	This service has been discontinued.\n\nError Code: 13206
2	39	36	A communication error occurred.\nPlease try again.\n\nIf this does not solve the problem,\nrefer to the “Troubleshooting"\nsection of your Instruction Booklet.\n\nError Code: 13207
2	39	37	An error occurred on the server.\nPlease try again.\n\nIf this does not solve the problem,\nrefer to the “Troubleshooting"\nsection of your Instruction Booklet.\n\nError Code: 13208
2	39	38	A communication error occurred.\nPlease try again.\n\nIf this does not solve the problem,\nrefer to the “Troubleshooting"\nsection of your Instruction Booklet.\n\nError Code: 13209
2	39	39	An error occurred on the server.\nPlease try again.\n\nIf this does not solve the problem,\nrefer to the “Troubleshooting"\nsection of your Instruction Booklet.\n\nError Code: 13210
2	39	40	The server is experiencing high\ntraffic volumes.\nUnable to connect.\nPlease wait a little while and try again.\n\nError Code: 13211
2	39	41	The server is undergoing maintenance.\nYou can review the details at the\nPokémon Global Link website.\nhttp://www.pokemon-gl.com\n\nError Code: 13212
2	39	42	You can let your Pokémon play\nin the Pokémon Dream World on the Internet.
2	39	43	You must set up\nthe Game Sync settings\nto play Pokémon Dream World.
2	39	44	Please read the Instruction Booklet\nfor details about Game Sync settings.
2	39	45	{00} has woken up!
2	39	46	There is already a saved game file.\nIt is impossible to save.\n\nPlease refer to the Instruction\nBooklet for details.\n\nPress Up + SELECT + B Button\non the title screen to erase\n\nthe current saved game file.
2	39	47	Your Game Sync ID has been issued.\n\nYou can check your Game Sync ID\nin Game Sync Settings on the main menu.
2	39	48	Access the Pokémon Global Link website\nat http://www.pokemon-gl.com/\nand complete the setup\nto use all features of Game Sync.\n\nRead the Instruction Booklet\nfor complete details.
2	39	49	Your PC is full!\n\nYou must have one empty place\navailable to wake up the Pokémon.
2	40	0	TRADE WITH ANYONE
2	40	1	TRADE RENDEZVOUS
2	40	2	TRADE WANTED
2	40	3	LEVEL
2	40	4	Lv. 1 through 49
2	40	5	Lv. 50
2	40	6	Lv. 51 through 100
2	40	7	Any kind
2	40	8	COOL
2	40	9	CUTE
2	40	10	SCARY
2	40	11	STRANGE
2	40	12	ANY KIND
2	40	13	TRADE SEARCH
2	40	14	Searching for the right person\nto trade with...
2	40	15	CANCEL
2	40	16	Getting information from the other person...
2	40	17	A trade partner has been found!
2	40	18	SEARCH
2	40	19	Please select who you wish\nto trade with.
2	40	20	Please press “SEARCH" when you've\nchosen the desired trade conditions.
2	40	23	WANT
2	40	24	HAVE
2	40	25	YES
2	40	26	NO
2	40	27	YES
2	40	28	{00} ID: {01}\n{02}
2	40	29	You have no one to Rendezvous with...
2	40	30	SELECT FOR RENDEZVOUS
2	40	31	Will you Rendezvous with this person?
2	40	32	Please select how your trade\npartner is chosen.
2	40	33	CANCEL
2	40	34	{00}\n{01}
2	40	35	GREETINGS
2	40	36	{00}
2	40	37	{00}
2	40	39	The trade will be started.
2	40	40	NO. OF TRADES
2	40	41	LOCATION
2	40	42	Is it OK to disconnect from\nNintendo Wi-Fi Connection?
2	40	43	You need at least two Pokémon\nif you want to trade!
2	40	44	RENDEZVOUS WITH ANY
2	40	45	Will you trade with someone\nyou have traded with before?
2	40	46	さくじょします
2	40	47	９９ついかします
2	41	0	Please stand by...
2	41	1	{00}
2	41	2	{01} received\n{02}'s Egg!
2	41	3	Landed on a Bonus Area!\nReceived a free {00}!
2	41	4	Oh, no. The Bag is full...\nThe Berry had to be refused.
2	41	5	Communicating. Please stand by...
2	41	6	A member dropped out.\nThe Spin Trade will be canceled.
2	41	7	The leader had to drop out.\nThe Spin Trade will be canceled.
2	41	8	Communication error...\nThe Spin Trade will be canceled.
2	41	9	Time has run out.\nThe Spin Trade will be canceled.
2	41	10	Communicating.\nPlease stand by...
2	41	11	Saving...\nDon't turn off the power.
2	41	12	There is an Egg that can't be traded.\nSpin Trade will be canceled.
2	42	0	{00}
2	42	1	ID {00}
2	42	2	When the group is ready:\nA Button: Proceed   B Button: Cancel
2	42	3	Is this group OK?
2	42	4	Cancel the Spin Trade?
2	42	5	The Spin Trade will be canceled.
2	42	6	A member has dropped out.
2	42	7	There are no members.\nThe Spin Trade will be canceled.
2	42	8	Please wait.\nB Button: Cancel
2	42	9	A member dropped out.\nThe Spin Trade will be canceled.
2	42	10	Cancel the Spin Trade?
2	42	11	The Spin Trade will be canceled.
2	42	13	The Spin Trade is done!\nYou will be returned to the Union Room.
2	42	14	If the leader drops out, the group will\nbe disbanded. Is that OK?
2	42	15	{00} has left.
2	42	16	{00}, the leader, has left.\nThe group will be disbanded.
2	42	17	Seeking a Spin Trade!
2	42	18	Spin Trade in progress!
2	42	19	Yes
2	42	20	No
2	43	0	This & That
2	43	1	Exercising
2	43	2	Reading
2	43	3	Music
2	43	4	Movies
2	43	5	Traveling
2	43	6	Cooking
2	43	7	Fishing
2	43	8	Video Games
2	44	5	Creating save data.\nPlease wait...
2	44	6	Hi there!\n\nWelcome to the world of Pokémon!\n\n
2	44	7	My name is Professor Juniper.\nEveryone calls me the Pokémon Professor!\n\n
2	44	8	That's right! This world is widely\ninhabited by mysterious creatures\n\ncalled Pokémon!\n\n
2	44	9	Pokémon have mysterious powers.\nThey come in many shapes\n\nand live in many different places.\n\nWe humans live happily with Pokémon!\nLiving and working together,\n\nwe complement each other.\n\nWe help each other out to\naccomplish difficult tasks.\n\nHaving Pokémon battle one another\nis particularly popular, and it deepens\n\nthe bonds between people and Pokémon.\n\nAnd that is why I research Pokémon.\n\n
2	44	10	Well, that's enough from me...\nCould you tell me about yourself?\n\n
2	44	11	Are you a boy?\nOr a girl?\n\n
2	44	12	You're a boy, right?\n\n
2	44	13	You're a girl, right?\n\n
2	44	16	I'd like to know your name.\n\nPlease tell me.\n\n
2	44	17	Your name is {00}?\n\n
2	44	18	Your name is {00}?\n\n
2	44	19	Yes
2	44	20	No
2	44	21	So your name's {00}.\nWhat a wonderful name!\n\n
2	44	22	Well then. I'm going to introduce you\nto your two best friends!\n\n
2	44	23	This young man is Cheren.\n\nHe can be a little difficult, but\nhe's a very honest person.\n\n
2	44	24	This young woman is Bianca.\n\nShe's a little flighty,\nbut she works very hard.\n\n
2	44	25	I think you three have potential,\nso I'm going to give you\n\na very, very important Pokémon.\n\n
2	44	26	{00}!\n\nThe moment you choose the\nPokémon that will accompany\n\nyou on your journey,\n\nyour story will truly begin.\n\nDuring your journey, you will meet many\nPokémon and people with different\n\npersonalities and points of view!\n\nI really hope you find what is important\nto you in all of these travels...\n\nThat's right! Befriend\nnew people and Pokémon and\n\ngrow as a person!\n\nThat is the most important goal\nfor your journey!\n\nLet's go visit the world of Pokémon!\n\n
2	45	20	Communication will be ended.
2	45	29	{00} entered {01}'s\nEntralink.
2	45	30	{00} returned\nto the Entralink.
2	45	31	Connected to {00}'s world!
2	45	32	{00} left\nfor the home Entralink.
2	45	33	The mission will begin soon. Please\ntap JOIN if you want to participate.
2	45	34	The mission will begin soon...\nPlease wait a moment.
2	45	35	Seems busy with a mission...
2	45	36	The mission is complete.
2	45	37	The mission failed...
2	45	38	{00} received Pass Power\nfrom {01}'s Entralink.
2	45	39	{00} received Pass Power\nfrom the Entralink.
2	45	40	This is where {00} is.
2	45	41	Connecting to {00}'s world...\nPlease wait a moment.
2	45	42	Connecting to {00}'s and\n{01}'s world... Please wait a moment.
2	45	43	↑: {00} is this way!
2	45	44	↓: {00} is this way!
2	45	45	→: {00} is this way!
2	45	46	←: {00} is this way!
2	45	47	?: {00}'s presence disappeared.\n   Must be hiding somewhere around here.
2	45	48	You've never been here before.
2	45	49	Someone is nearby,\nvisiting your world.
2	45	50	Someone is visiting\nyour world.
2	45	51	Connecting... Searching for someone\nnear your Entralink.
2	45	52	Someone is visiting\nyour world.
2	45	53	Another person's world\nis about to disappear.
2	45	54	{00} is battling here.
2	45	55	Tap where the adventurer is\nto warp to that place.
2	45	56	Tap where the adventurer is\nto warp to that place.
2	45	57	Tap where the adventurer is\nto warp to that place.
2	45	58	Tap where the adventurer is\nto warp to that place.
2	45	59	Tap where you want to hide the item\nto warp to that place.
2	45	60	Tap where the adventurer is\nto warp to that place.
2	45	66	Tap it to go to the Entralink.
2	45	67	OWN WORLD
2	45	68	{00}'S WORLD
2	45	69	JOIN
2	45	70	BACK
2	45	73	Checked your Entree.
2	45	74	Checked {00}'s\nEntree.
2	45	78	You are back in your own world.\nYou look normal!
2	45	79	You are in the middle of a mission.\nCannot go to another Entralink!
2	45	80	You are in the middle of a mission.\nCannot go to another Entralink!
2	45	81	You are in {00}'s world.\nYou look different!
2	45	82	...Not connected to any other\nworlds yet.
2	45	83	Please wait until\nsomeone else's world is found.
2	45	84	You can go back to your\nown world from here.\n\nDo you want to go back?
2	45	86	The other world has vanished,\nand you are back in your own Entralink.
2	45	87	Mission failed!\nYour mission partner was faster...\n\nThe other world has vanished,\nand you are back in your own Entralink.
2	45	88	Mission failed!\nThe time ran out...\n\nThe other world has vanished,\nand you are back in your own Entralink.
2	45	89	You've been sent back to\nyour own Entralink abruptly!\n\nThe connection with the other\nEntralink was lost.
2	45	90	You've been sent back to\nyour own Entralink abruptly!\n\nThe connection with the other\nEntralink was lost.
2	45	92	Mission failed!\nThe other person refused the offer...\n\nThe other world has vanished,\nand you are back in your own Entralink.
2	45	96	The mission to save yourself\nhas started. You will return\n\nto your own world.\n\n
2	46	0	BATTLE
2	46	1	TRADE
2	46	2	QUIT
2	46	3	BATTLES FOR TWO
2	46	4	BATTLES FOR FOUR
2	46	5	SINGLE BATTLE
2	46	6	DOUBLE BATTLE
2	46	7	TRIPLE BATTLE
2	46	8	Make an Infrared Connection\nwith your opponent(s).
2	46	9	Make an Infrared Connection\nwith your partner.
2	46	11	Make an Infrared Connection\nwith your opponents' leader.
2	46	12	Please wait a moment.
2	46	13	FRIEND CODE
2	46	14	FEELING\nCHECK
2	46	15	Will you quit?
2	46	16	Make an Infrared Connection\nwith your trade partner.
2	46	23	Please wait a moment.
2	46	24	You and your friend(s) did not select the\nsame thing. Returning to previous menu.
2	46	25	Would you like to save the game?
2	46	26	YES
2	46	27	NO
2	46	28	Saving...\nDon't turn off the power.
2	46	29	The trade will be started...\nPlease wait a moment.
2	46	30	The battle will be started...\nPlease wait a moment.
2	46	31	ROTATION BATTLE
2	46	32	Please make an Infrared Connection\nwith a friend to exchange Friend Codes.
2	46	33	Your Friend Roster is full.\nYou cannot register a new friend.
2	46	34	Registered Friends\n{00}/32
2	46	35	CONFIRM
2	46	36	Is the number of members OK?
2	46	37	Please make an Infrared Connection\nwith all of the participants.
2	46	38	Make an Infrared Connection with the\nleader who decided the show.
2	46	39	Communicating with {00} people.\nCONFIRM: Proceed
2	46	40	BATTLE USING THE BATTLE BOX
2	46	41	BATTLE USING YOUR PARTY
2	46	42	Your friend has been registered\nin the Friend Roster!
2	46	43	The Friend Roster has been updated!
2	46	44	You need at least two Pokémon\nin your party if you want to trade!
2	46	45	There is already a saved game file.\nIt is impossible to save.\n\nPlease refer to the Instruction\nBooklet for details.\n\nPress Up + SELECT + B Button on\nthe title screen if you want to erase\n\nthe current saved game file.
2	46	46	Please make an Infrared Connection\nwith the friend you want to play with.
2	47	0	Place your left thumb in the\noutline gently.
2	47	1	Checking how synchronized\nyou are with {00}...
2	47	2	Keep your left thumb steady,\nand put your right thumb on the outline.
2	47	3	Check complete. Create an Infrared\nConnection with the other Trainer.
2	47	4	Checking...\nPlease maintain the Infrared Connection.
2	47	5	You've created an Infrared Connection!
2	47	6	The connection was interrupted.\nPlease create a new Infrared Connection.
2	47	11	If nothing happens, place your thumb\non the outline again.
2	47	16	SYNC CHECK
2	47	17	Please remove both your thumbs from the\nscreen, and start again with the left thumb.
2	49	2	You've created an Infrared Connection!
2	49	3	Create an Infrared Connection to start\nthe Feeling Check with someone.
2	49	4	Checking...\nPlease maintain the Infrared Connection.
2	49	5	Tap the menu in the Touch Screen\nto begin!
2	49	6	BEGIN CHECK
2	49	7	RANKING
2	49	8	CANCEL
2	49	9	BACK
2	49	10	FEELING CHECK
2	50	0	{00}'S FEELING RANKING
2	50	1	RANK
2	50	2	NAME
2	50	3	SCORE
2	50	4	COUNT
2	50	5	{00}
2	50	6	{01}
2	50	7	{02}
2	50	8	{03}
2	51	0	The Feeling Check results for\nyou and {00} show that...
2	51	1	RESULTS
2	51	2	You are touching the screen incorrectly. \nPlease play according to the guide.
2	51	3	Your feelings are at Rank I!\nClose enough to say a friendly hello.
2	51	4	Your feelings are at Rank H!\nYou have an interest in each other.
2	51	5	Your feelings are at Rank G!\nClose enough to go for a walk together.
2	51	6	Your feelings are at Rank F!\nYou probably have nicknames for each other.
2	51	7	Your feelings are at Rank E!\nYou are as close as best friends.
2	51	8	Your feelings are at Rank D!\nClose enough to make good-night calls.
2	51	9	Your feelings are at Rank C!\nClose enough for traveling together.
2	51	10	Your feelings are at Rank B!\nEverybody's quite envious of you two.
2	51	11	Your feelings are at Rank A!\nYou are emotionally united.
2	51	12	Your feelings are at Rank S!\nUndoubtedly a fated pair!
2	51	13	{00} put the {02} {01}\nin the Medicine Case.
2	51	14	{00} put the {02} {01}\nin the Medicine Case.
2	51	15	Too bad!\nThe Bag is full...
2	52	0	Tap the Touch Screen ten times\nin any rhythm you like.
2	52	1	Check complete. Create an Infrared\nConnection with the other Trainer.
2	52	2	Checking...\nPlease maintain the Infrared Connection.
2	52	3	You've created an Infrared Connection!
2	52	4	The connection was interrupted.\nPlease realign your infrared Game Cards.
2	52	7	RHYTHM CHECK
2	53	0	???
2	53	1	The best Ball with the ultimate level of\nperformance. It will catch any wild\nPokémon without fail.
2	53	2	An ultra-performance Ball that\nprovides a higher Pokémon catch rate\nthan a Great Ball.
2	53	3	A good, high-performance Ball that\nprovides a higher Pokémon catch rate\nthan a standard Poké Ball.
2	53	4	A device for catching wild Pokémon.\nIt is thrown like a ball at the target.\nIt is designed as a capsule system.
2	53	5	A special Poké Ball that is used only in\nthe Great Marsh. It is decorated in a\ncamouflage pattern.
2	53	6	A somewhat different Poké Ball that\nworks especially well on Water- and\nBug-type Pokémon.
2	53	7	A somewhat different Poké Ball that\nworks especially well on Pokémon that\nlive underwater.
2	53	8	A somewhat different Poké Ball that\nworks especially well on weaker\nPokémon in the wild.
2	53	9	A somewhat different Poké Ball that\nworks especially well on Pokémon\nspecies that were previously caught.
2	53	10	A somewhat different Ball that\nbecomes progressively better the\nmore turns there are in a battle.
2	53	11	A comfortable Poké Ball that makes a\ncaught wild Pokémon quickly grow\nfriendly.
2	53	12	A somewhat rare Poké Ball that has\nbeen specially made to commemorate\nan event of some sort.
2	53	13	A somewhat different Poké Ball that\nmakes it easier to catch wild Pokémon\nat night or in dark places like caves.
2	53	14	A remedial Poké Ball that restores the\ncaught Pokémon's HP and eliminates\nany status problem.
2	53	15	A somewhat different Poké Ball that\nprovides a better catch rate if it is\nused at the start of a wild encounter.
2	53	16	A quite rare Poké Ball that has been\nspecially crafted to commemorate\nan occasion of some sort.
2	53	17	A spray-type medicine for wounds.\nIt restores the HP of one Pokémon by\njust 20 points.
2	53	18	A spray-type medicine.\nIt lifts the effect of poison from one\nPokémon.
2	53	19	A spray-type medicine.\nIt heals a single Pokémon that is\nsuffering from a burn.
2	53	20	A spray-type medicine.\nIt defrosts a Pokémon that has been\nfrozen solid.
2	53	21	A spray-type medicine.\nIt awakens a Pokémon from the\nclutches of sleep.
2	53	22	A spray-type medicine.\nIt eliminates paralysis from a single\nPokémon.
2	53	23	A medicine that fully restores the HP\nand heals any status problems of a\nsingle Pokémon.
2	53	24	A spray-type medicine for wounds.\nIt completely restores the HP of a\nsingle Pokémon.
2	53	25	A spray-type medicine for wounds.\nIt restores the HP of one Pokémon by\n200 points.
2	53	26	A spray-type medicine for wounds.\nIt restores the HP of one Pokémon by\n50 points.
2	53	27	A spray-type medicine.\nIt heals all the status problems of a\nsingle Pokémon.
2	53	28	A medicine that revives a fainted\nPokémon. It restores half the\nPokémon's maximum HP.
2	53	29	A medicine that revives a fainted\nPokémon. It fully restores the\nPokémon's HP.
2	53	30	Water with a high mineral content.\nIt restores the HP of one Pokémon by\n50 points.
2	53	31	A fizzy soda drink.\nIt restores the HP of one Pokémon by\n60 points.
2	53	32	A very sweet drink.\nIt restores the HP of one Pokémon by\n80 points.
2	53	33	Milk with a very high nutrition content.\nIt restores the HP of one Pokémon by\n100 points.
2	53	34	A very bitter medicine powder.\nIt restores the HP of one Pokémon by\n50 points.
2	53	35	A very bitter root.\nIt restores the HP of one Pokémon by\n200 points.
2	53	36	A very bitter medicine powder.\nIt heals all the status problems of a\nsingle Pokémon.
2	53	37	A very bitter medicinal herb.\nIt revives a fainted Pokémon, fully\nrestoring its HP.
2	53	38	It restores the PP of a Pokémon's\nselected move by a maximum of\n10 points.
2	53	39	It fully restores the PP of a single\nselected move that has been learned\nby the target Pokémon.
2	53	40	It restores the PP of all the\nmoves learned by the targeted Pokémon\nby 10 points each.
2	53	41	It fully restores the PP of all the\nmoves learned by the targeted\nPokémon.
2	53	42	Lavaridge Town's local specialty.\nIt heals all the status problems of\none Pokémon.
2	53	43	A 100% pure juice made of Berries.\nIt restores the HP of one Pokémon by\njust 20 points.
2	53	44	It revives all fainted Pokémon.\nIn doing so, it also fully restores\ntheir HP.
2	53	45	A nutritious drink for Pokémon.\nIt raises the base HP of a single\nPokémon.
2	53	46	A nutritious drink for Pokémon.\nIt raises the base Attack stat of a\nsingle Pokémon.
2	53	47	A nutritious drink for Pokémon.\nIt raises the base Defense stat of a\nsingle Pokémon.
2	53	48	A nutritious drink for Pokémon.\nIt raises the base Speed stat of a\nsingle Pokémon.
2	53	49	A nutritious drink for Pokémon.\nIt raises the base Sp. Atk (Special\nAttack) stat of a single Pokémon.
2	53	50	A candy that is packed with energy.\nIt raises the level of a single Pokémon\nby one.
2	53	51	It slightly raises the maximum PP of\na selected move that has been learned\nby the target Pokémon.
2	53	52	A nutritious drink for Pokémon.\nIt raises the base Sp. Def (Special\nDefense) stat of a single Pokémon.
2	53	53	It maximally raises the top PP of a\nselected move that has been learned\nby the target Pokémon.
2	53	54	Old Chateau's hidden specialty.\nIt heals all the status problems of a\nsingle Pokémon.
2	53	55	An item that prevents stat reduction\namong the Trainer's party Pokémon\nfor five turns after use.
2	53	56	It raises the critical-hit ratio greatly.\nIt can be used only once and wears off\nif the Pokémon is withdrawn.
2	53	57	An item that raises the Attack stat\nof a Pokémon in battle. It wears off if\nthe Pokémon is withdrawn.
2	53	58	An item that raises the Defense stat\nof a Pokémon in battle. It wears off if\nthe Pokémon is withdrawn.
2	53	59	An item that raises the Speed stat\nof a Pokémon in battle. It wears off if\nthe Pokémon is withdrawn.
2	53	60	An item that raises the accuracy\nof a Pokémon in battle. It wears off if\nthe Pokémon is withdrawn.
2	53	61	An item that raises the Sp. Atk stat\nof a Pokémon in battle. It wears off if\nthe Pokémon is withdrawn.
2	53	62	An item that raises the Sp. Def stat\nof a Pokémon in battle. It wears off if\nthe Pokémon is withdrawn.
2	53	63	A doll that attracts Pokémon.\nUse it to flee from any battle with a\nwild Pokémon.
2	53	64	An item that attracts Pokémon.\nUse it to flee from any battle with a\nwild Pokémon.
2	53	65	A toy flute made from blue glass.\nA maniac will buy it for a high price.
2	53	66	A toy flute made from yellow glass.\nA maniac will buy it for a high price.
2	53	67	A toy flute made from red glass.\nA maniac will buy it for a high price.
2	53	68	A toy flute made from black glass.\nA maniac will buy it for a high price.
2	53	69	A toy flute made from white glass.\nA maniac will buy it for a high price.
2	53	70	Pure salt that can be discovered deep\ninside the Shoal Cave.\nA maniac will buy it for a high price.
2	53	71	A pretty seashell that can be found \ndeep inside the Shoal Cave.\nA maniac will buy it for a high price.
2	53	72	A small red shard.\nIt appears to be from some sort of\nimplement made long ago.
2	53	73	A small blue shard.\nIt appears to be from some sort of\nimplement made long ago.
2	53	74	A small yellow shard.\nIt appears to be from some sort of\nimplement made long ago.
2	53	75	A small green shard.\nIt appears to be from some sort of\nimplement made long ago.
2	53	76	An item that prevents weak wild\nPokémon from appearing for 200 steps\nafter its use.
2	53	77	An item that prevents weak wild\nPokémon from appearing for 250 steps\nafter its use.
2	53	78	A long, durable rope.\nUse it to escape instantly from a cave\nor a dungeon.
2	53	79	An item that prevents weak wild\nPokémon from appearing for 100 steps\nafter its use.
2	53	80	A peculiar stone that makes certain\nspecies of Pokémon evolve.\nIt is as red as the sun.
2	53	81	A peculiar stone that makes certain\nspecies of Pokémon evolve.\nIt is as black as the night sky.
2	53	82	A peculiar stone that makes certain\nspecies of Pokémon evolve.\nIt is colored orange.
2	53	83	A peculiar stone that makes certain\nspecies of Pokémon evolve.\nIt has a thunderbolt pattern.
2	53	84	A peculiar stone that makes certain\nspecies of Pokémon evolve.\nIt is a clear, light blue.
2	53	85	A peculiar stone that makes certain\nspecies of Pokémon evolve.\nIt has a leaf pattern.
2	53	86	A small and rare mushroom.\nIt is sought after by collectors.
2	53	87	A large and rare mushroom.\nIt is sought after by collectors.
2	53	88	A somewhat-small pearl that sparkles\nin a pretty silver color.\nIt can be sold cheaply to shops.
2	53	89	A quite-large pearl that sparkles in a\npretty silver color. It can be sold at\na high price to shops.
2	53	90	Lovely, red-colored sand with a loose,\nsilky feel. It can be sold at a high\nprice to shops.
2	53	91	A shard of a pretty gem that sparkles\nin a red color. It can be sold at a\nhigh price to shops.
2	53	92	A nugget of pure gold that gives off a\nlustrous gleam. It can be sold at a\nhigh price to shops.
2	53	93	A pretty, heart-shaped scale that is\nextremely rare. It glows faintly in the\ncolors of the rainbow.
2	53	94	A sweet honey with a lush aroma that\nattracts wild Pokémon when it is used\nin grass, caves, or on special trees.
2	53	95	A fertilizer to be spread on soft soil\nin regions where Berries are grown.\nA maniac will buy it for a high price.
2	53	96	A fertilizer to be spread on soft soil\nin regions where Berries are grown.\nA maniac will buy it for a high price.
2	53	97	A fertilizer to be spread on soft soil\nin regions where Berries are grown.\nA maniac will buy it for a high price.
2	53	98	A fertilizer to be spread on soft soil\nin regions where Berries are grown.\nA maniac will buy it for a high price.
2	53	99	A fossil of an ancient Pokémon that\nlived in the sea. It appears to be\npart of a plant root.
2	53	100	A fossil of an ancient Pokémon that\nlived in the sea. It appears to be\npart of a claw.
2	53	101	A fossil of an ancient Pokémon that\nlived in the sea. It appears to be\npart of a seashell.
2	53	102	A fossil of an ancient Pokémon that\nlived in the sea. It appears to be\npart of a shell.
2	53	103	A piece of amber that contains the\ngenetic material of an ancient Pokémon.\nIt is clear with a reddish tint.
2	53	104	A fossil from a prehistoric Pokémon\nthat lived on the land. It appears to\nbe part of a collar.
2	53	105	A fossil from a prehistoric Pokémon\nthat lived on the land. It appears to\nbe part of a head.
2	53	106	A bone that is extremely valuable for\nPokémon archeology. It can be sold\nfor a high price to shops.
2	53	107	A peculiar stone that makes certain\nspecies of Pokémon evolve.\nIt shines with a dazzling light.
2	53	108	A peculiar stone that makes certain\nspecies of Pokémon evolve.\nIt is as dark as dark can be.
2	53	109	A peculiar stone that makes certain\nspecies of Pokémon evolve.\nIt sparkles like eyes.
2	53	110	A peculiar stone that makes certain\nspecies of Pokémon evolve.\nIt is shaped like an egg.
2	53	111	A vital item that is needed to keep a\nstone tower from collapsing. Voices\ncan be heard from it occasionally.
2	53	112	A glowing orb to be held by Giratina.\nIt boosts the power of Dragon- and\nGhost-type moves.
2	53	116	A cassette to be held by Genesect.\nIt changes Techno Blast to a\nWater-type move.
2	53	117	A cassette to be held by Genesect.\nIt changes Techno Blast to an\nElectric-type move.
2	53	118	A cassette to be held by Genesect.\nIt changes Techno Blast to a\nFire-type move.
2	53	119	A cassette to be held by Genesect.\nIt changes Techno Blast to an\nIce-type move.
2	53	134	Very sweet chocolate.  \nIt restores the HP of one Pokémon\nby only 20 points.
2	53	135	A brightly gleaming orb to be held by\nDialga. It boosts the power of Dragon-\nand Steel-type moves.
2	53	136	A beautifully glowing orb to be held by\nPalkia. It boosts the power of Dragon-\nand Water-type moves.
2	53	137	Stationery designed for\nintroductory greetings.\nLet a Pokémon hold it for delivery.
2	53	138	Stationery designed for\nwriting about your favorite things.\nLet a Pokémon hold it for delivery.
2	53	139	Stationery designed for\ninvitations.\nLet a Pokémon hold it for delivery.
2	53	140	Stationery designed for\na thank-you note.\nLet a Pokémon hold it for delivery.
2	53	141	Stationery designed for\nwriting questions. \nLet a Pokémon hold it for delivery.
2	53	142	Stationery designed for\nwriting recommendations.\nLet a Pokémon hold it for delivery.
2	53	143	Stationery designed for\nwriting a reply. \nLet a Pokémon hold it for delivery.
2	53	144	Stationery featuring a print of \na sky-piercing bridge.  \nLet a Pokémon hold it for use.
2	53	145	Stationery featuring a print of\na red drawbridge. \nLet a Pokémon hold it for use.
2	53	146	Stationery featuring a print of\na steel suspension bridge. \nLet a Pokémon hold it for use.
2	53	147	Stationery featuring a print of\na brick bridge.\nLet a Pokémon hold it for use.
2	53	148	Stationery featuring a print of\nan arched bridge.\nLet a Pokémon hold it for use.
2	53	149	If held by a Pokémon, \nit recovers from paralysis.
2	53	150	If held by a Pokémon,\nit recovers from sleep.
2	53	151	If held by a Pokémon,\nit recovers from poison.
2	53	152	If held by a Pokémon,\nit recovers from a burn.
2	53	153	If held by a Pokémon,\nit defrosts it.
2	53	154	If held by a Pokémon,\nit restores a move's PP by 10.
2	53	155	If held by a Pokémon, \nit heals the user by just 10 HP.
2	53	156	If held by a Pokémon,\nit recovers from confusion.
2	53	157	If held by a Pokémon,\nit recovers from any status problem.
2	53	158	If held by a Pokémon,\nit heals the user's HP a little.
2	53	159	If held by a Pokémon, it restores the\nuser's HP in a pinch, but will cause\nconfusion if it hates the taste.
2	53	160	If held by a Pokémon, it restores the\nuser's HP in a pinch, but will cause\nconfusion if it hates the taste.
2	53	161	If held by a Pokémon, it restores the\nuser's HP in a pinch, but will cause\nconfusion if it hates the taste.
2	53	162	If held by a Pokémon, it restores the\nuser's HP in a pinch, but will cause\nconfusion if it hates the taste.
2	53	163	If held by a Pokémon, it restores the\nuser's HP in a pinch, but will cause\nconfusion if it hates the taste.
2	53	164	A Berry which is very rare in the\nUnova region.\nA maniac will buy it for a high price.
2	53	165	A Berry which is very rare in the\nUnova region.\nA maniac will buy it for a high price.
2	53	166	A Berry which is very rare in the\nUnova region.\nA maniac will buy it for a high price.
2	53	167	A Berry which is very rare in the\nUnova region.\nA maniac will buy it for a high price.
2	53	168	A Berry which is very rare in the\nUnova region.\nA maniac will buy it for a high price.
2	53	169	Using it on a Pokémon makes it more\nfriendly, but it also lowers its base HP.
2	53	170	Using it on a Pokémon makes it more\nfriendly, but it also lowers its base\nAttack stat.
2	53	171	Using it on a Pokémon makes it more\nfriendly, but it also lowers its base\nDefense stat.
2	53	172	Using it on a Pokémon makes it more\nfriendly, but it also lowers its base\nSp. Atk stat.
2	53	173	Using it on a Pokémon makes it more\nfriendly, but it also lowers its base\nSp. Def stat.
2	53	174	Using it on a Pokémon makes it more\nfriendly, but it also lowers its base\nSpeed stat.
2	53	175	A Berry which is very rare in the\nUnova region.\nA maniac will buy it for a high price.
2	53	176	A Berry which is very rare in the\nUnova region.\nA maniac will buy it for a high price.
2	53	177	A Berry which is very rare in the\nUnova region.\nA maniac will buy it for a high price.
2	53	178	A Berry which is very rare in the\nUnova region.\nA maniac will buy it for a high price.
2	53	179	A Berry which is very rare in the\nUnova region.\nA maniac will buy it for a high price.
2	53	180	A Berry which is very rare in the\nUnova region.\nA maniac will buy it for a high price.
2	53	181	A Berry which is very rare in the\nUnova region.\nA maniac will buy it for a high price.
2	53	182	A Berry which is very rare in the\nUnova region.\nA maniac will buy it for a high price.
2	53	183	A Berry which is very rare in the\nUnova region.\nA maniac will buy it for a high price.
2	53	184	Weakens a supereffective Fire-type\nattack against the holding Pokémon.
2	53	185	Weakens a supereffective Water-type\nattack against the holding Pokémon.
2	53	186	Weakens a supereffective Electric-type\nattack against the holding Pokémon.
2	53	187	Weakens a supereffective Grass-type\nattack against the holding Pokémon.
2	53	188	Weakens a supereffective Ice-type\nattack against the holding Pokémon.
2	53	189	Weakens a supereffective Fighting-type\nattack against the holding Pokémon.
2	53	190	Weakens a supereffective Poison-type\nattack against the holding Pokémon.
2	53	191	Weakens a supereffective Ground-type\nattack against the holding Pokémon.
2	53	192	Weakens a supereffective Flying-type\nattack against the holding Pokémon.
2	53	193	Weakens a supereffective Psychic-type\nattack against the holding Pokémon.
2	53	194	Weakens a supereffective Bug-type\nattack against the holding Pokémon.
2	53	195	Weakens a supereffective Rock-type\nattack against the holding Pokémon.
2	53	196	Weakens a supereffective Ghost-type\nattack against the holding Pokémon.
2	53	197	Weakens a supereffective Dragon-type\nattack against the holding Pokémon.
2	53	198	Weakens a supereffective Dark-type\nattack against the holding Pokémon.
2	53	199	Weakens a supereffective Steel-type\nattack against the holding Pokémon.
2	53	200	Weakens a Normal-type attack against\nthe Pokémon holding this berry.
2	53	201	If held by a Pokémon, it raises its\nAttack stat in a pinch.
2	53	202	If held by a Pokémon, it raises its\nDefense stat in a pinch.
2	53	203	If held by a Pokémon, it raises its\nSpeed stat in a pinch.
2	53	204	If held by a Pokémon, it raises its\nSp. Atk stat in a pinch.
2	53	205	If held by a Pokémon, it raises its\nSp. Def stat in a pinch.
2	53	206	If held by a Pokémon, it raises its\ncritical-hit ratio in a pinch.
2	53	207	If held by a Pokémon, it sharply raises\none of its stats in a pinch.
2	53	208	If held by a Pokémon, it restores\nits HP if it is hit by any\nsupereffective attack.
2	53	209	If held by a Pokémon, it raises the\naccuracy of a move just once in a pinch.
2	53	210	If held by a Pokémon, it gets to move\nfirst just once in a pinch.
2	53	211	If held by a Pokémon and a physical\nattack lands, the attacker also\ntakes damage.
2	53	212	If held by a Pokémon and a special\nattack lands, the attacker also\ntakes damage.
2	53	213	An item to be held by a Pokémon.\nIt casts a tricky glare that lowers\nthe opponent's accuracy.
2	53	214	An item to be held by a Pokémon.\nIt restores any lowered stat in\nbattle. It can be used only once.
2	53	215	An item to be held by a Pokémon. It is\na stiff and heavy brace that promotes\nstrong growth but lowers Speed.
2	53	216	An item to be held by a Pokémon.\nThe holder gets a share of a battle's\nExp. Points without battling.
2	53	217	An item to be held by a Pokémon.\nA light, sharp claw that lets the\nbearer move first occasionally.
2	53	218	An item to be held by a Pokémon. It is\na bell with a comforting chime that\ncalms the holder and makes it friendly.
2	53	219	An item to be held by a Pokémon. It\nsnaps the holder out of infatuation.\nIt can be used only once.
2	53	220	An item to be held by a Pokémon.\nThis headband ups Attack, but allows\nthe use of only one of its moves.
2	53	221	An item to be held by a Pokémon.\nWhen the holder inflicts damage,\nthe target may flinch.
2	53	222	An item to be held by a Pokémon.\nIt is a shiny, silver powder that ups\nthe power of Bug-type moves.
2	53	223	An item to be held by a Pokémon.\nIt doubles a battle's prize money if\nthe holding Pokémon joins in.
2	53	224	An item to be held by a Pokémon.\nIt helps keep wild Pokémon away if the\nholder is the first one in the party.
2	53	225	A wondrous orb to be held by Latios\nor Latias. It raises both the\nSp. Atk and Sp. Def stats.
2	53	226	An item to be held by Clamperl.\nA fang that gleams a sharp silver, it\nraises the Sp. Atk stat.
2	53	227	An item to be held by Clamperl.\nA scale that shines a faint pink, it\nraises the Sp. Def stat.
2	53	228	An item to be held by a Pokémon.\nIt enables the holder to flee from any\nwild Pokémon without fail.
2	53	229	An item to be held by a Pokémon.\nThe Pokémon holding this peculiar stone\nis prevented from evolving.
2	53	230	An item to be held by a Pokémon.\nThe holder may endure a potential KO\nattack, leaving it with just 1 HP.
2	53	231	An item to be held by a Pokémon.\nIt is an egg filled with happiness that\nearns extra Exp. Points in battle.
2	53	232	An item to be held by a Pokémon.\nIt is a lens that boosts the holder's\ncritical-hit ratio.
2	53	233	An item to be held by a Pokémon.\nIt is a special metallic film that ups\nthe power of Steel-type moves.
2	53	234	An item to be held by a Pokémon.\nThe holder's HP is gradually restored\nduring battle.
2	53	235	A thick and tough scale.\nDragon-type Pokémon may be holding\nthis item when caught.
2	53	236	An item to be held by Pikachu.\nIt is a puzzling orb that raises\nthe Attack and Sp. Atk stat.
2	53	237	An item to be held by a Pokémon.\nIt is a loose, silky sand that boosts\nthe power of Ground-type moves.
2	53	238	An item to be held by a Pokémon.\nIt is an unbreakable stone that ups\nthe power of Rock-type moves.
2	53	239	An item to be held by a Pokémon.\nIt is a seed imbued with life that ups\nthe power of Grass-type moves.
2	53	240	An item to be held by a Pokémon.\nIt is a shady-looking pair of glasses\nthat boosts Dark-type moves.
2	53	241	An item to be held by a Pokémon.\nIt is a belt that boosts determination\nand Fighting-type moves.
2	53	242	An item to be held by a Pokémon.\nIt is a powerful magnet that boosts\nthe power of Electric-type moves.
2	53	243	An item to be held by a Pokémon.\nIt is a teardrop-shaped gem that ups\nthe power of Water-type moves.
2	53	244	An item to be held by a Pokémon.\nIt is a long, sharp beak that boosts\nthe power of Flying-type moves.
2	53	245	An item to be held by a Pokémon.\nIt is a small, poisonous barb that ups\nthe power of Poison-type moves.
2	53	246	An item to be held by a Pokémon.\nIt is a piece of ice that repels heat\nand boosts Ice-type moves.
2	53	247	An item to be held by a Pokémon.\nIt is a sinister, eerie tag that boosts\nthe power of Ghost-type moves.
2	53	248	An item to be held by a Pokémon. It is\na spoon imbued with telekinetic power\nthat boosts Psychic-type moves.
2	53	249	An item to be held by a Pokémon.\nIt is a combustible fuel that boosts\nthe power of Fire-type moves.
2	53	250	An item to be held by a Pokémon.\nIt is a hard and sharp fang that ups\nthe power of Dragon-type moves.
2	53	251	An item to be held by a Pokémon.\nIt is a sumptuous scarf that boosts\nthe power of Normal-type moves.
2	53	252	A transparent device filled with all\nsorts of data.\nIt was produced by Silph Co.
2	53	253	An item to be held by a Pokémon.\nThe holder's HP is restored a little\nevery time it inflicts damage.
2	53	254	An item to be held by a Pokémon. It is\nincense with a curious aroma that\nboosts the power of Water-type moves.
2	53	255	An item to be held by a Pokémon. The\ntricky aroma of this incense may make\nattacks miss the holder.
2	53	256	An item to be held by Chansey. It is a\npair of gloves that boosts Chansey's\ncritical-hit ratio.
2	53	257	An item to be held by Ditto.\nExtremely fine yet hard, this odd\npowder boosts the Defense stat.
2	53	258	An item to be held by Cubone or\nMarowak. It is a hard bone of some\nsort that boosts the Attack stat.
2	53	259	An item to be held by Farfetch'd. It is\na very long and stiff stalk of leek\nthat boosts the critical-hit ratio.
2	53	260	An item to be held by a Pokémon.\nIt boosts the Cool aspect of the\nholder in a Contest.
2	53	261	An item to be held by a Pokémon.\nIt boosts the Beauty aspect of the\nholder in a Contest.
2	53	262	An item to be held by a Pokémon.\nIt boosts the Cute aspect of the\nholder in a Contest.
2	53	263	An item to be held by a Pokémon.\nIt boosts the Smart aspect of the\nholder in a Contest.
2	53	264	An item to be held by a Pokémon.\nIt boosts the Tough aspect of the\nholder in a Contest.
2	53	265	An item to be held by a Pokémon.\nIt is a magnifying lens that slightly\nboosts the accuracy of moves.
2	53	266	An item to be held by a Pokémon.\nIt is a headband that slightly boosts\nthe power of physical moves.
2	53	267	An item to be held by a Pokémon. It is\na thick pair of glasses that slightly\nboosts the power of special moves.
2	53	268	An item to be held by a Pokémon. It is\na well-worn belt that slightly boosts\nthe power of supereffective moves.
2	53	269	A Pokémon held item that extends the\nduration of barrier moves like Light\nScreen and Reflect used by the holder.
2	53	270	An item to be held by a Pokémon.\nIt boosts the power of moves, but at\nthe cost of some HP on each hit.
2	53	271	A single-use item to be held by a\nPokémon. It allows the immediate use of\na move that charges on the first turn.
2	53	272	An item to be held by a Pokémon.\nIt is a bizarre orb that badly poisons\nthe holder in battle.
2	53	273	An item to be held by a Pokémon.\nIt is a bizarre orb that inflicts a\nburn on the holder in battle.
2	53	274	An item to be held by Ditto.\nExtremely fine yet hard, this odd\npowder boosts the Speed stat.
2	53	275	An item to be held by a Pokémon. If it\nhas full HP, the holder will endure one\npotential KO attack, leaving 1 HP.
2	53	276	An item to be held by a Pokémon.\nIf the holder moves after its\ntarget, its accuracy will be boosted.
2	53	277	A Pokémon held item that boosts a move\nused consecutively. Its effect is\nreset if another move is used.
2	53	278	A Pokémon held item that cuts Speed.\nIt makes Flying-type and levitating\nholders susceptible to Ground moves.
2	53	279	An item to be held by a Pokémon.\nIt is tremendously heavy and makes\nthe holder move slower than usual.
2	53	280	A long, thin, bright-red string to\nbe held by a Pokémon. If the holder\nbecomes infatuated, the foe does too.
2	53	281	A held item that gradually restores\nthe HP of Poison-type Pokémon.\nIt inflicts damage on all other types.
2	53	282	A Pokémon held item that extends the\nduration of the move Hail used by the\nholder.
2	53	283	A Pokémon held item that extends the\nduration of the move Sandstorm used\nby the holder.
2	53	284	A Pokémon held item that extends the\nduration of the move Sunny Day used\nby the holder.
2	53	285	A Pokémon held item that extends the\nduration of the move Rain Dance used\nby the holder.
2	53	286	A Pokémon held item that extends the\nduration of multiturn attacks like\nBind and Wrap.
2	53	287	An item to be held by a Pokémon.\nThis scarf boosts Speed, but allows\nthe use of only one of its moves.
2	53	288	A held item that damages the holder on\nevery turn. It may latch on to foes and\nallies that touch the holder.
2	53	289	A Pokémon held item that promotes\nAttack gain on leveling, but reduces\nthe Speed stat.
2	53	290	A Pokémon held item that promotes\nDefense gain on leveling, but reduces\nthe Speed stat.
2	53	291	A Pokémon held item that promotes\nSp. Atk gain on leveling, but reduces\nthe Speed stat.
2	53	292	A Pokémon held item that promotes\nSp. Def gain on leveling, but reduces\nthe Speed stat.
2	53	293	A Pokémon held item that promotes\nSpeed gain on leveling, but reduces\nthe Speed stat.
2	53	294	A Pokémon held item that promotes\nHP gain on leveling, but reduces the\nSpeed stat.
2	53	295	A tough, discarded carapace to be held\nby a Pokémon. It enables the holder to\nswitch with a waiting Pokémon in battle.
2	53	296	A Pokémon held item that boosts the\npower of HP-stealing moves to let the\nholder recover more HP.
2	53	297	An item to be held by a Pokémon. These\ndistinctive glasses boost Sp. Atk but\nallow the use of only one of its moves.
2	53	298	An item to be held by a Pokémon.\nIt is a stone tablet that boosts the\npower of Fire-type moves.
2	53	299	An item to be held by a Pokémon.\nIt is a stone tablet that boosts the\npower of Water-type moves.
2	53	300	An item to be held by a Pokémon.\nIt is a stone tablet that boosts the\npower of Electric-type moves.
2	53	301	An item to be held by a Pokémon.\nIt is a stone tablet that boosts the\npower of Grass-type moves.
2	53	302	An item to be held by a Pokémon.\nIt is a stone tablet that boosts the\npower of Ice-type moves.
2	53	303	An item to be held by a Pokémon.\nIt is a stone tablet that boosts the\npower of Fighting-type moves.
2	53	304	An item to be held by a Pokémon.\nIt is a stone tablet that boosts the\npower of Poison-type moves.
2	53	305	An item to be held by a Pokémon.\nIt is a stone tablet that boosts the\npower of Ground-type moves.
2	53	306	An item to be held by a Pokémon.\nIt is a stone tablet that boosts the\npower of Flying-type moves.
2	53	307	An item to be held by a Pokémon.\nIt is a stone tablet that boosts the\npower of Psychic-type moves.
2	53	308	An item to be held by a Pokémon.\nIt is a stone tablet that boosts the\npower of Bug-type moves.
2	53	309	An item to be held by a Pokémon.\nIt is a stone tablet that boosts the\npower of Rock-type moves.
2	53	310	An item to be held by a Pokémon.\nIt is a stone tablet that boosts the\npower of Ghost-type moves.
2	53	311	An item to be held by a Pokémon.\nIt is a stone tablet that boosts the\npower of Dragon-type moves.
2	53	312	An item to be held by a Pokémon.\nIt is a stone tablet that boosts the\npower of Dark-type moves.
2	53	313	An item to be held by a Pokémon.\nIt is a stone tablet that boosts the\npower of Steel-type moves.
2	53	314	An item to be held by a Pokémon. It is\nan exotic-smelling incense that boosts\nthe power of Psychic-type moves.
2	53	315	An item to be held by a Pokémon. It is\nan exotic-smelling incense that boosts\nthe power of Rock-type moves.
2	53	316	An item to be held by a Pokémon. It is\nan exotic-smelling incense that makes\nthe holder bloated and slow moving.
2	53	317	An item to be held by a Pokémon. It is\nincense with a curious aroma that\nboosts the power of Water-type moves.
2	53	318	An item to be held by a Pokémon. It is\nan exotic-smelling incense that boosts\nthe power of Grass-type moves.
2	53	319	An item to be held by a Pokémon.\nIt doubles a battle's prize money if\nthe holding Pokémon joins in.
2	53	320	An item to be held by a Pokémon.\nIt helps keep wild Pokémon away if the\nholder is the first one in the party.
2	53	321	A protective item of some sort.\nIt is extremely stiff and heavy.\nIt is loved by a certain Pokémon.
2	53	322	A box packed with a tremendous\namount of electric energy.\nIt is loved by a certain Pokémon.
2	53	323	A box packed with a tremendous\namount of magma energy.\nIt is loved by a certain Pokémon.
2	53	324	A transparent device overflowing with\ndubious data.\nIts producer is unknown.
2	53	325	A cloth imbued with horrifyingly strong\nspiritual energy.\nIt is loved by a certain Pokémon.
2	53	326	An item to be held by a Pokémon.\nIt is a sharply hooked claw that ups\nthe holder's critical-hit ratio.
2	53	327	An item to be held by a Pokémon.\nIt may make foes and allies flinch\nwhen the holder inflicts damage.
2	53	328	The user sharpens its claws to\nboost its Attack stat and accuracy.
2	53	329	The user slashes the target with huge,\nsharp claws.
2	53	330	The user materializes an odd\npsychic wave to attack the target.\nThis attack does physical damage.
2	53	331	The user quietly focuses its mind and\ncalms its spirit to raise its Sp. Atk\nand Sp. Def stats.
2	53	332	The target is scared off and replaced\nby another Pokémon in its party.\nIn the wild, the battle ends.
2	53	333	A move that leaves the target badly\npoisoned. Its poison damage\nworsens every turn.
2	53	334	Summons a hailstorm that lasts for\nfive turns. The hailstorm damages\nall types except Ice.
2	53	335	The user tenses its muscles to bulk up\nits body, boosting both its Attack and\nDefense stats.
2	53	336	The user drenches the target in a\nspecial poisonous liquid. Its power\nis doubled if the target is poisoned.
2	53	337	A unique attack that varies in type and\nintensity depending on the Pokémon\nusing it.
2	53	338	The user intensifies the sun for\nfive turns, powering up Fire-type\nmoves.
2	53	339	The target is taunted into a rage that\nallows it to use only attack moves\nfor three turns.
2	53	340	The target is struck with an icy-cold\nbeam of energy.\nIt may also freeze the target solid.
2	53	341	A howling blizzard is summoned to strike\nthe opposing team. It may also freeze\nthem solid.
2	53	342	The target is attacked with a powerful\nbeam. The user must rest on the next\nturn to regain its energy.
2	53	343	A wondrous wall of light is put up to\nsuppress damage from special attacks\nfor five turns.
2	53	344	It enables the user to evade all\nattacks. Its chance of failing rises\nif it is used in succession.
2	53	345	The user summons a heavy rain that\nfalls for five turns, powering up\nWater-type moves.
2	53	346	The user makes the target float with\nits psychic power. The target is easier\nto hit for three turns.
2	53	347	The user creates a protective field\nthat prevents status problems\nfor five turns.
2	53	348	A full-power attack that grows more\npowerful the less the user likes its\nTrainer.
2	53	349	A two-turn attack. The user gathers\nlight, then blasts a bundled beam on\nthe second turn.
2	53	350	The user throws a stone or projectile\nto attack an opponent. A flying Pokémon\nwill fall to the ground when it's hit.
2	53	351	A strong electric blast is loosed at the\ntarget. It may also leave the target\nwith paralysis.
2	53	352	A wicked thunderbolt is dropped\non the target to inflict damage. It may\nalso leave the target with paralysis.
2	53	353	The user sets off an earthquake that\nstrikes every Pokémon around it.
2	53	354	A full-power attack that grows more\npowerful the more the user likes its\nTrainer.
2	53	355	The user burrows, then attacks on the\nsecond turn. It can also be used to\nexit dungeons.
2	53	356	The target is hit by a strong\ntelekinetic force. It may also reduce\nthe target's Sp. Def stat.
2	53	357	The user hurls a shadowy blob at the\ntarget. It may also lower the target's\nSp. Def stat.
2	53	358	The user attacks with tough fists,\netc. It can also break any barrier\nsuch as Light Screen and Reflect.
2	53	359	By moving rapidly, the user makes\nillusory copies of itself to raise\nits evasiveness.
2	53	360	A wondrous wall of light is put up to\nsuppress damage from physical attacks\nfor five turns.
2	53	361	It swamps the area around the user\nwith a giant sludge wave.\nIt may also poison those hit.
2	53	362	The target is scorched with an intense\nblast of fire. It may also leave the\ntarget with a burn.
2	53	363	Unsanitary sludge is hurled at the\ntarget. It may also poison the target.
2	53	364	A five-turn sandstorm is summoned\nto hurt all combatants except the\nRock, Ground, and Steel types.
2	53	365	The target is attacked with an intense\nblast of all-consuming fire. It may\nalso leave the target with a burn.
2	53	366	Boulders are hurled at the target. It\nalso lowers the target's Speed by\npreventing its movement.
2	53	367	The user confounds the target\nwith speed, then slashes.\nThe attack lands without fail.
2	53	368	The user torments and enrages the\ntarget, making it incapable of using the\nsame move twice in a row.
2	53	369	An attack move that doubles its power\nif the user is poisoned, paralyzed, or\nhas a burn.
2	53	370	The user cloaks itself with flame and\nattacks. Building up more power,\nit raises the user's Speed stat.
2	53	371	The user goes to sleep for two\nturns. It fully restores the user's HP\nand heals any status problem.
2	53	372	If it is the opposite gender of the\nuser, the target becomes infatuated\nand less likely to attack.
2	53	373	The user attacks and steals the\ntarget's held item simultaneously. It\ncan't steal if the user holds an item.
2	53	374	The user attacks the target's legs\nswiftly, reducing the target's\nSpeed stat.
2	53	375	The user attacks the target with a\nsong. Others can join in the Round and\nmake the attack do greater damage.
2	53	376	The user attacks the target with an\nechoing voice. If this move is used\nevery turn, it does greater damage.
2	53	377	The user attacks the target at full\npower. The attack's recoil harshly\nreduces the user's Sp. Atk stat.
2	53	378	The user teleports using a strange\npower and switches its place with one of\nits allies.
2	53	379	The user heightens its mental focus and\nunleashes its power.\nIt may also lower the target's Sp. Def.
2	53	380	The user draws power from nature and\nfires it at the target. It may also\nlower the target's Sp. Def.
2	53	381	A restrained attack that prevents the\ntarget from fainting. The target is left\nwith at least 1 HP.
2	53	382	The user shoots boiling hot water at\nits target. It may also leave the\ntarget with a burn.
2	53	383	The user flings its held item at the\ntarget as an attack. Its power and\neffects depend on the item.
2	53	384	The user attacks with an electric\ncharge. The user may use any remaining\nelectricity to raise its Sp. Atk stat.
2	53	385	The user hurls the target into the air,\nthen drops it on the second turn. The\ntarget cannot attack while in the air.
2	53	386	The user attacks the target with fire.\nIf the target is holding a Berry, the\nBerry becomes burnt up and unusable.
2	53	387	The user suppresses the target and\nmakes its move go last.
2	53	388	The user shoots a sinister, bluish-white\nflame at the target to inflict a burn.
2	53	389	The user nimbly strikes the target.\nIf the user is not holding an item,\nthis attack inflicts massive damage.
2	53	390	It prevents the target from using its\nheld item. Its Trainer is also prevented\nfrom using items on it.
2	53	391	The user explodes to inflict damage on\nthose around it.\nThe user faints upon using this move.
2	53	392	The user slashes with a sharp claw\nmade from shadows. It has a high\ncritical-hit ratio.
2	53	393	The user stores power, then attacks.\nIf the user can use this attack after\nthe target, its power is doubled.
2	53	394	The user gets revenge for a fainted\nally. If an ally fainted in the previous\nturn, this attack's damage increases.
2	53	395	The user charges at the target using\nevery bit of its power.\nThe user must rest on the next turn.
2	53	396	The user polishes its body to reduce\ndrag. It sharply raises the Speed\nstat.
2	53	397	The user flashes a bright light that\ncuts the target's accuracy.\nIt can also be used to illuminate caves.
2	53	398	The user stabs the foe with\nsharpened stones from below.\nIt has a high critical-hit ratio.
2	53	399	After making its attack, the user\nrushes back to switch places with\na party Pokémon in waiting.
2	53	400	A weak electric charge is launched\nat the target. It causes paralysis\nif it hits.
2	53	401	The user tackles the target with a\nhigh-speed spin. The slower the\nuser, the greater the damage.
2	53	402	A frenetic dance to uplift the fighting\nspirit. It sharply raises the user's\nAttack stat.
2	53	403	Resisting, the user attacks the\nopposing Pokémon. The targets' Sp. Atk\nstat is reduced.
2	53	404	The user hypnotizes itself into\ncopying any stat change made\nby the target.
2	53	405	The user stomps down on the ground\nand attacks everything in the area.\nThe targets' Speed stat is reduced.
2	53	406	The user blows a cold breath on the\ntarget. This attack always results in\na critical hit.
2	53	407	Large boulders are hurled at the\nopposing team to inflict damage. They \nmay also make the targets flinch.
2	53	408	The user slashes at the target by\ncrossing its scythes or claws as if\nthey were a pair of scissors.
2	53	409	The user knocks away the target and\ndrags out another Pokémon in its party.\nIn the wild, the battle ends.
2	53	410	The user is roused, and its Attack\nand Sp. Atk stats increase.
2	53	411	The target is stabbed with a tentacle\nor arm steeped in poison. It may also\npoison the target.
2	53	412	The user eats the dreams of a sleeping\ntarget. It absorbs half the damage\ncaused to heal the user's HP.
2	53	413	The user snares the target with grass\nand trips it. The heavier the target,\nthe greater the damage.
2	53	414	The user enrages and confuses the\ntarget. However, it also sharply raises\nthe target's Attack stat.
2	53	415	The user pecks the target. If the\ntarget is holding a Berry, the user\nplucks it and gains its effect.
2	53	416	After making its attack, the user\nrushes back to switch places with a\nparty Pokémon in waiting.
2	53	417	The user makes a copy of itself using\nsome of its HP. The copy serves as\nthe user's decoy.
2	53	418	The user gathers all its light energy\nand releases it at once. It may also\nlower the target's Sp. Def stat.
2	53	419	The user creates a bizarre space in\nwhich slower Pokémon get to move\nfirst for five turns.
2	53	420	The target is cut with a scythe or claw.\nIt can also be used to cut down thin\ntrees.
2	53	421	The user soars, then strikes on the\nsecond turn. It can also be used to\nfly to any familiar town.
2	53	422	It swamps the area around the user\nwith a giant wave.\nIt can also be used for crossing water.
2	53	423	The target is slugged with a punch\nthrown at maximum power. This move can\nalso be used to move boulders.
2	53	424	The user charges the target at an\nawesome speed. It can also be used\nto climb a waterfall.
2	53	425	Diving on the first turn, the user\nfloats up and attacks on the second.\nIt can be used for diving in the ocean.
2	53	428	A bag filled with convenient tools\nfor exploring. It provides access to\nthe Underground.
2	53	429	A sturdy, spacious bag that is used\nto carry loot obtained in the coal\nmine.
2	53	430	It lists the rules for holding battles.\nFor linked battles, you may choose\nwhich set of rules you wish to use.
2	53	431	A tool that can search out Pokémon\nthat are hiding in grass. Its battery is\nrecharged as you walk.
2	53	432	A card that lists the Battle Points\nyou have earned.\n
2	53	433	A notebook that keeps a day-to-day\nrecord of your adventure so far.\n
2	53	434	A case for storing Seals that can be\napplied to the Capsule cases of\nPoké Balls.
2	53	435	A lovely case to store colorful Props\nfor your Pokémon to wear in a musical.
2	53	436	A tiny bag that can hold ten Seals for\ndecorating Poké Balls.
2	53	437	A convenient notepad that is used for\nregistering your friends, Friend Codes,\nand keeping a record of game play.
2	53	438	A large key for operating the doors of\nthe Valley Windworks in the canyon.\nIt was held by a Team Galactic Grunt.
2	53	439	An ancient good-luck charm made of\nPokémon bones to be taken to the elder\nof Celestic Town.
2	53	440	A card key for disengaging security\nsystems in the Galactic HQ. Losing it\ncan result in punishment, apparently.
2	53	441	A mythical chain that is said to link\nthe legendary Pokémon that created\nthe Sinnoh region.
2	53	442	A very convenient map that can be\nviewed anytime. It even shows your\npresent location.
2	53	443	A device that indicates Trainers who\nwant to battle. Its battery charges\nwhile you walk.
2	53	444	A case for holding coins obtained at\nthe Game Corner.\nIt holds up to 50,000 coins.
2	53	445	An old and beat-up fishing rod.\nUse it by any body of water to fish for\nwild aquatic Pokémon.
2	53	446	A new, good-quality fishing rod.\nUse it by any body of water to fish for\nwild aquatic Pokémon.
2	53	447	An awesome, high-tech fishing rod.\nUse it by any body of water to fish for\nwild aquatic Pokémon.
2	53	448	A watering can shaped like a Psyduck.\nIt helps promote healthy growth of\nBerries planted in soft soil.
2	53	449	A case for storing Poffin cooked from\nBerries.\n
2	53	450	A folding Bicycle that enables much\nfaster movement than the Running\nShoes.
2	53	451	A key to one of the suites at the\nluxury hotel by a lake. For some odd\nreason, it often disappears.
2	53	452	A letter from Prof. Oak.\nWritten in it is a request for you to\ngo to Rt. 224.
2	53	453	A feather that glows like the moon.\nIt is said to possess the power to\ndispel nightmares.
2	53	454	A card needed for entering the inn in\nCanalave City. Oddly, the last date\nmarked on it was 50 years ago.
2	53	455	A flute that puts out echoing sounds\nthat do not seem to be of this world.\nIt is unknown who made it.
2	53	456	The ticket required for sailing on the\nferry S.S. Aqua. It has a drawing of a\nship on it.
2	53	457	The pass required for entering Pokémon\nContests. It has a drawing of an award\nribbon on it.
2	53	458	A stone formed when boulders melted in\nintensely hot magma, then hardened.\nMagma remains sealed inside.
2	53	459	A parcel entrusted in your care.\nYou are supposed to deliver it to your\nchildhood friend who left Twinleaf Town.
2	53	460	A coupon to be exchanged for a\nPokémon Watch (Pokétch for short).\nThree coupons are needed.
2	53	461	A coupon to be exchanged for a\nPokémon Watch (Pokétch for short).\nThree coupons are needed.
2	53	462	A coupon to be exchanged for a\nPokémon Watch (Pokétch for short).\nThree coupons are needed.
2	53	463	The key to Team Galactic's sinister\nwarehouse located at the edge of\nVeilstone City.
2	53	464	A fantastic medicine dispensed by the\npharmacy in Cianwood City. It fully\nheals a Pokémon of any ailment.
2	53	465	An amazing device that can record a\nbattle either between friends or at a\nspecial battle facility.
2	53	466	A flower sometimes bundled in bouquets\nto convey gratitude on special\noccasions like birthdays.
2	53	467	A high-tech key that has to be used at\na specific location. It emits a special\nelectric signal to open a door.
2	53	468	A handy box where you can store up to\n99 Apricorns of each kind.
2	53	469	A report of all the discovered kinds\nof Unown.
2	53	470	Handy containers for cultivating\nBerries wherever you go.
2	53	471	It checks for unseen items in the area\nand makes noise and lights when it\nfinds something.
2	53	472	A card to save points for the\nBuena's Password show.
2	53	473	A very tasty tail of something.\nIt sells for a high price.
2	53	474	A very old-fashioned bell that makes a\ngentle ringing.
2	53	475	A card key that opens a shutter in the\nRadio Tower.
2	53	476	A key that opens a door in the\nGoldenrod Tunnel.
2	53	477	A bottle used for watering plants in the\nBerry Pots.
2	53	478	A scale from the red Gyarados. It glows\nred like a flame.
2	53	479	The Mime Jr. doll that was lost by\nthe Copycat.
2	53	480	A ticket required for riding the Magnet\nTrain. It allows you to ride whenever\nand however much you'd like.
2	53	481	An important machine part for the\nPower Plant that was stolen.
2	53	482	A strange, silvery feather\nthat sparkles.
2	53	483	A mystical rainbow feather\nthat sparkles.
2	53	484	A mysterious Egg obtained from Mr.\nPokémon. What's in the Egg is unknown.
2	53	485	A red Apricorn.\nIt assails your nostrils.
2	53	486	A blue Apricorn.\nIt smells a bit like grass.
2	53	487	A yellow Apricorn.\nIt has an invigorating scent.
2	53	488	A green Apricorn.\nIt has a mysterious, aromatic scent.
2	53	489	A pink Apricorn.\nIt has a nice, sweet scent.
2	53	490	A white Apricorn.\nIt doesn't smell like anything.
2	53	491	A black Apricorn\nIt has an indescribable scent.
2	53	492	A Poké Ball that makes it easier to\ncatch Pokémon which are quick to\nrun away.
2	53	493	A Poké Ball for catching Pokémon that\nare a lower level than your own.
2	53	494	A Poké Ball for catching Pokémon hooked\nby a Rod when fishing.
2	53	495	A Poké Ball for catching very heavy\nPokémon.
2	53	496	Poké Ball for catching Pokémon that are\nthe opposite gender of your Pokémon.
2	53	497	A Poké Ball that makes caught Pokémon\nmore friendly.
2	53	498	A Poké Ball for catching Pokémon that\nevolve using the Moon Stone.
2	53	499	A special Poké Ball for the\nBug-Catching Contest.
2	53	500	A special Poké Ball for the Pal Park.
2	53	501	A nice photo album for storing all the\nphotos taken along your adventure.
2	53	502	A music player that allows you to listen\nto nostalgic songs. It's operated with\na single switch.
2	53	503	A very old-fashioned bell that makes a\ngentle ringing.
2	53	504	A famous Mahogany Town candy tourists\nlike to buy and take home. It restores\nthe HP of one Pokémon by 20 points.
2	53	505	It holds Pokéathlon records. It's a\ncard that shows how many victories\nyou've had.
2	53	506	It holds Pokéathlon records. It's a\ncard that shows how many\nlosses you've had.
2	53	507	It holds Pokéathlon records. It's a\ncard that shows how many times your\nPokémon have dashed.
2	53	508	It holds Pokéathlon records. It's a\ncard that shows how many times your\nPokémon have jumped.
2	53	509	It holds Pokéathlon records. It's a\ncard that shows how many times you've\nwon the Hurdle Dash.
2	53	510	It holds Pokéathlon records. It's a\ncard that shows how many times you've\nwon the Relay Run.
2	53	511	It holds Pokéathlon records. It's a\ncard that shows how many times you've\nwon Pennant Capture.
2	53	512	It holds Pokéathlon records. It's a\ncard that shows how many times you've\nwon Block Smash.
2	53	513	It holds Pokéathlon records. It's a\ncard that shows how many times you've\nwon Disc Catch.
2	53	514	It holds Pokéathlon records. It's a\ncard that shows how many times you've\nwon Snow Throw.
2	53	515	It holds Pokéathlon records. It's a\ncard that shows how many points\nyour Pokémon scored.
2	53	516	It holds Pokéathlon records. It's a\ncard that shows how many times your\nPokémon have failed.
2	53	517	It holds Pokéathlon records. It's a\ncard that shows how many times your\nPokémon impeded themselves.
2	53	518	It holds Pokéathlon records. It's a\ncard that shows how many times your\nPokémon have tackled.
2	53	519	It holds Pokéathlon records. It's a\ncard that shows how many times your\nPokémon have fallen down.
2	53	520	It holds Pokéathlon records. It's a\ncard that shows how many times you've\nwon Ring Drop.
2	53	521	It holds Pokéathlon records. It's a\ncard that shows how many times you've\nwon Lamp Jump.
2	53	522	It holds Pokéathlon records. It's a\ncard that shows how many times you've\nwon Circle Push.
2	53	523	It holds Pokéathlon records. It's a\ncard that shows how many \nLink Pokéathlon wins you've had.
2	53	524	It holds Pokéathlon records. It's a\ncard that shows how many\nLink Pokéathlon losses you've had.
2	53	525	It holds Pokéathlon records. It's a\ncard that shows how many times\nyou've won an event.
2	53	526	It holds Pokéathlon records. It's a\ncard that shows how many times \nyou've lost an event.
2	53	527	It holds Pokéathlon records. It's a\ncard that shows how many times you've\nswitched Pokémon.
2	53	528	It holds Pokéathlon records. It's a\ncard that shows how many times you've\nwon Goal Roll.
2	53	529	It holds Pokéathlon records. It's a\ncard that shows how many times your\nPokémon won individual prizes.
2	53	530	It holds Pokéathlon records. It's a\ncard that shows how many times you've\ninstructed your Pokémon.
2	53	531	It holds Pokéathlon records. It's a\ncard that shows how much time you've\nspent in the Pokéathlon.
2	53	532	A shiny green orb that is said to have\na legend and has a deep connection with\nthe Hoenn region.
2	53	533	A sturdy Capsule that can only be\nopened with a special key.
2	53	534	A shiny red orb that is said to have\na legend and has a deep connection with\nthe Hoenn region.
2	53	535	A shiny blue orb that is said to have\na legend and has a deep connection with\nthe Hoenn region.
2	53	536	A crystal ball that was excavated from\nthe ground. A very beautiful stone that\nis covered with bits of rock and earth.
2	53	537	A mysterious scale that evolves\ncertain Pokémon.\nIt shines in rainbow colors.
2	53	538	A mysterious evolutionary lump. When\nheld, it raises the Defense and Sp. Def\nof a Pokémon that can still evolve.
2	53	539	A very light stone. It reduces the\nweight of a Pokémon when held.
2	53	540	If the holder of this item takes damage,\nthe attacker will also be damaged\nupon contact.
2	53	541	When held by a Pokémon, the Pokémon\nwill float into the air. When the holder\nis attacked, this item will burst.
2	53	542	A card with a mysterious power. When\nthe holder is struck by a foe, the\nattacker is removed from battle.
2	53	543	Moves that would otherwise have no\neffect will land on the Pokémon that\nholds it.
2	53	544	A band that increases the power of\nbinding moves when held.
2	53	545	A consumable bulb. If the holder is hit\nby a Water-type move, its Sp. Atk\nwill rise.
2	53	546	A consumable battery. If the\nholder is hit by an Electric-type\nmove, its Attack will rise.
2	53	547	If the holder is hit by an attack, it will\nswitch with another Pokémon in\nyour party.
2	53	548	A gem with an essence of fire. When\nheld, it strengthens the power of a\nFire-type move only once.
2	53	549	A gem with an essence of water. When\nheld, it strengthens the power of a\nWater-type move only once.
2	53	550	A gem with an essence of electricity.\nWhen held, it strengthens the power of\nan Electric-type move only once.
2	53	551	A gem with an essence of nature. When\nheld, it strengthens the power of a\nGrass-type move only once.
2	53	552	A gem with an essence of ice. When held,\nit strengthens the power of an\nIce-type move only once.
2	53	553	A gem with an essence of combat. When\nheld, it strengthens the power of a\nFighting-type move only once.
2	53	554	A gem with an essence of poison. When\nheld, it strengthens the power of a\nPoison-type move only once.
2	53	555	A gem with an essence of land. When\nheld, it strengthens the power of a\nGround-type move only once.
2	53	556	A gem with an essence of air. When held,\nit strengthens the power of a\nFlying-type move only once.
2	53	557	A gem with an essence of the mind. When\nheld, it strengthens the power of a\nPsychic-type move only once.
2	53	558	A gem with an insect-like essence.\nWhen held, it strengthens the power of\na Bug-type move only once.
2	53	559	A gem with an essence of rock. When\nheld, it strengthens the power of a\nRock-type move only once.
2	53	560	A gem with a spectral essence. When\nheld, it strengthens the power of a\nGhost-type move only once.
2	53	561	A gem with a draconic essence. \nWhen held, it strengthens the power\nof a Dragon-type move only once.
2	53	562	A gem with an essence of darkness.\nWhen held, it strengthens the power of\na Dark-type move only once.
2	53	563	A gem with an essence of steel. When\nheld, it strengthens the power of a\nSteel-type move only once.
2	53	564	A gem with an ordinary essence. When\nheld, it strengthens the power of a\nNormal-type move only once.
2	53	565	An item for use on a Pokémon. It\nslightly increases the base HP of a\nsingle Pokémon.
2	53	566	An item for use on a Pokémon. It\nslightly increases the base Attack stat\nof a single Pokémon.
2	53	567	An item for use on a Pokémon. It\nslightly increases the base Defense\nstat of a single Pokémon.
2	53	568	An item for use on a Pokémon. It\nslightly increases the base Sp. Atk\nstat of a single Pokémon.
2	53	569	An item for use on a Pokémon. It\nslightly increases the base Sp. Def\nstat of a single Pokémon.
2	53	570	An item for use on a Pokémon. It\nslightly increases the base Speed stat\nof a single Pokémon.
2	53	571	Though this feather is beautiful, it's\njust a regular feather and has no\neffect on Pokémon.
2	53	572	A fossil of an ancient Pokémon that\nlived in the sea in ancient times.\nIt appears to be part of its back.
2	53	573	A fossil of an ancient Pokémon that\nflew in the sky in ancient times.\nIt appears to be part of its wing.
2	53	574	A special pass to go to Liberty Garden.\nBoard the ship in Castelia City.
2	53	575	A mysterious orb containing the power\nof the Unova region, to be used when\ngenerating Pass Power.
2	53	576	A special Poké Ball that appears out of\nnowhere in a bag at the Entree Forest.\nIt can catch any Pokémon.
2	53	577	An item that attracts Pokémon.\nUse it to flee from any battle with a\nwild Pokémon.
2	53	578	A lovely case to store colorful Props\nfor your Pokémon to wear in a musical.
2	53	579	A skull of a Pokémon which was said to\nhave braved the angry waters to fly\naround the world.
2	53	580	A rare mushroom which gives off a nice\nfragrance.\nA maniac will buy it for a high price.
2	53	581	A big nugget of pure gold that gives off\na lustrous gleam.\nA maniac will buy it for a high price.
2	53	582	Very large pearls that sparkle in a\npretty silver color. \nA maniac will buy them for a high price.
2	53	583	A shard which fell to the ground when\na comet approached.\nA maniac will buy it for a high price.
2	53	584	A copper coin used in a civilization\nabout 3,000 years ago.\nA maniac will buy it for a high price.
2	53	585	A silver coin used in a civilization\nabout 3,000 years ago.\nA maniac will buy it for a high price.
2	53	586	A gold coin used in a civilization\nabout 3,000 years ago.\nA maniac will buy it for a high price.
2	53	587	A vase made in a civilization\nabout 3,000 years ago.\nA maniac will buy it for a high price.
2	53	588	A bracelet made in a civilization\nabout 3,000 years ago.\nA maniac will buy it for a high price.
2	53	589	A stone figure made in a civilization\nabout 3,000 years ago.\nA maniac will buy it for a high price.
2	53	590	A crown made in a civilization\nabout 3,000 years ago.\nA maniac will buy it for a high price.
2	53	591	Castelia City's specialty, soft-serve\nice cream. It heals all the status\nproblems of a single Pokémon.
2	53	592	It can be used many times to raise the\ncritical-hit ratio of one Pokémon. It\nwears off if the Pokémon is withdrawn.
2	53	593	It sharply raises the Speed stat of a\nPokémon in battle. It wears off if\nthe Pokémon is withdrawn.
2	53	594	It sharply raises the Sp. Atk stat of a\nPokémon in battle. It wears off if the\nPokémon is withdrawn.
2	53	595	It sharply raises the Sp. Def stat of a\nPokémon in battle. It wears off if the\nPokémon is withdrawn.
2	53	596	It sharply raises the Defense stat\nof a Pokémon in battle. It wears off\nif the Pokémon is withdrawn.
2	53	597	It sharply raises the Attack stat of a\nPokémon in battle. It wears off if the\nPokémon is withdrawn.
2	53	598	It sharply raises the accuracy of a\nPokémon in battle. It wears off if the\nPokémon is withdrawn.
2	53	599	It drastically raises the Speed stat of\na Pokémon in battle. It wears off if the\nPokémon is withdrawn.
2	53	600	It drastically raises the Sp. Atk stat\nof a Pokémon in battle. It wears off if\nthe Pokémon is withdrawn.
2	53	601	It drastically raises the Sp. Def stat\nof a Pokémon in battle. It wears off if\nthe Pokémon is withdrawn.
2	53	602	It drastically raises the Defense stat\nof a Pokémon in battle. It wears off if\nthe Pokémon is withdrawn.
2	53	603	It drastically raises the Attack stat\nof a Pokémon in battle. It wears off if\nthe Pokémon is withdrawn.
2	53	604	It drastically raises the accuracy of a\nPokémon in battle. It wears off if the\nPokémon is withdrawn.
2	53	605	It raises the Speed stat of a Pokémon\nin battle immensely. It wears off if the\nPokémon is withdrawn.
2	53	606	It raises the Sp. Atk stat of a Pokémon\nin battle immensely. It wears off if the\nPokémon is withdrawn.
2	53	607	It raises the Sp. Def stat of a Pokémon\nin battle immensely. It wears off if the\nPokémon is withdrawn.
2	53	608	It raises the Defense stat of a Pokémon\nin battle immensely. It wears off if the\nPokémon is withdrawn.
2	53	609	It raises the Attack stat of a Pokémon\nin battle immensely. It wears off if the\nPokémon is withdrawn.
2	53	610	It raises the accuracy of a Pokémon in\nbattle immensely. It wears off if the\nPokémon is withdrawn.
2	53	611	When used, it activates the Ability of\nan ally Pokémon.
2	53	612	When used, it causes an ally Pokémon\nto drop a held item.
2	53	613	When used, it causes an ally Pokémon\nto use its held item.
2	53	614	When used, it restores any stat\nchanges of an ally Pokémon.
2	53	615	It can be used many times to greatly\nraise a Pokémon's critical-hit ratio. It\nwears off if the Pokémon is withdrawn.
2	53	616	Reshiram's body was destroyed and\nchanged into this stone. It is said to\nbe waiting for the emergence of a hero.
2	53	617	Zekrom's body was destroyed and\nchanged into this stone. It is said to\nbe waiting for the emergence of a hero.
2	53	618	The user shrouds itself in electricity\nand smashes into its target.\nIt also damages the user a little.
2	53	619	The user attacks with a punch that can\nshatter a rock. It may also lower the\ntarget's Defense stat.
2	53	620	The user yells as if it is ranting about\nsomething, making the target's Sp. Atk\nstat decrease.
2	53	621	A high-tech transceiver with a \ncamera function. It allows up to\nfour-way calls.
2	53	622	A rare stone.
2	53	623	An important letter which\nWingull delivers.
2	53	624	An important letter which\nWingull delivers.
2	53	625	An important letter which\nWingull delivers.
2	53	626	A high-tech transceiver with a\ncamera function. It allows up to\nfour-way calls.
2	54	0	None
2	54	1	Master Ball
2	54	2	Ultra Ball
2	54	3	Great Ball
2	54	4	Poké Ball
2	54	5	Safari Ball
2	54	6	Net Ball
2	54	7	Dive Ball
2	54	8	Nest Ball
2	54	9	Repeat Ball
2	54	10	Timer Ball
2	54	11	Luxury Ball
2	54	12	Premier Ball
2	54	13	Dusk Ball
2	54	14	Heal Ball
2	54	15	Quick Ball
2	54	16	Cherish Ball
2	54	17	Potion
2	54	18	Antidote
2	54	19	Burn Heal
2	54	20	Ice Heal
2	54	21	Awakening
2	54	22	Parlyz Heal
2	54	23	Full Restore
2	54	24	Max Potion
2	54	25	Hyper Potion
2	54	26	Super Potion
2	54	27	Full Heal
2	54	28	Revive
2	54	29	Max Revive
2	54	30	Fresh Water
2	54	31	Soda Pop
2	54	32	Lemonade
2	54	33	Moomoo Milk
2	54	34	EnergyPowder
2	54	35	Energy Root
2	54	36	Heal Powder
2	54	37	Revival Herb
2	54	38	Ether
2	54	39	Max Ether
2	54	40	Elixir
2	54	41	Max Elixir
2	54	42	Lava Cookie
2	54	43	Berry Juice
2	54	44	Sacred Ash
2	54	45	HP Up
2	54	46	Protein
2	54	47	Iron
2	54	48	Carbos
2	54	49	Calcium
2	54	50	Rare Candy
2	54	51	PP Up
2	54	52	Zinc
2	54	53	PP Max
2	54	54	Old Gateau
2	54	55	Guard Spec.
2	54	56	Dire Hit
2	54	57	X Attack
2	54	58	X Defend
2	54	59	X Speed
2	54	60	X Accuracy
2	54	61	X Special
2	54	62	X Sp. Def
2	54	63	Poké Doll
2	54	64	Fluffy Tail
2	54	65	Blue Flute
2	54	66	Yellow Flute
2	54	67	Red Flute
2	54	68	Black Flute
2	54	69	White Flute
2	54	70	Shoal Salt
2	54	71	Shoal Shell
2	54	72	Red Shard
2	54	73	Blue Shard
2	54	74	Yellow Shard
2	54	75	Green Shard
2	54	76	Super Repel
2	54	77	Max Repel
2	54	78	Escape Rope
2	54	79	Repel
2	54	80	Sun Stone
2	54	81	Moon Stone
2	54	82	Fire Stone
2	54	83	Thunderstone
2	54	84	Water Stone
2	54	85	Leaf Stone
2	54	86	TinyMushroom
2	54	87	Big Mushroom
2	54	88	Pearl
2	54	89	Big Pearl
2	54	90	Stardust
2	54	91	Star Piece
2	54	92	Nugget
2	54	93	Heart Scale
2	54	94	Honey
2	54	95	Growth Mulch
2	54	96	Damp Mulch
2	54	97	Stable Mulch
2	54	98	Gooey Mulch
2	54	99	Root Fossil
2	54	100	Claw Fossil
2	54	101	Helix Fossil
2	54	102	Dome Fossil
2	54	103	Old Amber
2	54	104	Armor Fossil
2	54	105	Skull Fossil
2	54	106	Rare Bone
2	54	107	Shiny Stone
2	54	108	Dusk Stone
2	54	109	Dawn Stone
2	54	110	Oval Stone
2	54	111	Odd Keystone
2	54	112	Griseous Orb
2	54	113	???
2	54	114	???
2	54	115	???
2	54	116	Douse Drive
2	54	117	Shock Drive
2	54	118	Burn Drive
2	54	119	Chill Drive
2	54	120	???
2	54	121	???
2	54	122	???
2	54	123	???
2	54	124	???
2	54	125	???
2	54	126	???
2	54	127	???
2	54	128	???
2	54	129	???
2	54	130	???
2	54	131	???
2	54	132	???
2	54	133	???
2	54	134	Sweet Heart
2	54	135	Adamant Orb
2	54	136	Lustrous Orb
2	54	137	Greet Mail
2	54	138	Favored Mail
2	54	139	RSVP Mail
2	54	140	Thanks Mail
2	54	141	Inquiry Mail
2	54	142	Like Mail
2	54	143	Reply Mail
2	54	144	BridgeMail S
2	54	145	BridgeMail D
2	54	146	BridgeMail T
2	54	147	BridgeMail V
2	54	148	BridgeMail M
2	54	149	Cheri Berry
2	54	150	Chesto Berry
2	54	151	Pecha Berry
2	54	152	Rawst Berry
2	54	153	Aspear Berry
2	54	154	Leppa Berry
2	54	155	Oran Berry
2	54	156	Persim Berry
2	54	157	Lum Berry
2	54	158	Sitrus Berry
2	54	159	Figy Berry
2	54	160	Wiki Berry
2	54	161	Mago Berry
2	54	162	Aguav Berry
2	54	163	Iapapa Berry
2	54	164	Razz Berry
2	54	165	Bluk Berry
2	54	166	Nanab Berry
2	54	167	Wepear Berry
2	54	168	Pinap Berry
2	54	169	Pomeg Berry
2	54	170	Kelpsy Berry
2	54	171	Qualot Berry
2	54	172	Hondew Berry
2	54	173	Grepa Berry
2	54	174	Tamato Berry
2	54	175	Cornn Berry
2	54	176	Magost Berry
2	54	177	Rabuta Berry
2	54	178	Nomel Berry
2	54	179	Spelon Berry
2	54	180	Pamtre Berry
2	54	181	Watmel Berry
2	54	182	Durin Berry
2	54	183	Belue Berry
2	54	184	Occa Berry
2	54	185	Passho Berry
2	54	186	Wacan Berry
2	54	187	Rindo Berry
2	54	188	Yache Berry
2	54	189	Chople Berry
2	54	190	Kebia Berry
2	54	191	Shuca Berry
2	54	192	Coba Berry
2	54	193	Payapa Berry
2	54	194	Tanga Berry
2	54	195	Charti Berry
2	54	196	Kasib Berry
2	54	197	Haban Berry
2	54	198	Colbur Berry
2	54	199	Babiri Berry
2	54	200	Chilan Berry
2	54	201	Liechi Berry
2	54	202	Ganlon Berry
2	54	203	Salac Berry
2	54	204	Petaya Berry
2	54	205	Apicot Berry
2	54	206	Lansat Berry
2	54	207	Starf Berry
2	54	208	Enigma Berry
2	54	209	Micle Berry
2	54	210	Custap Berry
2	54	211	Jaboca Berry
2	54	212	Rowap Berry
2	54	213	BrightPowder
2	54	214	White Herb
2	54	215	Macho Brace
2	54	216	Exp. Share
2	54	217	Quick Claw
2	54	218	Soothe Bell
2	54	219	Mental Herb
2	54	220	Choice Band
2	54	221	King's Rock
2	54	222	SilverPowder
2	54	223	Amulet Coin
2	54	224	Cleanse Tag
2	54	225	Soul Dew
2	54	226	DeepSeaTooth
2	54	227	DeepSeaScale
2	54	228	Smoke Ball
2	54	229	Everstone
2	54	230	Focus Band
2	54	231	Lucky Egg
2	54	232	Scope Lens
2	54	233	Metal Coat
2	54	234	Leftovers
2	54	235	Dragon Scale
2	54	236	Light Ball
2	54	237	Soft Sand
2	54	238	Hard Stone
2	54	239	Miracle Seed
2	54	240	BlackGlasses
2	54	241	Black Belt
2	54	242	Magnet
2	54	243	Mystic Water
2	54	244	Sharp Beak
2	54	245	Poison Barb
2	54	246	NeverMeltIce
2	54	247	Spell Tag
2	54	248	TwistedSpoon
2	54	249	Charcoal
2	54	250	Dragon Fang
2	54	251	Silk Scarf
2	54	252	Up-Grade
2	54	253	Shell Bell
2	54	254	Sea Incense
2	54	255	Lax Incense
2	54	256	Lucky Punch
2	54	257	Metal Powder
2	54	258	Thick Club
2	54	259	Stick
2	54	260	Red Scarf
2	54	261	Blue Scarf
2	54	262	Pink Scarf
2	54	263	Green Scarf
2	54	264	Yellow Scarf
2	54	265	Wide Lens
2	54	266	Muscle Band
2	54	267	Wise Glasses
2	54	268	Expert Belt
2	54	269	Light Clay
2	54	270	Life Orb
2	54	271	Power Herb
2	54	272	Toxic Orb
2	54	273	Flame Orb
2	54	274	Quick Powder
2	54	275	Focus Sash
2	54	276	Zoom Lens
2	54	277	Metronome
2	54	278	Iron Ball
2	54	279	Lagging Tail
2	54	280	Destiny Knot
2	54	281	Black Sludge
2	54	282	Icy Rock
2	54	283	Smooth Rock
2	54	284	Heat Rock
2	54	285	Damp Rock
2	54	286	Grip Claw
2	54	287	Choice Scarf
2	54	288	Sticky Barb
2	54	289	Power Bracer
2	54	290	Power Belt
2	54	291	Power Lens
2	54	292	Power Band
2	54	293	Power Anklet
2	54	294	Power Weight
2	54	295	Shed Shell
2	54	296	Big Root
2	54	297	Choice Specs
2	54	298	Flame Plate
2	54	299	Splash Plate
2	54	300	Zap Plate
2	54	301	Meadow Plate
2	54	302	Icicle Plate
2	54	303	Fist Plate
2	54	304	Toxic Plate
2	54	305	Earth Plate
2	54	306	Sky Plate
2	54	307	Mind Plate
2	54	308	Insect Plate
2	54	309	Stone Plate
2	54	310	Spooky Plate
2	54	311	Draco Plate
2	54	312	Dread Plate
2	54	313	Iron Plate
2	54	314	Odd Incense
2	54	315	Rock Incense
2	54	316	Full Incense
2	54	317	Wave Incense
2	54	318	Rose Incense
2	54	319	Luck Incense
2	54	320	Pure Incense
2	54	321	Protector
2	54	322	Electirizer
2	54	323	Magmarizer
2	54	324	Dubious Disc
2	54	325	Reaper Cloth
2	54	326	Razor Claw
2	54	327	Razor Fang
2	54	328	TM01
2	54	329	TM02
2	54	330	TM03
2	54	331	TM04
2	54	332	TM05
2	54	333	TM06
2	54	334	TM07
2	54	335	TM08
2	54	336	TM09
2	54	337	TM10
2	54	338	TM11
2	54	339	TM12
2	54	340	TM13
2	54	341	TM14
2	54	342	TM15
2	54	343	TM16
2	54	344	TM17
2	54	345	TM18
2	54	346	TM19
2	54	347	TM20
2	54	348	TM21
2	54	349	TM22
2	54	350	TM23
2	54	351	TM24
2	54	352	TM25
2	54	353	TM26
2	54	354	TM27
2	54	355	TM28
2	54	356	TM29
2	54	357	TM30
2	54	358	TM31
2	54	359	TM32
2	54	360	TM33
2	54	361	TM34
2	54	362	TM35
2	54	363	TM36
2	54	364	TM37
2	54	365	TM38
2	54	366	TM39
2	54	367	TM40
2	54	368	TM41
2	54	369	TM42
2	54	370	TM43
2	54	371	TM44
2	54	372	TM45
2	54	373	TM46
2	54	374	TM47
2	54	375	TM48
2	54	376	TM49
2	54	377	TM50
2	54	378	TM51
2	54	379	TM52
2	54	380	TM53
2	54	381	TM54
2	54	382	TM55
2	54	383	TM56
2	54	384	TM57
2	54	385	TM58
2	54	386	TM59
2	54	387	TM60
2	54	388	TM61
2	54	389	TM62
2	54	390	TM63
2	54	391	TM64
2	54	392	TM65
2	54	393	TM66
2	54	394	TM67
2	54	395	TM68
2	54	396	TM69
2	54	397	TM70
2	54	398	TM71
2	54	399	TM72
2	54	400	TM73
2	54	401	TM74
2	54	402	TM75
2	54	403	TM76
2	54	404	TM77
2	54	405	TM78
2	54	406	TM79
2	54	407	TM80
2	54	408	TM81
2	54	409	TM82
2	54	410	TM83
2	54	411	TM84
2	54	412	TM85
2	54	413	TM86
2	54	414	TM87
2	54	415	TM88
2	54	416	TM89
2	54	417	TM90
2	54	418	TM91
2	54	419	TM92
2	54	420	HM01
2	54	421	HM02
2	54	422	HM03
2	54	423	HM04
2	54	424	HM05
2	54	425	HM06
2	54	426	???
2	54	427	???
2	54	428	Explorer Kit
2	54	429	Loot Sack
2	54	430	Rule Book
2	54	431	Poké Radar
2	54	432	Point Card
2	54	433	Journal
2	54	434	Seal Case
2	54	435	Fashion Case
2	54	436	Seal Bag
2	54	437	Pal Pad
2	54	438	Works Key
2	54	439	Old Charm
2	54	440	Galactic Key
2	54	441	Red Chain
2	54	442	Town Map
2	54	443	Vs. Seeker
2	54	444	Coin Case
2	54	445	Old Rod
2	54	446	Good Rod
2	54	447	Super Rod
2	54	448	Sprayduck
2	54	449	Poffin Case
2	54	450	Bicycle
2	54	451	Suite Key
2	54	452	Oak's Letter
2	54	453	Lunar Wing
2	54	454	Member Card
2	54	455	Azure Flute
2	54	456	S.S. Ticket
2	54	457	Contest Pass
2	54	458	Magma Stone
2	54	459	Parcel
2	54	460	Coupon 1
2	54	461	Coupon 2
2	54	462	Coupon 3
2	54	463	Storage Key
2	54	464	SecretPotion
2	54	465	Vs. Recorder
2	54	466	Gracidea
2	54	467	Secret Key
2	54	468	Apricorn Box
2	54	469	Unown Report
2	54	470	Berry Pots
2	54	471	Dowsing MCHN
2	54	472	Blue Card
2	54	473	SlowpokeTail
2	54	474	Clear Bell
2	54	475	Card Key
2	54	476	Basement Key
2	54	477	SquirtBottle
2	54	478	Red Scale
2	54	479	Lost Item
2	54	480	Pass
2	54	481	Machine Part
2	54	482	Silver Wing
2	54	483	Rainbow Wing
2	54	484	Mystery Egg
2	54	485	Red Apricorn
2	54	486	Blu Apricorn
2	54	487	Ylw Apricorn
2	54	488	Grn Apricorn
2	54	489	Pnk Apricorn
2	54	490	Wht Apricorn
2	54	491	Blk Apricorn
2	54	492	Fast Ball
2	54	493	Level Ball
2	54	494	Lure Ball
2	54	495	Heavy Ball
2	54	496	Love Ball
2	54	497	Friend Ball
2	54	498	Moon Ball
2	54	499	Sport Ball
2	54	500	Park Ball
2	54	501	Photo Album
2	54	502	GB Sounds
2	54	503	Tidal Bell
2	54	504	RageCandyBar
2	54	505	Data Card 01
2	54	506	Data Card 02
2	54	507	Data Card 03
2	54	508	Data Card 04
2	54	509	Data Card 05
2	54	510	Data Card 06
2	54	511	Data Card 07
2	54	512	Data Card 08
2	54	513	Data Card 09
2	54	514	Data Card 10
2	54	515	Data Card 11
2	54	516	Data Card 12
2	54	517	Data Card 13
2	54	518	Data Card 14
2	54	519	Data Card 15
2	54	520	Data Card 16
2	54	521	Data Card 17
2	54	522	Data Card 18
2	54	523	Data Card 19
2	54	524	Data Card 20
2	54	525	Data Card 21
2	54	526	Data Card 22
2	54	527	Data Card 23
2	54	528	Data Card 24
2	54	529	Data Card 25
2	54	530	Data Card 26
2	54	531	Data Card 27
2	54	532	Jade Orb
2	54	533	Lock Capsule
2	54	534	Red Orb
2	54	535	Blue Orb
2	54	536	Enigma Stone
2	54	537	Prism Scale
2	54	538	Eviolite
2	54	539	Float Stone
2	54	540	Rocky Helmet
2	54	541	Air Balloon
2	54	542	Red Card
2	54	543	Ring Target
2	54	544	Binding Band
2	54	545	Absorb Bulb
2	54	546	Cell Battery
2	54	547	Eject Button
2	54	548	Fire Gem
2	54	549	Water Gem
2	54	550	Electric Gem
2	54	551	Grass Gem
2	54	552	Ice Gem
2	54	553	Fighting Gem
2	54	554	Poison Gem
2	54	555	Ground Gem
2	54	556	Flying Gem
2	54	557	Psychic Gem
2	54	558	Bug Gem
2	54	559	Rock Gem
2	54	560	Ghost Gem
2	54	561	Dragon Gem
2	54	562	Dark Gem
2	54	563	Steel Gem
2	54	564	Normal Gem
2	54	565	Health Wing
2	54	566	Muscle Wing
2	54	567	Resist Wing
2	54	568	Genius Wing
2	54	569	Clever Wing
2	54	570	Swift Wing
2	54	571	Pretty Wing
2	54	572	Cover Fossil
2	54	573	Plume Fossil
2	54	574	Liberty Pass
2	54	575	Pass Orb
2	54	576	Dream Ball
2	54	577	Poké Toy
2	54	578	Prop Case
2	54	579	Dragon Skull
2	54	580	BalmMushroom
2	54	581	Big Nugget
2	54	582	Pearl String
2	54	583	Comet Shard
2	54	584	Relic Copper
2	54	585	Relic Silver
2	54	586	Relic Gold
2	54	587	Relic Vase
2	54	588	Relic Band
2	54	589	Relic Statue
2	54	590	Relic Crown
2	54	591	Casteliacone
2	54	592	Dire Hit 2
2	54	593	X Speed 2
2	54	594	X Special 2
2	54	595	X Sp. Def 2
2	54	596	X Defend 2
2	54	597	X Attack 2
2	54	598	X Accuracy 2
2	54	599	X Speed 3
2	54	600	X Special 3
2	54	601	X Sp. Def 3
2	54	602	X Defend 3
2	54	603	X Attack 3
2	54	604	X Accuracy 3
2	54	605	X Speed 6
2	54	606	X Special 6
2	54	607	X Sp. Def 6
2	54	608	X Defend 6
2	54	609	X Attack 6
2	54	610	X Accuracy 6
2	54	611	Ability Urge
2	54	612	Item Drop
2	54	613	Item Urge
2	54	614	Reset Urge
2	54	615	Dire Hit 3
2	54	616	Light Stone
2	54	617	Dark Stone
2	54	618	TM93
2	54	619	TM94
2	54	620	TM95
2	54	621	Xtransceiver
2	54	622	???
2	54	623	Gram 1
2	54	624	Gram 2
2	54	625	Gram 3
2	54	626	Xtransceiver
2	55	0	ITEMS
2	55	1	MEDICINE
2	55	2	TMs & HMs
2	55	3	BERRIES
2	55	4	KEY ITEMS
2	56	0	This & That
2	56	1	Student
2	56	2	Office Worker
2	56	3	Creator
2	56	4	Self-Employed
2	56	5	Public Official
2	56	6	Homemaker
2	56	7	Artist
2	56	8	Job-Hopper
2	57	0	SUCCESSIVE TRAINERS
2	57	1	Rank {00}
2	57	2	Train Number {01}
2	57	3	LOCATION
2	57	4	{02}
2	57	5	{03}
2	57	6	TRAINER'S QUOTE
2	58	0	To participate in the Live Competition,\nyou need to update your Digital Player ID.\n\nIs it OK to update it?
2	58	1	To participate in the Live Competition,\nthe Digital Player ID will be updated.\n\nThe Battle Box from the previous\ntournament will be unregistered.\n\nIs it OK to update your Digital Player ID?
2	58	2	A Digital Player ID will be received\nvia Infrared Connection.\n\nPlease point your Nintendo Game Card\nat the sending Game Card\n\nand press the A Button.\n\n
2	58	3	You have registered and unregistered\nfrom this tournament already.\n\nYou cannot reregister\nfor this tournament.\n\n
2	58	4	You have registered and participated\nin this tournament already.\n\nYou cannot reregister for a tournament\nyou've already participated in.\n\n
2	58	5	Your Battle Box will be registered\nfor the tournament.\n\nCaution!\nOnce registered,\n\nyou will not be able to\n\nmove your Pokémon to or from\n\nyour Battle Box.\n\nWill you still register the Pokémon\nin your Battle Box?
2	58	6	Yes
2	58	7	No
2	58	8	Will you cancel registering\nthe Pokémon to participate?
2	58	9	The conditions for the tournament\nhave not been met.\n\nPlease place your Pokémon\nin the Battle Box.\n\n
2	58	10	Saving...\nDon't turn off the power.
2	58	11	Your Battle Box has been registered\nfor the tournament.\n\nYou will not be able to\nmove your Pokémon to or from\n\nyour Battle Box.\n\n
2	58	12	Pokémon Battle Competition!\nWhat would you like to do?
2	58	13	Battle
2	58	14	Look back
2	58	15	Cancel participation
2	58	16	The last battle will be\nplayed back.\n\n
2	58	17	Once unregistered, you will not be able to\nparticipate in the same tournament.\n\nIs it OK to unregister?
2	58	18	You will be unregistered.\nAre you sure about this?
2	58	19	Your Battle Box has been\nunregistered.\n\n
2	58	20	You will communicate with your opponent\nvia Infrared Connection.\n\nPlease face your Nintendo Game Card\nat your opponent's Game Card\n\nand press the A Button.\n\n
2	58	21	Will you cancel the Infrared Connection?
2	58	22	The selected tournaments do not match.\n\nPlease check the Digital Player ID\nand follow the instructions\n\ngiven by tournament staff.\n\n
2	58	23	An opponent has been found!
2	58	24	Follow the instructions given by \ntournament staff and press the A Button.\n\n
2	58	25	The battle has ended.\nThe Pokémon in your Battle Box\n\nare now unregistered.\n\n
2	58	26	Failed to receive\nyour Digital Player ID.\n\n
2	58	27	Failed to receive\nyour Digital Player ID.\n\n
2	58	28	The connection\nfailed.\n\n
2	58	29	Live Competition will be ended.\n\n
2	58	30	DONE
2	58	31	Live Competition is ended.\nThank you for participating.\n\n
2	58	32	Receiving data...\nPlease wait a moment.
2	58	33	Searching for your opponent...\nPlease wait a moment.
2	58	34	There was a problem\nwith the last battle.\n\nIt cannot be played back.\n\n
2	58	35	Communicating. Please stand by...
2	58	36	You have already had a battle\nwith this person.\n\nYou cannot battle\nthe same opponent again.\n\n
2	58	37	There are no Pokémon in\nyour Battle Box.\n\nPlease check the tournament\nrules to place Pokémon\n\nin your Battle Box.\n\n
2	58	38	Please choose your Pokémon.
2	58	39	An error occurred, and\nthe battle has been disrupted.\n\nPlease follow the instructions\ngiven by tournament staff.\n\n
2	59	0	MAILBOX
2	59	5	READ
2	59	6	ERASE
2	59	7	GIVE
2	59	8	CANCEL
2	59	9	What would you like to do with\n{00}'s Mail?
2	59	10	The message will be lost.\nIs that OK?
2	59	11	The message was erased.
2	59	12	Let a Pokémon hold this Mail?
2	59	13	The Mail's message was erased,\nand it was put in the Bag.
2	59	14	Your Bag is full...\nThe Mail was discarded.
2	59	15	YES
2	59	16	NO
2	60	0	CONFIRM
2	60	1	CANCEL
2	60	2	Please enter a phrase or word.
2	60	3	Stop giving the Pokémon Mail?
2	60	4	YES
2	60	5	NO
2	61	0	VIEW CATEGORIES
2	61	1	SHOW ALL
2	61	2	Please select a category.
2	61	3	Please select what you want to read.
2	61	4	{00}/{01}
2	62	0	MAIN MENU
2	62	1	POKÉMON CENTER INFO
2	62	2	C-GEAR INFO
2	62	3	ABOUT “MENU"
2	62	4	ABOUT “BATTLE"
2	62	5	POKÉMON INFO
2	62	6	OTHER TOPICS
2	62	7	CONTINUE
2	62	8	NEW GAME
2	62	9	MYSTERY GIFT
2	62	10	BATTLE COMPETITION
2	62	11	DIGITAL PLAYER ID
2	62	12	GAME SYNC SETTINGS
2	62	13	NINTENDO Wi-Fi CONNECTION SETTINGS
2	62	14	MIC TEST
2	62	15	POKÉMON CENTER
2	62	16	MOVE POKÉMON IN THE PC
2	62	17	BATTLE BOX
2	62	18	HOW TO START A LINK TRADE
2	62	19	HOW TO START A LINK BATTLE
2	62	20	SINGLE BATTLE
2	62	21	DOUBLE BATTLE
2	62	22	TRIPLE BATTLE
2	62	23	ROTATION BATTLE
2	62	24	WONDER LAUNCHER
2	62	25	UNION ROOM
2	62	26	Wi-Fi CLUB
2	62	27	GLOBAL TERMINAL
2	62	28	FRIEND CODE
2	62	29	C-GEAR
2	62	30	TAG LOG
2	62	31	WHAT IS A PASSERBY SURVEY?
2	62	32	ACCEPTING A PASSERBY SURVEY REQUEST
2	62	33	STARTING A PASSERBY SURVEY
2	62	34	REPORTING PASSERBY SURVEY RESULTS
2	62	35	INFRARED CONNECTION
2	62	36	GAME SYNC
2	62	37	ENTRALINK
2	62	38	PASS POWER
2	62	39	PASS ORB
2	62	40	BAG
2	62	41	TRAINER CARD
2	62	42	POKÉDEX
2	62	43	TIPS ON CATCHING POKÉMON
2	62	44	TYPES AND TYPE MATCHUP
2	62	45	“PHYSICAL," “SPECIAL," AND “STATUS"
2	62	46	FAINTED
2	62	47	POISON
2	62	48	PARALYSIS
2	62	49	SLEEP
2	62	50	FROZEN
2	62	51	BURNED
2	62	52	CONFUSED
2	62	53	INFATUATION
2	62	54	EXP. POINTS
2	62	55	EVOLUTION
2	62	56	“NATURE" AND “CHARACTERISTIC"
2	62	57	POKÉRUS
2	62	58	RUNNING
2	62	59	DOWSING MCHN
2	62	60	XTRANSCEIVER
2	62	61	GYM BADGES
2	62	62	READY BUTTON
2	62	63	TRANSFER POKÉMON WITH POKÉ TRANSFER
2	62	64	CATCH POKÉMON WITH POKÉ TRANSFER
2	62	65	When you are playing, press the X Button\nto open the menu and save often.\n\nOnce saved, you can select “CONTINUE"\nfrom the main menu to continue playing\nthe game from that location even if you've\nturned off your Nintendo DS since.
2	62	66	To delete your saved data and\nstart a new game, go to the\ntitle screen and press the\nfollowing buttons at the same time.\n\nUP + SELECT + B Button
2	62	67	You can receive special gifts at events and\nother locations in the following three ways.\n\n-GET VIA WIRELESS\n-GET VIA NINTENDO WFC\n-GET VIA INFRARED\n\nPlease note that each event has its own way\nof distributing gifts.
2	62	68	When you receive a Wonder Card\nfor a special Pokémon or an item,\na deliveryman with a blue cap\nwill appear in the Pokémon Center.\n\nPlease talk to him to receive\nthe Pokémon or item.
2	62	69	You can keep up to 12 Wonder Cards.\n\nTo receive another Wonder Card\nwhen you already have 12, go to\n“CHECK THE CARD ALBUM"\nand delete one to make room\nfor a new Wonder Card.
2	62	70	You can participate in competitions\nusing Nintendo Wi-Fi Connection\nand at events.\n\nFor details on the Battle Competition,\ngo to “BATTLE COMPETITION"\non the main menu and select\n“Info."
2	62	71	For more details on Battle Competition,\nincluding Battle Competition rules and\nhow to register as a user,\nvisit the following official websites.\n\nPokémon Global Link website\nThe Official Pokémon website
2	62	72	Pokémon in your Battle Box\ncan participate in Battle Competitions.\n\nOnce registered, you cannot change\nthe Pokémon in your Battle Box\nduring the competition.\n\nPlease carefully select the right Pokémon\nbefore you start the competition.
2	62	73	Once you have completed\nthe registration for Battle Competition,\nyou will be able to check your\nDigital Player ID.\n\nFor more details, please visit\nthe Pokémon Global Link.
2	62	74	Before adjusting Game Sync settings,\nyou must complete your\nNintendo Wi-Fi Connection settings.\n\nWhen these settings are done,\nadjust the Game Sync settings\nto have the Game Sync ID issued.\nThis is a unique ID assigned to you.
2	62	75	You must have a Game Sync ID\nto register at the\nPokémon Global Link using\na computer with Internet access.
2	62	76	When you delete a saved game,\nyour Game Sync ID will also be lost.\n\nWhen you change your Game Sync ID,\nyou must also renew your registration\nat the Pokémon Global Link.
2	62	77	You can set up your DS system\nfor Nintendo Wi-Fi Connection.\n\nOnce your Nintendo Wi-Fi Connection\nsettings are complete, you can trade\nand battle with people all over the world\nthrough the Internet.
2	62	78	You need to set up the Nintendo Wi-Fi\nConnection settings to connect your game\nwith the Pokémon Global Link, which allows\nBattle Competition, Game Sync settings,\nand so on.
2	62	79	You can check to see\nif your DS system's\nmicrophone is functioning.\n\nThe microphone is functioning properly\nif Jigglypuff on the top screen\nreacts when you talk\nor blow into it.
2	62	80	You can restore your tired Pokémon and buy\nuseful items. You'll find the PC where you\ncan keep captured Pokémon.\n\nYou can hear\nProfessor Juniper's evaluation\nof your Pokédex.\n\nVisit 2F for Link Trade and Link Battle.
2	62	81	You can use the PC to store and organize\nPokémon.\n\nWhen you have six Pokémon in your party,\nany Pokémon you catch will be sent to the PC.
2	62	82	You can register up to six Pokémon\nyou use most often in battles.\n\nFor a Link Battle, you can choose to battle\nwith either your party Pokémon or with\nthe Pokémon in the Battle Box.\n\nIf your Battle Box is empty,\nyou always battle with your party Pokémon.
2	62	83	There are four ways to offer a Link Trade.\n\n-Through an IR Connection\n-Through the Union Room\n-Through the Wi-Fi Club\n-Through the Global Terminal
2	62	84	-Through an IR Connection\n\nIf your friends are nearby, IR Connection is\na quick way to trade.\n\nSelect IR from your C-Gear and select Trade.
2	62	85	-Through the Union Room\n\nWhen you are playing with lots of friends,\nyou can use the Union Room for trades.\n\nThe Union Room is in Pokémon Center 2F.
2	62	86	-Through the Wi-Fi Club\n\nWhen your friends are far away,\nyou can trade through the Wi-Fi Club.\n\nYou must have exchanged your Friend Codes\nahead of time to use the Wi-Fi Club.
2	62	87	-Through the Global Terminal\n\nUsing the Global Terminal, you can trade\nPokémon with people all over the world.\n\nWhen the trade conditions are met,\nyour Pokémon are traded automatically.
2	62	88	There are four ways to offer a Link Battle.\n\n-Through an IR Connection\n-Through the Union Room\n-Through the Wi-Fi Club\n-Through the Global Terminal
2	62	89	-Through an IR Connection\nIf your friends are nearby, an IR Connection\nis a quick way to battle.\n\nSelect IR from your C-Gear and select Battle\nfor a Level 50 Flat Battle with the\nWonder Launcher.
2	62	90	-Through the Union Room\n\nWhen you are playing with lots of friends,\nyou can go to the Union Room for battles.\n\nThe Union Room is located in Pokémon\nCenter 2F.
2	62	91	-Through the Wi-Fi Club\n\nWhen your friends are far away, you can\nbattle using the Wi-Fi Club.\n\nYou must have exchanged your Friend Codes\nahead of time to use the Wi-Fi Club.
2	62	92	-Through the Global Terminal\nUsing the Global Terminal, you can battle with\npeople all over the world using various rules\nto hone your skills.\n\nThe Global Terminal is located in Pokémon\nCenter 2F.
2	62	93	A battle where each Trainer chooses one\nPokémon to fight is called Single Battle.\n\nIncluding Single Battle, there are four kinds\nof battles.\n\nYou can always press the A Button\nwhile holding down the L Button to\nread move information when choosing a move.
2	62	94	Having a battle with two Pokémon from each\nTrainer is called Double Battle.
2	62	95	A battle with three Pokémon from each\nTrainer is called Triple Battle.\n\nIn a Triple Battle challenge, Pokémon cannot\nattack others if they are too far away.\n\nThe one in the middle position can attack\nany of the other Trainer's Pokémon.
2	62	96	Some moves can reach Pokémon\neven when they are far away.\n\nYou can switch Pokémon locations\nduring battle.\n\nYou can select “SHIFT" while selecting\na move and the right or left Pokémon will\nswitch places with the middle Pokémon.
2	62	97	Rotation Battle is a new and evolved\nstyle of Single Battle.\n\nYou'll need three of your Pokémon\nfor Rotation Battle.\n\nOnly one Pokémon can act every turn,\nbut you choose which one takes action.
2	62	98	If you want to move a Pokémon to the front,\nselect the Rotation icon while selecting\na move.\n\nThe Pokémon will rotate to the front and\nwill use its selected move in the same turn.
2	62	99	When you select Wonder Launcher “ON,"\nyou and the other Trainer can use items\nduring a Link Battle.\n\nEach item has points needed to launch.\nYou'll gain points in battle.\n\nYou choose whether to use items immediately\nor collect points for powerful items.
2	62	100	In the Union Room, you can trade and\nbattle with people nearby.\n\nGo to Pokémon Center 2F and enter\nthe room to your left. Press the A Button\nto talk to anyone there.\n\nFor more information, talk to the lady\nat the far left in the Union Room.
2	62	101	At the Wi-Fi Club in Pokémon Center 2F,\nyou can make Link Trades, fight Link Battles,\nand use Voice Chat or the Xtransceiver with\npeople you've registered on your Pal Pad.\n\nRefer to the “FRIEND CODE" section\nof this guide to learn how to register\nyour friends.
2	62	102	Once in the room, press the A Button\nnear the friend you want to link to.\n\nYour friends who have decided what to do\nwill be jumping up and down while waiting.\n\nWhen you've decided what you want to do,\npress the A Button near the monitor\nat the far end of the room.
2	62	103	You can talk to your friends with Voice Chat.\nIt works like a telephone.\n\nPress the X Button in the room to indicate\nwhether you want to use Voice Chat or not.
2	62	104	At the Global Terminal, you can set up\nLink Trades and you can Link Battle with\npeople all around the world.\n\nGo to the right counter in Pokémon Center 2F.
2	62	105	This personal number is issued when you\nestablish a Nintendo Wi-Fi Connection.\n\nIf you exchange Friend Codes, you can battle\nand trade with friends far away.\n\nPlease check the Pal Pad in the Key Items\nin your Bag for your own Friend Code.
2	62	106	You can register a Friend Code in two\ndifferent ways.\n\n- Use the Pal Pad in the Key Items in your\n   Bag to enter your friend's Friend Code\n- Use an Infrared Connection from your\n   C-Gear
2	62	107	C-Gear is a multi-functional device that lets\nyou use the Entralink, the Xtransceiver, and\nGame Sync.\n\nYour C-Gear can also help you Link Trade\nand Link Battle with people nearby.\n\nTap the power icon in the bottom-right corner\nof your C-Gear to turn it on or off.
2	62	108	When your C-Gear is turned on, your\nDS system's wireless communications\nare always on.\n\nTurn your C-Gear off in places where\nwireless communications are prohibited,\nsuch as airplanes and hospitals.
2	62	109	Tap the wrench icon in the bottom-right\ncorner of the C-Gear to customize it.\n\nTry tapping on the colorful frames\nafter you've tapped the wrench icon.\nYou can customize them to your liking.\n\nTap the ? icon for help with your C-Gear.
2	62	110	The long icon at the bottom of your C-Gear\nis for the Tag Log. Tap it to see people\nwho are using their C-Gear around you.\n\nYou can see their profiles, tell what they\nare doing, and exchange messages.\n\nOthers can see what you are doing, as well.
2	62	111	When you see other players who have their\nC-Gear on, you can select them to see their\nplay time, location in the game, and more.
2	62	112	Tap the triangle icon in the Tag Log to use\na Pass Power received from your Entree.\n\nTo receive a Pass Power, complete missions\nat someone else's Entree and then check\nyour own Entree.
2	62	113	Tap the speech-bubble icon to send messages\nto another player with his or her C-Gear\nturned on.\n\nNever send offensive messages or messages\nthat contain personal information such as\nnames and telephone numbers.
2	62	114	Tap the smile icon and you can send\na thank-you message.\n\nTap the icon and then select whom to thank.
2	62	115	A Passerby Survey can tell you\nhow many people around you\nlike certain hobbies, for example.
2	62	116	You can accept Passerby Survey requests\nat the Passerby Analytics HQ in Castelia City.
2	62	117	When the leader asks you to take a survey,\ntap the pie-chart icon in the bottom-left\ncorner of your C-Gear to decide which survey\nto run.\n\nThe survey you are running will be marked\nin your list.
2	62	118	Once you've decided which survey to run,\njust turn your C-Gear on.\n\nThe survey will take place automatically\nas people pass by you.\n\nThe survey will continue even when your\nDS system is closed or when you are playing\nthe game.
2	62	119	Before you report to the leader in Castelia\nCity, check the results using “CHECK SURVEY\nRESULTS" in your C-Gear.\n\nOnce you know that the survey is complete,\ngo to Passerby Analytics HQ in Castelia City\nto report to your leader.
2	62	120	When you tap the red-framed “INFRARED"\nin your C-Gear, you can enjoy Link Trade and\nLink Battle with people nearby.\n\nYou can also exchange Friend Codes and check\nhow close you are to someone else.
2	62	121	Select the same item and let your and your\nfriend's DS systems face each other to start\nthe connection.\n\nOnce they are connected, your DS systems\nno longer need to face each other.
2	62	122	When you tap the blue-framed\n“ONLINE" on your C-Gear,\nthe Game Sync option will appear.\n\nGame Sync is a system to make a Pokémon in\nthe PC fall asleep and to send the saved\ndata of Trainers all over the world.
2	62	123	You'll see different colors display\ninside the “ONLINE" C-Gear frame,\ndepending on the situation.\n\nIt is green when the\nNintendo Wi-Fi Connection Settings\nof the DS system are complete.
2	62	124	The frame will be blue when you are\nsomewhere with a wireless access point\nthat enables Nintendo Wi-Fi Connection,\nsuch as Nintendo Zone.
2	62	125	When you are near wireless access points,\nbut your Nintendo Wi-Fi Connection Settings\nare not complete, the background\ninside the “ONLINE" frame will be red.
2	62	126	The saved data sent through Game Sync\ngoes to the Pokémon Dream World.\n\nThe Pokémon Dream World is located\non the official Pokémon Global Link website.
2	62	127	To play in the Pokémon Dream World,\nyou must set up the following items:\n\n-Nintendo Wi-Fi Connection Settings\n-Game Sync Settings\n-User registration with your own computer\n  at the official website for\n  the Pokémon Global Link.
2	62	128	You can move to the center of the Unova\nregion, called the Entralink, by tapping the\nyellow frame with “WIRELESS"\non it on your C-Gear.\n\nIn the center of your Entralink is a tree\ncalled the Entree.
2	62	129	The Entralink creates bridges to visit\nother people's worlds when they are near you\nand their C-Gear is turned on.\n\n*Note that you cannot enter your Entralink\n when someone else is in your Entralink.
2	62	130	Please wait on the left or right bridge\nat the Entralink for establishing a bridge\nwith the other Trainer.\n\nYou can only establish a bridge\nwhen the other Trainer is at one of the eight\ncities or routes surrounding the Entralink.\nThe other Trainer cannot be in a building.
2	62	131	When the Entralink bridge is established,\nyour Touch Screen will inform you\nwho the other Trainer is.\n\nYou can enter the other Trainer's world\nthrough the bridge.\n\nThe other world looks grayish, and\nyour appearance will change, too.
2	62	132	The other Trainer's Entralink contains\nan Entree, as well.\n\nPress the A Button in front of the Entree,\nand you will receive a mission.\n\nThe missions have a time limit and may take\nvarious forms, such as talking to a person\nor fighting a Pokémon battle.
2	62	133	Once you accept the first mission,\nyou can warp to any city you want\nto visit.\n\nTo find the other Trainer, tap a city near\nthem on the Touch Screen to be sent to,\nthen start looking around for them.
2	62	134	Once you complete a mission received from the\nother Trainer's Entree, you'll return to\nyour own Entree.\n\nYou'll then receive a mysterious Pass Power\nfrom your own Entree.
2	62	135	Options not available while in the Entralink.\n\n-Save the game\n-Use Key Items\n-Use an HM or other moves that can be\n used outside of battle.\n\nYou cannot use these options in your own\nEntralink or in someone else's world.
2	62	136	A Pass Power is a mysterious power you\nreceive from the Entree in your Entralink.\n\nYou receive it after you've successfully\ncompleted missions from the Entree\nin someone else's Entralink.
2	62	137	You cannot use a Pass Power in your Entralink\nor in someone else's world.\n\nIf you want to use your Pass Power, please\nexit the Entralink and tap the Tag Log at the\nbottom of your C-Gear, then tap the\ntriangle icon.
2	62	138	To use Pass Power, you need a certain number\nof Pass Orbs.\n\nYou can obtain Pass Orbs by completing\nmissions from someone else's Entree.
2	62	139	You need to have a certain number\nof Pass Orbs to use your Pass Power.\n\nYou can obtain Pass Orbs by completing\nmissions from someone else's Entree.
2	62	140	■ Bag function\nYour Bag always sorts items by their types.\n\nItems in the Key Items Case\nhave checkboxes next to them.\n\nCheck the box to set up the item\nto use it by pressing the Y Button,\nwithout having to open your Bag.
2	62	141	Pressing the green icon on the Touch Screen\nor START sorts items in the Case.\n\nPressing SELECT allows you to move items\nin a Case freely. You can switch between\npages with the L Button or R Button.
2	62	142	■ Item types\n-ITEMS\nPokémon can hold some items to raise their\nstats or move power. Those items are marked.\n\nTry letting your Pokémon hold these items\nto see what effects they have.
2	62	143	There are some items you can use\nonly in a battle to raise Pokémon stats or\nmoves powers.\n\nSome items may last for a limited time.\nSome last until the Pokémon switches out.
2	62	144	The Poké Balls you need to catch Pokémon\nare kept in the ITEMS Case, as are items\nrelated to Pokémon evolution.\n\nYou can combine phrases and words\nto form Mail. Your Pokémon can hold Mail,\nand if you trade the Pokémon with\nyour friends, they can deliver your Mail.
2	62	145	-MEDICINE\nThis area holds items that restore\nyour Pokémon's HP, PP, and heal\nstatus conditions.\n\n-TMs & HMs\nThis area holds your TMs & HMs.\nThey can be reused as often as you like.
2	62	146	-BERRIES\nThis holds Berries that create special\neffects when your Pokémon hold them\nor use them.\n\n-KEY ITEMS\nThis is a place to keep Key Items. You can\nassign some of them to the Ready button\nfor instant use.
2	62	147	Open the menu using the X Button, then\nselect your name to check how many\nGym Badges you have.\n\nYou can tap the mark in the bottom-left\ncorner of the Touch Screen to check\nyour Trainer Card.
2	62	148	The Trainer Card displays your total\nplay time, prize money, and more.\nTap your title and characteristic to change\nthem, and select a new one you like.\n\nTouch the white frame underneath\nto edit your message. Fill in the boxes\nto complete your message.
2	62	149	You can sign the back of your card\nusing the stylus.\n\nTap the pen and eraser icons to switch\nbetween writing and erasing.\n\nTap the plus icon to magnify the screen.\nTap the triangle icon to split the signature\narea in two for animation.
2	62	150	This high-tech Pokédex records Pokémon\nautomatically.\n\nYou can check a Pokémon's info, area, cry,\nheight, weight, type, footprint, and more.
2	62	151	As you progress in your adventure, the\nPokédex will gain the search feature.\n\nWhen it's added, press START to search\nfor Pokémon that match certain conditions,\nsuch as Pokédex number, alphabetical order,\ncolor, or form.
2	62	152	Your chances of capturing a Pokémon\nare better if you lower your target's HP\nbefore you throw Poké Balls.\n\nIf you use Pokémon moves to inflict a Sleep\nor Paralysis condition on the target,\ncapturing it will be even easier.
2	62	153	Pokémon and their moves fall into\n17 different types. Each type has\nits own advantageous and disadvantageous\nmatchups against the others.\n\nFor example, Fire-type moves are more\neffective against Bug- and Grass-type\nPokémon but are less effective against\nWater- or Rock-type Pokémon.
2	62	154	When the move type matches the type of the\nPokémon using it, the power of the move\nis greater than usual.\n\nWhen a Pokémon has two types, either one\ncan affect the power.\n\nSome move types have no effect at all\non Pokémon of certain types.
2	62	155	Moves are classified as Physical, Special, or\nStatus moves. You can tell which is which\nby their icons.\n\n-Physical Moves\nPokémon's Attack and Defense stats\ndetermine the overall damage of this type\nof move.
2	62	156	-Special Moves\nPokémon's Sp. Attack and Sp. Defense stats\ndetermine the overall damage of these types\nof moves.\n\n-Status Moves\nThis type of move is not a direct attack, but\nit can raise the Pokémon's stats and inflict\nstatus conditions that help them in battles.
2	62	157	The Pokémon's HP has reached zero.\nYou must restore its HP before\nit can battle again.\nSome of the moves usable outside battle can\nstill be used when its HP reaches zero.\n■ To heal your Pokémon:\n-Let Pokémon rest at a Pokémon Center\n-Use Revive\n-Use Max Revive
2	62	158	The Pokémon has been poisoned.\nIts HP will gradually decrease in battle.\nThis will stop when it returns to its Poké Ball\nor when the battle ends, but the poisoned\nPokémon will not cure itself.\n\n■ To heal a poisoned Pokémon:\n-Let Pokémon rest at a Pokémon Center\n-Use Antidote, Pecha Berry, etc.
2	62	159	The Pokémon has paralysis.\nIts Speed stat drops, and\nit sometimes fails to use moves.\nA Pokémon with paralysis will not\ncure itself.\n\n■ To heal a Pokémon with paralysis:\n-Let Pokémon rest at a Pokémon Center\n-Use Parlyz Heal, Cheri Berry, etc.
2	62	160	The Pokémon is asleep. Only certain moves\ncan be used in this state.\n\nThe Pokémon can wake up during a battle, but\nit stays asleep if the battle ends before it\nwakes up.\n■ To heal a sleeping Pokémon:\n-Let the Pokémon rest at a Pokémon Center\n-Use Awakening, Chesto Berry, etc.
2	62	161	The Pokémon is frozen and cannot use\nmost moves. It can be defrosted during\na battle, but it stays frozen if the battle\nends before it is defrosted.\n\n■ To heal a frozen Pokémon:\n-Let the Pokémon rest at a Pokémon Center\n-Use Ice Heal, Aspear Berry, etc.
2	62	162	The Pokémon is burned.\nIts Attack stat drops, and its HP gradually\ndecreases. This HP loss stops when it returns\nto its Poké Ball or when the battle ends,\nbut the burned Pokémon will not\ncure itself.\n■ To heal a burned Pokémon:\n-Let the Pokémon rest at a Pokémon Center\n-Use Burn Heal, Rawst Berry, etc.
2	62	163	The Pokémon is confused.\nIt sometimes attacks itself instead of\nusing the selected move.\nIt is cured after the battle, and the Pokémon\ncan sometimes cure itself during a battle.\n\n■ To heal a confused Pokémon:\n-Switch out the affected Pokémon in a battle\n-Use Persim Berry, etc.
2	62	164	The Pokémon is infatuated\nby a Pokémon of the opposite gender.\nIt has a crush on the other Pokémon\nand sometimes fails to use its moves.\n\nIt will be cured when switched out\nor when the other Pokémon is defeated.
2	62	165	Pokémon earn Exp. Points\nafter a battle. They grow as they\nreceive Exp. Points and level up.\n\nThe stronger the Pokémon it defeats,\nthe more Exp. Points it earns.\n\nThe weaker the Pokémon it defeats,\nthe fewer Exp. Points it earns.
2	62	166	Exp. Points are shared among\nthe Pokémon in a battle. To help\na weak Pokémon receive Exp. Points,\ntake it out and switch in a strong Pokémon.\n\nWhen you trade and receive a Pokémon\nfrom another Trainer, it'll gain more\nExp. Points than Pokémon that\nyou've caught yourself.
2	62	167	Pokémon sometimes evolve.\nWhen they do, their appearance changes\nand their stats increase.\n\nThere are many ways to evolve.\nYou can evolve some Pokémon by leveling up,\nsome by using items that evolve Pokémon,\nand some by trading a Pokémon with a friend.\nEach Pokémon has its own way to evolve.
2	62	168	If you press the B Button while a Pokémon\nis evolving, it will be surprised\nand will stop evolving.\n\nYou can also obtain an item that\nprevents Pokémon from evolving.
2	62	169	Pokémon can grow differently,\ndepending on each one's Nature\nand Characteristic.\n\nSometimes Pokémon stats such as\nAttack and Defense may be colored\nred or blue. Red means the stat is\nmore likely to increase, and blue means\nthe stat is less likely to increase.
2	62	170	Pokérus is a beneficial virus seldom\nseen on Pokémon.\n\nPokérus seems to help Pokémon grow faster.\nAfter several days, Pokémon will return to\nnormal and are immune to Pokérus.\n\nPokérus may spread to other Pokémon\nin your party.
2	62	171	Once you've received the Running Shoes,\npress the B Button to run.
2	62	172	The Dowsing MCHN can indicate where items\nare hidden on the Touch Screen.\n\nFollow the directions to find them. When\nyou stand on a hidden item, it will blink.\n\nYou cannot pick up items if you are standing\ndirectly on them. Step away, face toward\nthe hidden item, and press the A Button.
2	62	173	This item lets you talk to your friends\nusing DS Wireless Communications\nor Nintendo Wi-Fi Connection.\n\nWith a Nintendo DSi or Nintendo DSi XL,\nyou can use the camera to see each\nother while talking.\nYou must both register Friend Codes before\ntalking with friends on the Xtransceiver.
2	62	174	■ Using DS Wireless Communications\nTouch the “WIRELESS" button on your C-Gear\nto select the Xtransceiver.\nThe names and ID numbers of Trainers\nyou've exchanged Friend Codes with\nwill appear on the Touch Screen.\nSelect the people you want to talk to\nand give them a call. You can call\nup to three people at once.
2	62	175	The “WIRELESS" button on your C-Gear will\nflash, and the C-Gear will ring.\n\nThe Xtransceiver will show your friend's name.\nTap it to pick up the phone.\n\nYou will not be able to answer if you tap\nthe Xtransceiver.
2	62	176	■ Using Wi-Fi Club\nYou can talk to one Trainer in the Wi-Fi Club.
2	62	177	■ How to Use the Xtransceiver\nUse the Touch Screen. Touch the button\nin the middle while you are talking into it.\n\nUse the gauge to your left to change\nthe pitch of your voice.
2	62	178	With the Nintendo DSi and Nintendo DSi XL,\nyou'll see another player's face on the top\nscreen. You can cover it with graffiti using\nthe button in the top-right corner. You can\nalso freeze the picture using the button in\nthe bottom-right corner.\n\n“SOUND ONLY" will be displayed\nif the DS system lacks a camera.
2	62	179	The Unova region has eight Gyms. Each Gym\nhas its own Gym Leader, and you can win\nGym Badges by defeating those Gym Leaders.\n\nPress the X Button to open the menu and\nselect your name to check how many\nGym Badges you've collected.
2	62	180	As you collect Badges, the Pokémon you've\npicked up by trading will start to obey you\nwithout question, even if their level is high.
2	62	181	The Ready button is an easy shortcut\nto frequently used functions and items.\n\nOnce you register something with the\nReady button, just press the Y Button\nto use that item or function instantly.
2	62	182	You may see boxes on the Touch Screen when\nyou open the menu by pressing the X Button.\n\nTap the box and a check mark will appear in it.\n\nFunctions and items with check marks\nnext to them are the ones that\nare registered to the Ready button.
2	62	183	You will see boxes next to item names\nin the Key Items Case, as well.\n\nTap to check them, and they will be\nregistered to work with the Ready button.
2	62	184	You can register up to 25 functions and items\nwith the Ready button.\n\nTo unregister, tap a checked box to remove\nthe check mark.\n\nPress SELECT to change the order of the\nfunctions and items on the list.
2	62	185	Insert one of the following games in another\nDS system and turn the power ON.\n- Pokémon Diamond Version\n- Pokémon Pearl Version\n- Pokémon Platinum Version\n- Pokémon HeartGold Version\n- Pokémon SoulSilver Version\nThen tap DS Download Play in the DS Menu\nto select Poké Transfer.
2	62	186	When the Pokémon have been received,\nselect the six Pokémon you'd like\nto transfer to Pokémon Black Version or\nPokémon White Version and slide them\ninto the frame to your right.\n\nPokémon sent by Poké Transfer CANNOT\nbe returned to the games they came from.
2	62	187	Tap the Touch Screen to pull back\nthe Poké Ball, aim it at the Pokémon,\nand release the Poké Ball.\n\nSome Pokémon may be hiding in the grass\nor behind trees.
2	62	188	When hit by a Poké Ball, a Pokémon will\ncome out from where it's been hiding.\nThrow a second Poké Ball to catch it.\n\nTry to catch all six Pokémon\nwithin the time limit.
2	62	189	You may see pink mist from time to time.\nIf you hit it with your Poké Ball,\nthe Pokémon will fall asleep.\n\nPokémon cannot move while sleeping,\nso this makes it easier to catch them.
2	63	0	MAIN MENU
2	63	1	POKÉMON CENTER INFO
2	63	2	C-GEAR INFO
2	63	3	ABOUT “MENU"
2	63	4	ABOUT “BATTLE"
2	63	5	POKÉMON INFO
2	63	6	OTHER TOPICS
2	63	7	CONTINUE
2	63	8	NEW GAME
2	63	9	MYSTERY GIFT
2	63	10	BATTLE COMPETITION
2	63	11	DIGITAL PLAYER ID
2	63	12	GAME SYNC SETTINGS
2	63	13	NINTENDO Wi-Fi CONNECTION SETTINGS
2	63	14	MIC TEST
2	63	15	POKÉMON CENTER
2	63	16	MOVE POKÉMON IN THE PC
2	63	17	BATTLE BOX
2	63	18	HOW TO START A LINK TRADE
2	63	19	HOW TO START A LINK BATTLE
2	63	20	SINGLE BATTLE
2	63	21	DOUBLE BATTLE
2	63	22	TRIPLE BATTLE
2	63	23	ROTATION BATTLE
2	63	24	WONDER LAUNCHER
2	63	25	UNION ROOM
2	63	26	Wi-Fi CLUB
2	63	27	GLOBAL TERMINAL
2	63	28	FRIEND CODE
2	63	29	C-GEAR
2	63	30	TAG LOG
2	63	31	WHAT IS A PASSERBY SURVEY?
2	63	32	ACCEPTING A PASSERBY SURVEY REQUEST
2	63	33	STARTING A PASSERBY SURVEY
2	63	34	REPORTING PASSERBY SURVEY RESULTS
2	63	35	INFRARED CONNECTION
2	63	36	GAME SYNC
2	63	37	ENTRALINK
2	63	38	PASS POWER
2	63	39	PASS ORB
2	63	40	BAG
2	63	41	TRAINER CARD
2	63	42	POKÉDEX
2	63	43	TIPS ON CATCHING POKÉMON
2	63	44	TYPES AND TYPE MATCHUP
2	63	45	“PHYSICAL," “SPECIAL," AND “STATUS"
2	63	46	FAINTED
2	63	47	POISON
2	63	48	PARALYSIS
2	63	49	SLEEP
2	63	50	FROZEN
2	63	51	BURNED
2	63	52	CONFUSED
2	63	53	INFATUATION
2	63	54	EXP. POINTS
2	63	55	EVOLUTION
2	63	56	“NATURE" AND “CHARACTERISTIC"
2	63	57	POKÉRUS
2	63	58	RUNNING
2	63	59	DOWSING MCHN
2	63	60	XTRANSCEIVER
2	63	61	GYM BADGES
2	63	62	READY BUTTON
2	63	63	TRANSFER POKÉMON WITH POKÉ TRANSFER
2	63	64	CATCH POKÉMON WITH POKÉ TRANSFER
2	63	65	When you are playing, press the X Button\nto open the menu and save often.\n\nOnce saved, you can select “CONTINUE"\nfrom the main menu to continue playing\nthe game from that location even if you've\nturned off your Nintendo DS since.
2	63	66	To delete your saved data and\nstart a new game, go to the\ntitle screen and press the\nfollowing buttons at the same time.\n\nUP + SELECT + B Button
2	63	67	You can receive special gifts at events and\nother locations in the following three ways.\n\n-GET VIA WIRELESS\n-GET VIA NINTENDO WFC\n-GET VIA INFRARED\n\nPlease note that each event has its own way\nof distributing gifts.
2	63	68	When you receive a Wonder Card\nfor a special Pokémon or an item,\na deliveryman with a blue cap\nwill appear in the Pokémon Center.\n\nPlease talk to him to receive\nthe Pokémon or item.
2	63	69	You can keep up to 12 Wonder Cards.\n\nTo receive another Wonder Card\nwhen you already have 12, go to\n“CHECK THE CARD ALBUM"\nand delete one to make room\nfor a new Wonder Card.
2	63	70	You can participate in competitions\nusing Nintendo Wi-Fi Connection\nand at events.\n\nFor details on the Battle Competition,\ngo to “BATTLE COMPETITION"\non the main menu and select\n“Info."
2	63	71	For more details on Battle Competition,\nincluding Battle Competition rules and\nhow to register as a user,\nvisit the following official websites.\n\nPokémon Global Link website\nThe Official Pokémon website
2	63	72	Pokémon in your Battle Box\ncan participate in Battle Competitions.\n\nOnce registered, you cannot change\nthe Pokémon in your Battle Box\nduring the competition.\n\nPlease carefully select the right Pokémon\nbefore you start the competition.
2	63	73	Once you have completed\nthe registration for Battle Competition,\nyou will be able to check your\nDigital Player ID.\n\nFor more details, please visit\nthe Pokémon Global Link.
2	63	74	Before adjusting Game Sync settings,\nyou must complete your\nNintendo Wi-Fi Connection settings.\n\nWhen these settings are done,\nadjust the Game Sync settings\nto have the Game Sync ID issued.\nThis is a unique ID assigned to you.
2	63	75	You must have a Game Sync ID\nto register at the\nPokémon Global Link using\na computer with Internet access.
2	63	76	When you delete a saved game,\nyour Game Sync ID will also be lost.\n\nWhen you change your Game Sync ID,\nyou must also renew your registration\nat the Pokémon Global Link.
2	63	77	You can set up your DS system\nfor Nintendo Wi-Fi Connection.\n\nOnce your Nintendo Wi-Fi Connection\nsettings are complete, you can trade\nand battle with people all over the world\nthrough the Internet.
2	63	78	You need to set up the Nintendo Wi-Fi\nConnection settings to connect your game\nwith the Pokémon Global Link, which allows\nBattle Competition, Game Sync settings,\nand so on.
2	63	79	You can check to see\nif your DS system's\nmicrophone is functioning.\n\nThe microphone is functioning properly\nif Jigglypuff on the top screen\nreacts when you talk\nor blow into it.
2	63	80	You can restore your tired Pokémon and buy\nuseful items. You'll find the PC where you\ncan keep captured Pokémon.\n\nYou can hear\nProfessor Juniper's evaluation\nof your Pokédex.\n\nVisit 2F for Link Trade and Link Battle.
2	63	81	You can use the PC to store and organize\nPokémon.\n\nWhen you have six Pokémon in your party,\nany Pokémon you catch will be sent to the PC.
2	63	82	You can register up to six Pokémon\nyou use most often in battles.\n\nFor a Link Battle, you can choose to battle\nwith either your party Pokémon or with\nthe Pokémon in the Battle Box.\n\nIf your Battle Box is empty,\nyou always battle with your party Pokémon.
2	63	83	There are four ways to offer a Link Trade.\n\n-Through an IR Connection\n-Through the Union Room\n-Through the Wi-Fi Club\n-Through the Global Terminal
2	63	84	-Through an IR Connection\n\nIf your friends are nearby, IR Connection is\na quick way to trade.\n\nSelect IR from your C-Gear and select Trade.
2	63	85	-Through the Union Room\n\nWhen you are playing with lots of friends,\nyou can use the Union Room for trades.\n\nThe Union Room is in Pokémon Center 2F.
2	63	86	-Through the Wi-Fi Club\n\nWhen your friends are far away,\nyou can trade through the Wi-Fi Club.\n\nYou must have exchanged your Friend Codes\nahead of time to use the Wi-Fi Club.
2	63	87	-Through the Global Terminal\n\nUsing the Global Terminal, you can trade\nPokémon with people all over the world.\n\nWhen the trade conditions are met,\nyour Pokémon are traded automatically.
2	63	88	There are four ways to offer a Link Battle.\n\n-Through an IR Connection\n-Through the Union Room\n-Through the Wi-Fi Club\n-Through the Global Terminal
2	63	89	-Through an IR Connection\nIf your friends are nearby, an IR Connection\nis a quick way to battle.\n\nSelect IR from your C-Gear and select Battle\nfor a Level 50 Flat Battle with the\nWonder Launcher.
2	63	90	-Through the Union Room\n\nWhen you are playing with lots of friends,\nyou can go to the Union Room for battles.\n\nThe Union Room is located in Pokémon\nCenter 2F.
2	63	91	-Through the Wi-Fi Club\n\nWhen your friends are far away, you can\nbattle using the Wi-Fi Club.\n\nYou must have exchanged your Friend Codes\nahead of time to use the Wi-Fi Club.
2	63	92	-Through the Global Terminal\nUsing the Global Terminal, you can battle with\npeople all over the world using various rules\nto hone your skills.\n\nThe Global Terminal is located in Pokémon\nCenter 2F.
2	63	93	A battle where each Trainer chooses one\nPokémon to fight is called Single Battle.\n\nIncluding Single Battle, there are four kinds\nof battles.\n\nYou can always press the A Button\nwhile holding down the L Button to\nread move information when choosing a move.
2	63	94	Having a battle with two Pokémon from each\nTrainer is called Double Battle.
2	63	95	A battle with three Pokémon from each\nTrainer is called Triple Battle.\n\nIn a Triple Battle challenge, Pokémon cannot\nattack others if they are too far away.\n\nThe one in the middle position can attack\nany of the other Trainer's Pokémon.
2	63	96	Some moves can reach Pokémon\neven when they are far away.\n\nYou can switch Pokémon locations\nduring battle.\n\nYou can select “SHIFT" while selecting\na move and the right or left Pokémon will\nswitch places with the middle Pokémon.
2	63	97	Rotation Battle is a new and evolved\nstyle of Single Battle.\n\nYou'll need three of your Pokémon\nfor Rotation Battle.\n\nOnly one Pokémon can act every turn,\nbut you choose which one takes action.
2	63	98	If you want to move a Pokémon to the front,\nselect the Rotation icon while selecting\na move.\n\nThe Pokémon will rotate to the front and\nwill use its selected move in the same turn.
2	63	99	When you select Wonder Launcher “ON,"\nyou and the other Trainer can use items\nduring a Link Battle.\n\nEach item has points needed to launch.\nYou'll gain points in battle.\n\nYou choose whether to use items immediately\nor collect points for powerful items.
2	63	100	In the Union Room, you can trade and\nbattle with people nearby.\n\nGo to Pokémon Center 2F and enter\nthe room to your left. Press the A Button\nto talk to anyone there.\n\nFor more information, talk to the lady\nat the far left in the Union Room.
2	63	101	At the Wi-Fi Club in Pokémon Center 2F,\nyou can make Link Trades, fight Link Battles,\nand use Voice Chat or the Xtransceiver with\npeople you've registered on your Pal Pad.\n\nRefer to the “FRIEND CODE" section\nof this guide to learn how to register\nyour friends.
2	63	102	Once in the room, press the A Button\nnear the friend you want to link to.\n\nYour friends who have decided what to do\nwill be jumping up and down while waiting.\n\nWhen you've decided what you want to do,\npress the A Button near the monitor\nat the far end of the room.
2	63	103	You can talk to your friends with Voice Chat.\nIt works like a telephone.\n\nPress the X Button in the room to indicate\nwhether you want to use Voice Chat or not.
2	63	104	At the Global Terminal, you can set up\nLink Trades and you can Link Battle with\npeople all around the world.\n\nGo to the right counter in Pokémon Center 2F.
2	63	105	This personal number is issued when you\nestablish a Nintendo Wi-Fi Connection.\n\nIf you exchange Friend Codes, you can battle\nand trade with friends far away.\n\nPlease check the Pal Pad in the Key Items\nin your Bag for your own Friend Code.
2	63	106	You can register a Friend Code in two\ndifferent ways.\n\n- Use the Pal Pad in the Key Items in your\n   Bag to enter your friend's Friend Code\n- Use an Infrared Connection from your\n   C-Gear
2	63	107	C-Gear is a multi-functional device that lets\nyou use the Entralink, the Xtransceiver, and\nGame Sync.\n\nYour C-Gear can also help you Link Trade\nand Link Battle with people nearby.\n\nTap the power icon in the bottom-right corner\nof your C-Gear to turn it on or off.
2	63	108	When your C-Gear is turned on, your\nDS system's wireless communications\nare always on.\n\nTurn your C-Gear off in places where\nwireless communications are prohibited,\nsuch as airplanes and hospitals.
2	63	109	Tap the wrench icon in the bottom-right\ncorner of the C-Gear to customize it.\n\nTry tapping on the colorful frames\nafter you've tapped the wrench icon.\nYou can customize them to your liking.\n\nTap the ? icon for help with your C-Gear.
2	63	110	The long icon at the bottom of your C-Gear\nis for the Tag Log. Tap it to see people\nwho are using their C-Gear around you.\n\nYou can see their profiles, tell what they\nare doing, and exchange messages.\n\nOthers can see what you are doing, as well.
2	63	111	When you see other players who have their\nC-Gear on, you can select them to see their\nplay time, location in the game, and more.
2	63	112	Tap the triangle icon in the Tag Log to use\na Pass Power received from your Entree.\n\nTo receive a Pass Power, complete missions\nat someone else's Entree and then check\nyour own Entree.
2	63	113	Tap the speech-bubble icon to send messages\nto another player with his or her C-Gear\nturned on.\n\nNever send offensive messages or messages\nthat contain personal information such as\nnames and telephone numbers.
2	63	114	Tap the smile icon and you can send\na thank-you message.\n\nTap the icon and then select whom to thank.
2	63	115	A Passerby Survey can tell you\nhow many people around you\nlike certain hobbies, for example.
2	63	116	You can accept Passerby Survey requests\nat the Passerby Analytics HQ in Castelia City.
2	63	117	When the leader asks you to take a survey,\ntap the pie-chart icon in the bottom-left\ncorner of your C-Gear to decide which survey\nto run.\n\nThe survey you are running will be marked\nin your list.
2	63	118	Once you've decided which survey to run,\njust turn your C-Gear on.\n\nThe survey will take place automatically\nas people pass by you.\n\nThe survey will continue even when your\nDS system is closed or when you are playing\nthe game.
2	63	119	Before you report to the leader in Castelia\nCity, check the results using “CHECK SURVEY\nRESULTS" in your C-Gear.\n\nOnce you know that the survey is complete,\ngo to Passerby Analytics HQ in Castelia City\nto report to your leader.
2	63	120	When you tap the red-framed “INFRARED"\nin your C-Gear, you can enjoy Link Trade and\nLink Battle with people nearby.\n\nYou can also exchange Friend Codes and check\nhow close you are to someone else.
2	63	121	Select the same item and let your and your\nfriend's DS systems face each other to start\nthe connection.\n\nOnce they are connected, your DS systems\nno longer need to face each other.
2	63	122	When you tap the blue-framed\n“ONLINE" on your C-Gear,\nthe Game Sync option will appear.\n\nGame Sync is a system to make a Pokémon in\nthe PC fall asleep and to send the saved\ndata of Trainers all over the world.
2	63	123	You'll see different colors display\ninside the “ONLINE" C-Gear frame,\ndepending on the situation.\n\nIt is green when the\nNintendo Wi-Fi Connection Settings\nof the DS system are complete.
2	63	124	The frame will be blue when you are\nsomewhere with a wireless access point\nthat enables Nintendo Wi-Fi Connection,\nsuch as Nintendo Zone.
2	63	125	When you are near wireless access points,\nbut your Nintendo Wi-Fi Connection Settings\nare not complete, the background\ninside the “ONLINE" frame will be red.
2	63	126	The saved data sent through Game Sync\ngoes to the Pokémon Dream World.\n\nThe Pokémon Dream World is located\non the official Pokémon Global Link website.
2	63	127	To play in the Pokémon Dream World,\nyou must set up the following items:\n\n-Nintendo Wi-Fi Connection Settings\n-Game Sync Settings\n-User registration with your own computer\n  at the official website for\n  the Pokémon Global Link.
2	63	128	You can move to the center of the Unova\nregion, called the Entralink, by tapping the\nyellow frame with “WIRELESS"\non it on your C-Gear.\n\nIn the center of your Entralink is a tree\ncalled the Entree.
2	63	129	The Entralink creates bridges to visit\nother people's worlds when they are near you\nand their C-Gear is turned on.\n\n*Note that you cannot enter your Entralink\n when someone else is in your Entralink.
2	63	130	Please wait on the left or right bridge\nat the Entralink for establishing a bridge\nwith the other Trainer.\n\nYou can only establish a bridge\nwhen the other Trainer is at one of the eight\ncities or routes surrounding the Entralink.\nThe other Trainer cannot be in a building.
2	63	131	When the Entralink bridge is established,\nyour Touch Screen will inform you\nwho the other Trainer is.\n\nYou can enter the other Trainer's world\nthrough the bridge.\n\nThe other world looks grayish, and\nyour appearance will change, too.
2	63	132	The other Trainer's Entralink contains\nan Entree, as well.\n\nPress the A Button in front of the Entree,\nand you will receive a mission.\n\nThe missions have a time limit and may take\nvarious forms, such as talking to a person\nor fighting a Pokémon battle.
2	63	133	Once you accept the first mission,\nyou can warp to any city you want\nto visit.\n\nTo find the other Trainer, tap a city near\nthem on the Touch Screen to be sent to,\nthen start looking around for them.
2	63	134	Once you complete a mission received from the\nother Trainer's Entree, you'll return to\nyour own Entree.\n\nYou'll then receive a mysterious Pass Power\nfrom your own Entree.
2	63	135	Options not available while in the Entralink.\n\n-Save the game\n-Use Key Items\n-Use an HM or other moves that can be\n used outside of battle.\n\nYou cannot use these options in your own\nEntralink or in someone else's world.
2	63	136	A Pass Power is a mysterious power you\nreceive from the Entree in your Entralink.\n\nYou receive it after you've successfully\ncompleted missions from the Entree\nin someone else's Entralink.
2	63	137	You cannot use a Pass Power in your Entralink\nor in someone else's world.\n\nIf you want to use your Pass Power, please\nexit the Entralink and tap the Tag Log at the\nbottom of your C-Gear, then tap the\ntriangle icon.
2	63	138	To use Pass Power, you need a certain number\nof Pass Orbs.\n\nYou can obtain Pass Orbs by completing\nmissions from someone else's Entree.
2	63	139	You need to have a certain number\nof Pass Orbs to use your Pass Power.\n\nYou can obtain Pass Orbs by completing\nmissions from someone else's Entree.
2	63	140	■ Bag function\nYour Bag always sorts items by their types.\n\nItems in the Key Items Case\nhave checkboxes next to them.\n\nCheck the box to set up the item\nto use it by pressing the Y Button,\nwithout having to open your Bag.
2	63	141	Pressing the green icon on the Touch Screen\nor START sorts items in the Case.\n\nPressing SELECT allows you to move items\nin a Case freely. You can switch between\npages with the L Button or R Button.
2	63	142	■ Item types\n-ITEMS\nPokémon can hold some items to raise their\nstats or move power. Those items are marked.\n\nTry letting your Pokémon hold these items\nto see what effects they have.
2	63	143	There are some items you can use\nonly in a battle to raise Pokémon stats or\nmoves powers.\n\nSome items may last for a limited time.\nSome last until the Pokémon switches out.
2	63	144	The Poké Balls you need to catch Pokémon\nare kept in the ITEMS Case, as are items\nrelated to Pokémon evolution.\n\nYou can combine phrases and words\nto form Mail. Your Pokémon can hold Mail,\nand if you trade the Pokémon with\nyour friends, they can deliver your Mail.
2	63	145	-MEDICINE\nThis area holds items that restore\nyour Pokémon's HP, PP, and heal\nstatus conditions.\n\n-TMs & HMs\nThis area holds your TMs & HMs.\nThey can be reused as often as you like.
2	63	146	-BERRIES\nThis holds Berries that create special\neffects when your Pokémon hold them\nor use them.\n\n-KEY ITEMS\nThis is a place to keep Key Items. You can\nassign some of them to the Ready button\nfor instant use.
2	63	147	Open the menu using the X Button, then\nselect your name to check how many\nGym Badges you have.\n\nYou can tap the mark in the bottom-left\ncorner of the Touch Screen to check\nyour Trainer Card.
2	63	148	The Trainer Card displays your total\nplay time, prize money, and more.\nTap your title and characteristic to change\nthem, and select a new one you like.\n\nTouch the white frame underneath\nto edit your message. Fill in the boxes\nto complete your message.
2	63	149	You can sign the back of your card\nusing the stylus.\n\nTap the pen and eraser icons to switch\nbetween writing and erasing.\n\nTap the plus icon to magnify the screen.\nTap the triangle icon to split the signature\narea in two for animation.
2	63	150	This high-tech Pokédex records Pokémon\nautomatically.\n\nYou can check a Pokémon's info, area, cry,\nheight, weight, type, footprint, and more.
2	63	151	As you progress in your adventure, the\nPokédex will gain the search feature.\n\nWhen it's added, press START to search\nfor Pokémon that match certain conditions,\nsuch as Pokédex number, alphabetical order,\ncolor, or form.
2	63	152	Your chances of capturing a Pokémon\nare better if you lower your target's HP\nbefore you throw Poké Balls.\n\nIf you use Pokémon moves to inflict a Sleep\nor Paralysis condition on the target,\ncapturing it will be even easier.
2	63	153	Pokémon and their moves fall into\n17 different types. Each type has\nits own advantageous and disadvantageous\nmatchups against the others.\n\nFor example, Fire-type moves are more\neffective against Bug- and Grass-type\nPokémon but are less effective against\nWater- or Rock-type Pokémon.
2	63	154	When the move type matches the type of the\nPokémon using it, the power of the move\nis greater than usual.\n\nWhen a Pokémon has two types, either one\ncan affect the power.\n\nSome move types have no effect at all\non Pokémon of certain types.
2	63	155	Moves are classified as Physical, Special, or\nStatus moves. You can tell which is which\nby their icons.\n\n-Physical Moves\nPokémon's Attack and Defense stats\ndetermine the overall damage of this type\nof move.
2	63	156	-Special Moves\nPokémon's Sp. Attack and Sp. Defense stats\ndetermine the overall damage of these types\nof moves.\n\n-Status Moves\nThis type of move is not a direct attack, but\nit can raise the Pokémon's stats and inflict\nstatus conditions that help them in battles.
2	63	157	The Pokémon's HP has reached zero.\nYou must restore its HP before\nit can battle again.\nSome of the moves usable outside battle can\nstill be used when its HP reaches zero.\n■ To heal your Pokémon:\n-Let Pokémon rest at a Pokémon Center\n-Use Revive\n-Use Max Revive
2	63	158	The Pokémon has been poisoned.\nIts HP will gradually decrease in battle.\nThis will stop when it returns to its Poké Ball\nor when the battle ends, but the poisoned\nPokémon will not cure itself.\n\n■ To heal a poisoned Pokémon:\n-Let Pokémon rest at a Pokémon Center\n-Use Antidote, Pecha Berry, etc.
2	63	159	The Pokémon has paralysis.\nIts Speed stat drops, and\nit sometimes fails to use moves.\nA Pokémon with paralysis will not\ncure itself.\n\n■ To heal a Pokémon with paralysis:\n-Let Pokémon rest at a Pokémon Center\n-Use Parlyz Heal, Cheri Berry, etc.
2	63	160	The Pokémon is asleep. Only certain moves\ncan be used in this state.\n\nThe Pokémon can wake up during a battle, but\nit stays asleep if the battle ends before it\nwakes up.\n■ To heal a sleeping Pokémon:\n-Let the Pokémon rest at a Pokémon Center\n-Use Awakening, Chesto Berry, etc.
2	63	161	The Pokémon is frozen and cannot use\nmost moves. It can be defrosted during\na battle, but it stays frozen if the battle\nends before it is defrosted.\n\n■ To heal a frozen Pokémon:\n-Let the Pokémon rest at a Pokémon Center\n-Use Ice Heal, Aspear Berry, etc.
2	63	162	The Pokémon is burned.\nIts Attack stat drops, and its HP gradually\ndecreases. This HP loss stops when it returns\nto its Poké Ball or when the battle ends,\nbut the burned Pokémon will not\ncure itself.\n■ To heal a burned Pokémon:\n-Let the Pokémon rest at a Pokémon Center\n-Use Burn Heal, Rawst Berry, etc.
2	63	163	The Pokémon is confused.\nIt sometimes attacks itself instead of\nusing the selected move.\nIt is cured after the battle, and the Pokémon\ncan sometimes cure itself during a battle.\n\n■ To heal a confused Pokémon:\n-Switch out the affected Pokémon in a battle\n-Use Persim Berry, etc.
2	63	164	The Pokémon is infatuated\nby a Pokémon of the opposite gender.\nIt has a crush on the other Pokémon\nand sometimes fails to use its moves.\n\nIt will be cured when switched out\nor when the other Pokémon is defeated.
2	63	165	Pokémon earn Exp. Points\nafter a battle. They grow as they\nreceive Exp. Points and level up.\n\nThe stronger the Pokémon it defeats,\nthe more Exp. Points it earns.\n\nThe weaker the Pokémon it defeats,\nthe fewer Exp. Points it earns.
2	63	166	Exp. Points are shared among\nthe Pokémon in a battle. To help\na weak Pokémon receive Exp. Points,\ntake it out and switch in a strong Pokémon.\n\nWhen you trade and receive a Pokémon\nfrom another Trainer, it'll gain more\nExp. Points than Pokémon that\nyou've caught yourself.
2	63	167	Pokémon sometimes evolve.\nWhen they do, their appearance changes\nand their stats increase.\n\nThere are many ways to evolve.\nYou can evolve some Pokémon by leveling up,\nsome by using items that evolve Pokémon,\nand some by trading a Pokémon with a friend.\nEach Pokémon has its own way to evolve.
2	63	168	If you press the B Button while a Pokémon\nis evolving, it will be surprised\nand will stop evolving.\n\nYou can also obtain an item that\nprevents Pokémon from evolving.
2	63	169	Pokémon can grow differently,\ndepending on each one's Nature\nand Characteristic.\n\nSometimes Pokémon stats such as\nAttack and Defense may be colored\nred or blue. Red means the stat is\nmore likely to increase, and blue means\nthe stat is less likely to increase.
2	63	170	Pokérus is a beneficial virus seldom\nseen on Pokémon.\n\nPokérus seems to help Pokémon grow faster.\nAfter several days, Pokémon will return to\nnormal and are immune to Pokérus.\n\nPokérus may spread to other Pokémon\nin your party.
2	63	171	Once you've received the Running Shoes,\npress the B Button to run.
2	63	172	The Dowsing MCHN can indicate where items\nare hidden on the Touch Screen.\n\nFollow the directions to find them. When\nyou stand on a hidden item, it will blink.\n\nYou cannot pick up items if you are standing\ndirectly on them. Step away, face toward\nthe hidden item, and press the A Button.
2	63	173	This item lets you talk to your friends\nusing DS Wireless Communications\nor Nintendo Wi-Fi Connection.\n\nWith a Nintendo DSi or Nintendo DSi XL,\nyou can use the camera to see each\nother while talking.\nYou must both register Friend Codes before\ntalking with friends on the Xtransceiver.
2	63	174	■ Using DS Wireless Communications\nTouch the “WIRELESS" button on your C-Gear\nto select the Xtransceiver.\nThe names and ID numbers of Trainers\nyou've exchanged Friend Codes with\nwill appear on the Touch Screen.\nSelect the people you want to talk to\nand give them a call. You can call\nup to three people at once.
2	63	175	The “WIRELESS" button on your C-Gear will\nflash, and the C-Gear will ring.\n\nThe Xtransceiver will show your friend's name.\nTap it to pick up the phone.\n\nYou will not be able to answer if you tap\nthe Xtransceiver.
2	63	176	■ Using Wi-Fi Club\nYou can talk to one Trainer in the Wi-Fi Club.
2	63	177	■ How to Use the Xtransceiver\nUse the Touch Screen. Touch the button\nin the middle while you are talking into it.\n\nUse the gauge to your left to change\nthe pitch of your voice.
2	63	178	With the Nintendo DSi and Nintendo DSi XL,\nyou'll see another player's face on the top\nscreen. You can cover it with graffiti using\nthe button in the top-right corner. You can\nalso freeze the picture using the button in\nthe bottom-right corner.\n\n“SOUND ONLY" will be displayed\nif the DS system lacks a camera.
2	63	179	The Unova region has eight Gyms. Each Gym\nhas its own Gym Leader, and you can win\nGym Badges by defeating those Gym Leaders.\n\nPress the X Button to open the menu and\nselect your name to check how many\nGym Badges you've collected.
2	63	180	As you collect Badges, the Pokémon you've\npicked up by trading will start to obey you\nwithout question, even if their level is high.
2	63	181	The Ready button is an easy shortcut\nto frequently used functions and items.\n\nOnce you register something with the\nReady button, just press the Y Button\nto use that item or function instantly.
2	63	182	You may see boxes on the Touch Screen when\nyou open the menu by pressing the X Button.\n\nTap the box and a check mark will appear in it.\n\nFunctions and items with check marks\nnext to them are the ones that\nare registered to the Ready button.
2	63	183	You will see boxes next to item names\nin the Key Items Case, as well.\n\nTap to check them, and they will be\nregistered to work with the Ready button.
2	63	184	You can register up to 25 functions and items\nwith the Ready button.\n\nTo unregister, tap a checked box to remove\nthe check mark.\n\nPress SELECT to change the order of the\nfunctions and items on the list.
2	63	185	Insert one of the following games in another\nDS system and turn the power ON.\n- Pokémon Diamond Version\n- Pokémon Pearl Version\n- Pokémon Platinum Version\n- Pokémon HeartGold Version\n- Pokémon SoulSilver Version\nThen tap DS Download Play in the DS Menu\nto select Poké Transfer.
2	63	186	When the Pokémon have been received,\nselect the six Pokémon you'd like\nto transfer to Pokémon Black Version or\nPokémon White Version and slide them\ninto the frame to your right.\n\nPokémon sent by Poké Transfer CANNOT\nbe returned to the games they came from.
2	63	187	Tap the Touch Screen to pull back\nthe Poké Ball, aim it at the Pokémon,\nand release the Poké Ball.\n\nSome Pokémon may be hiding in the grass\nor behind trees.
2	63	188	When hit by a Poké Ball, a Pokémon will\ncome out from where it's been hiding.\nThrow a second Poké Ball to catch it.\n\nTry to catch all six Pokémon\nwithin the time limit.
2	63	189	You may see pink mist from time to time.\nIf you hit it with your Poké Ball,\nthe Pokémon will fall asleep.\n\nPokémon cannot move while sleeping,\nso this makes it easier to catch them.
3	0	0	!
3	0	1	!
3	0	2	!
3	0	3	{00} used\nPound!
3	0	4	The wild {00} used\nPound!
3	0	5	The foe's {00} used\nPound!
3	0	6	{00} used\nKarate Chop!
3	0	7	The wild {00} used\nKarate Chop!
3	0	8	The foe's {00} used\nKarate Chop!
3	0	9	{00} used\nDoubleSlap!
3	0	10	The wild {00} used\nDoubleSlap!
3	0	11	The foe's {00} used\nDoubleSlap!
3	0	12	{00} used\nComet Punch!
3	0	13	The wild {00} used\nComet Punch!
3	0	14	The foe's {00} used\nComet Punch!
3	0	15	{00} used\nMega Punch!
3	0	16	The wild {00} used\nMega Punch!
3	0	17	The foe's {00} used\nMega Punch!
3	0	18	{00} used\nPay Day!
3	0	19	The wild {00} used\nPay Day!
3	0	20	The foe's {00} used\nPay Day!
3	0	21	{00} used\nFire Punch!
3	0	22	The wild {00} used\nFire Punch!
3	0	23	The foe's {00} used\nFire Punch!
3	0	24	{00} used\nIce Punch!
3	0	25	The wild {00} used\nIce Punch!
3	0	26	The foe's {00} used\nIce Punch!
3	0	27	{00} used\nThunderPunch!
3	0	28	The wild {00} used\nThunderPunch!
3	0	29	The foe's {00} used\nThunderPunch!
3	0	30	{00} used\nScratch!
3	0	31	The wild {00} used\nScratch!
3	0	32	The foe's {00} used\nScratch!
3	0	33	{00} used\nViceGrip!
3	0	34	The wild {00} used\nViceGrip!
3	0	35	The foe's {00} used\nViceGrip!
3	0	36	{00} used\nGuillotine!
3	0	37	The wild {00} used\nGuillotine!
3	0	38	The foe's {00} used\nGuillotine!
3	0	39	{00} used\nRazor Wind!
3	0	40	The wild {00} used\nRazor Wind!
3	0	41	The foe's {00} used\nRazor Wind!
3	0	42	{00} used\nSwords Dance!
3	0	43	The wild {00} used\nSwords Dance!
3	0	44	The foe's {00} used\nSwords Dance!
3	0	45	{00} used\nCut!
3	0	46	The wild {00} used\nCut!
3	0	47	The foe's {00} used\nCut!
3	0	48	{00} used\nGust!
3	0	49	The wild {00} used\nGust!
3	0	50	The foe's {00} used\nGust!
3	0	51	{00} used\nWing Attack!
3	0	52	The wild {00} used\nWing Attack!
3	0	53	The foe's {00} used\nWing Attack!
3	0	54	{00} used\nWhirlwind!
3	0	55	The wild {00} used\nWhirlwind!
3	0	56	The foe's {00} used\nWhirlwind!
3	0	57	{00} used\nFly!
3	0	58	The wild {00} used\nFly!
3	0	59	The foe's {00} used\nFly!
3	0	60	{00} used\nBind!
3	0	61	The wild {00} used\nBind!
3	0	62	The foe's {00} used\nBind!
3	0	63	{00} used\nSlam!
3	0	64	The wild {00} used\nSlam!
3	0	65	The foe's {00} used\nSlam!
3	0	66	{00} used\nVine Whip!
3	0	67	The wild {00} used\nVine Whip!
3	0	68	The foe's {00} used\nVine Whip!
3	0	69	{00} used\nStomp!
3	0	70	The wild {00} used\nStomp!
3	0	71	The foe's {00} used\nStomp!
3	0	72	{00} used\nDouble Kick!
3	0	73	The wild {00} used\nDouble Kick!
3	0	74	The foe's {00} used\nDouble Kick!
3	0	75	{00} used\nMega Kick!
3	0	76	The wild {00} used\nMega Kick!
3	0	77	The foe's {00} used\nMega Kick!
3	0	78	{00} used\nJump Kick!
3	0	79	The wild {00} used\nJump Kick!
3	0	80	The foe's {00} used\nJump Kick!
3	0	81	{00} used\nRolling Kick!
3	0	82	The wild {00} used\nRolling Kick!
3	0	83	The foe's {00} used\nRolling Kick!
3	0	84	{00} used\nSand-Attack!
3	0	85	The wild {00} used\nSand-Attack!
3	0	86	The foe's {00} used\nSand-Attack!
3	0	87	{00} used\nHeadbutt!
3	0	88	The wild {00} used\nHeadbutt!
3	0	89	The foe's {00} used\nHeadbutt!
3	0	90	{00} used\nHorn Attack!
3	0	91	The wild {00} used\nHorn Attack!
3	0	92	The foe's {00} used\nHorn Attack!
3	0	93	{00} used\nFury Attack!
3	0	94	The wild {00} used\nFury Attack!
3	0	95	The foe's {00} used\nFury Attack!
3	0	96	{00} used\nHorn Drill!
3	0	97	The wild {00} used\nHorn Drill!
3	0	98	The foe's {00} used\nHorn Drill!
3	0	99	{00} used\nTackle!
3	0	100	The wild {00} used\nTackle!
3	0	101	The foe's {00} used\nTackle!
3	0	102	{00} used\nBody Slam!
3	0	103	The wild {00} used\nBody Slam!
3	0	104	The foe's {00} used\nBody Slam!
3	0	105	{00} used\nWrap!
3	0	106	The wild {00} used\nWrap!
3	0	107	The foe's {00} used\nWrap!
3	0	108	{00} used\nTake Down!
3	0	109	The wild {00} used\nTake Down!
3	0	110	The foe's {00} used\nTake Down!
3	0	111	{00} used\nThrash!
3	0	112	The wild {00} used\nThrash!
3	0	113	The foe's {00} used\nThrash!
3	0	114	{00} used\nDouble-Edge!
3	0	115	The wild {00} used\nDouble-Edge!
3	0	116	The foe's {00} used\nDouble-Edge!
3	0	117	{00} used\nTail Whip!
3	0	118	The wild {00} used\nTail Whip!
3	0	119	The foe's {00} used\nTail Whip!
3	0	120	{00} used\nPoison Sting!
3	0	121	The wild {00} used\nPoison Sting!
3	0	122	The foe's {00} used\nPoison Sting!
3	0	123	{00} used\nTwineedle!
3	0	124	The wild {00} used\nTwineedle!
3	0	125	The foe's {00} used\nTwineedle!
3	0	126	{00} used\nPin Missile!
3	0	127	The wild {00} used\nPin Missile!
3	0	128	The foe's {00} used\nPin Missile!
3	0	129	{00} used\nLeer!
3	0	130	The wild {00} used\nLeer!
3	0	131	The foe's {00} used\nLeer!
3	0	132	{00} used\nBite!
3	0	133	The wild {00} used\nBite!
3	0	134	The foe's {00} used\nBite!
3	0	135	{00} used\nGrowl!
3	0	136	The wild {00} used\nGrowl!
3	0	137	The foe's {00} used\nGrowl!
3	0	138	{00} used\nRoar!
3	0	139	The wild {00} used\nRoar!
3	0	140	The foe's {00} used\nRoar!
3	0	141	{00} used\nSing!
3	0	142	The wild {00} used\nSing!
3	0	143	The foe's {00} used\nSing!
3	0	144	{00} used\nSupersonic!
3	0	145	The wild {00} used\nSupersonic!
3	0	146	The foe's {00} used\nSupersonic!
3	0	147	{00} used\nSonicBoom!
3	0	148	The wild {00} used\nSonicBoom!
3	0	149	The foe's {00} used\nSonicBoom!
3	0	150	{00} used\nDisable!
3	0	151	The wild {00} used\nDisable!
3	0	152	The foe's {00} used\nDisable!
3	0	153	{00} used\nAcid!
3	0	154	The wild {00} used\nAcid!
3	0	155	The foe's {00} used\nAcid!
3	0	156	{00} used\nEmber!
3	0	157	The wild {00} used\nEmber!
3	0	158	The foe's {00} used\nEmber!
3	0	159	{00} used\nFlamethrower!
3	0	160	The wild {00} used\nFlamethrower!
3	0	161	The foe's {00} used\nFlamethrower!
3	0	162	{00} used\nMist!
3	0	163	The wild {00} used\nMist!
3	0	164	The foe's {00} used\nMist!
3	0	165	{00} used\nWater Gun!
3	0	166	The wild {00} used\nWater Gun!
3	0	167	The foe's {00} used\nWater Gun!
3	0	168	{00} used\nHydro Pump!
3	0	169	The wild {00} used\nHydro Pump!
3	0	170	The foe's {00} used\nHydro Pump!
3	0	171	{00} used\nSurf!
3	0	172	The wild {00} used\nSurf!
3	0	173	The foe's {00} used\nSurf!
3	0	174	{00} used\nIce Beam!
3	0	175	The wild {00} used\nIce Beam!
3	0	176	The foe's {00} used\nIce Beam!
3	0	177	{00} used\nBlizzard!
3	0	178	The wild {00} used\nBlizzard!
3	0	179	The foe's {00} used\nBlizzard!
3	0	180	{00} used\nPsybeam!
3	0	181	The wild {00} used\nPsybeam!
3	0	182	The foe's {00} used\nPsybeam!
3	0	183	{00} used\nBubbleBeam!
3	0	184	The wild {00} used\nBubbleBeam!
3	0	185	The foe's {00} used\nBubbleBeam!
3	0	186	{00} used\nAurora Beam!
3	0	187	The wild {00} used\nAurora Beam!
3	0	188	The foe's {00} used\nAurora Beam!
3	0	189	{00} used\nHyper Beam!
3	0	190	The wild {00} used\nHyper Beam!
3	0	191	The foe's {00} used\nHyper Beam!
3	0	192	{00} used\nPeck!
3	0	193	The wild {00} used\nPeck!
3	0	194	The foe's {00} used\nPeck!
3	0	195	{00} used\nDrill Peck!
3	0	196	The wild {00} used\nDrill Peck!
3	0	197	The foe's {00} used\nDrill Peck!
3	0	198	{00} used\nSubmission!
3	0	199	The wild {00} used\nSubmission!
3	0	200	The foe's {00} used\nSubmission!
3	0	201	{00} used\nLow Kick!
3	0	202	The wild {00} used\nLow Kick!
3	0	203	The foe's {00} used\nLow Kick!
3	0	204	{00} used\nCounter!
3	0	205	The wild {00} used\nCounter!
3	0	206	The foe's {00} used\nCounter!
3	0	207	{00} used\nSeismic Toss!
3	0	208	The wild {00} used\nSeismic Toss!
3	0	209	The foe's {00} used\nSeismic Toss!
3	0	210	{00} used\nStrength!
3	0	211	The wild {00} used\nStrength!
3	0	212	The foe's {00} used\nStrength!
3	0	213	{00} used\nAbsorb!
3	0	214	The wild {00} used\nAbsorb!
3	0	215	The foe's {00} used\nAbsorb!
3	0	216	{00} used\nMega Drain!
3	0	217	The wild {00} used\nMega Drain!
3	0	218	The foe's {00} used\nMega Drain!
3	0	219	{00} used\nLeech Seed!
3	0	220	The wild {00} used\nLeech Seed!
3	0	221	The foe's {00} used\nLeech Seed!
3	0	222	{00} used\nGrowth!
3	0	223	The wild {00} used\nGrowth!
3	0	224	The foe's {00} used\nGrowth!
3	0	225	{00} used\nRazor Leaf!
3	0	226	The wild {00} used\nRazor Leaf!
3	0	227	The foe's {00} used\nRazor Leaf!
3	0	228	{00} used\nSolarBeam!
3	0	229	The wild {00} used\nSolarBeam!
3	0	230	The foe's {00} used\nSolarBeam!
3	0	231	{00} used\nPoisonPowder!
3	0	232	The wild {00} used\nPoisonPowder!
3	0	233	The foe's {00} used\nPoisonPowder!
3	0	234	{00} used\nStun Spore!
3	0	235	The wild {00} used\nStun Spore!
3	0	236	The foe's {00} used\nStun Spore!
3	0	237	{00} used\nSleep Powder!
3	0	238	The wild {00} used\nSleep Powder!
3	0	239	The foe's {00} used\nSleep Powder!
3	0	240	{00} used\nPetal Dance!
3	0	241	The wild {00} used\nPetal Dance!
3	0	242	The foe's {00} used\nPetal Dance!
3	0	243	{00} used\nString Shot!
3	0	244	The wild {00} used\nString Shot!
3	0	245	The foe's {00} used\nString Shot!
3	0	246	{00} used\nDragon Rage!
3	0	247	The wild {00} used\nDragon Rage!
3	0	248	The foe's {00} used\nDragon Rage!
3	0	249	{00} used\nFire Spin!
3	0	250	The wild {00} used\nFire Spin!
3	0	251	The foe's {00} used\nFire Spin!
3	0	252	{00} used\nThunderShock!
3	0	253	The wild {00} used\nThunderShock!
3	0	254	The foe's {00} used\nThunderShock!
3	0	255	{00} used\nThunderbolt!
3	0	256	The wild {00} used\nThunderbolt!
3	0	257	The foe's {00} used\nThunderbolt!
3	0	258	{00} used\nThunder Wave!
3	0	259	The wild {00} used\nThunder Wave!
3	0	260	The foe's {00} used\nThunder Wave!
3	0	261	{00} used\nThunder!
3	0	262	The wild {00} used\nThunder!
3	0	263	The foe's {00} used\nThunder!
3	0	264	{00} used\nRock Throw!
3	0	265	The wild {00} used\nRock Throw!
3	0	266	The foe's {00} used\nRock Throw!
3	0	267	{00} used\nEarthquake!
3	0	268	The wild {00} used\nEarthquake!
3	0	269	The foe's {00} used\nEarthquake!
3	0	270	{00} used\nFissure!
3	0	271	The wild {00} used\nFissure!
3	0	272	The foe's {00} used\nFissure!
3	0	273	{00} used\nDig!
3	0	274	The wild {00} used\nDig!
3	0	275	The foe's {00} used\nDig!
3	0	276	{00} used\nToxic!
3	0	277	The wild {00} used\nToxic!
3	0	278	The foe's {00} used\nToxic!
3	0	279	{00} used\nConfusion!
3	0	280	The wild {00} used\nConfusion!
3	0	281	The foe's {00} used\nConfusion!
3	0	282	{00} used\nPsychic!
3	0	283	The wild {00} used\nPsychic!
3	0	284	The foe's {00} used\nPsychic!
3	0	285	{00} used\nHypnosis!
3	0	286	The wild {00} used\nHypnosis!
3	0	287	The foe's {00} used\nHypnosis!
3	0	288	{00} used\nMeditate!
3	0	289	The wild {00} used\nMeditate!
3	0	290	The foe's {00} used\nMeditate!
3	0	291	{00} used\nAgility!
3	0	292	The wild {00} used\nAgility!
3	0	293	The foe's {00} used\nAgility!
3	0	294	{00} used\nQuick Attack!
3	0	295	The wild {00} used\nQuick Attack!
3	0	296	The foe's {00} used\nQuick Attack!
3	0	297	{00} used\nRage!
3	0	298	The wild {00} used\nRage!
3	0	299	The foe's {00} used\nRage!
3	0	300	{00} used\nTeleport!
3	0	301	The wild {00} used\nTeleport!
3	0	302	The foe's {00} used\nTeleport!
3	0	303	{00} used\nNight Shade!
3	0	304	The wild {00} used\nNight Shade!
3	0	305	The foe's {00} used\nNight Shade!
3	0	306	{00} used\nMimic!
3	0	307	The wild {00} used\nMimic!
3	0	308	The foe's {00} used\nMimic!
3	0	309	{00} used\nScreech!
3	0	310	The wild {00} used\nScreech!
3	0	311	The foe's {00} used\nScreech!
3	0	312	{00} used\nDouble Team!
3	0	313	The wild {00} used\nDouble Team!
3	0	314	The foe's {00} used\nDouble Team!
3	0	315	{00} used\nRecover!
3	0	316	The wild {00} used\nRecover!
3	0	317	The foe's {00} used\nRecover!
3	0	318	{00} used\nHarden!
3	0	319	The wild {00} used\nHarden!
3	0	320	The foe's {00} used\nHarden!
3	0	321	{00} used\nMinimize!
3	0	322	The wild {00} used\nMinimize!
3	0	323	The foe's {00} used\nMinimize!
3	0	324	{00} used\nSmokeScreen!
3	0	325	The wild {00} used\nSmokeScreen!
3	0	326	The foe's {00} used\nSmokeScreen!
3	0	327	{00} used\nConfuse Ray!
3	0	328	The wild {00} used\nConfuse Ray!
3	0	329	The foe's {00} used\nConfuse Ray!
3	0	330	{00} used\nWithdraw!
3	0	331	The wild {00} used\nWithdraw!
3	0	332	The foe's {00} used\nWithdraw!
3	0	333	{00} used\nDefense Curl!
3	0	334	The wild {00} used\nDefense Curl!
3	0	335	The foe's {00} used\nDefense Curl!
3	0	336	{00} used\nBarrier!
3	0	337	The wild {00} used\nBarrier!
3	0	338	The foe's {00} used\nBarrier!
3	0	339	{00} used\nLight Screen!
3	0	340	The wild {00} used\nLight Screen!
3	0	341	The foe's {00} used\nLight Screen!
3	0	342	{00} used\nHaze!
3	0	343	The wild {00} used\nHaze!
3	0	344	The foe's {00} used\nHaze!
3	0	345	{00} used\nReflect!
3	0	346	The wild {00} used\nReflect!
3	0	347	The foe's {00} used\nReflect!
3	0	348	{00} used\nFocus Energy!
3	0	349	The wild {00} used\nFocus Energy!
3	0	350	The foe's {00} used\nFocus Energy!
3	0	351	{00} used\nBide!
3	0	352	The wild {00} used\nBide!
3	0	353	The foe's {00} used\nBide!
3	0	354	{00} used\nMetronome!
3	0	355	The wild {00} used\nMetronome!
3	0	356	The foe's {00} used\nMetronome!
3	0	357	{00} used\nMirror Move!
3	0	358	The wild {00} used\nMirror Move!
3	0	359	The foe's {00} used\nMirror Move!
3	0	360	{00} used\nSelfdestruct!
3	0	361	The wild {00} used\nSelfdestruct!
3	0	362	The foe's {00} used\nSelfdestruct!
3	0	363	{00} used\nEgg Bomb!
3	0	364	The wild {00} used\nEgg Bomb!
3	0	365	The foe's {00} used\nEgg Bomb!
3	0	366	{00} used\nLick!
3	0	367	The wild {00} used\nLick!
3	0	368	The foe's {00} used\nLick!
3	0	369	{00} used\nSmog!
3	0	370	The wild {00} used\nSmog!
3	0	371	The foe's {00} used\nSmog!
3	0	372	{00} used\nSludge!
3	0	373	The wild {00} used\nSludge!
3	0	374	The foe's {00} used\nSludge!
3	0	375	{00} used\nBone Club!
3	0	376	The wild {00} used\nBone Club!
3	0	377	The foe's {00} used\nBone Club!
3	0	378	{00} used\nFire Blast!
3	0	379	The wild {00} used\nFire Blast!
3	0	380	The foe's {00} used\nFire Blast!
3	0	381	{00} used\nWaterfall!
3	0	382	The wild {00} used\nWaterfall!
3	0	383	The foe's {00} used\nWaterfall!
3	0	384	{00} used\nClamp!
3	0	385	The wild {00} used\nClamp!
3	0	386	The foe's {00} used\nClamp!
3	0	387	{00} used\nSwift!
3	0	388	The wild {00} used\nSwift!
3	0	389	The foe's {00} used\nSwift!
3	0	390	{00} used\nSkull Bash!
3	0	391	The wild {00} used\nSkull Bash!
3	0	392	The foe's {00} used\nSkull Bash!
3	0	393	{00} used\nSpike Cannon!
3	0	394	The wild {00} used\nSpike Cannon!
3	0	395	The foe's {00} used\nSpike Cannon!
3	0	396	{00} used\nConstrict!
3	0	397	The wild {00} used\nConstrict!
3	0	398	The foe's {00} used\nConstrict!
3	0	399	{00} used\nAmnesia!
3	0	400	The wild {00} used\nAmnesia!
3	0	401	The foe's {00} used\nAmnesia!
3	0	402	{00} used\nKinesis!
3	0	403	The wild {00} used\nKinesis!
3	0	404	The foe's {00} used\nKinesis!
3	0	405	{00} used\nSoftboiled!
3	0	406	The wild {00} used\nSoftboiled!
3	0	407	The foe's {00} used\nSoftboiled!
3	0	408	{00} used\nHi Jump Kick!
3	0	409	The wild {00} used\nHi Jump Kick!
3	0	410	The foe's {00} used\nHi Jump Kick!
3	0	411	{00} used\nGlare!
3	0	412	The wild {00} used\nGlare!
3	0	413	The foe's {00} used\nGlare!
3	0	414	{00} used\nDream Eater!
3	0	415	The wild {00} used\nDream Eater!
3	0	416	The foe's {00} used\nDream Eater!
3	0	417	{00} used\nPoison Gas!
3	0	418	The wild {00} used\nPoison Gas!
3	0	419	The foe's {00} used\nPoison Gas!
3	0	420	{00} used\nBarrage!
3	0	421	The wild {00} used\nBarrage!
3	0	422	The foe's {00} used\nBarrage!
3	0	423	{00} used\nLeech Life!
3	0	424	The wild {00} used\nLeech Life!
3	0	425	The foe's {00} used\nLeech Life!
3	0	426	{00} used\nLovely Kiss!
3	0	427	The wild {00} used\nLovely Kiss!
3	0	428	The foe's {00} used\nLovely Kiss!
3	0	429	{00} used\nSky Attack!
3	0	430	The wild {00} used\nSky Attack!
3	0	431	The foe's {00} used\nSky Attack!
3	0	432	{00} used\nTransform!
3	0	433	The wild {00} used\nTransform!
3	0	434	The foe's {00} used\nTransform!
3	0	435	{00} used\nBubble!
3	0	436	The wild {00} used\nBubble!
3	0	437	The foe's {00} used\nBubble!
3	0	438	{00} used\nDizzy Punch!
3	0	439	The wild {00} used\nDizzy Punch!
3	0	440	The foe's {00} used\nDizzy Punch!
3	0	441	{00} used\nSpore!
3	0	442	The wild {00} used\nSpore!
3	0	443	The foe's {00} used\nSpore!
3	0	444	{00} used\nFlash!
3	0	445	The wild {00} used\nFlash!
3	0	446	The foe's {00} used\nFlash!
3	0	447	{00} used\nPsywave!
3	0	448	The wild {00} used\nPsywave!
3	0	449	The foe's {00} used\nPsywave!
3	0	450	{00} used\nSplash!
3	0	451	The wild {00} used\nSplash!
3	0	452	The foe's {00} used\nSplash!
3	0	453	{00} used\nAcid Armor!
3	0	454	The wild {00} used\nAcid Armor!
3	0	455	The foe's {00} used\nAcid Armor!
3	0	456	{00} used\nCrabhammer!
3	0	457	The wild {00} used\nCrabhammer!
3	0	458	The foe's {00} used\nCrabhammer!
3	0	459	{00} used\nExplosion!
3	0	460	The wild {00} used\nExplosion!
3	0	461	The foe's {00} used\nExplosion!
3	0	462	{00} used\nFury Swipes!
3	0	463	The wild {00} used\nFury Swipes!
3	0	464	The foe's {00} used\nFury Swipes!
3	0	465	{00} used\nBonemerang!
3	0	466	The wild {00} used\nBonemerang!
3	0	467	The foe's {00} used\nBonemerang!
3	0	468	{00} used\nRest!
3	0	469	The wild {00} used\nRest!
3	0	470	The foe's {00} used\nRest!
3	0	471	{00} used\nRock Slide!
3	0	472	The wild {00} used\nRock Slide!
3	0	473	The foe's {00} used\nRock Slide!
3	0	474	{00} used\nHyper Fang!
3	0	475	The wild {00} used\nHyper Fang!
3	0	476	The foe's {00} used\nHyper Fang!
3	0	477	{00} used\nSharpen!
3	0	478	The wild {00} used\nSharpen!
3	0	479	The foe's {00} used\nSharpen!
3	0	480	{00} used\nConversion!
3	0	481	The wild {00} used\nConversion!
3	0	482	The foe's {00} used\nConversion!
3	0	483	{00} used\nTri Attack!
3	0	484	The wild {00} used\nTri Attack!
3	0	485	The foe's {00} used\nTri Attack!
3	0	486	{00} used\nSuper Fang!
3	0	487	The wild {00} used\nSuper Fang!
3	0	488	The foe's {00} used\nSuper Fang!
3	0	489	{00} used\nSlash!
3	0	490	The wild {00} used\nSlash!
3	0	491	The foe's {00} used\nSlash!
3	0	492	{00} used\nSubstitute!
3	0	493	The wild {00} used\nSubstitute!
3	0	494	The foe's {00} used\nSubstitute!
3	0	495	{00} used\nStruggle!
3	0	496	The wild {00} used\nStruggle!
3	0	497	The foe's {00} used\nStruggle!
3	0	498	{00} used\nSketch!
3	0	499	The wild {00} used\nSketch!
3	0	500	The foe's {00} used\nSketch!
3	0	501	{00} used\nTriple Kick!
3	0	502	The wild {00} used\nTriple Kick!
3	0	503	The foe's {00} used\nTriple Kick!
3	0	504	{00} used\nThief!
3	0	505	The wild {00} used\nThief!
3	0	506	The foe's {00} used\nThief!
3	0	507	{00} used\nSpider Web!
3	0	508	The wild {00} used\nSpider Web!
3	0	509	The foe's {00} used\nSpider Web!
3	0	510	{00} used\nMind Reader!
3	0	511	The wild {00} used\nMind Reader!
3	0	512	The foe's {00} used\nMind Reader!
3	0	513	{00} used\nNightmare!
3	0	514	The wild {00} used\nNightmare!
3	0	515	The foe's {00} used\nNightmare!
3	0	516	{00} used\nFlame Wheel!
3	0	517	The wild {00} used\nFlame Wheel!
3	0	518	The foe's {00} used\nFlame Wheel!
3	0	519	{00} used\nSnore!
3	0	520	The wild {00} used\nSnore!
3	0	521	The foe's {00} used\nSnore!
3	0	522	{00} used\nCurse!
3	0	523	The wild {00} used\nCurse!
3	0	524	The foe's {00} used\nCurse!
3	0	525	{00} used\nFlail!
3	0	526	The wild {00} used\nFlail!
3	0	527	The foe's {00} used\nFlail!
3	0	528	{00} used\nConversion 2!
3	0	529	The wild {00} used\nConversion 2!
3	0	530	The foe's {00} used\nConversion 2!
3	0	531	{00} used\nAeroblast!
3	0	532	The wild {00} used\nAeroblast!
3	0	533	The foe's {00} used\nAeroblast!
3	0	534	{00} used\nCotton Spore!
3	0	535	The wild {00} used\nCotton Spore!
3	0	536	The foe's {00} used\nCotton Spore!
3	0	537	{00} used\nReversal!
3	0	538	The wild {00} used\nReversal!
3	0	539	The foe's {00} used\nReversal!
3	0	540	{00} used\nSpite!
3	0	541	The wild {00} used\nSpite!
3	0	542	The foe's {00} used\nSpite!
3	0	543	{00} used\nPowder Snow!
3	0	544	The wild {00} used\nPowder Snow!
3	0	545	The foe's {00} used\nPowder Snow!
3	0	546	{00} used\nProtect!
3	0	547	The wild {00} used\nProtect!
3	0	548	The foe's {00} used\nProtect!
3	0	549	{00} used\nMach Punch!
3	0	550	The wild {00} used\nMach Punch!
3	0	551	The foe's {00} used\nMach Punch!
3	0	552	{00} used\nScary Face!
3	0	553	The wild {00} used\nScary Face!
3	0	554	The foe's {00} used\nScary Face!
3	0	555	{00} used\nFaint Attack!
3	0	556	The wild {00} used\nFaint Attack!
3	0	557	The foe's {00} used\nFaint Attack!
3	0	558	{00} used\nSweet Kiss!
3	0	559	The wild {00} used\nSweet Kiss!
3	0	560	The foe's {00} used\nSweet Kiss!
3	0	561	{00} used\nBelly Drum!
3	0	562	The wild {00} used\nBelly Drum!
3	0	563	The foe's {00} used\nBelly Drum!
3	0	564	{00} used\nSludge Bomb!
3	0	565	The wild {00} used\nSludge Bomb!
3	0	566	The foe's {00} used\nSludge Bomb!
3	0	567	{00} used\nMud-Slap!
3	0	568	The wild {00} used\nMud-Slap!
3	0	569	The foe's {00} used\nMud-Slap!
3	0	570	{00} used\nOctazooka!
3	0	571	The wild {00} used\nOctazooka!
3	0	572	The foe's {00} used\nOctazooka!
3	0	573	{00} used\nSpikes!
3	0	574	The wild {00} used\nSpikes!
3	0	575	The foe's {00} used\nSpikes!
3	0	576	{00} used\nZap Cannon!
3	0	577	The wild {00} used\nZap Cannon!
3	0	578	The foe's {00} used\nZap Cannon!
3	0	579	{00} used\nForesight!
3	0	580	The wild {00} used\nForesight!
3	0	581	The foe's {00} used\nForesight!
3	0	582	{00} used\nDestiny Bond!
3	0	583	The wild {00} used\nDestiny Bond!
3	0	584	The foe's {00} used\nDestiny Bond!
3	0	585	{00} used\nPerish Song!
3	0	586	The wild {00} used\nPerish Song!
3	0	587	The foe's {00} used\nPerish Song!
3	0	588	{00} used\nIcy Wind!
3	0	589	The wild {00} used\nIcy Wind!
3	0	590	The foe's {00} used\nIcy Wind!
3	0	591	{00} used\nDetect!
3	0	592	The wild {00} used\nDetect!
3	0	593	The foe's {00} used\nDetect!
3	0	594	{00} used\nBone Rush!
3	0	595	The wild {00} used\nBone Rush!
3	0	596	The foe's {00} used\nBone Rush!
3	0	597	{00} used\nLock-On!
3	0	598	The wild {00} used\nLock-On!
3	0	599	The foe's {00} used\nLock-On!
3	0	600	{00} used\nOutrage!
3	0	601	The wild {00} used\nOutrage!
3	0	602	The foe's {00} used\nOutrage!
3	0	603	{00} used\nSandstorm!
3	0	604	The wild {00} used\nSandstorm!
3	0	605	The foe's {00} used\nSandstorm!
3	0	606	{00} used\nGiga Drain!
3	0	607	The wild {00} used\nGiga Drain!
3	0	608	The foe's {00} used\nGiga Drain!
3	0	609	{00} used\nEndure!
3	0	610	The wild {00} used\nEndure!
3	0	611	The foe's {00} used\nEndure!
3	0	612	{00} used\nCharm!
3	0	613	The wild {00} used\nCharm!
3	0	614	The foe's {00} used\nCharm!
3	0	615	{00} used\nRollout!
3	0	616	The wild {00} used\nRollout!
3	0	617	The foe's {00} used\nRollout!
3	0	618	{00} used\nFalse Swipe!
3	0	619	The wild {00} used\nFalse Swipe!
3	0	620	The foe's {00} used\nFalse Swipe!
3	0	621	{00} used\nSwagger!
3	0	622	The wild {00} used\nSwagger!
3	0	623	The foe's {00} used\nSwagger!
3	0	624	{00} used\nMilk Drink!
3	0	625	The wild {00} used\nMilk Drink!
3	0	626	The foe's {00} used\nMilk Drink!
3	0	627	{00} used\nSpark!
3	0	628	The wild {00} used\nSpark!
3	0	629	The foe's {00} used\nSpark!
3	0	630	{00} used\nFury Cutter!
3	0	631	The wild {00} used\nFury Cutter!
3	0	632	The foe's {00} used\nFury Cutter!
3	0	633	{00} used\nSteel Wing!
3	0	634	The wild {00} used\nSteel Wing!
3	0	635	The foe's {00} used\nSteel Wing!
3	0	636	{00} used\nMean Look!
3	0	637	The wild {00} used\nMean Look!
3	0	638	The foe's {00} used\nMean Look!
3	0	639	{00} used\nAttract!
3	0	640	The wild {00} used\nAttract!
3	0	641	The foe's {00} used\nAttract!
3	0	642	{00} used\nSleep Talk!
3	0	643	The wild {00} used\nSleep Talk!
3	0	644	The foe's {00} used\nSleep Talk!
3	0	645	{00} used\nHeal Bell!
3	0	646	The wild {00} used\nHeal Bell!
3	0	647	The foe's {00} used\nHeal Bell!
3	0	648	{00} used\nReturn!
3	0	649	The wild {00} used\nReturn!
3	0	650	The foe's {00} used\nReturn!
3	0	651	{00} used\nPresent!
3	0	652	The wild {00} used\nPresent!
3	0	653	The foe's {00} used\nPresent!
3	0	654	{00} used\nFrustration!
3	0	655	The wild {00} used\nFrustration!
3	0	656	The foe's {00} used\nFrustration!
3	0	657	{00} used\nSafeguard!
3	0	658	The wild {00} used\nSafeguard!
3	0	659	The foe's {00} used\nSafeguard!
3	0	660	{00} used\nPain Split!
3	0	661	The wild {00} used\nPain Split!
3	0	662	The foe's {00} used\nPain Split!
3	0	663	{00} used\nSacred Fire!
3	0	664	The wild {00} used\nSacred Fire!
3	0	665	The foe's {00} used\nSacred Fire!
3	0	666	{00} used\nMagnitude!
3	0	667	The wild {00} used\nMagnitude!
3	0	668	The foe's {00} used\nMagnitude!
3	0	669	{00} used\nDynamicPunch!
3	0	670	The wild {00} used\nDynamicPunch!
3	0	671	The foe's {00} used\nDynamicPunch!
3	0	672	{00} used\nMegahorn!
3	0	673	The wild {00} used\nMegahorn!
3	0	674	The foe's {00} used\nMegahorn!
3	0	675	{00} used\nDragonBreath!
3	0	676	The wild {00} used\nDragonBreath!
3	0	677	The foe's {00} used\nDragonBreath!
3	0	678	{00} used\nBaton Pass!
3	0	679	The wild {00} used\nBaton Pass!
3	0	680	The foe's {00} used\nBaton Pass!
3	0	681	{00} used\nEncore!
3	0	682	The wild {00} used\nEncore!
3	0	683	The foe's {00} used\nEncore!
3	0	684	{00} used\nPursuit!
3	0	685	The wild {00} used\nPursuit!
3	0	686	The foe's {00} used\nPursuit!
3	0	687	{00} used\nRapid Spin!
3	0	688	The wild {00} used\nRapid Spin!
3	0	689	The foe's {00} used\nRapid Spin!
3	0	690	{00} used\nSweet Scent!
3	0	691	The wild {00} used\nSweet Scent!
3	0	692	The foe's {00} used\nSweet Scent!
3	0	693	{00} used\nIron Tail!
3	0	694	The wild {00} used\nIron Tail!
3	0	695	The foe's {00} used\nIron Tail!
3	0	696	{00} used\nMetal Claw!
3	0	697	The wild {00} used\nMetal Claw!
3	0	698	The foe's {00} used\nMetal Claw!
3	0	699	{00} used\nVital Throw!
3	0	700	The wild {00} used\nVital Throw!
3	0	701	The foe's {00} used\nVital Throw!
3	0	702	{00} used\nMorning Sun!
3	0	703	The wild {00} used\nMorning Sun!
3	0	704	The foe's {00} used\nMorning Sun!
3	0	705	{00} used\nSynthesis!
3	0	706	The wild {00} used\nSynthesis!
3	0	707	The foe's {00} used\nSynthesis!
3	0	708	{00} used\nMoonlight!
3	0	709	The wild {00} used\nMoonlight!
3	0	710	The foe's {00} used\nMoonlight!
3	0	711	{00} used\nHidden Power!
3	0	712	The wild {00} used\nHidden Power!
3	0	713	The foe's {00} used\nHidden Power!
3	0	714	{00} used\nCross Chop!
3	0	715	The wild {00} used\nCross Chop!
3	0	716	The foe's {00} used\nCross Chop!
3	0	717	{00} used\nTwister!
3	0	718	The wild {00} used\nTwister!
3	0	719	The foe's {00} used\nTwister!
3	0	720	{00} used\nRain Dance!
3	0	721	The wild {00} used\nRain Dance!
3	0	722	The foe's {00} used\nRain Dance!
3	0	723	{00} used\nSunny Day!
3	0	724	The wild {00} used\nSunny Day!
3	0	725	The foe's {00} used\nSunny Day!
3	0	726	{00} used\nCrunch!
3	0	727	The wild {00} used\nCrunch!
3	0	728	The foe's {00} used\nCrunch!
3	0	729	{00} used\nMirror Coat!
3	0	730	The wild {00} used\nMirror Coat!
3	0	731	The foe's {00} used\nMirror Coat!
3	0	732	{00} used\nPsych Up!
3	0	733	The wild {00} used\nPsych Up!
3	0	734	The foe's {00} used\nPsych Up!
3	0	735	{00} used\nExtremeSpeed!
3	0	736	The wild {00} used\nExtremeSpeed!
3	0	737	The foe's {00} used\nExtremeSpeed!
3	0	738	{00} used\nAncientPower!
3	0	739	The wild {00} used\nAncientPower!
3	0	740	The foe's {00} used\nAncientPower!
3	0	741	{00} used\nShadow Ball!
3	0	742	The wild {00} used\nShadow Ball!
3	0	743	The foe's {00} used\nShadow Ball!
3	0	744	{00} used\nFuture Sight!
3	0	745	The wild {00} used\nFuture Sight!
3	0	746	The foe's {00} used\nFuture Sight!
3	0	747	{00} used\nRock Smash!
3	0	748	The wild {00} used\nRock Smash!
3	0	749	The foe's {00} used\nRock Smash!
3	0	750	{00} used\nWhirlpool!
3	0	751	The wild {00} used\nWhirlpool!
3	0	752	The foe's {00} used\nWhirlpool!
3	0	753	{00} used\nBeat Up!
3	0	754	The wild {00} used\nBeat Up!
3	0	755	The foe's {00} used\nBeat Up!
3	0	756	{00} used\nFake Out!
3	0	757	The wild {00} used\nFake Out!
3	0	758	The foe's {00} used\nFake Out!
3	0	759	{00} used\nUproar!
3	0	760	The wild {00} used\nUproar!
3	0	761	The foe's {00} used\nUproar!
3	0	762	{00} used\nStockpile!
3	0	763	The wild {00} used\nStockpile!
3	0	764	The foe's {00} used\nStockpile!
3	0	765	{00} used\nSpit Up!
3	0	766	The wild {00} used\nSpit Up!
3	0	767	The foe's {00} used\nSpit Up!
3	0	768	{00} used\nSwallow!
3	0	769	The wild {00} used\nSwallow!
3	0	770	The foe's {00} used\nSwallow!
3	0	771	{00} used\nHeat Wave!
3	0	772	The wild {00} used\nHeat Wave!
3	0	773	The foe's {00} used\nHeat Wave!
3	0	774	{00} used\nHail!
3	0	775	The wild {00} used\nHail!
3	0	776	The foe's {00} used\nHail!
3	0	777	{00} used\nTorment!
3	0	778	The wild {00} used\nTorment!
3	0	779	The foe's {00} used\nTorment!
3	0	780	{00} used\nFlatter!
3	0	781	The wild {00} used\nFlatter!
3	0	782	The foe's {00} used\nFlatter!
3	0	783	{00} used\nWill-O-Wisp!
3	0	784	The wild {00} used\nWill-O-Wisp!
3	0	785	The foe's {00} used\nWill-O-Wisp!
3	0	786	{00} used\nMemento!
3	0	787	The wild {00} used\nMemento!
3	0	788	The foe's {00} used\nMemento!
3	0	789	{00} used\nFacade!
3	0	790	The wild {00} used\nFacade!
3	0	791	The foe's {00} used\nFacade!
3	0	792	{00} used\nFocus Punch!
3	0	793	The wild {00} used\nFocus Punch!
3	0	794	The foe's {00} used\nFocus Punch!
3	0	795	{00} used\nSmellingSalt!
3	0	796	The wild {00} used\nSmellingSalt!
3	0	797	The foe's {00} used\nSmellingSalt!
3	0	798	{00} used\nFollow Me!
3	0	799	The wild {00} used\nFollow Me!
3	0	800	The foe's {00} used\nFollow Me!
3	0	801	{00} used\nNature Power!
3	0	802	The wild {00} used\nNature Power!
3	0	803	The foe's {00} used\nNature Power!
3	0	804	{00} used\nCharge!
3	0	805	The wild {00} used\nCharge!
3	0	806	The foe's {00} used\nCharge!
3	0	807	{00} used\nTaunt!
3	0	808	The wild {00} used\nTaunt!
3	0	809	The foe's {00} used\nTaunt!
3	0	810	{00} used\nHelping Hand!
3	0	811	The wild {00} used\nHelping Hand!
3	0	812	The foe's {00} used\nHelping Hand!
3	0	813	{00} used\nTrick!
3	0	814	The wild {00} used\nTrick!
3	0	815	The foe's {00} used\nTrick!
3	0	816	{00} used\nRole Play!
3	0	817	The wild {00} used\nRole Play!
3	0	818	The foe's {00} used\nRole Play!
3	0	819	{00} used\nWish!
3	0	820	The wild {00} used\nWish!
3	0	821	The foe's {00} used\nWish!
3	0	822	{00} used\nAssist!
3	0	823	The wild {00} used\nAssist!
3	0	824	The foe's {00} used\nAssist!
3	0	825	{00} used\nIngrain!
3	0	826	The wild {00} used\nIngrain!
3	0	827	The foe's {00} used\nIngrain!
3	0	828	{00} used\nSuperpower!
3	0	829	The wild {00} used\nSuperpower!
3	0	830	The foe's {00} used\nSuperpower!
3	0	831	{00} used\nMagic Coat!
3	0	832	The wild {00} used\nMagic Coat!
3	0	833	The foe's {00} used\nMagic Coat!
3	0	834	{00} used\nRecycle!
3	0	835	The wild {00} used\nRecycle!
3	0	836	The foe's {00} used\nRecycle!
3	0	837	{00} used\nRevenge!
3	0	838	The wild {00} used\nRevenge!
3	0	839	The foe's {00} used\nRevenge!
3	0	840	{00} used\nBrick Break!
3	0	841	The wild {00} used\nBrick Break!
3	0	842	The foe's {00} used\nBrick Break!
3	0	843	{00} used\nYawn!
3	0	844	The wild {00} used\nYawn!
3	0	845	The foe's {00} used\nYawn!
3	0	846	{00} used\nKnock Off!
3	0	847	The wild {00} used\nKnock Off!
3	0	848	The foe's {00} used\nKnock Off!
3	0	849	{00} used\nEndeavor!
3	0	850	The wild {00} used\nEndeavor!
3	0	851	The foe's {00} used\nEndeavor!
3	0	852	{00} used\nEruption!
3	0	853	The wild {00} used\nEruption!
3	0	854	The foe's {00} used\nEruption!
3	0	855	{00} used\nSkill Swap!
3	0	856	The wild {00} used\nSkill Swap!
3	0	857	The foe's {00} used\nSkill Swap!
3	0	858	{00} used\nImprison!
3	0	859	The wild {00} used\nImprison!
3	0	860	The foe's {00} used\nImprison!
3	0	861	{00} used\nRefresh!
3	0	862	The wild {00} used\nRefresh!
3	0	863	The foe's {00} used\nRefresh!
3	0	864	{00} used\nGrudge!
3	0	865	The wild {00} used\nGrudge!
3	0	866	The foe's {00} used\nGrudge!
3	0	867	{00} used\nSnatch!
3	0	868	The wild {00} used\nSnatch!
3	0	869	The foe's {00} used\nSnatch!
3	0	870	{00} used\nSecret Power!
3	0	871	The wild {00} used\nSecret Power!
3	0	872	The foe's {00} used\nSecret Power!
3	0	873	{00} used\nDive!
3	0	874	The wild {00} used\nDive!
3	0	875	The foe's {00} used\nDive!
3	0	876	{00} used\nArm Thrust!
3	0	877	The wild {00} used\nArm Thrust!
3	0	878	The foe's {00} used\nArm Thrust!
3	0	879	{00} used\nCamouflage!
3	0	880	The wild {00} used\nCamouflage!
3	0	881	The foe's {00} used\nCamouflage!
3	0	882	{00} used\nTail Glow!
3	0	883	The wild {00} used\nTail Glow!
3	0	884	The foe's {00} used\nTail Glow!
3	0	885	{00} used\nLuster Purge!
3	0	886	The wild {00} used\nLuster Purge!
3	0	887	The foe's {00} used\nLuster Purge!
3	0	888	{00} used\nMist Ball!
3	0	889	The wild {00} used\nMist Ball!
3	0	890	The foe's {00} used\nMist Ball!
3	0	891	{00} used\nFeatherDance!
3	0	892	The wild {00} used\nFeatherDance!
3	0	893	The foe's {00} used\nFeatherDance!
3	0	894	{00} used\nTeeter Dance!
3	0	895	The wild {00} used\nTeeter Dance!
3	0	896	The foe's {00} used\nTeeter Dance!
3	0	897	{00} used\nBlaze Kick!
3	0	898	The wild {00} used\nBlaze Kick!
3	0	899	The foe's {00} used\nBlaze Kick!
3	0	900	{00} used\nMud Sport!
3	0	901	The wild {00} used\nMud Sport!
3	0	902	The foe's {00} used\nMud Sport!
3	0	903	{00} used\nIce Ball!
3	0	904	The wild {00} used\nIce Ball!
3	0	905	The foe's {00} used\nIce Ball!
3	0	906	{00} used\nNeedle Arm!
3	0	907	The wild {00} used\nNeedle Arm!
3	0	908	The foe's {00} used\nNeedle Arm!
3	0	909	{00} used\nSlack Off!
3	0	910	The wild {00} used\nSlack Off!
3	0	911	The foe's {00} used\nSlack Off!
3	0	912	{00} used\nHyper Voice!
3	0	913	The wild {00} used\nHyper Voice!
3	0	914	The foe's {00} used\nHyper Voice!
3	0	915	{00} used\nPoison Fang!
3	0	916	The wild {00} used\nPoison Fang!
3	0	917	The foe's {00} used\nPoison Fang!
3	0	918	{00} used\nCrush Claw!
3	0	919	The wild {00} used\nCrush Claw!
3	0	920	The foe's {00} used\nCrush Claw!
3	0	921	{00} used\nBlast Burn!
3	0	922	The wild {00} used\nBlast Burn!
3	0	923	The foe's {00} used\nBlast Burn!
3	0	924	{00} used\nHydro Cannon!
3	0	925	The wild {00} used\nHydro Cannon!
3	0	926	The foe's {00} used\nHydro Cannon!
3	0	927	{00} used\nMeteor Mash!
3	0	928	The wild {00} used\nMeteor Mash!
3	0	929	The foe's {00} used\nMeteor Mash!
3	0	930	{00} used\nAstonish!
3	0	931	The wild {00} used\nAstonish!
3	0	932	The foe's {00} used\nAstonish!
3	0	933	{00} used\nWeather Ball!
3	0	934	The wild {00} used\nWeather Ball!
3	0	935	The foe's {00} used\nWeather Ball!
3	0	936	{00} used\nAromatherapy!
3	0	937	The wild {00} used\nAromatherapy!
3	0	938	The foe's {00} used\nAromatherapy!
3	0	939	{00} used\nFake Tears!
3	0	940	The wild {00} used\nFake Tears!
3	0	941	The foe's {00} used\nFake Tears!
3	0	942	{00} used\nAir Cutter!
3	0	943	The wild {00} used\nAir Cutter!
3	0	944	The foe's {00} used\nAir Cutter!
3	0	945	{00} used\nOverheat!
3	0	946	The wild {00} used\nOverheat!
3	0	947	The foe's {00} used\nOverheat!
3	0	948	{00} used\nOdor Sleuth!
3	0	949	The wild {00} used\nOdor Sleuth!
3	0	950	The foe's {00} used\nOdor Sleuth!
3	0	951	{00} used\nRock Tomb!
3	0	952	The wild {00} used\nRock Tomb!
3	0	953	The foe's {00} used\nRock Tomb!
3	0	954	{00} used\nSilver Wind!
3	0	955	The wild {00} used\nSilver Wind!
3	0	956	The foe's {00} used\nSilver Wind!
3	0	957	{00} used\nMetal Sound!
3	0	958	The wild {00} used\nMetal Sound!
3	0	959	The foe's {00} used\nMetal Sound!
3	0	960	{00} used\nGrassWhistle!
3	0	961	The wild {00} used\nGrassWhistle!
3	0	962	The foe's {00} used\nGrassWhistle!
3	0	963	{00} used\nTickle!
3	0	964	The wild {00} used\nTickle!
3	0	965	The foe's {00} used\nTickle!
3	0	966	{00} used\nCosmic Power!
3	0	967	The wild {00} used\nCosmic Power!
3	0	968	The foe's {00} used\nCosmic Power!
3	0	969	{00} used\nWater Spout!
3	0	970	The wild {00} used\nWater Spout!
3	0	971	The foe's {00} used\nWater Spout!
3	0	972	{00} used\nSignal Beam!
3	0	973	The wild {00} used\nSignal Beam!
3	0	974	The foe's {00} used\nSignal Beam!
3	0	975	{00} used\nShadow Punch!
3	0	976	The wild {00} used\nShadow Punch!
3	0	977	The foe's {00} used\nShadow Punch!
3	0	978	{00} used\nExtrasensory!
3	0	979	The wild {00} used\nExtrasensory!
3	0	980	The foe's {00} used\nExtrasensory!
3	0	981	{00} used\nSky Uppercut!
3	0	982	The wild {00} used\nSky Uppercut!
3	0	983	The foe's {00} used\nSky Uppercut!
3	0	984	{00} used\nSand Tomb!
3	0	985	The wild {00} used\nSand Tomb!
3	0	986	The foe's {00} used\nSand Tomb!
3	0	987	{00} used\nSheer Cold!
3	0	988	The wild {00} used\nSheer Cold!
3	0	989	The foe's {00} used\nSheer Cold!
3	0	990	{00} used\nMuddy Water!
3	0	991	The wild {00} used\nMuddy Water!
3	0	992	The foe's {00} used\nMuddy Water!
3	0	993	{00} used\nBullet Seed!
3	0	994	The wild {00} used\nBullet Seed!
3	0	995	The foe's {00} used\nBullet Seed!
3	0	996	{00} used\nAerial Ace!
3	0	997	The wild {00} used\nAerial Ace!
3	0	998	The foe's {00} used\nAerial Ace!
3	0	999	{00} used\nIcicle Spear!
3	0	1000	The wild {00} used\nIcicle Spear!
3	0	1001	The foe's {00} used\nIcicle Spear!
3	0	1002	{00} used\nIron Defense!
3	0	1003	The wild {00} used\nIron Defense!
3	0	1004	The foe's {00} used\nIron Defense!
3	0	1005	{00} used\nBlock!
3	0	1006	The wild {00} used\nBlock!
3	0	1007	The foe's {00} used\nBlock!
3	0	1008	{00} used\nHowl!
3	0	1009	The wild {00} used\nHowl!
3	0	1010	The foe's {00} used\nHowl!
3	0	1011	{00} used\nDragon Claw!
3	0	1012	The wild {00} used\nDragon Claw!
3	0	1013	The foe's {00} used\nDragon Claw!
3	0	1014	{00} used\nFrenzy Plant!
3	0	1015	The wild {00} used\nFrenzy Plant!
3	0	1016	The foe's {00} used\nFrenzy Plant!
3	0	1017	{00} used\nBulk Up!
3	0	1018	The wild {00} used\nBulk Up!
3	0	1019	The foe's {00} used\nBulk Up!
3	0	1020	{00} used\nBounce!
3	0	1021	The wild {00} used\nBounce!
3	0	1022	The foe's {00} used\nBounce!
3	0	1023	{00} used\nMud Shot!
3	0	1024	The wild {00} used\nMud Shot!
3	0	1025	The foe's {00} used\nMud Shot!
3	0	1026	{00} used\nPoison Tail!
3	0	1027	The wild {00} used\nPoison Tail!
3	0	1028	The foe's {00} used\nPoison Tail!
3	0	1029	{00} used\nCovet!
3	0	1030	The wild {00} used\nCovet!
3	0	1031	The foe's {00} used\nCovet!
3	0	1032	{00} used\nVolt Tackle!
3	0	1033	The wild {00} used\nVolt Tackle!
3	0	1034	The foe's {00} used\nVolt Tackle!
3	0	1035	{00} used\nMagical Leaf!
3	0	1036	The wild {00} used\nMagical Leaf!
3	0	1037	The foe's {00} used\nMagical Leaf!
3	0	1038	{00} used\nWater Sport!
3	0	1039	The wild {00} used\nWater Sport!
3	0	1040	The foe's {00} used\nWater Sport!
3	0	1041	{00} used\nCalm Mind!
3	0	1042	The wild {00} used\nCalm Mind!
3	0	1043	The foe's {00} used\nCalm Mind!
3	0	1044	{00} used\nLeaf Blade!
3	0	1045	The wild {00} used\nLeaf Blade!
3	0	1046	The foe's {00} used\nLeaf Blade!
3	0	1047	{00} used\nDragon Dance!
3	0	1048	The wild {00} used\nDragon Dance!
3	0	1049	The foe's {00} used\nDragon Dance!
3	0	1050	{00} used\nRock Blast!
3	0	1051	The wild {00} used\nRock Blast!
3	0	1052	The foe's {00} used\nRock Blast!
3	0	1053	{00} used\nShock Wave!
3	0	1054	The wild {00} used\nShock Wave!
3	0	1055	The foe's {00} used\nShock Wave!
3	0	1056	{00} used\nWater Pulse!
3	0	1057	The wild {00} used\nWater Pulse!
3	0	1058	The foe's {00} used\nWater Pulse!
3	0	1059	{00} used\nDoom Desire!
3	0	1060	The wild {00} used\nDoom Desire!
3	0	1061	The foe's {00} used\nDoom Desire!
3	0	1062	{00} used\nPsycho Boost!
3	0	1063	The wild {00} used\nPsycho Boost!
3	0	1064	The foe's {00} used\nPsycho Boost!
3	0	1065	{00} used\nRoost!
3	0	1066	The wild {00} used\nRoost!
3	0	1067	The foe's {00} used\nRoost!
3	0	1068	{00} used\nGravity!
3	0	1069	The wild {00} used\nGravity!
3	0	1070	The foe's {00} used\nGravity!
3	0	1071	{00} used\nMiracle Eye!
3	0	1072	The wild {00} used\nMiracle Eye!
3	0	1073	The foe's {00} used\nMiracle Eye!
3	0	1074	{00} used\nWake-Up Slap!
3	0	1075	The wild {00} used\nWake-Up Slap!
3	0	1076	The foe's {00} used\nWake-Up Slap!
3	0	1077	{00} used\nHammer Arm!
3	0	1078	The wild {00} used\nHammer Arm!
3	0	1079	The foe's {00} used\nHammer Arm!
3	0	1080	{00} used\nGyro Ball!
3	0	1081	The wild {00} used\nGyro Ball!
3	0	1082	The foe's {00} used\nGyro Ball!
3	0	1083	{00} used\nHealing Wish!
3	0	1084	The wild {00} used\nHealing Wish!
3	0	1085	The foe's {00} used\nHealing Wish!
3	0	1086	{00} used\nBrine!
3	0	1087	The wild {00} used\nBrine!
3	0	1088	The foe's {00} used\nBrine!
3	0	1089	{00} used\nNatural Gift!
3	0	1090	The wild {00} used\nNatural Gift!
3	0	1091	The foe's {00} used\nNatural Gift!
3	0	1092	{00} used\nFeint!
3	0	1093	The wild {00} used\nFeint!
3	0	1094	The foe's {00} used\nFeint!
3	0	1095	{00} used\nPluck!
3	0	1096	The wild {00} used\nPluck!
3	0	1097	The foe's {00} used\nPluck!
3	0	1098	{00} used\nTailwind!
3	0	1099	The wild {00} used\nTailwind!
3	0	1100	The foe's {00} used\nTailwind!
3	0	1101	{00} used\nAcupressure!
3	0	1102	The wild {00} used\nAcupressure!
3	0	1103	The foe's {00} used\nAcupressure!
3	0	1104	{00} used\nMetal Burst!
3	0	1105	The wild {00} used\nMetal Burst!
3	0	1106	The foe's {00} used\nMetal Burst!
3	0	1107	{00} used\nU-Turn!
3	0	1108	The wild {00} used\nU-Turn!
3	0	1109	The foe's {00} used\nU-Turn!
3	0	1110	{00} used\nClose Combat!
3	0	1111	The wild {00} used\nClose Combat!
3	0	1112	The foe's {00} used\nClose Combat!
3	0	1113	{00} used\nPayback!
3	0	1114	The wild {00} used\nPayback!
3	0	1115	The foe's {00} used\nPayback!
3	0	1116	{00} used\nAssurance!
3	0	1117	The wild {00} used\nAssurance!
3	0	1118	The foe's {00} used\nAssurance!
3	0	1119	{00} used\nEmbargo!
3	0	1120	The wild {00} used\nEmbargo!
3	0	1121	The foe's {00} used\nEmbargo!
3	0	1122	{00} used\nFling!
3	0	1123	The wild {00} used\nFling!
3	0	1124	The foe's {00} used\nFling!
3	0	1125	{00} used\nPsycho Shift!
3	0	1126	The wild {00} used\nPsycho Shift!
3	0	1127	The foe's {00} used\nPsycho Shift!
3	0	1128	{00} used\nTrump Card!
3	0	1129	The wild {00} used\nTrump Card!
3	0	1130	The foe's {00} used\nTrump Card!
3	0	1131	{00} used\nHeal Block!
3	0	1132	The wild {00} used\nHeal Block!
3	0	1133	The foe's {00} used\nHeal Block!
3	0	1134	{00} used\nWring Out!
3	0	1135	The wild {00} used\nWring Out!
3	0	1136	The foe's {00} used\nWring Out!
3	0	1137	{00} used\nPower Trick!
3	0	1138	The wild {00} used\nPower Trick!
3	0	1139	The foe's {00} used\nPower Trick!
3	0	1140	{00} used\nGastro Acid!
3	0	1141	The wild {00} used\nGastro Acid!
3	0	1142	The foe's {00} used\nGastro Acid!
3	0	1143	{00} used\nLucky Chant!
3	0	1144	The wild {00} used\nLucky Chant!
3	0	1145	The foe's {00} used\nLucky Chant!
3	0	1146	{00} used\nMe First!
3	0	1147	The wild {00} used\nMe First!
3	0	1148	The foe's {00} used\nMe First!
3	0	1149	{00} used\nCopycat!
3	0	1150	The wild {00} used\nCopycat!
3	0	1151	The foe's {00} used\nCopycat!
3	0	1152	{00} used\nPower Swap!
3	0	1153	The wild {00} used\nPower Swap!
3	0	1154	The foe's {00} used\nPower Swap!
3	0	1155	{00} used\nGuard Swap!
3	0	1156	The wild {00} used\nGuard Swap!
3	0	1157	The foe's {00} used\nGuard Swap!
3	0	1158	{00} used\nPunishment!
3	0	1159	The wild {00} used\nPunishment!
3	0	1160	The foe's {00} used\nPunishment!
3	0	1161	{00} used\nLast Resort!
3	0	1162	The wild {00} used\nLast Resort!
3	0	1163	The foe's {00} used\nLast Resort!
3	0	1164	{00} used\nWorry Seed!
3	0	1165	The wild {00} used\nWorry Seed!
3	0	1166	The foe's {00} used\nWorry Seed!
3	0	1167	{00} used\nSucker Punch!
3	0	1168	The wild {00} used\nSucker Punch!
3	0	1169	The foe's {00} used\nSucker Punch!
3	0	1170	{00} used\nToxic Spikes!
3	0	1171	The wild {00} used\nToxic Spikes!
3	0	1172	The foe's {00} used\nToxic Spikes!
3	0	1173	{00} used\nHeart Swap!
3	0	1174	The wild {00} used\nHeart Swap!
3	0	1175	The foe's {00} used\nHeart Swap!
3	0	1176	{00} used\nAqua Ring!
3	0	1177	The wild {00} used\nAqua Ring!
3	0	1178	The foe's {00} used\nAqua Ring!
3	0	1179	{00} used\nMagnet Rise!
3	0	1180	The wild {00} used\nMagnet Rise!
3	0	1181	The foe's {00} used\nMagnet Rise!
3	0	1182	{00} used\nFlare Blitz!
3	0	1183	The wild {00} used\nFlare Blitz!
3	0	1184	The foe's {00} used\nFlare Blitz!
3	0	1185	{00} used\nForce Palm!
3	0	1186	The wild {00} used\nForce Palm!
3	0	1187	The foe's {00} used\nForce Palm!
3	0	1188	{00} used\nAura Sphere!
3	0	1189	The wild {00} used\nAura Sphere!
3	0	1190	The foe's {00} used\nAura Sphere!
3	0	1191	{00} used\nRock Polish!
3	0	1192	The wild {00} used\nRock Polish!
3	0	1193	The foe's {00} used\nRock Polish!
3	0	1194	{00} used\nPoison Jab!
3	0	1195	The wild {00} used\nPoison Jab!
3	0	1196	The foe's {00} used\nPoison Jab!
3	0	1197	{00} used\nDark Pulse!
3	0	1198	The wild {00} used\nDark Pulse!
3	0	1199	The foe's {00} used\nDark Pulse!
3	0	1200	{00} used\nNight Slash!
3	0	1201	The wild {00} used\nNight Slash!
3	0	1202	The foe's {00} used\nNight Slash!
3	0	1203	{00} used\nAqua Tail!
3	0	1204	The wild {00} used\nAqua Tail!
3	0	1205	The foe's {00} used\nAqua Tail!
3	0	1206	{00} used\nSeed Bomb!
3	0	1207	The wild {00} used\nSeed Bomb!
3	0	1208	The foe's {00} used\nSeed Bomb!
3	0	1209	{00} used\nAir Slash!
3	0	1210	The wild {00} used\nAir Slash!
3	0	1211	The foe's {00} used\nAir Slash!
3	0	1212	{00} used\nX-Scissor!
3	0	1213	The wild {00} used\nX-Scissor!
3	0	1214	The foe's {00} used\nX-Scissor!
3	0	1215	{00} used\nBug Buzz!
3	0	1216	The wild {00} used\nBug Buzz!
3	0	1217	The foe's {00} used\nBug Buzz!
3	0	1218	{00} used\nDragon Pulse!
3	0	1219	The wild {00} used\nDragon Pulse!
3	0	1220	The foe's {00} used\nDragon Pulse!
3	0	1221	{00} used\nDragon Rush!
3	0	1222	The wild {00} used\nDragon Rush!
3	0	1223	The foe's {00} used\nDragon Rush!
3	0	1224	{00} used\nPower Gem!
3	0	1225	The wild {00} used\nPower Gem!
3	0	1226	The foe's {00} used\nPower Gem!
3	0	1227	{00} used\nDrain Punch!
3	0	1228	The wild {00} used\nDrain Punch!
3	0	1229	The foe's {00} used\nDrain Punch!
3	0	1230	{00} used\nVacuum Wave!
3	0	1231	The wild {00} used\nVacuum Wave!
3	0	1232	The foe's {00} used\nVacuum Wave!
3	0	1233	{00} used\nFocus Blast!
3	0	1234	The wild {00} used\nFocus Blast!
3	0	1235	The foe's {00} used\nFocus Blast!
3	0	1236	{00} used\nEnergy Ball!
3	0	1237	The wild {00} used\nEnergy Ball!
3	0	1238	The foe's {00} used\nEnergy Ball!
3	0	1239	{00} used\nBrave Bird!
3	0	1240	The wild {00} used\nBrave Bird!
3	0	1241	The foe's {00} used\nBrave Bird!
3	0	1242	{00} used\nEarth Power!
3	0	1243	The wild {00} used\nEarth Power!
3	0	1244	The foe's {00} used\nEarth Power!
3	0	1245	{00} used\nSwitcheroo!
3	0	1246	The wild {00} used\nSwitcheroo!
3	0	1247	The foe's {00} used\nSwitcheroo!
3	0	1248	{00} used\nGiga Impact!
3	0	1249	The wild {00} used\nGiga Impact!
3	0	1250	The foe's {00} used\nGiga Impact!
3	0	1251	{00} used\nNasty Plot!
3	0	1252	The wild {00} used\nNasty Plot!
3	0	1253	The foe's {00} used\nNasty Plot!
3	0	1254	{00} used\nBullet Punch!
3	0	1255	The wild {00} used\nBullet Punch!
3	0	1256	The foe's {00} used\nBullet Punch!
3	0	1257	{00} used\nAvalanche!
3	0	1258	The wild {00} used\nAvalanche!
3	0	1259	The foe's {00} used\nAvalanche!
3	0	1260	{00} used\nIce Shard!
3	0	1261	The wild {00} used\nIce Shard!
3	0	1262	The foe's {00} used\nIce Shard!
3	0	1263	{00} used\nShadow Claw!
3	0	1264	The wild {00} used\nShadow Claw!
3	0	1265	The foe's {00} used\nShadow Claw!
3	0	1266	{00} used\nThunder Fang!
3	0	1267	The wild {00} used\nThunder Fang!
3	0	1268	The foe's {00} used\nThunder Fang!
3	0	1269	{00} used\nIce Fang!
3	0	1270	The wild {00} used\nIce Fang!
3	0	1271	The foe's {00} used\nIce Fang!
3	0	1272	{00} used\nFire Fang!
3	0	1273	The wild {00} used\nFire Fang!
3	0	1274	The foe's {00} used\nFire Fang!
3	0	1275	{00} used\nShadow Sneak!
3	0	1276	The wild {00} used\nShadow Sneak!
3	0	1277	The foe's {00} used\nShadow Sneak!
3	0	1278	{00} used\nMud Bomb!
3	0	1279	The wild {00} used\nMud Bomb!
3	0	1280	The foe's {00} used\nMud Bomb!
3	0	1281	{00} used\nPsycho Cut!
3	0	1282	The wild {00} used\nPsycho Cut!
3	0	1283	The foe's {00} used\nPsycho Cut!
3	0	1284	{00} used\nZen Headbutt!
3	0	1285	The wild {00} used\nZen Headbutt!
3	0	1286	The foe's {00} used\nZen Headbutt!
3	0	1287	{00} used\nMirror Shot!
3	0	1288	The wild {00} used\nMirror Shot!
3	0	1289	The foe's {00} used\nMirror Shot!
3	0	1290	{00} used\nFlash Cannon!
3	0	1291	The wild {00} used\nFlash Cannon!
3	0	1292	The foe's {00} used\nFlash Cannon!
3	0	1293	{00} used\nRock Climb!
3	0	1294	The wild {00} used\nRock Climb!
3	0	1295	The foe's {00} used\nRock Climb!
3	0	1296	{00} used\nDefog!
3	0	1297	The wild {00} used\nDefog!
3	0	1298	The foe's {00} used\nDefog!
3	0	1299	{00} used\nTrick Room!
3	0	1300	The wild {00} used\nTrick Room!
3	0	1301	The foe's {00} used\nTrick Room!
3	0	1302	{00} used\nDraco Meteor!
3	0	1303	The wild {00} used\nDraco Meteor!
3	0	1304	The foe's {00} used\nDraco Meteor!
3	0	1305	{00} used\nDischarge!
3	0	1306	The wild {00} used\nDischarge!
3	0	1307	The foe's {00} used\nDischarge!
3	0	1308	{00} used\nLava Plume!
3	0	1309	The wild {00} used\nLava Plume!
3	0	1310	The foe's {00} used\nLava Plume!
3	0	1311	{00} used\nLeaf Storm!
3	0	1312	The wild {00} used\nLeaf Storm!
3	0	1313	The foe's {00} used\nLeaf Storm!
3	0	1314	{00} used\nPower Whip!
3	0	1315	The wild {00} used\nPower Whip!
3	0	1316	The foe's {00} used\nPower Whip!
3	0	1317	{00} used\nRock Wrecker!
3	0	1318	The wild {00} used\nRock Wrecker!
3	0	1319	The foe's {00} used\nRock Wrecker!
3	0	1320	{00} used\nCross Poison!
3	0	1321	The wild {00} used\nCross Poison!
3	0	1322	The foe's {00} used\nCross Poison!
3	0	1323	{00} used\nGunk Shot!
3	0	1324	The wild {00} used\nGunk Shot!
3	0	1325	The foe's {00} used\nGunk Shot!
3	0	1326	{00} used\nIron Head!
3	0	1327	The wild {00} used\nIron Head!
3	0	1328	The foe's {00} used\nIron Head!
3	0	1329	{00} used\nMagnet Bomb!
3	0	1330	The wild {00} used\nMagnet Bomb!
3	0	1331	The foe's {00} used\nMagnet Bomb!
3	0	1332	{00} used\nStone Edge!
3	0	1333	The wild {00} used\nStone Edge!
3	0	1334	The foe's {00} used\nStone Edge!
3	0	1335	{00} used\nCaptivate!
3	0	1336	The wild {00} used\nCaptivate!
3	0	1337	The foe's {00} used\nCaptivate!
3	0	1338	{00} used\nStealth Rock!
3	0	1339	The wild {00} used\nStealth Rock!
3	0	1340	The foe's {00} used\nStealth Rock!
3	0	1341	{00} used\nGrass Knot!
3	0	1342	The wild {00} used\nGrass Knot!
3	0	1343	The foe's {00} used\nGrass Knot!
3	0	1344	{00} used\nChatter!
3	0	1345	The wild {00} used\nChatter!
3	0	1346	The foe's {00} used\nChatter!
3	0	1347	{00} used\nJudgment!
3	0	1348	The wild {00} used\nJudgment!
3	0	1349	The foe's {00} used\nJudgment!
3	0	1350	{00} used\nBug Bite!
3	0	1351	The wild {00} used\nBug Bite!
3	0	1352	The foe's {00} used\nBug Bite!
3	0	1353	{00} used\nCharge Beam!
3	0	1354	The wild {00} used\nCharge Beam!
3	0	1355	The foe's {00} used\nCharge Beam!
3	0	1356	{00} used\nWood Hammer!
3	0	1357	The wild {00} used\nWood Hammer!
3	0	1358	The foe's {00} used\nWood Hammer!
3	0	1359	{00} used\nAqua Jet!
3	0	1360	The wild {00} used\nAqua Jet!
3	0	1361	The foe's {00} used\nAqua Jet!
3	0	1362	{00} used\nAttack Order!
3	0	1363	The wild {00} used\nAttack Order!
3	0	1364	The foe's {00} used\nAttack Order!
3	0	1365	{00} used\nDefend Order!
3	0	1366	The wild {00} used\nDefend Order!
3	0	1367	The foe's {00} used\nDefend Order!
3	0	1368	{00} used\nHeal Order!
3	0	1369	The wild {00} used\nHeal Order!
3	0	1370	The foe's {00} used\nHeal Order!
3	0	1371	{00} used\nHead Smash!
3	0	1372	The wild {00} used\nHead Smash!
3	0	1373	The foe's {00} used\nHead Smash!
3	0	1374	{00} used\nDouble Hit!
3	0	1375	The wild {00} used\nDouble Hit!
3	0	1376	The foe's {00} used\nDouble Hit!
3	0	1377	{00} used\nRoar of Time!
3	0	1378	The wild {00} used\nRoar of Time!
3	0	1379	The foe's {00} used\nRoar of Time!
3	0	1380	{00} used\nSpacial Rend!
3	0	1381	The wild {00} used\nSpacial Rend!
3	0	1382	The foe's {00} used\nSpacial Rend!
3	0	1383	{00} used\nLunar Dance!
3	0	1384	The wild {00} used\nLunar Dance!
3	0	1385	The foe's {00} used\nLunar Dance!
3	0	1386	{00} used\nCrush Grip!
3	0	1387	The wild {00} used\nCrush Grip!
3	0	1388	The foe's {00} used\nCrush Grip!
3	0	1389	{00} used\nMagma Storm!
3	0	1390	The wild {00} used\nMagma Storm!
3	0	1391	The foe's {00} used\nMagma Storm!
3	0	1392	{00} used\nDark Void!
3	0	1393	The wild {00} used\nDark Void!
3	0	1394	The foe's {00} used\nDark Void!
3	0	1395	{00} used\nSeed Flare!
3	0	1396	The wild {00} used\nSeed Flare!
3	0	1397	The foe's {00} used\nSeed Flare!
3	0	1398	{00} used\nOminous Wind!
3	0	1399	The wild {00} used\nOminous Wind!
3	0	1400	The foe's {00} used\nOminous Wind!
3	0	1401	{00} used\nShadow Force!
3	0	1402	The wild {00} used\nShadow Force!
3	0	1403	The foe's {00} used\nShadow Force!
3	1	0	PLAYER: {00}
3	1	1	This document certifies that\nyou have made the great\nachievement of meeting all\nthe Pokémon in Sinnoh.
3	1	2	This document certifies\nthat you have successfully\ncompleted your\nNational Pokédex.
3	1	3	GAME FREAK
3	2	0	HP/PP
3	2	1	RESTORE
3	2	2	STATUS
3	2	3	HEALERS
3	2	4	     
3	2	5	    
3	2	6	BATTLE ITEMS
3	2	7	POKé BALLS
3	2	8	Item used last
3	2	9	{00}
3	2	10	x{00}
3	2	11	{00}
3	2	12	x{00}
3	2	13	{00}
3	2	14	x{00}
3	2	15	{00}
3	2	16	x{00}
3	2	17	{00}
3	2	18	x{00}
3	2	19	{00}
3	2	20	x{00}
3	2	21	   
3	2	22	HP/PP
3	2	23	RESTORE
3	2	24	STATUS
3	2	25	HEALERS
3	2	26	POKé BALLS
3	2	27	BATTLE ITEMS
3	2	28	/
3	2	29	{00}
3	2	30	{00}
3	2	31	USE
3	2	32	{00}
3	2	33	x{00}
3	2	34	It won't do any good to use that!
3	2	35	              
3	2	36	{00} is getting\npumped!
3	2	37	{00}'s Attack\nrose!
3	2	38	{00}'s Special Attack\nrose!
3	2	39	{00}'s Speed\nrose!
3	2	40	{00}'s Special Defense\nrose!
3	2	41	{00}'s Defense\nrose!
3	2	42	{00}'s accuracy\nrose!
3	2	43	The {00} was used!
3	2	44	It's no good! It's impossible to aim\nwhen there are two Pokémon!
3	2	45	There is no room left in the PC!
3	2	46	{01}'s effect prevents\nthe item's use on {00}!
3	2	47	It's no good! It's impossible to aim\nat a Pokémon that's not in sight!
3	2	48	It's no good! It's impossible to aim\nat a Pokémon that's not in sight!
3	3	0	{00}
3	3	1	{00}
3	3	2	{00}
3	3	3	{00}
3	3	4	{00}
3	3	5	{00}
3	3	6	Choose a Pokémon.
3	3	7	Use on which Pokémon?
3	3	8	{00}
3	3	9	{00}
3	3	10	     
3	3	11	     
3	3	12	     
3	3	13	     
3	3	14	PP
3	3	15	SHIFT
3	3	16	♂
3	3	17	♀
3	3	18	SUMMARY
3	3	19	CHECK MOVES
3	3	20	No item held
3	3	21	{00}
3	3	22	{00}
3	3	23	Lv.
3	3	24	{00}
3	3	25	NEXT LV
3	3	26	{00}
3	3	27	{00}
3	3	28	HP
3	3	29	{00}
3	3	30	{00}
3	3	31	/
3	3	32	ATTACK
3	3	33	{00}
3	3	34	DEFENSE
3	3	35	{00}
3	3	36	SP. ATK
3	3	37	{00}
3	3	38	SP. DEF
3	3	39	{00}
3	3	40	SPEED
3	3	41	{00}
3	3	42	{00}
3	3	43	PP
3	3	44	{00}
3	3	45	{00}
3	3	46	/
3	3	47	  
3	3	48	POWER
3	3	49	{00}
3	3	50	---
3	3	51	ACCURACY
3	3	52	{00}
3	3	53	CATEGORY
3	3	54	PHYSICAL
3	3	55	STATUS
3	3	56	SPECIAL
3	3	57	APPEAL PTS
3	3	58	FORGET
3	3	59	CANCEL
3	3	60	HM moves can't be\nforgotten now.
3	3	61	{00}
3	3	62	{00}
3	3	63	{00}
3	3	64	{00}
3	3	65	{00}
3	3	66	{00}
3	3	67	{00}
3	3	68	{00}
3	3	69	{00}
3	3	70	{00}
3	3	71	{00}
3	3	72	{00}
3	3	73	{00}
3	3	74	{00}
3	3	75	{00}
3	3	76	{00} is already\nin battle!
3	3	77	{00} has no energy\nleft to battle!
3	3	78	{00} can't be switched\nout!
3	3	79	An Egg can't battle!
3	3	80	You can't switch {00}'s\nPokémon with one of yours!
3	3	81	It won't have any effect.
3	3	82	{00}'s HP was restored\nby {01} point(s).
3	3	83	{00} was cured of its\npoisoning.
3	3	84	{00} was cured of\nparalysis.
3	3	85	{00}'s burn was healed.
3	3	86	{00} was thawed out.
3	3	87	PP was restored.
3	3	88	{00} recovered from\nfainting!
3	3	89	{00} became healthy.
3	3	90	{00} snapped out of its\nconfusion.
3	3	91	{00} got over its\ninfatuation.
3	3	92	{00} woke up.
3	3	93	{00} has already been\nselected.
3	3	94	Restore which move?
3	3	95	{01}'s effect prevents\nthe item's use on {00}!
3	4	0	Delete all saved data?
3	4	1	Once data has been deleted,\nthere is no way to recover it.\n\nDelete the saved data anyway?
3	4	2	Deleting all data.\nDon't turn off the power.
3	5	0	The save data could not be\naccessed.\n\nPlease turn the power off and\nreinsert the DS Game Card.
3	5	1	The data could not be read.\n\nPlease turn off the power, then\nremove and reinsert the Game Boy\nAdvance Game Pak.
3	6	0	The save data could not be\naccessed.\n\nPlease turn the power off and\nreinsert the DS Game Card.
3	6	1	Error saving data.\n\nThe backup memory has failed.\nThe game may be played, but\nit is impossible to save.\n\nPlease turn off the power.
3	7	0	USE
3	7	1	TRASH
3	7	2	REGISTER
3	7	3	GIVE
3	7	4	CHECK TAG
3	7	5	CONFIRM
3	7	6	WALK
3	7	7	   
3	7	8	CANCEL
3	7	9	   
3	7	10	   
3	7	11	     
3	7	12	    
3	7	13	   
3	7	14	    
3	7	15	    
3	7	16	CHECK
3	7	17	  
3	7	18	DESELECT
3	7	19	   
3	7	20	     
3	7	21	 
3	7	22	 
3	7	23	  
3	7	24	---
3	7	25	 
3	7	26	 
3	7	27	  
3	7	28	  
3	7	29	 
3	7	30	 
3	7	31	    
3	7	33	    
3	7	34	          
3	7	35	         
3	7	36	   
3	7	37	{00}
3	7	38	x
3	7	39	  
3	7	40	       
3	7	41	CLOSE BAG
3	7	42	{00} is\nselected.
3	7	43	                     
3	7	44	            
3	7	45	Move the {00} where?
3	7	46	The {00} can't be held.
3	7	47	                          
3	7	48	                  
3	7	49	                    
3	7	50	                
3	7	51	                             
3	7	52	Throw away how many\n{00}(s)?
3	7	53	Threw away {01} {00}.
3	7	54	Is it OK to throw away\n{01} {00}?
3	7	55	                                         
3	7	56	You can't dismount your Bike here.
3	7	57	Your Coins: {00}
3	7	58	Booted up a TM.\n
3	7	59	Booted up an HM.\n
3	7	60	It contained\n{00}.\n\nTeach {00}\nto a Pokémon?
3	7	61	{00} used the\n{01}.
3	7	62	Since a Repel's effects still linger,\nyou can't use this now.
3	7	63	{00} used the\n{01}.\n\nWild Pokémon will be lured.
3	7	64	{00} used the\n{01}.\n\nWild Pokémon will be repelled.
3	7	65	The Box is full.
3	7	66	             
3	7	67	No.{00}{01}
3	7	68	No.{00}{01}
3	7	69	{00}{01}
3	7	70	      
3	7	71	                              
3	7	72	             
3	7	73	                       
3	7	74	{00}? Oh, no.\nI can't buy that.
3	7	75	{00}?\nHow many would you like to sell?
3	7	76	I can pay ${00}.\nWould that be OK?
3	7	77	Turned over the {00}\nand received ${01}.
3	7	78	MONEY
3	7	79	${00}
3	7	80	x{00}
3	7	81	${00}
3	7	82	Yes
3	7	83	No
3	7	84	x{00}
3	7	85	    
3	7	86	PP
3	7	87	POWER
3	7	88	ACCURACY
3	7	89	CATEGORY
3	7	90	{00}
3	7	91	{00}
3	7	92	Seals: {00}
3	7	93	Accessories: {00}\nBackdrops: {01}
3	7	94	Close Bag
3	7	95	PLANT
3	7	96	OPEN
3	7	97	Saved Battle Points\n{00} BP
3	7	98	TYPE
3	7	99	A Key Item in the Bag can be assigned\nto this button for instant use.
3	7	100	                  
3	7	101	              
3	7	102	                    
3	7	103	          
3	7	104	               
3	7	105	                             
3	7	106	The battery has run dry!\nFor it to recharge, you need to walk\n\nanother {00} steps.
3	7	107	The grassy patch remained quiet...
3	7	108	No. of Poffins:
3	7	109	{00}/100
3	7	110	Please choose the Berry you want to\ncook from your Bag.
3	7	111	You can't use that when you have\nsomeone with you.
3	7	112	There's nothing to be caught here...
3	8	0	EDIT
3	8	1	QUIT
3	8	2	SET
3	8	3	REMOVE
3	8	4	SHIFT
3	8	5	CONFIRM
3	8	6	CANCEL
3	8	7	Choose a capsule.
3	8	8	What would you like to do?
3	8	9	The capsule was removed.
3	8	10	Switch with which capsule?
3	8	11	The capsules were switched.
3	8	12	Finished editing the capsule.
3	8	13	Confirming...
3	8	14	Quit without changing the capsule\ndesign?
3	8	15	There's no more room!
3	8	16	There are no Seals left.
3	9	0	4\n3\n2\n1\n0
3	9	1	9\n8\n7\n6\n5
3	9	2	cc
3	9	3	Press the WOBBUFFET pump and pop\nballoons together!
3	9	4	0
3	9	5	1
3	9	6	2
3	9	7	3
3	9	8	4
3	9	9	5
3	9	10	6
3	9	11	7
3	9	12	8
3	9	13	9
3	10	0	BATTLE VIDEOS
3	10	1	FRONTIER RECORD
3	10	2	CANCEL
3	10	3	EXIT
3	10	4	MY VIDEO
3	10	5	OTHER VIDEOS
3	10	6	DELETE VIDEOS
3	10	7	{00}'S VIDEO
3	10	8	EMPTY
3	10	9	{00}
3	10	10	Battle
3	10	11	Video no.: {00}-{01}-{02}
3	10	12	Video no.: {00}-{01}-{02} ☆
3	10	13	{00}'S PROFILE
3	10	14	    
3	10	15	Birth month: {00}
3	10	16	Location
3	10	17	Trainer's quote
3	10	18	   
3	10	19	      
3	10	20	 
3	10	21	Unspecified
3	10	22	{00}
3	10	23	{00}
3	10	24	{00} {01}
3	10	25	                 
3	10	26	        
3	10	27	      
3	10	28	{00}'S FAVORITE PC BOX
3	10	29	{00}'S COOL PC BOX
3	10	30	{00}'S CUTE PC BOX
3	10	31	{00}'S SUGGESTED PC BOX
3	10	32	{00}'S FUN PC BOX
3	10	33	{00}'S SELECT PC BOX
3	10	34	Next\nPokémon
3	10	35	           
3	10	36	            
3	10	37	            
3	10	38	            
3	10	39	DELETE MY VIDEO
3	10	40	DELETE OTHER VIDEOS
3	10	41	EMPTY
3	10	42	             
3	10	43	      
3	10	44	       
3	10	45	       
3	10	46	       
3	10	47	           
3	10	48	SEARCH BY FACILITY
3	10	49	SEARCH BY POKéMON
3	10	50	SEARCH YOUR LOCATION
3	10	51	SEND PHOTO
3	10	52	VIEW PHOTOS
3	10	53	SEND
3	10	54	                 
3	10	55	                  
3	10	56	{00}\n{01}
3	10	57	    
3	10	58	SEND BOX DATA
3	10	59	VIEW BOX DATA
3	10	60	FAVORITE
3	10	61	COOL
3	10	62	CUTE
3	10	63	SUGGESTED
3	10	64	FUN
3	10	65	SELECT
3	10	66	    
3	10	67	      
3	10	68	ABC
3	10	69	DEF
3	10	70	GHI
3	10	71	JKL
3	10	72	MNO
3	10	73	PQR
3	10	74	STU
3	10	75	VWX
3	10	76	YZ
3	10	78	THIS WEEK'S RANKINGS
3	10	79	LAST WEEK'S RANKINGS
3	10	80	SWITCH RANKINGS
3	10	81	SWITCH TEAMS
3	10	82	Team: Trainer type
3	10	83	Team: Birth month
3	10	84	Team: Favorite Pokémon
3	10	85	{01}: {00}
3	10	86	{01}: {00}
3	10	87	{01}: {00}
3	10	88	{00}: {01}
3	10	89	{00}: {01}
3	10	90	{00}: {01}
3	10	91	LAST WEEK'S RESULTS!
3	10	92	COLOSSEUM
3	10	93	BATTLE FRONTIER
3	10	94	SAVE
3	10	95	VIEW BATTLE\nVIDEO
3	10	96	      
3	10	97	TOP-RANKED BATTLE VIDEOS\nCOLOSSEUM
3	10	98	TOP-RANKED BATTLE VIDEOS\nBATTLE FRONTIER
3	10	99	:
3	10	100	Where would you like to save\n{00}'s Battle Video?
3	10	101	       
3	10	102	Is it OK to delete {00}'s Battle\nVideo?
3	10	103	VIEW BATTLE VIDEOS
3	10	104	SEND BATTLE VIDEO
3	10	105	NEWEST 30
3	10	106	SEARCH
3	10	107	SEARCH BY VIDEO NO.
3	10	108	SEARCH BY FACILITY
3	10	109	SEARCH BY POKéMON
3	10	110	SEARCH YOUR LOCATION
3	10	111	OK!
3	10	112	Please enter the Video Number.
3	10	113	Please choose the facility.
3	10	114	Please choose the Pokémon.
3	10	115	Please enter the search criteria.
3	10	116	You haven't set any search criteria.
3	10	117	Searching Battle Videos...
3	10	118	There is no matching Battle Video...
3	10	119	Sending the Battle Video...
3	10	120	               
3	10	121	VIEW PROFILE
3	10	122	CLOSE PROFILE
3	10	123	NEWEST 30 BATTLE VIDEOS
3	10	124	Please set the search criteria.
3	10	125	Undefined
3	10	126	LIST OF BATTLE VIDEOS FROM\nSEARCH RESULTS
3	10	127	The same Battle Video can't be sent again.\nTouch the Touch Screen to continue.
3	10	128	You have not registered your location.
3	10	129	There is no Battle Video to send.
3	10	130	YES
3	10	131	NO
3	10	132	Colosseum\nSingle, No Restrictions
3	10	133	Colosseum\nSingle, Standard Cup
3	10	134	Colosseum\nSingle, Fancy Cup
3	10	135	Colosseum\nSingle, Little Cup
3	10	136	Colosseum\nSingle, Light Cup
3	10	137	Colosseum\nSingle, Double Cup
3	10	138	Colosseum\nSingle, Other Cup
3	10	139	Colosseum\nDouble, No Restrictions
3	10	140	Colosseum\nDouble, Standard Cup
3	10	141	Colosseum\nDouble, Fancy Cup
3	10	142	Colosseum\nDouble, Little Cup
3	10	143	Colosseum\nDouble, Light Cup
3	10	144	Colosseum\nDouble, Double Cup
3	10	145	Colosseum\nDouble, Other Cup
3	10	146	Colosseum\nMulti
3	10	147	Battle Tower\nSingle
3	10	148	Battle Tower\nDouble
3	10	149	Battle Tower\nMulti
3	10	150	Battle Factory\nLevel 50 Single
3	10	151	Battle Factory\nLevel 50 Double
3	10	152	Battle Factory\nLevel 50 Multi
3	10	153	Battle Factory\nOpen Level Single
3	10	154	Battle Factory\nOpen Level Double
3	10	155	Battle Factory\nOpen Level Multi
3	10	156	Battle Hall\nSingle
3	10	157	Battle Hall\nDouble
3	10	158	Battle Hall\nMulti
3	10	159	Battle Castle\nSingle
3	10	160	Battle Castle\nDouble
3	10	161	Battle Castle\nMulti
3	10	162	Battle Arcade\nSingle
3	10	163	Battle Arcade\nDouble
3	10	164	Battle Arcade\nMulti
3	10	165	Colosseum\nSingle, No Restrictions
3	10	166	Colosseum\nSingle, Cup match
3	10	167	Colosseum\nDouble, No Restrictions
3	10	168	Colosseum\nDouble, Cup match
3	10	169	1: Colosseum\n    Single, No Restrictions
3	10	170	2: Colosseum\n    Single, Cup match
3	10	171	3: Colosseum\n    Double, No Restrictions
3	10	172	4: Colosseum\n    Double, Cup match
3	10	173	5: Colosseum\n    Multi
3	10	174	6: Battle Tower\n    Single
3	10	175	7: Battle Tower\n    Double
3	10	176	8: Battle Tower\n    Multi
3	10	177	9: Battle Factory\n    Level 50, Single
3	10	178	10: Battle Factory\n      Level 50, Double
3	10	179	11: Battle Factory\n      Level 50, Multi
3	10	180	12: Battle Factory\n      Open Level, Single
3	10	181	13: Battle Factory\n      Open Level, Double
3	10	182	14: Battle Factory\n      Open Level, Multi
3	10	183	15: Battle Hall\n      Single
3	10	184	16: Battle Hall\n      Double
3	10	185	17: Battle Hall\n      Multi
3	10	186	18: Battle Castle\n      Single
3	10	187	19: Battle Castle\n      Double
3	10	188	20: Battle Castle\n      Multi
3	10	189	21: Battle Arcade\n      Single
3	10	190	22: Battle Arcade\n      Double
3	10	191	23: Battle Arcade\n      Multi
3	10	192	TOUCH HERE!
3	10	193	Is it OK to disconnect from\nNintendo Wi-Fi Connection?
3	10	194	 
3	10	195	User authentication error.\nPlease wait a while before reconnecting.
3	10	196	This data is already registered.\nTouch the Touch Screen to continue.
3	10	197	There appears to be a problem with the\nDress-Up Data.
3	10	198	There appears to be a problem with the\nProfile data.
3	10	199	An error occurred.\nTouch the Touch Screen to continue.
3	10	200	 
3	10	201	User authentication error.\nPlease wait a while before reconnecting.
3	10	202	There appears to be a problem with the\nchosen Pokémon.
3	10	203	An error occurred.\nTouch the Touch Screen to continue.
3	10	204	 
3	10	205	User authentication error.\nPlease wait a while before reconnecting.
3	10	206	This data is already registered.\nTouch the Touch Screen to continue.
3	10	207	There appears to be a problem with the\nBox Data.
3	10	208	There appears to be a problem with the\nProfile data.
3	10	209	There appears to be a problem with your\nparty.
3	10	210	An error occurred.\nTouch the Touch Screen to continue.
3	10	211	 
3	10	212	User authentication error.\nPlease wait a while before reconnecting.
3	10	213	There appears to be a problem with your\nparty.
3	10	214	An error occurred.\nTouch the Touch Screen to continue.
3	10	215	 
3	10	216	User authentication error.\nPlease wait a while before reconnecting.
3	10	217	An error occurred.\nTouch the Touch Screen to continue.
3	10	218	 
3	10	219	User authentication error.\nPlease wait a while before reconnecting.
3	10	220	Failed to receive ranking data.\nTouch the Touch Screen to continue.
3	10	221	There appears to be a problem with your\nranking record.
3	10	222	There appears to be a problem with the\nProfile data.
3	10	223	An error occurred.\nTouch the Touch Screen to continue.
3	10	224	 
3	10	225	User authentication error.\nPlease wait a while before reconnecting.
3	10	226	This data is already registered.\nTouch the Touch Screen to continue.
3	10	227	There appears to be a problem with the\nBattle Video.
3	10	228	There appears to be a problem with the\nProfile data.
3	10	229	An error occurred.\nTouch the Touch Screen to continue.
3	10	230	There appears to be a problem with your\nPokémon. Data was not sent.
3	10	231	There appears to be a problem with the\nrecipient's Pokémon. Data was not sent.
3	10	232	 
3	10	233	User authentication error.\nPlease wait a while before reconnecting.
3	10	234	There appears to be a problem with the\nsearch criteria.
3	10	235	An error occurred.\nTouch the Touch Screen to continue.
3	10	236	 
3	10	237	User authentication error.\nPlease wait a while before reconnecting.
3	10	238	No matching Battle Videos found...\nTouch the Touch Screen to continue.
3	10	239	An error occurred.\nTouch the Touch Screen to continue.
3	10	240	 
3	10	241	 
3	10	242	 
3	10	243	 
3	10	244	 
3	10	245	An error occurred.\nError Code 10601
3	10	246	An error occurred.\nError Code 10602
3	10	247	An error occurred.\nError Code 10603
3	10	248	An error occurred.\nError Code 10604
3	10	249	Unable to connect.\nError Code 10605
3	10	250	An error occurred.\nError Code 10606
3	10	251	Unable to connect.\nError Code 10607
3	10	252	An error occurred.\nError Code 10608
3	10	253	An error occurred.\nError Code 10609
3	10	254	There is no response.\nError Code 10610
3	10	255	There is no response.\nError Code 10611
3	10	256	There is no response.\nError Code 10612
3	10	257	Communication was interrupted.\nError Code 10613
3	10	258	Unable to connect.\nError Code 10614
3	10	259	 
3	10	260	 
3	10	261	 
3	10	262	 
3	10	263	 
3	10	264	 
3	10	265	 
3	10	266	The connection to the server was lost.\nTouch the Touch Screen to continue.
3	10	267	 
3	10	268	 
3	10	269	There is nothing saved.\nTouch the Touch Screen to continue.
3	10	270	Please choose a Box.
3	10	271	An empty Box's Data can't be sent.
3	10	272	Where would you like to send this?
3	10	273	Only one Box Data may be sent at a time.
3	10	274	The same Box Data can't be sent.
3	10	275	Which category would you like to see?
3	10	276	The saved data could not be deleted...
3	10	277	The same Battle Video can't be saved again.\nTouch the Touch Screen to continue.
3	10	278	Saving...\nDon't turn off the power.
3	10	279	Receiving ranking data...
3	10	280	Sending save data...
3	10	281	Save completed.\nTouch the Touch Screen to continue.
3	10	282	Do you want to delete {00}'s\nBattle Video?
3	10	283	Is it really OK to delete this data?
3	10	284	Deleting data...\nSaving... Don't turn off the power.
3	10	285	The data was deleted.\nTouch the Touch Screen to continue.
3	10	286	Sending your Dress-Up Data...
3	10	287	Receiving Dress-Up Data...
3	10	288	Sending your Box Data...
3	10	289	Receiving Box Data...
3	10	290	You have no saved data to send.\nTake a photo on Jubilife TV's second floor.
3	10	291	The same data can't be sent again.\nTouch the Touch Screen to continue.
3	10	292	Receiving Battle Videos...
3	10	293	No matching data was found...\nTouch the Touch Screen to continue.
3	10	294	No matching Box Data was found...\nTouch the Touch Screen to continue.
3	10	295	Your Battle Video was sent.\nVideo no.: {00}-{01}-{02}\n
3	10	296	The game will be saved before you can view\nBattle Videos.
3	10	297	Deleting data... Saving a lot of\ndata... Don't turn off the power.
3	10	298	Saving a lot of data...\nDon't turn off the power.
3	10	299	Saving...\nDon't turn off the power.
3	10	300	There is no ranking data...\nTouch the Touch Screen to continue.
3	10	301	Would you like to send your Battle Video?
3	10	302	 
3	10	303	 
3	10	304	 
3	10	305	 
3	10	307	 
3	10	308	 
3	10	309	 
3	10	310	LATEST 20 IN THE FAVORITE PC BOX
3	10	311	LATEST 20 IN THE COOL PC BOX
3	10	312	LATEST 20 IN THE CUTE PC BOX
3	10	313	LATEST 20 IN THE SUGGESTED PC BOX
3	10	314	LATEST 20 IN THE FUN PC BOX
3	10	315	LATEST 20 IN THE SELECT PC BOX
3	10	316	School Kid♂
3	10	317	Bug Catcher
3	10	318	Ace Trainer♂
3	10	319	Roughneck
3	10	320	Ruin Maniac
3	10	321	Black Belt
3	10	322	Rich Boy
3	10	323	Psychic♂
3	10	324	Lass
3	10	325	Battle Girl
3	10	326	Beauty
3	10	327	Ace Trainer♀
3	10	328	Idol
3	10	329	Socialite
3	10	330	Cowgirl
3	10	331	Lady
3	10	332	Plato
3	11	0	Please take your designated position\nand start the battle.
3	11	1	Please wait a moment...\nPress the B Button to cancel.
3	11	2	Let's check out {00}'s\nTrainer Case...\n\n...It's a Normal Card!
3	11	3	Let's check out {00}'s\nTrainer Case...\n\n...It's a Bronze Card!
3	11	4	Let's check out {00}'s\nTrainer Case...\n\n...It's a Copper Card!
3	11	5	Let's check out {00}'s\nTrainer Case...\n\n...It's a Silver Card!
3	11	6	Let's check out {00}'s\nTrainer Case...\n\n...It's a Gold Card!
3	11	7	Let's check out {00}'s\nTrainer Case...\n\n...It's a Black Card!
3	11	8	              
3	11	9	Communication will be ended.\nIs that OK?
3	11	10	YES
3	11	11	NO
3	11	12	Ending communication.\nPlease wait.
3	11	13	Please choose the Pokémon to be\nentered.\n\n
3	11	14	Waiting for {00} to choose.
3	11	15	The battle has been canceled.
3	11	16	Please come again.
3	11	17	Please select one of your opponent's\nPokémon.
3	11	18	Is {01} your choice?
3	11	19	Please select the three Pokémon\nthat will participate.\n\n
3	11	20	In a Mix Battle, you and your\nopponent first choose one of each\n\nother's Pokémon.\n\nThen, you exchange the chosen\nPokémon and battle.\n\n
3	11	21	CANCEL
3	11	22	SUMMARY
3	11	23	OK
3	11	24	CANCEL
3	12	1	Heart Seal A
3	12	2	Heart Seal B
3	12	3	Heart Seal C
3	12	4	Heart Seal D
3	12	5	Heart Seal E
3	12	6	Heart Seal F
3	12	7	Star Seal A
3	12	8	Star Seal B
3	12	9	Star Seal C
3	12	10	Star Seal D
3	12	11	Star Seal E
3	12	12	Star Seal F
3	12	13	Line Seal A
3	12	14	Line Seal B
3	12	15	Line Seal C
3	12	16	Smoke Seal A
3	12	17	Smoke Seal B
3	12	18	Smoke Seal C
3	12	19	Smoke Seal D
3	12	20	Ele-Seal A
3	12	21	Ele-Seal B
3	12	22	Ele-Seal C
3	12	23	Ele-Seal D
3	12	24	Foamy Seal A
3	12	25	Foamy Seal B
3	12	26	Foamy Seal C
3	12	27	Foamy Seal D
3	12	28	Fire Seal A
3	12	29	Fire Seal B
3	12	30	Fire Seal C
3	12	31	Fire Seal D
3	12	32	Party Seal A
3	12	33	Party Seal B
3	12	34	Party Seal C
3	12	35	Party Seal D
3	12	36	Flora Seal A
3	12	37	Flora Seal B
3	12	38	Flora Seal C
3	12	39	Flora Seal D
3	12	40	Flora Seal E
3	12	41	Flora Seal F
3	12	42	Song Seal A
3	12	43	Song Seal B
3	12	44	Song Seal C
3	12	45	Song Seal D
3	12	46	Song Seal E
3	12	47	Song Seal F
3	12	48	Song Seal G
3	12	49	A Seal
3	12	50	B Seal
3	12	51	C Seal
3	12	52	D Seal
3	12	53	E Seal
3	12	54	F Seal
3	12	55	G Seal
3	12	56	H Seal
3	12	57	I Seal
3	12	58	J Seal
3	12	59	K Seal
3	12	60	L Seal
3	12	61	M Seal
3	12	62	N Seal
3	12	63	O Seal
3	12	64	P Seal
3	12	65	Q Seal
3	12	66	R Seal
3	12	67	S Seal
3	12	68	T Seal
3	12	69	U Seal
3	12	70	V Seal
3	12	71	W Seal
3	12	72	X Seal
3	12	73	Y Seal
3	12	74	Z Seal
3	12	75	Shock Seal
3	12	76	Mystery Seal
3	12	77	Line Seal D
3	12	78	Liquid Seal
3	12	79	Burst Seal
3	12	80	Twinkle Seal
3	13	1	Heart Seal As
3	13	2	Heart Seal Bs
3	13	3	Heart Seal Cs
3	13	4	Heart Seal Ds
3	13	5	Heart Seal Es
3	13	6	Heart Seal Fs
3	13	7	Star Seal As
3	13	8	Star Seal Bs
3	13	9	Star Seal Cs
3	13	10	Star Seal Ds
3	13	11	Star Seal Es
3	13	12	Star Seal Fs
3	13	13	Line Seal As
3	13	14	Line Seal Bs
3	13	15	Line Seal Cs
3	13	16	Smoke Seal As
3	13	17	Smoke Seal Bs
3	13	18	Smoke Seal Cs
3	13	19	Smoke Seal Ds
3	13	20	Ele-Seal As
3	13	21	Ele-Seal Bs
3	13	22	Ele-Seal Cs
3	13	23	Ele-Seal Ds
3	13	24	Foamy Seal As
3	13	25	Foamy Seal Bs
3	13	26	Foamy Seal Cs
3	13	27	Foamy Seal Ds
3	13	28	Fire Seal As
3	13	29	Fire Seal Bs
3	13	30	Fire Seal Cs
3	13	31	Fire Seal Ds
3	13	32	Party Seal As
3	13	33	Party Seal Bs
3	13	34	Party Seal Cs
3	13	35	Party Seal Ds
3	13	36	Flora Seal As
3	13	37	Flora Seal Bs
3	13	38	Flora Seal Cs
3	13	39	Flora Seal Ds
3	13	40	Flora Seal Es
3	13	41	Flora Seal Fs
3	13	42	Song Seal As
3	13	43	Song Seal Bs
3	13	44	Song Seal Cs
3	13	45	Song Seal Ds
3	13	46	Song Seal Es
3	13	47	Song Seal Fs
3	13	48	Song Seal Gs
3	13	49	A Seals
3	13	50	B Seals
3	13	51	C Seals
3	13	52	D Seals
3	13	53	E Seals
3	13	54	F Seals
3	13	55	G Seals
3	13	56	H Seals
3	13	57	I Seals
3	13	58	J Seals
3	13	59	K Seals
3	13	60	L Seals
3	13	61	M Seals
3	13	62	N Seals
3	13	63	O Seals
3	13	64	P Seals
3	13	65	Q Seals
3	13	66	R Seals
3	13	67	S Seals
3	13	68	T Seals
3	13	69	U Seals
3	13	70	V Seals
3	13	71	W Seals
3	13	72	X Seals
3	13	73	Y Seals
3	13	74	Z Seals
3	13	75	Shock Seals
3	13	76	Mystery Seals
3	13	77	Line Seal Ds
3	13	78	Liquid Seals
3	13	79	Burst Seals
3	13	80	Twinkle Seals
3	14	0	A Recruitment Message arrived\nfrom a Pokémon Ranger.\n\nYou may receive a MANAPHY Egg\nfrom the Pokémon Ranger!\n\nOn the next screen, select\nLINK WITH POKéMON RANGER.\nPress the A Button to advance.
3	14	1	A Mystery Gift signal has\nbeen located!\n\nYou may receive a Mystery Gift!\n\nAt the next screen, select\nMystery Gift.\nPress the A Button to advance.
3	14	2	A Recruitment Message arrived\nfrom a Pokémon Ranger.\n\nHowever, to communicate with the\nPokémon Ranger, you must get\nfarther into your adventure and\nobtain a Pokédex first.\nPress the A Button to advance.
3	14	3	A Mystery Gift signal has\nbeen located.\n\nHowever, to receive a Mystery\nGift, you must get farther into\nyour adventure and obtain a\nPokédex first.\nPress the A Button to advance.
3	14	4	         
3	14	5	\nWARNING!\nThere is already another saved game\nfile. If you start an adventure now,\nyou will not be able to save it.\nPress Up + SELECT + B Button on\nthe title screen if you want to erase\nthe current saved game file.\n\nA Button: Begin adventure\nB Button: Return to the menu
3	15	0	Which facility would you like to\nchallenge?
3	15	1	{00} has dropped out.\n\n
3	15	2	Please choose the Pokémon you wish to\nenter with.
3	15	3	You have chosen a different facility\nand/or level setting from your friend.\n\nPlease choose again.\n\n
3	15	4	Please wait a moment.
3	15	5	Your win-streak record does not match\nyour friend's record.\n\nYour challenge will start from the\nbeginning.\n\n
3	15	6	Both you and your friend have chosen\n{00}.\n\nPlease confer with your friend and\nchoose different Pokémon.\n\n
3	15	7	Both you and your friend have chosen\n{00} and {01}.\n\nPlease confer with your friend and\nchoose different Pokémon.\n\n
3	15	8	                                                  
3	15	9	Both you and your friend have chosen\n{00}.\n\nPlease confer with your friend and\nchoose different Pokémon.\n\n
3	15	10	Both you and your friend have chosen\n{00} and {01}.\n\nPlease confer with your friend and\nchoose different Pokémon.\n\n
3	15	11	You and your friend must choose the\nsame kind of Pokémon to battle.\n\n
3	15	12	                                                      
3	15	13	                                                            
3	15	14	Which would you like to challenge,\nLevel 50 cap or Open Level?
3	15	15	There is already an ongoing winning\nstreak by {00}.\n\nWould you like to delete that record\nand start a new challenge with\n\n{01}?
3	15	16	YES
3	15	17	NO
3	15	18	Please make your selection again.\n\n
3	15	19	Saving...\nDon't turn off the power.
3	15	20	Good luck!
3	15	21	Would you like to play with {00}\nagain?
3	15	22	  
3	15	23	   
3	15	24	Awaiting your friend's selection.\nPlease wait a moment.
3	15	25	{00} has dropped out.\n\n
3	15	26	BATTLE TOWER
3	15	27	BATTLE FACTORY
3	15	28	BATTLE CASTLE
3	15	29	BATTLE HALL
3	15	30	BATTLE ARCADE
3	15	31	CANCEL
3	15	32	LEVEL 50
3	15	33	OPEN LEVEL
3	16	0	Which record would you like to see?
3	16	1	SINGLE
3	16	2	DOUBLE
3	16	3	MULTI
3	16	4	CANCEL
3	16	5	EXIT
3	16	6	Which Pokémon's record would you like\nto see?\n\n
3	16	7	{00} is on a challenge now!
3	16	8	ABC
3	16	9	DEF
3	16	10	GHI
3	16	11	JKL
3	16	12	MNO
3	16	13	PQR
3	16	14	STU
3	16	15	VWX
3	16	16	YZ
3	16	17	 
3	16	18	CANCEL
3	16	19	     
3	16	20	   
3	16	21	Battle Tower
3	16	22	Battle Factory
3	16	23	Battle Castle
3	16	24	Battle Hall
3	16	25	Battle Arcade
3	16	26	Single Record
3	16	27	Double Record
3	16	28	Multi Record
3	16	29	PREV
3	16	30	CURRENT
3	16	31	RECORD
3	16	32	Multi w/Trainer
3	16	33	Multi w/friend
3	16	34	Level 50
3	16	35	Open Level
3	16	36	Rental/Trade
3	16	37	Castle Points
3	16	38	Win streak: {00}
3	16	39	{00}'s record
3	16	40	{00}
3	16	41	{00} CP
3	16	42	Win streak: {00}
3	16	43	Games cleared: {00}
3	17	0	It's lined with Pokémon picture books.
3	17	1	Are these books for Pokémon\nto read?
3	17	2	It's chock-full of Pokémon books and\nphoto collections.
3	17	3	Pokémon magazines!\n\nPokémon Pal...\nPokémon Handbook...\n\nAdorable Pokémon...
3	17	4	The trash can is empty.
3	17	5	The shelves are jammed with colorful\nPokémon goods.
3	17	6	There's a ton of convenient items.\nThey all look useful.
3	17	7	The shelves brim with all sorts of\nPokémon merchandise.
3	18	0	     
3	18	1	     
3	18	2	    
3	18	3	    
3	18	4	    
3	18	5	{00}
3	18	6	BOX 1
3	18	7	BOX 2
3	18	8	BOX 3
3	18	9	BOX 4
3	18	10	BOX 5
3	18	11	BOX 6
3	18	12	BOX 7
3	18	13	BOX 8
3	18	14	BOX 9
3	18	15	BOX 10
3	18	16	BOX 11
3	18	17	BOX 12
3	18	18	BOX 13
3	18	19	BOX 14
3	18	20	BOX 15
3	18	21	BOX 16
3	18	22	BOX 17
3	18	23	BOX 18
3	18	24	JUMP
3	18	25	WALLPAPER
3	18	26	NAME
3	18	27	CANCEL
3	18	28	SCENERY 1
3	18	29	SCENERY 2
3	18	30	SCENERY 3
3	18	31	ETCETERA
3	18	32	FRIENDS 1
3	18	33	FRIENDS 2
3	18	34	FOREST
3	18	35	CITY
3	18	36	DESERT
3	18	37	SAVANNA
3	18	38	CRAG
3	18	39	VOLCANO
3	18	40	SNOW
3	18	41	CAVE
3	18	42	BEACH
3	18	43	SEAFLOOR
3	18	44	RIVER
3	18	45	SKY
3	18	46	POKé CENTER
3	18	47	MACHINE
3	18	48	CHECKS
3	18	49	SIMPLE
3	18	50	DISTORTION
3	18	51	CONTEST
3	18	52	NOSTALGIC
3	18	53	CROAGUNK
3	18	54	TRIO
3	18	55	PIKAPIKA
3	18	56	LEGEND
3	18	57	TEAM GALACTIC
3	18	58	MOVE
3	18	59	PLACE
3	18	60	SHIFT
3	18	61	SUMMARY
3	18	62	WITHDRAW
3	18	63	STORE
3	18	64	ITEM
3	18	65	MARK
3	18	66	RELEASE
3	18	67	CANCEL
3	18	68	CONFIRM
3	18	69	CANCEL
3	18	70	GIVE
3	18	71	TAKE
3	18	72	INFO
3	18	73	SWITCH
3	18	74	BAG
3	18	75	CANCEL
3	18	76	SET ON LEFT
3	18	77	SET ON RIGHT
3	18	78	Yes
3	18	79	No
3	19	0	{00} is selected.
3	19	1	Mark your Pokémon.
3	19	2	Release this Pokémon?
3	19	3	{00} was released.
3	19	4	Bye-bye, {00}!
3	19	5	Your party's full!
3	19	6	That's your last Pokémon!
3	19	7	What do you want to do?
3	19	8	Jump to which Box?
3	19	9	Please pick a theme.
3	19	10	Pick the wallpaper.
3	19	11	Exit from the Box?
3	19	12	Continue Box operations?
3	19	13	The Box is full.
3	19	14	The Bag is full.
3	19	15	Took the {00}.
3	19	16	{00} is now being held.
3	19	17	You're holding a Pokémon!
3	19	18	Which one will you take?
3	19	19	Deposit in which Box?
3	19	20	No item
3	19	21	♂
3	19	22	♀
3	19	23	Take this {00}?
3	19	24	Mail can't be taken away.
3	19	25	{00} is selected.
3	19	26	Put away {00}?
3	19	27	Placed {00} in the Bag.
3	19	28	Give to a Pokémon?
3	19	29	Please detach the Ball Capsule.
3	19	30	Please remove the Mail.
3	19	31	You can't release an Egg.
3	19	32	{00} came back!
3	19	33	Was it worried about you?
3	19	34	An Egg can't hold an item.
3	19	35	NATURE
3	19	36	Lv.
3	19	37	HP
3	19	38	ATTACK
3	19	39	DEFENSE
3	19	40	SP. ATK
3	19	41	SP. DEF
3	19	42	SPEED
3	19	43	MOVE
3	19	44	???
3	19	45	It can't hold the {00}.
3	20	0	No. of Hall of Fame entries
3	20	1	 
3	20	2	 
3	20	3	 
3	20	4	Battle Tower Single Battle\nwin streak
3	20	5	 
3	20	6	Battle Tower Double Battle\nwin streak
3	20	7	 
3	20	8	Battle Tower Multi Battle\nwin streak
3	20	9	 
3	20	10	Battle Tower partnered\nMulti Battle win streak
3	20	11	 
3	20	12	Wi-Fi Battle Tower win streak
3	20	13	 
3	20	14	No. of Contests entered alone
3	20	15	No. of Contests entered with\nfriends
3	20	16	No. of Contests entered alone and\nwon
3	20	17	No. of Contests entered with\nfriends and won
3	20	18	 
3	20	19	 
3	20	20	 
3	20	21	 
3	20	22	 
3	20	23	No. of times wild Pokémon fled
3	20	24	 
3	20	25	No. of Berries planted
3	20	26	No. of steps walked
3	20	27	No. of times battled wild Pokémon
3	20	28	No. of Trainer battles excluding\nUnion Room and Frontier
3	20	29	No. of Pokémon caught
3	20	30	No. of Pokémon caught fishing
3	20	31	No. of Eggs hatched
3	20	32	No. of times own Pokémon evolved
3	20	33	No. of Game Corner slot jackpots
3	20	34	No. of Battle Tower challenges
3	20	35	 
3	20	36	 
3	20	37	 
3	20	38	 
3	20	39	No. of completed GTS Pokémon\ntrades
3	20	40	No. of battles won over Nintendo\nWi-Fi Connection
3	20	41	 
3	20	42	No. of battles tied over Nintendo\nWi-Fi Connection
3	20	43	No. of battles won at the Battle\nTower
3	20	44	The total money spent shopping
3	20	45	No. of Pokémon left with the Day\nCare
3	20	46	No. of Pokémon defeated
3	20	47	No. of Pokémon offered on GTS
3	20	48	No. of times Pokémon were traded\nwith friends at the Wi-Fi Club
3	20	49	No. of times you signed your\nTrainer Card
3	20	50	No. of Pokémon extracted from\nFossils
3	20	51	No. of times footprints were\nchecked by Dr. Footstep
3	20	52	No. of times Mail was sent
3	20	53	No. of wild Pokémon lured using\nHoney
3	20	54	No. of times you talked to someone\nin the Wi-Fi Plaza
3	20	55	Number of Spheres buried in the\nUnderground
3	20	56	No. of times watched TV
3	20	57	No. of times Pokémon were given\nnicknames
3	20	58	No. of Premier Balls received
3	20	59	Items found by Pokémon in Amity\nSquare
3	20	60	No. of Poffins cooked alone
3	20	61	No. of Poffins cooked with friends
3	20	62	No. of Pokémon Dress-Up Data\nphotos taken
3	20	63	No. of boulders pushed using the\nhidden move Strength
3	20	64	No. of times mired in a swamp
3	20	65	No. of matches against your rival &\nGym Leaders at the Battleground
3	20	66	No. of facilities challenged at the\nBattle Frontier
3	20	67	No. of times you met the Frontier\nBrains
3	20	68	No. of wins at the Battle Factory
3	20	69	No. of wins at the Battle Castle
3	20	70	No. of wins at the Battle Hall
3	20	71	No. of wins at the Battle Arcade
3	20	72	No. of Pokémon trades at the\nBattle Factory
3	20	73	Total Castle Points earned at the\nBattle Castle
3	20	74	No. of wins over Rank 10 Pokémon\nat the Battle Hall
3	20	75	Battle Points earned from the\nBattle Arcade game board
3	20	76	Total Battle Points won
3	20	77	Total Battle Points spent
3	20	78	No. of Wi-Fi Plaza Games played
3	20	79	No. of Eggs traded using Spin Trade
3	20	80	No. of Star Pieces traded at the\nFuego Ironworks
3	20	81	Battle Points earned from the\nBattle Arcade game board
3	20	82	No. of items and Berries earned\nfrom the Battle Arcade game board
3	20	83	Total Battle Points won
3	20	84	Total Battle Points spent
3	20	85	No. of wins in Wi-Fi Plaza games
3	20	86	No. of Eggs traded using Spin Trade
3	20	87	   
3	20	88	  
3	20	89	  
3	20	90	   
3	20	91	   
3	20	92	   
3	20	93	   
3	20	94	 
3	20	95	{02}
3	20	99	{02}
3	20	101	{02}
3	20	103	{02}
3	20	105	{02}
3	20	107	{02}
3	20	109	{02}
3	20	110	{02}
3	20	111	{02}
3	20	112	{02}
3	20	118	{02}
3	20	120	{02}
3	20	121	{02}
3	20	122	{02}
3	20	123	{02}
3	20	124	{02}
3	20	125	{02}
3	20	126	{02}
3	20	127	{02}
3	20	128	{02}
3	20	129	{02}
3	20	134	{02}
3	20	135	{02}
3	20	137	{02}
3	20	138	{02}
3	20	139	${02}
3	20	140	{02}
3	20	141	{02}
3	20	142	{02}
3	20	143	{02}
3	20	144	{02}
3	20	145	{02}
3	20	146	{02}
3	20	147	{02}
3	20	148	{02}
3	20	149	{02}
3	20	150	{02}
3	20	151	{02}
3	20	152	{02}
3	20	153	{02}
3	20	154	{02}
3	20	155	{02}
3	20	156	{02}
3	20	157	{02}
3	20	158	{02}
3	20	159	{02}
3	20	160	{02}
3	20	161	{02}
3	20	162	{02}
3	20	163	{02}
3	20	164	{02}
3	20	165	{02}
3	20	166	{02}
3	20	167	{02}
3	20	168	{02} CP
3	20	169	{02}
3	20	170	{02} BP
3	20	171	{02} BP
3	20	172	{02} BP
3	20	173	{02}
3	20	174	{02}
3	20	175	{02}
3	20	176	{02} BP
3	20	177	{02}
3	20	178	{02} BP
3	20	179	{02} BP
3	20	180	{02}
3	20	181	{02}
3	21	0	Jim
3	21	1	Erroll
3	21	2	Casimir
3	21	3	Cameron
3	21	4	Peaches
3	21	5	Yasmin
3	21	6	Foster
3	21	7	Ken
3	21	8	Owen
3	21	9	Marcy
3	21	10	Shelly
3	21	11	Aspen
3	21	12	Matt
3	21	13	Alvan
3	21	14	Asa
3	21	15	Isabel
3	21	16	Nichole
3	21	17	Juanita
3	21	18	Bernard
3	21	19	Herbert
3	21	20	Colbert
3	21	21	Maggie
3	21	22	Melanie
3	21	23	Ann
3	21	24	Manford
3	21	25	Hank
3	21	26	Percy
3	21	27	Dakota
3	21	28	Jenny
3	21	29	Tia
3	21	30	Malcolm
3	21	31	Tad
3	21	32	Concord
3	21	33	Penny
3	21	34	Lana
3	21	35	Crimson
3	21	36	Ewan
3	21	37	Kane
3	21	38	Theo
3	21	39	Alexia
3	21	40	Luna
3	21	41	Celene
3	21	42	Cyan
3	21	43	Indigo
3	21	44	Orin
3	21	45	Ashley
3	21	46	Noelle
3	21	47	Kandace
3	21	48	Floyd
3	21	49	Hoffman
3	21	50	Amadeus
3	21	51	Shia
3	21	52	Vincent
3	21	53	Pierre
3	21	54	Alice
3	21	55	Anita
3	21	56	Allison
3	21	57	Kiefer
3	21	58	Basil
3	21	59	Henrik
3	21	60	Aubry
3	21	61	Upton
3	21	62	Emil
3	21	63	Bridget
3	21	64	Blanche
3	21	65	Colette
3	21	66	Tiffany
3	21	67	Britney
3	21	68	Harmony
3	21	69	Lucy
3	21	70	Jackie
3	21	71	Kara
3	21	72	Bernie
3	21	73	Curtis
3	21	74	Nancy
3	21	75	Trinity
3	21	76	Shawna
3	21	77	Layton
3	21	78	Godwin
3	21	79	Everett
3	21	80	Raiden
3	21	81	Ada
3	21	82	Annie
3	21	83	Basia
3	21	84	Steve
3	21	85	Dave
3	21	86	Shane
3	21	87	Benji
3	21	88	Pierce
3	21	89	Etienne
3	21	90	Leon
3	21	91	Doris
3	21	92	Paisley
3	21	93	Leslie
3	21	94	Hudson
3	21	95	Xenon
3	21	96	Amleth
3	21	97	Dot
3	21	98	Marble
3	21	99	Gingham
3	21	100	Gaspar
3	21	101	Ignatio
3	21	102	Kaylene
3	21	103	Kaya
3	21	104	Clement
3	21	105	Mason
3	21	106	Kodi
3	21	107	Aileen
3	21	108	Jericho
3	21	109	Harris
3	21	110	Soren
3	21	111	Trina
3	21	112	Alta
3	21	113	Ingrid
3	21	114	Beck
3	21	115	Eric
3	21	116	Padgett
3	21	117	Barbara
3	21	118	Isabel
3	21	119	Carmen
3	21	120	Alpha
3	21	121	Beta
3	21	122	Essie
3	21	123	Amelia
3	21	124	Celine
3	21	125	Jillian
3	21	126	Howard
3	21	127	Derrell
3	21	128	Baldwin
3	21	129	Adriana
3	21	130	Sonya
3	21	131	Tatyana
3	21	132	Zante
3	21	133	Giliam
3	21	134	Rodney
3	21	135	Rainier
3	21	136	Jean
3	21	137	Brad
3	21	138	Francis
3	21	139	Prescot
3	21	140	Yardley
3	21	141	Stavros
3	21	142	Zane
3	21	143	Kim
3	21	144	Macy
3	21	145	Faun
3	21	146	Doyle
3	21	147	Duke
3	21	148	Deacon
3	21	149	Mena
3	21	150	Mercy
3	21	151	Evita
3	21	152	Harold
3	21	153	Herman
3	21	154	Emmett
3	21	155	Erich
3	21	156	Garvey
3	21	157	Cruz
3	21	158	Pamela
3	21	159	Daniela
3	21	160	Kaden
3	21	161	Kolby
3	21	162	Karissa
3	21	163	Liliana
3	21	164	Jonas
3	21	165	Keon
3	21	166	Chelsie
3	21	167	Regina
3	21	168	Daulton
3	21	169	Hanson
3	21	170	Amory
3	21	171	Juliana
3	21	172	Camui
3	21	173	Orlando
3	21	174	Zack
3	21	175	Vance
3	21	176	Kyla
3	21	177	Ruby
3	21	178	Kiley
3	21	179	Utah
3	21	180	Colt
3	21	181	Tory
3	21	182	Farley
3	21	183	Mark
3	21	184	Samuel
3	21	185	Penn
3	21	186	Marquez
3	21	187	Arnold
3	21	188	Fred
3	21	189	Chase
3	21	190	McKenna
3	21	191	Sally
3	21	192	Casper
3	21	193	Derrian
3	21	194	Monty
3	21	195	Rocky
3	21	196	Reggie
3	21	197	Quincy
3	21	198	Neil
3	21	199	Sergei
3	21	200	Freddy
3	21	201	Andre
3	21	202	Inga
3	21	203	Tonya
3	21	204	Tobias
3	21	205	Cecil
3	21	206	Maranda
3	21	207	Helene
3	21	208	Simon
3	21	209	Turner
3	21	210	Europa
3	21	211	Pandora
3	21	212	Vern
3	21	213	Boris
3	21	214	Carly
3	21	215	Ginger
3	21	216	Peter
3	21	217	Tyron
3	21	218	Zorya
3	21	219	Antonia
3	21	220	Sawyer
3	21	221	Charlie
3	21	222	Chloe
3	21	223	Daphne
3	21	224	Thad
3	21	225	Lew
3	21	226	Opal
3	21	227	Leda
3	21	228	Geoff
3	21	229	Gunther
3	21	230	Alma
3	21	231	Elise
3	21	232	Harvey
3	21	233	Nicolas
3	21	234	Fergus
3	21	235	Ronni
3	21	236	Eve
3	21	237	Mariane
3	21	238	Costin
3	21	239	Alfred
3	21	240	Rioha
3	21	241	Janice
3	21	242	Denver
3	21	243	Berkley
3	21	244	Irene
3	21	245	Sylvie
3	21	246	Xander
3	21	247	Warren
3	21	248	Leslie
3	21	249	Kathy
3	21	250	Darren
3	21	251	Skip
3	21	252	Katie
3	21	253	Elaine
3	21	254	Clive
3	21	255	Ward
3	21	256	Hilda
3	21	257	Vanita
3	21	258	Ralph
3	21	259	Conway
3	21	260	Kristi
3	21	261	Trista
3	21	262	Austin
3	21	263	Dimitri
3	21	264	Delaney
3	21	265	Keaton
3	21	266	Carlo
3	21	267	Horatio
3	21	268	Lyle
3	21	269	Glen
3	21	270	Isadore
3	21	271	Walton
3	21	272	Roget
3	21	273	Iggy
3	21	274	Leroy
3	21	275	Newman
3	21	276	Ross
3	21	277	Ron
3	21	278	Irwin
3	21	279	Flynn
3	21	280	Joachim
3	21	281	Karston
3	21	282	Boyce
3	21	283	Tyrell
3	21	284	Frank
3	21	285	Enzo
3	21	286	Hugh
3	21	287	Kegan
3	21	288	Chester
3	21	289	River
3	21	290	Kira
3	21	291	Eliza
3	21	292	Angie
3	21	293	Sami
3	21	294	Nadia
3	21	295	Becky
3	21	296	Elisha
3	21	297	Ambre
3	21	298	Cocoa
3	21	299	Nissa
3	21	300	Cheryl
3	21	301	Mira
3	21	302	Riley
3	21	303	Marley
3	21	304	Buck
3	21	305	Palmer
3	21	306	Palmer
3	21	307	Argenta
3	21	308	Argenta
3	21	309	Thorton
3	21	310	Thorton
3	21	311	Dahlia
3	21	312	Dahlia
3	21	313	Darach
3	21	314	Darach
3	22	0	Battle Room Results
3	22	1	Multi Battle Room Results
3	22	2	Wi-Fi Battle Room Results
3	22	3	Single \nRecord
3	22	4	Multi \nRecord
3	22	5	Current \nRank
3	22	6	Double \nRecord
3	22	7	Link \nRecord
3	22	8	Wi-Fi\nRecord
3	22	9	PREV
3	22	10	CURRENT
3	22	11	RECORD
3	22	12	RANK
3	22	13	Win streak: {00} 
3	22	14	{00}
3	22	15	Rank {00}, Battle Room {01}
3	22	16	LIST OF LEADERS
3	22	17	{00}
3	22	18	CANCEL
3	22	19	{00}\n{01}
3	22	20	{00}
3	22	21	Home country\nunregistered
3	22	22	Plato
3	22	23	Plato
3	23	0	Dawn: Hi, {01}!\nAre you catching Pokémon?\n\n
3	23	1	Wow! You've already got {00} Pokémon\nwith you!\n\nAt that pace, your Pokédex should\nbe full in no time at all!\n\n
3	23	2	...Um...\n\nI think you'd feel a lot safer if you\nwere to catch some more.\n\nYou know, like when you need to travel\nto faraway places.\n\n
3	23	3	Oh, I know! Don't you think it's\nbetter to know more about Pokémon?\n\nSure it is!\nI know just the place.\n\nCome on!\nDon't be shy. Follow me!\n\n
3	23	4	Lucas: Hey, {01}!\nHow many Pokémon have you caught?\n\n
3	23	5	Whoa! You already have {00} Pokémon\nwith you!\n\n
3	23	6	Huh?\nI think you should catch some more.\n\nIt might be more of a challenge\nraising a lot of Pokémon...\n\nBut it's worth it. The more Pokémon\nyou have, the happier you'll be.\n\n
3	23	7	Hey, that's right! Don't you think it's\nbetter to know more about Pokémon?\n\nSure it is!\nThere's this great place for that.\n\nCome on! It's all right.\nFollow me.\n\n
3	23	8	Dawn: That man...\nWhat is he doing?\n\n
3	23	9	Dawn: Um...
3	23	10	Lucas: That guy...\nWhat's he doing?\n\n
3	23	11	Lucas: Uh, excuse...
3	23	12	WHAAAT?!\n\n
3	23	13	Mysterious man: ...How did you know?\n\nHow did you unmask me as a member of\nthe International Police?!\n\n
3	23	14	Dawn: Huh? What? I beg your pardon?\nI was just making conversation...\n\n
3	23	15	Lucas: Huh? What? Are you kidding?\nI was just making small talk...\n\n
3	23	16	Shady man: ...Heh. You claim you were\nonly making conversation, do you?\n\nBut, I know better not to believe that.\nNo, no, no.\n\nYou recognized right away that I was\nsomeone extraordinary.\n\nThat is why you spoke to me, is it not?\nYour power of observation is fearsome!\n\nQuite admirable, you are!\n\n
3	23	17	Now that my cover has been blown, let\nme introduce myself.\n\nI am a globe-trotting elite of the\nInternational Police.\n\nMy name... Ah, no, I shall inform you\nonly of my code name.\n\nMy code name, it is Looker.\nIt is what they all call me.\n\nIncidentally, is the saying, “Don't be\na thief!” familiar to you?
3	23	18	Looker: Yes, that is correct.\nTaking what belongs to others is wrong.\n\n
3	23	19	Looker: No? You claim to not know it?\nHow could that be?\n\nPerhaps your mama has said it, but you\nhave forgotten it, like usual?\n\nNow listen, my friends. It is wrong to\ntake what belongs to others.\n\n
3	23	20	Unfortunately, there are apparently\nthose who do not heed those words.\n\nIn Sinnoh, in fact, there are criminals\nstealing the Pokémon of others.\n\nI have, therefore, been on the lookout\nfor characters arousing my suspicion.\n\nIncidentally, you are Trainers, yes?\nPerhaps you can make use of this?\n\n
3	23	21	That Vs. Recorder, it is a nifty device\nfor recording a match.\n\nI obtained it because it is quite popular\nthese days.\n\nBut myself, I do not do Pokémon\nbattling very often.\n\nIt will be in better hands with you.\n\n
3	23	22	Looker: Also, I have a request.\n\nIf you were to see me again, I ask that\nyou not talk to me, for I am on duty.\n\n...Actually, yes, yes, you may speak to\nme. You must.\n\nNot because I am lonely, no, no!\nYou must inform me of bad guys!\n\nYou must inform me of any happenings!\n\n
3	23	23	Dawn: ...Working for the International\nPolice must be hard.\n\n
3	23	24	{00}, here it is.\nIt's the Trainers' School.\n\nThe name says it all!\n\n
3	23	25	I saw your friend {01} go in\nearlier.\n\nHe could still be in there studying.\nOK, bye now!\n\n
3	23	26	Lucas: ...Working for the International\nPolice sounds hard.\n\n
3	23	27	{00}, here we are.\nThis is the Trainers' School.\n\nThe name says it all!\n\n
3	23	28	Your pal {01} went in earlier.\nHe might still be studying in there.\n\nOK, see you around!\n\n
3	23	29	Jubilife City's built on land they\ncarved out of a mountain.\n\nThe people and Pokémon of Oreburgh\nCity helped out with that undertaking.
3	23	30	Hello! Let me ask you, have you paid\na visit to the TV station?\n\nIf you've never been, you owe it to\nyourself to make the trip.\n\nAnd, if you've been there before,\nit never hurts to visit again.\n\nAfter all, you can be a star!\nOr at least dream of being one!
3	23	31	Ah, it is you! Have no fear.\nThere are no shady characters about.\n\nIncidentally, have you visited the\nTrainers' School?\n\nDid your friend not guide you there\nearlier?
3	23	32	Looker: Hello, my friend.\nHave you visited the Trainers' School?\n\nDid your friend not guide you there\nearlier?\n\n
3	23	33	Ah, it is you! Have no fear.\nThere are no shady characters about.\n\nIncidentally, have you not obtained\na Pokétch?\n\nI believe a Pokétch is now free in\nexchange for some Coupons?
3	23	34	Looker: Tell me, have you not obtained\na Pokétch?\n\nI believe a Pokétch is now free in\nexchange for some Coupons?\n\n
3	23	35	Ah, it is you! Have no fear.\nThere are no shady characters about.\n\nIncidentally, have you not obtained\na Gym Badge?\n\nI believe you receive one for defeating\nthe Gym Leader at a Pokémon Gym?
3	23	36	Looker: Tell me, have you not obtained\na Pal Pad?\n\nIs not a Pal Pad free to anyone visiting\nthe Pokémon Center's basement?\n\n
3	23	37	Ah, yes. I see that you have obtained\nit, a Pal Pad for yourself.\n\nI myself, a member of the International\nPolice, the fighters of crime around the\n\nworld, have one also.\n\nFor it is what one must have to trade\nPokémon with Trainers around the world.\n\nTake that Pal Pad to the Global Terminal\nfor trading on an international level!\n\n
3	23	38	Anyway, there appears to be no one\nshady in this Jubilife City.\n\nI shall therefore take my investigation\nelsewhere.\n\nBut, my friend, I suggest you remain\nvigilant for shady grown-ups!\n\n
3	23	39	Oh, oh, oh?\n\nYou call yourself a Pokémon Trainer?\nAnd yet you have no Pokétch?\n\nThat is, Pokémon Watch, or Pokétch\nfor short!\n\nOh my, you are a rare case\nindeed!\n\n
3	23	40	You see, I invented, and now\nmanufacture, Pokétches.\n\nNot only that, I'm now conducting\nthe Pokétch promotional campaign!\n\nAll you have to do is find three\nclowns in Jubilife City.\n\nIf you can find them...\nI will gift you with a Pokétch!
3	23	41	The three clowns will each ask you\na skill-testing question.\n\nThe questions will all have to do\nwith Pokémon.\n\nAfter all, a Pokétch is a tool for\nPokémon Trainers.\n\nCollect a Coupon from each clown,\nthen come see me, OK?
3	23	42	OK, let me count your Coupons!\nI'll use the Pokétch here...\n\nOne, two, three!\nBravo! I say, bravo!\n\nIn return for these Coupons,\nI present you this Pokémon Watch,\n\nor Pokétch for short!\n\n
3	23	43	{00} received a Pokétch!
3	23	44	You can add apps to your Pokétch\nto make it even more versatile!\n\nTouch the Pokétch screen and find the\napps that are right for you!\n\n
3	23	45	Hi! I'm a Pokétch campaign clown!\nLet's roll out my question!\n\nDoes a Pokémon grow by defeating\nothers and gaining Exp. Points?
3	23	46	Ding-ding!\nYou're absolutely correct!\n\n
3	23	47	Bzzzzt!\nThat's the wrong answer...
3	23	48	Pokémon grow stronger by defeating\nother Pokémon in battle.\n\nSome Pokémon even grow into an\nentirely different form in a process\n\nknown as evolution.\n\n
3	23	49	Here you go!\nYour Pokétch Coupon!\n\n
3	23	50	Pokémon grow stronger through\nbattling.\n\nSome Pokémon even grow into an\nentirely different form in a process\n\nknown as evolution.
3	23	51	Hi! I'm a Pokétch campaign clown!\nLet's roll out my question!\n\nJust like Pokémon types, the moves\nof Pokémon also have types?
3	23	52	Ding-ding!\nYou're absolutely correct!\n\n
3	23	53	Bzzzzt!\nThat's the wrong answer...
3	23	54	If the Pokémon's type matches its\nmove's type, that move is made much\n\nmore powerful!\n\n
3	23	55	Here you go!\nYour Pokétch Coupon!\n\n
3	23	56	If the Pokémon's type matches its\nmove's type, that move is made much\n\nmore powerful!
3	23	57	Hi! I'm a Pokétch campaign clown!\nLet's roll out my question!\n\nCan a Pokémon hold an item?
3	23	58	Ding-ding!\nYou're absolutely correct!\n\n
3	23	59	Bzzzzt!\nThat's the wrong answer...
3	23	60	A Pokémon may hold a single item.\n\nSome items become effective as soon\nas they are held by a Pokémon.\n\nBerries are eaten by Pokémon as\nnecessary during battle.\n\n
3	23	61	Here you go!\nYour Pokétch Coupon!\n\n
3	23	62	Hi, there. You should stick around.\nWe're doing a Pokétch campaign soon.\n\nBefore it starts, I think you should\nbrush up at the Trainers' School.
3	23	63	A Pokémon may hold a single item.\n\nSome items become effective as soon\nas they are held by Pokémon.\n\nBerries are eaten by Pokémon as\nnecessary during battle.
3	23	64	Mystery man: Now, now, now, now, now!\nProfessor Rowan, you must comply.\n\nHand over all your research findings.\nFor free, naturally.\n\nFailure to comply will result in a painful\ntime for your assistant.\n\n
3	23	65	Rowan: Ah, {00}.\nWell? How is the Pokédex progressing?\n\nHm!\nThat's Oreburgh's Gym Badge, I see.\n\nBut hadn't I given you your first\nPokémon only recently...?\n\nPerhaps being a Trainer is like second\nnature to you.\n\n
3	23	66	Mystery man: Oh, professor of Pokémon,\nmust you be so difficult?\n\nWe are speaking to you on business.\nBecause this is work for us.\n\nWhat we're saying is--we demand\nyou comply with our demands.\n\n
3	23	67	Rowan: Quiet, you lot!\nWhy must you be such a nuisance?\n\nLet me list some lessons you still\nneed to learn.\n\n#1: Don't loiter about for no good\nreason.\n\n#2: Don't interrupt others while they\nare attempting to converse.\n\n#3: If you don't get your way, don't\nraise your voice to be intimidating.\n\n#4: Don't think you've grown strong\njust because you're in a group.\n\n#5: What is with those outlandish\noutfits you have on?\n\n
3	23	68	My goodness...\nYou call yourselves adults?\n\nYou kids, don't grow up to be like these\nsorry specimens.\n\n
3	23	69	Mystery man: Eeeeeh!\nYou had to make this personal!\n\nYou have forced our hand into making\na show of force!\n\nWe will make you regret insulting\nTeam Galactic!\n\n
3	23	70	Rowan: You kids, give these thugs a\nlesson in civility, please.\n\n
3	23	71	Dawn: {01}!\nLet's battle together!\n\n
3	23	72	Lucas: {01}!\nJoin me and battle these guys!\n\n
3	23	73	Grunt 1: You leave us no option.\nWe will retreat for now.\n\nWe shall do so because Team Galactic\nis benevolent to all.\n\n
3	23	74	Rowan: That lot...\nThey called themselves Team Galactic.\n\nWhen Pokémon evolve, they seem to\nrelease some type of energy...\n\nHowever, I believe that it's a mystic\npower far beyond our control.\n\nBut Team Galactic seems to be studying\nthat power's potential.\n\nThey want to know if it can be used as\nenergy for something...\n\n
3	23	75	Dawn: {01}, did you know?\n\nThe professor studies the evolution\nof Pokémon, too.\n\nAccording to his research, 90% of all\nPokémon are somehow tied to evolution!\n\nWell, maybe that's the reason those\npeople tried to take the professor's\n\nresearch data by force.\n\nThat's really unforgivable!\n\n
3	23	76	Lucas: {01}, did you know\nabout this?\n\nThe professor studies the\nevolution of Pokémon, too.\n\nAccording to his research, 90% of all\nPokémon are somehow tied to evolution!\n\nMaybe that's the reason those goons\ntried to take the professor's\n\nresearch data.\n\nThey're not allowed to do that!\n\n
3	23	77	Rowan: It's all over, so you can \nrelax now.\n\nStill, thanks to you two, nothing came\nof that situation. I appreciate that.\n\nIncidentally, {00}.\nKudos to you for your battling skill.\n\nIt got me thinking. Why don't you\ncollect all the Gym Badges of Sinnoh?\n\nDoing so, you will be sure to encounter\nlots of Pokémon.\n\nThat, of course, means your Pokédex\npages will continuously fill up.\n\nIn other words, it will be of great help\nto my research.\n\nThat said, I've given you your first\nPokémon and Pokédex as yours to keep.\n\nYou're free to do with them as you wish.\nTake care now.\n\n
3	23	78	Oh, that was very good!\nNicely done! Truly excellent!\n\nOh, I beg your pardon, I'm from\nJubilife TV!\n\nI'd like you to have something for\nletting me see that smashing battle!\n\n
3	23	79	Contained within that Fashion Case...\n\nYou will find a whole spectrum of chic\nAccessories and tasteful Backdrops!\n\nDress up your Pokémon and watch\ntheir appeal grow!\n\nAnd, right now the TV station is\noffering its facilities so visitors\n\ncan dress up their Pokémon!\n\nThere are also prize giveaways, too!\nPlease do visit our TV station!\n\n
3	23	80	The way you look...\nYou're obviously a Trainer!\n\nCan you tell me what type of Pokémon\nyou like?
3	23	81	The Fire type?\nYou must have a fiery personality.\n\nYou'd better watch out that fire isn't\ndoused by water, though.
3	23	82	A person that likes the Water type\nmust be somewhat cool.\n\nBut beware of being drained dry by\nthirsty grass.
3	23	83	You chose the Grass type?\nNo wonder you look so calm.\n\nI think you need to watch out you don't\nget burned by fire.
3	23	84	Did you see me on TV?\nI was in an interview!
3	23	85	When you walk with your Pokémon,\nthey gradually grow friendlier.
3	23	86	OK, set six Poké Balls in my\nbelt...\n\nYeah, that'll do it. At most, you\ncan have six Pokémon with you.
3	23	87	Hiya, where'd you come from?\n\n...\n\nTwinleaf Town, huh...\nIt's a nice place. Quiet and all.\n\nJubilife City is a big place, so it\nmight be a bit of a shock to you.
3	23	88	Hello, Trainer!\nDo you know much about Pokémon?
3	23	89	Ah, I see!\nYou are knowledgeable!\n\nI imagine you wouldn't see the need\nto visit the Trainers' School, then.\n\nBut do visit if you have the time.\nYou may discover something new!
3	23	90	Oh, you're not knowledgeable...\nBut not to worry!\n\nThere's the Trainers' School.\n\nThe school will teach you the\nbasics of Pokémon.
3	23	91	Past here is the Global Terminal, your\ngateway to the world!\n\nOh, I'm sorry, you don't have\nany Gym Badges.\n\nThe Global Terminal is off-limits if you\ndon't have a Gym Badge. Sorry!\n\n
3	23	92	Past here is the Global Terminal.\nIt lets you trade with the whole world!\n\nTrading Pokémon means connecting\nwith friends, both old and new.\n\nThat's awesome!
3	23	93	I'm trading Pokémon with my buddy!
3	23	94	I made my Pokémon hold an item before\ntrading it.\n\nThat will make the other Trainer\ndouble happy!
3	23	95	Jubilife City\nCity of Joy
3	23	96	Jubilife Condominiums\nTenants Wanted!
3	23	97	The Pokétch Company\nPokémon Watches for the World!
3	23	98	Trainers' School\nThe First Step for Trainers!
3	23	99	Jubilife TV\nThe Fun-and-Games TV Station!
3	23	100	The Global Terminal\nYour Gateway to the Whole World!
3	24	0	Aww, man.\nI wasted money on some Poké Balls.\n\nI should've lowered the HP of wild\nPokémon more before throwing them.
3	24	1	The one thing you must remember is to\npack some Potions.\n\nIf all your Pokémon faint, it'll be\nlights out for you, too!
3	24	2	Potions are important, but sometimes,\nit's better to simply avoid battles.\n\nIf you want to avoid wild Pokémon for a\nwhile, just use a Repel.\n\nAfter all, if you don't battle, your\nPokémon can't lose HP.
3	25	0	                                        
3	26	0	You know how Pokémon have types like\nWater, Fire, and Grass?\n\nWell, all types have strengths and\nweaknesses against other types.
3	26	1	In the Union Room upstairs, you can\nchat and trade with other people.\n\nAnd that's not all you can do.\nCheck it out!
3	26	2	You can still catch a Pokémon if you\nalready have six traveling with you.\n\nIt automatically gets sent to the PC\nnetwork in Pokémon Centers.\n\nKnowing that, I can keep on catching\nmore and more Pokémon!\n\nIt'll make it more fun to check\nthe PC in any Pokémon Center!
3	26	3	Hi, can we feature you in a news piece\nwe're doing?\n\nAll you have to do is battle with me.\nWill you do that?
3	26	4	Reporter Kinsey's live interview!\n\n
3	26	5	Unbelievable! Press coverage denied!\nI find you intriguing, too...
3	26	6	To get people to open up, we approach\nthem honestly with no hidden tricks.\n\nIt's like the relationship between\nPokémon and Trainers, isn't it?
3	26	7	I've spotted a charismatic Trainer!\nIs it OK to go for the scoop?
3	26	8	As a professional cameraman, I always\ngo for the best shot!\n\n
3	26	9	That's a downer...\n\nI thought I'd found a Trainer and\nPokémon who'd shine on camera.
3	26	10	The lively expressions on you and your\nPokémon's faces...\n\nIt sure makes for some great TV!
3	26	11	Are we all ready to have some fun?\nI sure am! Aren't you having fun?!\n\nLet's make it fun! OK?!
3	26	12	OK, how shall we do this?\nShall we do something fantastical?\n\n
3	26	13	Oh, how shall I say this...?\nIt makes me all lonely, I say...
3	26	14	A clown's makeup is a face that's\ncrying while laughing. Mwahahah!\n\nIt defines what we do!
3	27	0	Hi, hi!\n\nI'm the president of the Pokétch\nCompany!\n\n
3	27	1	I'm developing a new Pokétch app,\nbut it's not quite done.\n\nMy guess is that it will be ready\nwhen you get a Gym Badge.
3	27	2	Hi, hi!\nYour patience is rewarded!\n\nI've developed a new Pokétch app!\n\n
3	27	3	That's the Memo Pad!\nIt's... Well, it is what it is!
3	27	4	I'm developing a new Pokétch app,\nbut it's not quite done.\n\nMy guess is that it will be ready\nwhen you get three Gym Badges.
3	27	5	Hi, hi!\nYour patience is rewarded!\n\nI've developed another new Pokétch\napp!\n\n
3	27	6	Having a map constantly displayed\nis convenient, no?\n\nYou can also mark things, so it's\nthat much more useful.
3	27	7	I'm developing a new Pokétch app,\nbut it's not quite done.\n\nMy guess is that it will be ready\nwhen you get five Gym Badges.
3	27	8	Hi, hi!\nYour patience is rewarded!\n\nI've developed yet another new\nPokétch app!\n\n
3	27	9	I think it will be useful to know how\nmany people are communicating, like\n\nin the Union Room.
3	27	10	I'm developing a new Pokétch app,\nbut it's not quite done.\n\nMy guess is that it will be ready\nwhen you get seven Gym Badges.
3	27	11	Hi, hi!\nYour patience is rewarded!\n\nI've developed still yet another new\nPokétch app!\n\n
3	27	12	Check type matchups so you can make\nall your attacks super effective!\n\nYou'll become stronger than ever!
3	27	13	Yup, all sorts of people will give\nyou Pokétch apps.\n\nEveryone gets super happy that way!
3	27	14	So, yup, what to do?\n\nDo you think I should solicit new\nPokétch ideas?
3	27	15	Oh, you can be sure I will keep\ndeveloping Pokétch apps.\n\nJust like Pokémon, my Pokétch is\nsomething that evolves!
3	27	16	Welcome to the Pokétch Company.\n\nWe're actually a family-run business,\nso we're not very impressive.
3	27	17	Hey, do you watch TV?\n“Pokétch Detective” is a great show.\n\nSeeing that program compels me to use\nmy Pokétch more!
3	28	0	We'll try to think like a Trainer and find\nwhat Pokétch apps would be good.
3	28	1	Pokémon Watch!\nThat's Pokétch for short.\n\nSay it the long way and...\nWhat does Pokémon stand for again?\n\nAnyway, I'm the father of the\npresident of the Pokétch Company!
3	28	2	CLEFAIRY: Cleffy?
3	28	3	PACHIRISU: Patchii?
3	29	0	Do you have a Pokétch?\n\nThere's a girl's model and a boy's\nmodel, each in different colors.
3	29	1	My husband's the president.\n\nWe started out in a small workshop\nwhere he made what he liked.\n\nNow we're making something that makes\nthe world happy. Imagine that!
3	29	2	People everywhere make Pokétch apps.\n\nYou'll be able to get new apps from\nsurprising sources.\n\nThe PCs here have guides on the\nvarious Pokétch apps.
3	29	3	There are descriptions of Pokétch\napps.\n\n
3	29	4	Which Pokétch app would\nyou like to read about?
3	29	5	There are descriptions of Pokétch\napps.\n\n
3	29	6	Which Pokétch app would\nyou like to read about?
3	29	7	There are descriptions of Pokétch\napps.\n\n
3	29	8	Which Pokétch app would you like\nto read about?
3	29	9	There are descriptions of Pokétch\napps.\n\n
3	29	10	Which Pokétch app would you like\nto read about?
3	29	11	The Digital Watch displays the\ncurrent time.\n\nDon't be late for meetings with\nyour friends!\n\n
3	29	12	The Analog Watch displays the\ncurrent time.\n\nThe short hand indicates the hour,\nand the long hand shows the minute!\n\n
3	29	13	The Alarm Clock can be set to sound\nevery 24 hours.\n\nSet the alarm time with the lower\nbutton. The top button turns it on.\n\n
3	29	14	The Stopwatch is used for measuring\ntime precisely.\n\nHow quickly can you zip through\nthe Cycling Road?\n\n
3	29	15	The Kitchen Timer can count down from\nup to 99 minutes, but not precisely.\n\nSet the time with the center button,\nthen start the countdown.\n\n
3	29	16	Use the monthly Calendar to make\na note of important dates.\n\nTouch any date to change its color.\nTouch it again to turn it back.\n\n
3	29	17	The Calculator can handle up to\nten digits.\n\nIt's perfect for figuring out math\nquestions that might pop up.\n\n
3	29	18	The Pokémon List indicates the\nstatuses of your team's Pokémon.\n\nTouch them to hear their cries.\nTheir HP bar is also displayed.\n\n
3	29	19	The Friendship Checker indicates how\nfriendly your Pokémon are to you.\n\nTouch the screen. The Pokémon that\nlike you will come closer.\n\n
3	29	20	The Day-Care Checker shows the\nPokémon you have in the Day Care.\n\nCheck and see how your Pokémon are\ndoing with the Day-Care Couple.\n\n
3	29	21	The Matchup Checker tests the\nattraction between Pokémon.\n\nThe greater the number of hearts,\nthe better likelihood of Eggs.\n\n
3	29	22	The Pokémon History keeps track of\nthe Pokémon you have obtained.\n\nIt shows the last twelve kinds of\nPokémon you obtained.\n\n
3	29	23	The Berry Searcher is a map that\nshows the locations of Berries.\n\nIt indicates the presence of Berries\nin areas you have already visited.\n\n
3	29	24	The Memo Pad is useful for jotting\ndown a note, or just doodling.\n\nThere's an eraser, too, just in case\nyou make a mistake.\n\n
3	29	25	The Dot Artist lets you draw pictures\nin a mosaic style.\n\nTouching the same dot makes its\ncolor turn darker.\n\n
3	29	26	The Color Changer changes the\nPokétch's display color.\n\nSlide the switch to select one\nof eight colors.\n\n
3	29	27	The Marking Map lets you mark\nintriguing locations.\n\nDrag marks to places on the map\nthat you want to remember.\n\n
3	29	28	The Roulette features a wheel\nthat can be written on.\n\nDraw numbers, items, or whatever on\nthe wheel and give it a spin!\n\n
3	29	29	The Coin Toss flips a coin that\ncomes up heads or tails.\n\nIf you can't choose between two\nchoices, a coin toss might be handy.\n\n
3	29	30	The Pedometer keeps a count of\nthe number of steps traveled.\n\nIt automatically counts steps.\nTouch the button to reset it.\n\n
3	29	31	The Dowsing Machine searches for\nhidden or obscured items.\n\nTouch the radar screen. If there is\nan item nearby, it will respond.\n\n
3	29	32	The Counter is used for counting\nthings one at a time.\n\nTouch the button and count whatever\nneeds counting.\n\n
3	29	33	The Trainer Counter tracks the\nperformance of the Poké Radar.\n\nIt shows how often you have met\nthe same kind of Pokémon in a row.\n\n
3	29	34	The Link Searcher searches for\nplayers on wireless communications.\n\nTouch the screen to get a list of\npeople using wireless communications.\n\n
3	29	35	The Move Tester checks how effective\nmoves are by type.\n\nSwitch the attacker and defender\ntypes to see what is effective.\n\n
3	30	0	Why don't you try dressing up your\nPokémon now?\n\nWe have a Fitting Room on\nthe second floor.\n\nDress up your Pokémon nicely with\nAccessories!
3	30	1	This is the Pokémon Lottery Corner.\nI'm Felicity, your attendant today.\n\nIf your drawn number matches the\nID No. of any of your Pokémon,\n\nyou could win fabulous gifts.\n\nWould you like to check today's lucky\nnumber?
3	30	2	You've already drawn a Loto Ticket\ntoday. Please come back tomorrow.
3	30	3	Oh. I see.\nPlease do visit us again.
3	30	4	First, I'll look up today's Pokémon\nLottery Corner lucky number.\n\n...\n\n
3	30	5	Your Loto Ticket number is {00}.\n\nNow, let's see if it matches the\nID No. of any of your Pokémon.\n\n
3	30	6	Congratulations!\n\nThe ID No. of your team's\n{00} matches your Loto\n\nTicket number!\n\n
3	30	7	Congratulations!\n\nThe ID No. of your PC-boxed\n{00} matches your Loto\n\nTicket number!\n\n
3	30	8	I'm sorry.\nYou didn't get a match...
3	30	9	The last digit matched, so you\nwin the fourth prize!\n\n
3	30	10	You gained a new Backdrop for use\nin Fitting Rooms.
3	30	11	The last two digits matched, so you\nwin the third prize!\n\n
3	30	12	The last three digits matched, so you\nwin the second prize!\n\n
3	30	13	The last four digits matched, so you\nwin the first prize!\n\n
3	30	14	Oh, my goodness, all five digits\nmatched!\n\nYou've won the jackpot prize!\nThis is just so incredible!\n\n...Oh, I'm sorry! Your prize!\nI got carried away there.\n\nHere you go!\n\n
3	30	15	...Oh?\nYou seem to have no room for this.\n\nPlease make room in your Bag and\nthen let me know.
3	30	16	{00}?\nYes, I've been expecting you.\n\nThis is the prize we've been holding\nfor you. Here you go!\n\n
3	30	17	Please do visit again!\nGood-bye from Felicity, your attendant!
3	30	18	This is the Pokémon Lottery Corner.\n\nWould you like to check today's lucky\nnumber again?
3	30	19	They keep track of official records\nhere.\n\nThings like winning streaks, or how many\nPokémon you've caught.\n\nYou can check everyone's records\nup on the third floor.
3	30	20	I'm going to get commercials shown\non TV.\n\nThey'll attract more customers to\nthe department store.
3	30	21	The TV station interviews all sorts of\nTrainers for its shows.\n\nAfter all, people want to know about\ngood Trainers and what they say.\n\nPersonally, I'd like to learn more about\nGym Leaders.\n\nI'd also like to hear about the tough\nElite Four of the Pokémon League.
3	31	0	I don't know what to do.\n\nWhat Accessories will go well with\nmy dress today?
3	31	1	The star of tomorrow is... You!\nYour Pokémon has a glow about it!\n\nSo, a gift for our future star!\n\n
3	31	2	That's a {00}!\n\nI hope you get into collecting\nAccessories for your Pokémon!
3	31	3	The room at the back is our dreamy\nfitting room.\n\nOnce you're done in there, get our\ndreamy Hiker to take a dreamy photo!
3	32	0	The room closest to the stairs is the\nGroup Ranking Room.\n\n
3	32	1	The room on the opposite side\nis the Global Ranking Room.
3	32	2	I just realized something awesome!\nI should be trading Pokémon more!\n\nThe more trades I make, the better my\nodds of winning the Pokémon Lottery!\n\nWhy? Because the ID No. of a Pokémon\nis different from Trainer to Trainer!
3	32	3	Records are fine things.\nThey tell you the history of stuff.\n\nYou can really sense the dramatic\nstories behind all those numbers!
3	32	4	Hey, there!\nHow's it going?\n\nI'm a TV producer here.\nAre you watching TV?\n\nSo, let me ask you.\nWill you tell me your opinion on TV?
3	32	5	Oh, yeah?\nThat's interesting.\n\nMoving right along, what feedback\ncan you give me about TV?\n\n
3	32	6	Oh, yeah?\nThat's interesting.\n\nThanks for answering my questions.\nI'll file it away for reference.\n\nKeep your channel tuned to\nJubilife TV!
3	32	7	Oh, all right.\n\nI can understand how busy it must\nget for you.\n\nIt'd be cool if you could answer my\nquestions when you've got time.\n\nSee you again!
3	32	8	...Oh?\n\nThe fact that you know that phrase\ntells me you're someone in the know.\n\nYou're a Trainer, right?\nI'll pull some strings for you.\n\nI think I can swing a deal to get you\na new wallpaper for your PC Boxes.\n\nMake sure you keep your channel\ntuned to Jubilife TV.
3	32	9	...Oh?\n\nThe fact that you know that phrase\ntells me you're someone in the know.\n\nYou're a Trainer, right?\nI'll pull some strings for you.\n\nI think I can swing a deal so you\ncan receive a Mystery Gift.\n\nMake sure you keep your channel\ntuned to Jubilife TV.
3	33	0	Your exploits are fantastic!\n\nWith our TV station, we can tell\nthe whole world about you!\n\nIt's merely one of many possibilities!\nHarrumph!
3	33	1	“Participation for all” is our TV\nnetwork's motto.
3	33	2	We're promoting the theme “Smiles are\ndreamy.”\n\nIn keeping with that theme, we added\nvariety programs to our scheduling.\n\nPlease do tune in!
3	34	0	                                                          
3	34	1	Ooh, your Pokémon are so very\ncharming! How enchanting!\n\nThey're so charming I will even hang\na picture of one right beside me!\n\nI'm only doing this especially for\nyou! Exciting, don't you think?\n\nDress up your Pokémon in my boudoir\nand make it a sight to behold!\n\nI will snap a photo when you're done.\nYou will do this, won't you?
3	34	2	Oh, you silly thing...\nWhere's your sense of adventure?
3	34	3	Ooh, ooh, yes! How nice!\nLet's not delay!\n\nShould I explain to you how to dress\nup your Pokémon?
3	34	4	Ooh, I wonder which Pokémon you'll\ndress up?\n\n
3	34	5	Teheheh...\nI hope you will dress it up adorably!\n\n
3	34	6	You have a Fashion Case, don't you?\nAh, oui, wonderful!\n\nJust choose the Accessories and put\nthem on your Pokémon.\n\nWhen you're done, I will snap a photo\nand put it up beside me!\n\nIf you mix your records with others,\nyou can get their photos, too!\n\nI think it will be much easier if \nyou will just try!
3	34	7	Ooh, nice work!\nLet's display the photo right away!\n\nOh, but it needs to have a title!
3	34	8	{00}...\n\nOoh, yes, yes! I get it now!\nYour aesthetics shine through!\n\n
3	34	9	Oh, non, non, non!\nIt will be forlorn without a title.
3	34	10	Oh... You came out without doing\nanything... How disappointing.
3	34	11	If you dress up any Pokémon again,\nthe photo here will be changed.\n\nWould you like to dress up\na Pokémon, dearie?
3	34	12	                                                      
3	34	13	Ooh, non, non, non! That's an Egg!\nIt's too young to be dressing up!\n\n
3	34	14	I put your photo up right here.\nIt just looks so perfect there!
3	34	15	It's a frame for holding a Pokémon\nportrait photo.
3	34	16	They display photos from Trainers\nyou been mixin' records with, right?\n\nI hope you collect yerself some good\nphotos of dressed-up Pokémon!
3	34	17	Someone gave me a new Backdrop when I\nwent to the Global Terminal.
3	35	0	Someone broke my Pokémon-catching\nrecord!\n\nI'll reclaim my record and regain\nmy place in the standings!
3	35	1	I bet it'd feel great if I could be\nnumber one here!\n\nMaybe I'll enter some Contests with\nmy partner.
3	35	2	I really don't win many battles...\nBut it doesn't get me down.\n\nI'm trying for the world record\nat Pokémon fishing!
3	35	3	Sorry, I'm still fine-tuning this\nthingy here.
3	36	0	You can see the rankings of people\nin your group here.\n\nIt makes me try even harder 'cause\nI can't stand losing to my friends!
3	36	1	These rankings are nifty!\n\nI'm going to make a group and\ncompete with all my best friends!
3	36	2	Sorry, I'm still fine-tuning this\nthingy here.
3	37	0	Hello, thank you for taking the time\nout of your busy day to visit us.\n\nTo which floor may I take you?
3	37	1	I look forward to serving you again.
3	37	2	Certainly.\nElevator going up.\n\n
3	37	3	Certainly.\nElevator going down.\n\n
3	37	4	Sorry, we are already on that floor.
3	37	5	Here we are!
3	38	0	Pokémon are wonderful, deeply\nmysterious creatures.\n\nBut to Trainers, the key thing is to do\nbattle with their Pokémon.\n\nThat's what it boils down to.
3	38	1	Hello there, Trainer!\n\nIf you get stumped and don't know\nwhat to do...\n\nTalk to people!\nTalk to everyone you see!\n\nGo places!\nGo wherever you can!\n\nYou'll find many new places by\ndoing just that.
3	38	2	PACHIRISU: Kukkuuh!
3	39	0	Did you know?\n\nSome kinds of Pokémon evolve when\nthey get stronger from battling!\n\nWhen they evolve, they can take on\ncompletely different forms!
3	39	1	Evolution makes Pokémon just that\nmuch more fascinating.\n\nThe mysteries of evolution... Can that\ndandy Prof. Rowan unravel them?
3	39	2	Didn't Prof. Rowan conduct research\nwith Prof. Oak of the Kanto region?
3	40	0	When I give my Pokémon nicknames,\nit's like they're my very own.\n\nIt gives me a warm and fuzzy feeling!
3	41	0	                                
3	42	0	Oh, hello, darlings.\nIsn't my Pokétch quite fetching?\n\nIt's the latest design that just came\nout. I obtained it instantly, of course.\n\nA Trainer would be simply lost without\na Pokétch, after all.
3	42	1	PIKACHU: Piika pi!
3	42	2	PACHIRISU: Pachipachii?
3	42	3	Oh, your Pokémon is quite adorable!\n\nHere, try making it hold this\n{00}.\n\n
3	42	4	A Pokémon holding that Quick Claw can\nsometimes attack first, even if it is\n\nnormally a little bit slow.\n\nThere are other items that are only\nuseful when given to a Pokémon.\n\nTry finding other items that you can\nmake your Pokémon hold.\n\n...I sound like I'm a teacher or\nsomething.
3	43	0	I like how Pokémon can use attacks.\nThat makes things fun and different.\n\nSometimes, when they get stronger,\nPokémon learn new moves.\n\nThat keeps things fresh and fun when\nusing moves.
3	43	1	Did you buy some Heal Balls at the\nPoké Mart?\n\nA Heal Ball completely heals the\nPokémon it captures on the spot.\n\nThat means you can catch a Pokémon\nand have it battle-ready right away.\n\nOf course, if your team has six\nPokémon in it, it won't do any good.
3	44	0	I can trade Pokémon around the world\nusing Nintendo WFC...\n\nJust hearing that name gets my heart\nracing!
3	44	1	The world you can reach with\nNintendo WFC...\n\nI can't tell if it's huge or small.
3	45	0	You managed to come out here?\nThat takes focus!\n\nFor someone like you, this\n{00} might be perfect.\n\nLet a Pokémon hold it, yah?\n\n
3	45	1	There are items that are useful only\nwhen they're held by Pokémon.\n\nTry finding other items like that\nand spice up your adventure!
3	46	0	Welcome! This is the Global Trade\nStation, or GTS for short.\n\nWe enable the trading of Pokémon with\npeople worldwide over Nintendo WFC.\n\nWould you like to do a global\nPokémon trade?
3	46	1	Hello!\nWelcome to the GTS!\n\nWould you like to do a global Pokémon\ntrade over Nintendo Wi-Fi Connection?
3	46	2	You may trade Pokémon one of two\nways at the GTS.\n\nYou may offer a Pokémon for trade,\nor search among offered Pokémon.\n\nShould I describe things in greater\ndetail?
3	46	3	You will be asked to put up the\nPokémon you are offering to trade.\n\nAt that time, you will be asked what\nPokémon you would like in return.\n\nIf another player offers your desired\nPokémon in return for your offered\n\nPokémon, the trade will go through.\n\nShould I explain anything else?
3	46	4	You may search among the Pokémon\nthat are offered by other Trainers.\n\nThey will all identify what Pokémon\ntheir Trainers want back in return.\n\nIf you find one that you want, you\nmust provide us with the kind of\n\nPokémon wanted in return.\n\nShould I explain anything else?
3	46	5	Would you like to make a global\nPokémon trade?
3	46	6	Please do visit again.
3	46	7	I hope you enjoy your visit\nto the GTS!\n\n
3	46	8	...Uh-oh!\n\nI'm sorry, but your team and all\nyour PC Boxes are full.\n\nIf you wish to use the GTS, you must\nhave room on your team or in a PC Box.
3	46	9	...Uh-oh!\nYou only have one Pokémon with you.\n\nIf you wish to use the GTS, you must\nhave at least two Pokémon with you.\n\nPlease come back with more Pokémon\non your team.
3	46	10	That's a big globe, eh?\n\nWhere do I live on it now?\nLet's see if I can point it out...
3	46	11	They say if you communicate with\nsomeone, their location is\n\nrecorded on this giant globe.
3	46	12	All I need to do is leave a Pokémon\nhere to trade.\n\nWho knows, it might be traded while\nI'm asleep tonight.
3	46	13	You can easily trade Pokémon with\nPokémon fans around the world.\n\nIsn't that something?
3	46	14	You can register where you live on\nthis giant globe.\n\nOnce you do, you can show your location\nto anyone you communicate with.
3	46	15	Is Nintendo WFC something even I\ncan use easily?\n\nIf it is really that easy, I'd love\nto trade Pokémon, too!
3	46	16	This week, I'll do it!\n\nI really want to make the Top 8 of the\nrankings.
3	46	17	The Global Terminal has three floors.\n\nYou use warp panels for getting from\none floor to another.\n\nA blue panel takes you to the GTS on\nthe ground floor.\n\nTake a green panel to the studios for\nBox Data and Dress-Up Data on 2F.\n\nTake a pink warp panel to the third\nfloor for the Battle Video Gallery.
3	46	18	Your favorite is {00},\nisn't it?
3	46	19	Your favorite is that Egg, isn't it?
3	46	20	Yes, I was right!\nI thought so!
3	46	21	...Oh? Your favorite really is\n{00}, isn't it?
3	46	22	...Oh? Your favorite really is that Egg,\nisn't it?
3	46	23	I want to know everyone's favorite\nkinds of Pokémon.
3	46	24	Hi, have you visited the Dress-Up\nData Studio?\n\nHave you put yours on exhibit?\nOr do you only look at other entries?\n\nWhether you're an exhibitor or viewer,\nI have a Backdrop for you!\n\n
3	46	25	                            
3	46	26	If you want to use that Backdrop,\nplease go to the fitting room on the\n\nsecond floor of Jubilife TV.
3	46	27	Please share your dreamy Dress-Up\nData with everyone!
3	46	28	Obtained a Backdrop for use in\nJubilife TV's fitting room.
3	46	29	Yo, yo, yo!\n\nWanna let the world know about you?\nThen you gotta tell me, yo!
3	46	30	Yo, I know all I need to know about\nyou now.\n\nIf you want to change your message,\nI'm the guy to see, yo!
3	46	31	Yo! You don't have anything you want\nto say?\n\nIf you want to change your message,\nI'm the guy to see, yo!
3	46	32	There are several portal machines here\nat the Global Terminal.\n\nYou must set your Vs. Recorder in\nthe machines for communication.\n\nPlease do give the machines a try, as\nthey guide you through the operation.
3	46	33	Welcome to the Global Terminal!\n\nHere, you may join the huge community\nof Trainers worldwide.\n\nYou may view the records of Trainers\nlike yourself from around the world.\n\nYou may also trade Pokémon with the\nworld's Trainers.
3	46	34	Connect to Nintendo Wi-Fi Connection\nand examine the Trainer Rankings?
3	46	35	Trainer Rankings is a team-based\nranking system for Trainers around\n\nthe world.\n\nThe Trainers will be divided into several\ngroups and ranked in many categories.\n\nIf you join, your Trainer achievements\nare automatically sent to your team.\n\nIn other words, what you do as a\nTrainer can help your team's standings.\n\nBeware!\n\nIf you enter a ranking category more\nthan once, only the points earned from\n\nyour previous report will be tallied.\n\n
3	46	36	Connect to Nintendo Wi-Fi Connection\nand examine the Battle Video Rankings?
3	46	37	Battle Video Rankings is a gallery of\npopular Battle Videos.\n\nStudy many classic battles and sharpen\nyour own Trainer skills.\n\n
3	46	38	USE
3	46	39	INFO
3	46	40	CANCEL
3	46	41	The green panel leads to the studios\nfor Box Data and Dress-Up Data on 2F.\n\nThe pink panel leads to the Battle\nVideo Gallery on 3F.
3	46	42	Hi, have you visited the Dress-Up\nData Studio?\n\nHave you put yours on exhibit?\nOr do you only look at other entries?\n\nIf you had a Fashion Case, I could give\nyou something nice.
3	47	0	This is discriminatory!\nWhy are there only shots of Pokémon?\n\nWhy aren't there any shots of ladies?\nI call discrimination!
3	47	1	Sneaking a peek at other people's PC\nBoxes fills me with guilty glee.\n\nBut it's a secret sort of pleasure I'd\nrather not have others know about.\n\n...Ignoring the fact that me being here\nis a surefire giveaway.
3	47	2	Did you know?\nAbout my PC Box, I mean.\n\nIt's full of Pokémon everyone longs\nfor, like...\n\n...No, it would be immodest for me to\nsay. It would sound like bragging.\n\nIf you really must know, you can always\nfind out yourself.
3	47	3	I visit every day to check on other\npeople's Dress-Up Data.\n\nFor me, it's like the first step to\nfashion!
3	47	4	Oh, dear me! Gracious!\nThis is almost scandalous!
3	47	5	The combination of that Pokémon with\nthose Accessories...\n\nIt was so stunningly wonderful, I feel\nas if I've been zapped!
3	47	6	The same kind of Accessory can create\nentirely different impressions.\n\nIt really depends on where and how\nit's used.
3	47	7	I got a Backdrop from a nice lady\ndownstairs. For free!
3	47	8	What I like to do...\n\nI like sneaking glances at the people\nchecking out Dress-Up Data.
3	47	9	Warps to the GTS and the Trainer\nRankings on 1F.
3	47	10	Warps to the Battle Video Gallery on 3F.
3	47	11	Connect to Nintendo Wi-Fi Connection\nto view and post Dress-Up Data?
3	47	12	Here, you may post the Dress-Up Data\nof your Pokémon.\n\nThe Dress-Up Data can be set up and\nsaved on Jubilife TV's second floor.\n\nThe Dress-Up Data posted by other\nTrainers may also be viewed here.\n\nThe data may be sorted by Pokémon\nfor convenient viewing.\n\n
3	47	13	Connect to Nintendo Wi-Fi Connection\nto view and post Box Data?
3	47	14	Here, you may post the Box Data\ncontaining your Pokémon.\n\nChoose a wallpaper, then place your\nPokémon on it to compose your scene.\n\nWhen you are done, post it for other\nTrainers to see.\n\nThe Box Data posted by other Trainers\nmay also be viewed here.\n\n
3	47	15	USE
3	47	16	INFO
3	47	17	CANCEL
3	48	0	What you see here is how much people\naround the world love Pokémon.\n\nWatching Battle Videos lets you share\nthe fun these people had.
3	48	1	This is a great idea.\nEveryone and anyone can participate.\n\nEven if you lose, it could still be a part\nof someone's favorite Battle Video.
3	48	2	This Battle Video rocks hard!\n\nIt's an incredible turnaround from the\nbrink of a wipeout!
3	48	3	I have Battle Videos of only cute little\nCLEFAIRY as my favorites.
3	48	4	What an amazing collection!\nI can see why this is so popular.\n\nJust seeing some of these Battle Videos\nmakes me feel tougher!
3	48	5	To treat one's self to Battle Videos\nevery day...\n\nI would consider that a hobby worthy\nof a true gentleman.
3	48	6	My favorite Battle Video.\nMy favorite Battle Video.\n\nWhat's on it?\nWhat's on it?\n\nIt's a secret!\nIt's a secret! And I mean it!
3	48	7	Let me attempt the alphabet rap using\nJubilife, dig?\n\nJ... Just to the south of this here\ncity is Sandgem sitting pretty.\n\nU... Underneath Oreburgh there's a\ncoal mine doing mighty fine.\n\nB... Beneath the sea sprawls that mine,\nit's not anywhere I'd like to be.\n\nI... In the north you find Floaroma,\ngrowing flowers for my dear old Ma!\n\nYeah, I know, lame-o.\nYou give it a try!
3	48	8	The Hiker enjoying the Box Data down\non 2F is my little brother.
3	48	9	Warps to the GTS and the Trainer\nRankings on 1F.
3	48	10	Warps to the studios for Box Data and\nDress-Up Data on 2F.
3	48	11	Connect to Nintendo Wi-Fi Connection\nto view and post Battle Videos?
3	48	12	Here, you may post a Battle Video of\nyour Pokémon.\n\nYou may also view Battle Videos posted\nby other Trainers.\n\nThe Battle Videos may be sorted by\nPokémon, battle facility, and so on.\n\nThe Battle Video you post will be\nassigned a 12-digit number.\n\nYour friends may view your Battle Video\nby entering this 12-digit code here.\n\n
3	48	13	USE
3	48	14	INFO
3	48	15	CANCEL
3	49	0	{01}: Hey, {00}!\nDid you come to study, too?\n\nI went ahead and memorized everything\nthat was up on the blackboard.\n\nAfter all, it's the Trainer's job to\navoid having their precious Pokémon\n\nhurt in battle, right?\n\nSo, {00}, what brings you?\nHuh?\n\nYou've got something for me?\n\n
3	49	1	{00} delivered the Parcel.
3	49	2	{01}: So, what is this...?\n\nScore!\nIt's a Town Map!\n\nHuh?!\nWhy are there two in here?\n\nI like it a lot, but I don't need two.\nHere, {00}, you take one!\n\n
3	49	3	{01}: Hmm...\n\nWell, according to the Town Map,\nI guess Oreburgh City is where\n\nI should be going next.\n\nThere's a Gym, so it'd be perfect for\nraising the Pokémon I just caught.\n\nWell, I'm on the road to becoming\nthe greatest Trainer of all time!\n\nSee you around!\n\n
3	49	4	It's perfectly fine for Trainers and\nPokémon to develop at their own pace.\n\nIf there is anything you're not familiar\nwith, you can look it up here.
3	49	5	                             
3	49	6	We learned about Pokémon types\ntoday. Umm...\n\nGrass is weak to Fire,\n\nFire is weak to Water,\n\nand Water is weak to Grass!
3	49	7	Pokémon are smart enough to use\nitems they're holding.\n\nBut they won't know what to do with\nman-made items like Potions and\n\nAntidotes.
3	49	8	I wrote an essay in my notebook on \nwhat makes a true Pokémon Trainer.
3	49	9	Doing it is the best way to learn!\nCan we get a battle with you?
3	49	10	Go!\nMy Pokémon, go!\n\n
3	49	11	Aww! But battling is the best way\nto learn about Pokémon!
3	49	12	It's hard to win if you don't have\nsome Pokémon to choose from.
3	49	13	Whew! You're really good!\n\nWe've been studying every day, but\nwe were no match for you at all!\n\nYou'd be able to use this Potion\nproperly. Here you go!\n\n
3	49	14	When a Potion is used, it restores the\nHP, the health, of a Pokémon.\n\nBeing a good Trainer isn't only about\nordering your Pokémon around.\n\nA superior Trainer knows how to use\nitems to the full advantage!
3	49	15	I just became friends with my\nPokémon.\n\nI'm not sure if we can do this\nproperly, but may we battle?
3	49	16	I need to try the things I learned\nbefore I forget them!\n\n
3	49	17	Boo!\nWhere's your sense of adventure?\n\nDon't be shy about talking to people\nand getting into battles!
3	49	18	I wonder if we could have done better\nagainst you?\n\nLike if I used Potions right when we\nneeded to.
3	49	19	We were actually confident that we\nwould do pretty good.\n\nBut I'm completely impressed by how\ntough you are.\n\nIf you'd like, talk to my friend and\nget a nice item from him.
3	49	20	The blackboard lists status changes\nthat may affect Pokémon in battle.\n\n
3	49	21	Which would you like to read about?
3	49	22	If a Pokémon is poisoned, it will\nsteadily lose HP.\n\nThe effects of poison remain after\na battle.\n\nA poisoned Pokémon's HP will drop\nwhile it is traveling.\n\nHeal a poisoning using an Antidote.\n\n
3	49	23	If a Pokémon becomes paralyzed,\nits Speed stat drops.\n\nIn addition, it may not be able to\nmove while it is in battle.\n\nParalysis remains after battle.\nCure it using a Parlyz Heal.\n\n
3	49	24	If a Pokémon falls asleep, it will be\nunable to attack.\n\nThe Pokémon may wake up on its own,\nbut if a battle ends while it is\n\nsleeping, it will stay asleep.\n\nWake it up using an Awakening.\n\n
3	49	25	A burn reduces the Attack stat and\nsteadily reduces the victim's HP.\n\nA burn lingers after battle.\nCure a burn using a Burn Heal.\n\n
3	49	26	If a Pokémon is frozen, it becomes\ncompletely helpless.\n\nThe Pokémon may thaw out on its own,\nbut if a battle ends while it is\n\nfrozen, it will stay frozen.\n\nThaw it out using an Ice Heal.\n\n
3	49	27	It's a notebook filled with writing.\nLet's see...\n\nPokémon are to be caught using\nPoké Balls.\n\nUp to six Pokémon can accompany\na Trainer.\n\nA Trainer is someone who catches\nPokémon, raises them, and battles\n\nwith them.\n\nA Trainer's mission is to defeat the\nstrong Trainers who await challengers\n\nin Pokémon Gyms.
3	50	0	I got my PIKACHU through a trade from\nsomeone somewhere in the world.\n\nIt grows quickly, so its level goes up\nquickly, too.\n\nBut it doesn't always listen to me...\n\nThat's because I only have one\nGym Badge.\n\nWe don't always have an easy time,\nbut it's still my irreplaceable partner!
3	50	1	PIKACHU: Pikapikapikaaah!
3	50	2	If everyone around the world had\nPokémon...\n\nThen everyone around the world could\ncommunicate!
3	51	0	Wi: We come from faraway land.\nI come see the Pokémon I trade.\n\nI worry if it growing properly.
3	51	1	Fi: I like look at Pokémon I get\nfrom friend in trade.\n\nIt make me remember my friend!
3	51	2	You can trade Pokémon with people\naround the world on Nintendo WFC...\n\nJust hearing that gets my heart\nracing. Such exciting times!
3	51	3	When you connect with people on\nNintendo WFC, it's hard to\n\ntell if the world's big or small.
3	52	0	                          
3	52	1	                                  
3	53	0	                                                                                 
3	54	0	{00}: Whoops!\nHey, {01}!\n\nYou're going to challenge the Gym\nLeader up past here, eh?\n\nSomeone should check to see if you're\nready for this challenge!\n\nThat someone is me!\nWith my brand-new Gym Badge!\n\n
3	54	1	{00}: Yeah, yeah, you're just\na bit better than me, as usual.\n\nBut listen up!\n\nLet me tell you who's going to take on\nthe Pokémon League and become the\n\nChampion.\n\nYou guessed right!\nIt's going to be me!\n\nAnyway, you should go to Iron Island\nand toughen up some more.\n\nYeah, train at Iron Island! That's what\nI did before going to the Gym!\n\n
3	54	2	{00}: Hey! That's the Mine\nBadge! Good going!\n\nYou're tough enough to consider\nbecoming the Pokémon Champ.\n\nOf course, I'm tougher, so it's\nnot going to actually happen.\n\nAnyway, {01}, come with\nme to the library.\n\n
3	54	3	{00}: Hey, you're here!\nFinally!\n\nOh, but what the...\n\nAww, you haven't gone to Iron Island,\nhave you?\n\nYou didn't get the HM Strength, did\nyou?\n\nAww, sheesh! I'll wait here for you!\nHurry up and go already!
3	54	4	{00}: Too slow!\n\nCome on!\nLet's move it!\n\n
3	54	5	Rowan: ...That tremor...\nThat wasn't a natural occurrence.\n\n
3	54	6	Hey, hey! Old dude and kids!\nDid you hear?!\n\nThey're saying there was a huge\nexplosion at Lake Valor!\n\nBut, I hear everything's fine now.\nI guess it was just a lot of noise.\n\n
3	54	7	{00}: Gramps!\n\nI'm going!\nI have a bad feeling about this!\n\n
3	54	8	Rowan: ...That {00}...\nCan't sit still...\n\n{01}, I don't like to demand,\nbut I need you at Lake Valor.\n\nIt's impossible for things to be OK.\nNot after an explosion like that.\n\nBut I have no idea what is taking\nplace...\n\nBut before you go, let me stress:\ndon't get in over your head.\n\nWe will try to join you as soon as\nwe inspect Lake Verity.\n\n
3	54	9	Dawn: ...{00}, you'll be OK,\nno matter what, right?
3	54	10	Lucas: Lake Valor...\nI wonder what happened?
3	54	11	Dawn: We're going off to Lake Verity\nfirst...\n\nDon't do anything rash if something\ndoes happen.
3	54	12	Lucas: We're going to investigate\nLake Verity before we join you.\n\nDon't try to be a hero if anything\ncrazy happens.
3	54	13	Rowan: Hmm...\n\nWhat is taking place at Lake\nValor... You must find out!\n\nBut before you go, let me stress:\ndon't get in over your head.\n\nWe will try to join you as soon as\nwe inspect Lake Verity.
3	54	14	What's up?\nYour clothes look damp.\n\nMaybe you took the boat to Iron Island\nto get a Hidden Machine, right?
3	54	15	The tremor earlier was no quake.\nIt seems it was a mysterious explosion!
3	54	16	Welcome to Canalave City, the Canal\nCity!\n\nIn the old days, this port used to\nbe a hub of cargo transportation.
3	54	17	What was that tremor?\nI thought Mt. Coronet erupted!
3	54	18	There's a really impatient-looking boy\nhanging out in front of the library.\n\nHe's so jittery, just seeing him makes\nme feel twitchy.
3	54	19	I'm going to study at the library.\n\nI've taken an interest in the subject\nof time and space.
3	54	20	An explosion at Lake Valor?\nBut there isn't anything there?
3	54	21	My PSYDUCK is very close to me.\nThat makes its Return move powerful!
3	54	22	E-even PS-PSYDUCK's Future Sight\ncouldn't foretell that tremor!
3	54	23	PSYDUCK: Gua?
3	54	24	PSYDUCK: Gua! Gua! Gwa?\nGuaa! Guuagwa?!
3	54	25	The Gym Leader and Trainers of this Gym\noften go out to Iron Island.\n\nThey not only train their Pokémon,\nbut they work out as well.
3	54	26	I'm flabbergasted!\nWhat could explode at Lake Valor?
3	54	27	Do you wanna set sail?
3	54	28	Anchors aweigh!\n\n
3	54	29	You just tell me whenever you need\nto set sail!
3	54	30	Ahoy! You just go on and tell me\nwhenever you want to set sail again!
3	54	31	...You....\nYou're going to Fullmoon Island for us?
3	54	32	We're both counting on you!\n\nOnly you can awaken my son from his\nawful nightmare...\n\nPlease, I need the Lunar Wing from\nFullmoon Island to awaken him!\n\nI went, but I failed to find it...\n\n
3	54	33	Do you need to get ready?\n\nI'll be waiting here.\nWe're desperate for your help.
3	54	34	That Lunar Wing...\nPlease! Take it to my son...
3	54	35	You've been asleep for a long,\nlong time... What happened to you?\n\nAnd what were you doing here?\nNo one's lived here for fifty years.\n\n
3	54	36	Canalave City\nCargo Port
3	54	37	Canalave City Pokémon Gym\nLeader: Byron\n\nThe Man with the Steel Body!
3	54	38	Canalave Library
3	54	39	Sailor Eldritch's House
3	54	40	Canalave Dock
3	54	41	Harbor Inn...\nThe text is too faded to read.
3	54	42	Harbor Inn\nA Roost for Restless Sailors\n\n“Enjoy sweet dreams in our\nsumptuous beds!”
3	54	43	The door is tightly shut.\nIt appears impossible to open.
3	55	0	A Poké Ball that makes it easy to\ncatch the same kinds of Pokémon...\n\nWell, that's the Repeat Ball!
3	55	1	I should take a Revive out to\neveryone training on Iron Island.\n\nI'm sure they'd appreciate it.\n\nIt can be rough out there, especially\nsince there's no Pokémon Center.
3	56	0	Ah!\nThat's Oreburgh's Gym Badge!\n\nI see, I see!\nYou've defeated my son.\n\nBut that's no surprise.\nHe still has much to learn.\n\nIn place of my son Roark, I, Byron,\nwill take your challenge!\n\n
3	56	1	You were strong enough to take down\nmy prized team of Pokémon.\n\nIn recognition of that power,\nI give you this: the Mine Badge!\n\n
3	56	2	{00} received\nthe Mine Badge from Byron!
3	56	3	Having the Mine Badge enables you to\nuse the hidden move Strength anytime\n\noutside of battle.\n\nAnd you now have six Gym Badges.\n\nThat means all Pokémon up to Lv. 70\nwill obey you without question.\n\nHere!\nTake this, too!\n\n
3	56	4	That {00} contains the move\n{01}.\n\nIf it hits, it may also lower the\ntarget's Special Defense.
3	56	5	Gwahahahaha!\nThe Sinnoh region is vast!\n\nTough Trainers like you and\n{01} crop up constantly\n\nto challenge the old guard!\n\nWith more young Trainers like my son\nand you two taking charge, the\n\nfuture of Pokémon is bright!\n\nBut I'm not stepping aside just yet!\n\nI merely need to rededicate myself\nto training on Iron Island.
3	56	6	Hey, there!\nChamp-to-be!\n\nThe Gym Leader here uses Steel-type\nPokémon.\n\nSteel-type Pokémon have high Defense,\nso you'd have to hit them hard!
3	56	7	Oh! {00}!\nYou've beaten the Gym Leader!\n\nGood going!\nThat makes it six Gym Badges!\n\nI tell you what, you're really turning\ninto one fine Trainer.\n\nIf you were to say you're going to\ntry to become the Pokémon Champ...\n\nNo one'd laugh at you now!\nI'm in your corner, kiddo!
3	56	8	Canalave City Pokémon Gym\nLeader: Byron\n\nCertified Trainers:\n{01}
3	56	9	Canalave City Pokémon Gym\nLeader: Byron\n\nCertified Trainers:\n{00}\n\n{01}
3	57	0	It's easy to get to Iron Island.\nIt's one boat trip from here.
3	57	1	I was lucky enough to get a\nStrength HM from Iron Island.\n\nBut I can't use it for moving boulders\nuntil I beat Byron, the Gym Leader.\n\nI should make a note of that on the\nPokétch app Memo Pad.
3	57	2	It's possible for one kind of Pokémon\nto have different abilities.\n\nThat's news to me!
3	57	3	I heard this cool rumor.\n\nIf you can get on Nintendo Wi-Fi\nConnection, you can go to the Wi-Fi\n\nPlaza.\n\nThe access to the Wi-Fi Plaza is through\nthe basement of any Pokémon Center.
3	57	4	Come on, let's show off our Pokémon!\nLet's do battle, kiddo!
3	57	5	Your spirit's vibes...\nYou've got rock in your veins!\n\n
3	57	6	My guitar...\nIt lies broken and weeping...
3	57	7	Pokémon and rock 'n' roll are all\nanyone needs to survive in this world!
3	58	0	Hello.\nThis is the Canalave Library.\n\nPlease keep quiet while you're on\nthe premises.
3	58	1	H-hello!\nThis is the Canalave Library.\n\nPlease keep quiet while you're on\nthe premises.\n\nIt certainly wasn't me who screamed,\n\n“Gyaaah!!”\n\nor shouted,\n\n“Help meee!!”\n\nNo, really, that wasn't me\nscreaming!
3	58	2	...\n\n
3	58	3	What is it? Please don't disturb\nme when I'm reading.\n\n
3	58	4	I've been asking people not to\ndisturb me while I'm reading...\n\nI shouldn't even have bothered...\nI'm all agitated now!
3	58	5	The ceiling-high bookshelves are\ncrammed with books.
3	58	6	The shelves are lined with books\nworn from being read by many people.
3	58	7	Lucian: ...Ah, hello.\nYou're here to read, too?\n\nBooks are wonderful things.\n\nThe thoughts of people written in books\nstretch beyond time and space.\n\n
3	58	8	I imagine we'll see each other again\nat the Pokémon League. Take care.\n\n
3	58	9	I was just reading a collection of\nletters written by an artist long ago.\n\nMore precisely, they were written to\nthe artist's younger brother.\n\n“The stars above tantalize from\nacross infinite space.\n\n“Feeling their gaze from so far away,\nI am charmed again by life.”\n\nThe artist must have come to a\nconclusion seeing the night sky...\n\nIt's an affirmation of life.\nIt's very moving.\n\n
3	58	10	I was just reading an analytical tome on\nhumankind.\n\nIt examines the human species from\ncultural and social perspectives.\n\nThis is a thought-provoking quote: \n“It all began without humans.\n\nThe end will also be without humans.”\n\nThe world we share with Pokémon...\nDoes it exist for us?\n\n
3	58	11	I was just reading a collection of\nobservations on Pokémon in the wild.\n\nOne article addresses the question why\nPokémon would go into a Poké Ball.\n\nAccording to the article, this behavior\nis based on instinct.\n\nA weakened Pokémon will curl up tight\nin an effort to heal itself.\n\nThe Poké Ball was invented to take\nadvantage of that protective instinct.\n\n
3	58	12	I was just reading a collection of\nessays on the science-fiction genre.\n\nThere was one quote attributed to a\nnovelist I found remarkable.\n\n“Though love may lose, kindness wins.”\n\nI find that philosophical and, at the\nsame time, compassionate.\n\n
3	58	13	I was just reading a book of philosophy\nfrom an ancient, far-off land.\n\nTheir “universe” was a word that\ndescribed both space and time.\n\nThat people even back then understood\nthe basic tenets of the universe...\n\nIt fills me with a serene sense of\ninspiration.\n\n
3	59	0	The books on the third floor are\neasy to read.\n\nThe ones down here are all too tough\nfor me to understand...
3	59	1	That tremor...\nIt was wicked!\n\nI scrambled to find the book\n“Disaster Strikes Survival Guide!”
3	59	2	The ceiling-high bookshelves are\ncrammed with books.
3	59	3	The shelves are lined with books\nworn from being read by many people.
3	59	4	Please refrain from bringing food\nor beverages into the library.
3	59	5	Well, hello!\nWe meet again!\n\nAfter we parted, I went from Oreburgh\nto Hearthome, Celestic, then Eterna.\n\nYes, the town and cities surrounding\nthe foot of Mt. Coronet.\n\nWhy my fascination with Mt. Coronet,\nyou may ask?\n\nWell, Mt. Coronet happens to be called\n“The origin of Sinnoh.”\n\nI learned many things on my journey.\nWould you like to hear about them?
3	59	6	Whoa, now let's not be hasty!\nI really want to share this with you!
3	59	7	The way I see it, our world began when\nthe spirit within people was born.\n\nWhen that spirit came to be, there\nfollowed awareness about the world.\n\nWithin that newborn spirit, time and\nspace were intertwined as one.\n\nPeople and Pokémon, too, were but the\nsame presence.\n\nAs I understand it, people and Pokémon\nshared the spirit and awareness.\n\nThey should have understood and\naccepted each other then.\n\n
3	59	8	Because they shared the same spirit,\npeople and Pokémon intermingled.\n\nPeople took the place of Pokémon,\nand the opposite also held true.\n\nThat interpretation could give us an\nidea about how our world came to be.\n\nA Pokémon is said to have shaped\nthis world...\n\nCould that Pokémon be the physical form\nof the original spirit?\n\nHmm... The spirit came to be, and from\nit, time and space were born...\n\nThat seems to point to legendary\nDIALGA, the Pokémon of time, and\n\nPALKIA, the Pokémon of space...\n\nAnd they lead back to ARCEUS, the\nPokémon that made them arise.\n\nIsn't this interesting?\nWould you like to hear some more?
3	59	9	Whoa, please don't tease me!\nI really want to share this with you!
3	59	10	Oh, there were also Plates, weren't\nthere?\n\nOne Plate read, “Three beings were\nborn to bind time and space.”\n\nThose three beings I read to mean\nthe three Pokémon of the lakes.\n\nIt's about UXIE, MESPRIT, and AZELF.\n\nThe myth describes how they gave\nspirit to the world, shaping it.\n\nBut it all starts with ARCEUS, the\nfirst. It is known as the Original One.\n\n
3	59	11	Oh, by the way, I wrote down the words\nengraved on those Plates.\n\nI summarized them in a book and\ndonated it to this library.\n\nThere it is in that bookshelf.\nI'd be pleased if you'd read it.\n\n
3	59	12	I have to say I'm glad I came out to\nSinnoh.\n\nI suppose I'd better be off in search\nof new myths in faraway lands.\n\nIt would be nice if our paths were to\ncross again.\n\n
3	59	13	”Sinnoh's Beginning as Told on Plates.”\n\nThis is a collection of engravings from\nancient Plates found in Sinnoh.\n\n“The Original One breathed alone before\nthe universe came.”\n\n“When the universe was created,\nits shards became this Plate.”\n\n“The power of defeated giants\ninfuses this Plate.”\n\n“Two beings of time and space set\nfree from the Original One.”\n\n“Three beings were born to bind\ntime and space.”\n\n“Two make matter, and three make\nspirit, shaping the world.”\n\n“The powers of Plates are shared\namong Pokémon.”\n\n“The rightful bearer of a Plate\ndraws from the Plate it holds.”\n\n{00} returned the book to its\nplace.
3	60	0	{00}: Hey, {01}!\nOver here! This way!\n\n
3	60	1	{00}: OK, gramps!\nI brought {01} like I said!\n\nAll right, I'll be outta here!\n\n
3	60	2	Rowan: ...\n...\n\n...\n...\n\n...\n...\n\n
3	60	3	{00}: ...OK...\nI get it...\n\n
3	60	4	Rowan: Hm! Everyone's here finally.\n{00}, everyone, listen.\n\nYou may have forgotten already, but\nI study the evolution of Pokémon.\n\n
3	60	5	But the more I study, the more\nmysteries appear and multiply.\n\nPokémon that evolve, and those that\ndon't...\n\nWhat makes them different from each\nother?\n\nDo those that are immature as living\nbeings evolve to ones more mature?\n\nIf so, what do we make of the\nlegendary Pokémon that don't evolve?\n\nAre we to assume that the legendary\nPokémon are complete as creatures?\n\n
3	60	6	This is where you three come in.\n\nIn the three lakes of Sinnoh, there\nare said to be mirage Pokémon.\n\nIf we can obtain data on them,\nit may shed some light on how the\n\nprocess of Pokémon evolution works.\n\nI need help from each one of you\non this grand undertaking.\n\nHelp me find these Pokémon that are\nconsidered to be mirages.\n\n
3	60	7	{00}: What are you saying?\nI didn't get a Pokédex!\n\n
3	60	8	Rowan: ...And who was it that bolted\nfrom the lab before I had a chance\n\nto give you a Pokédex?\n\nBut that's water under the bridge!\n\nSeeing Pokémon with your own eyes is\nimportant for you in becoming a better\n\nTrainer, too.\n\n
3	60	9	Dawn: You can count on me!\nIt will help with my Pokédex, too.\n\n{00}, you'll go, too,\nwon't you?\n\n
3	60	10	Lucas: You bet, Professor!\n\nThis will add to the Pokédex\ndatabase and help advance your\n\nresearch.\n\n
3	60	11	Rowan: Hm! I would have made all of\nyou go regardless... Anyway.\n\nNow, there are three lakes.\nFortuitously, there are three of you.\n\nYou should therefore split up and\ninvestigate the lakes individually.\n\n
3	60	12	Rowan: Dawn, you go to Lake Verity.\n\n
3	60	13	Dawn: Will do!\n\n
3	60	14	Rowan: Lucas, you go to Lake Verity.\n\n
3	60	15	Lucas: Yes, sir!\n\n
3	60	16	Rowan: {00}, I want you to\ninvestigate Lake Acuity.\n\nThat would take you almost to\nSnowpoint City.\n\nThe road there is harsh. I need\na tough Trainer to go.\n\n
3	60	17	{00}: Uh... Yeah, of course!\nGramps, you know how to call it!\n\nYou can tell I'm the hotness!\n\nAnd, you know what? I was going to\ncatch those legendary Pokémon for you.\n\nYou know, as thanks for giving us our\nPokémon back on Route 201.\n\n...Even though I forgot completely\nabout it until just now.\n\n
3	60	18	Rowan: Very well.\nI'm counting on you.\n\nAnd that leaves {00} with\nLake Valor.\n\nThe lake is between Veilstone\nand Pastoria, if memory serves...\n\n
3	60	19	DDDOOOMMM!!
3	60	20	Rowan: ...\n...Has it stopped?\n\nAre all of you unharmed?\n\n
3	60	21	{00}: What was that about?!\n\nNo, wait, I mean, TV! The TV!\nNews! Anything!\n\n
3	60	22	Announcer: What you've just witnessed\nis actual footage from the scene.\n\nIt was taken by a cameraman who\nhappened to be there.\n\nNewscaster: It's certainly impressive.\n\nWho knows what the explosion could\nexpose at the lake?\n\n
3	60	23	{00}: Gramps!\nThey said it was an explosion?!\n\n
3	60	24	Rowan: Hmm...\nBut why at Lake Valor...?\n\nLet's get outside.\nI'm concerned about the town.\n\nYou kids, be careful going down the\nstairs.\n\n
3	60	25	Rowan: {01}.\nYou should leave now, too.\n\n...There may be aftershocks, however.\nBe alert always.\n\n
3	60	26	Every book contains someone's\nmemories of various places and times.\n\nLibraries aren't just buildings where\nbooks are kept, you know.\n\nThey're where different places\nand times are gathered together.
3	60	27	W-was that an earthquake?\nI didn't imagine it?
3	60	28	Someone's always checked out the\nbook I want to read...
3	60	29	I'm feeling wobbly...\n\nEven though the tremor has ended,\nmy knees still feel like jelly...
3	60	30	This book is titled “Sinnoh\nMyth.” Want to read it?
3	60	31	{00} put the book back.
3	60	32	“Sinnoh Myth”\n\nBetray not your anger, lest ??? will\ncome.\n\nWeep not with sorrow, or ??? will\ndraw near.\n\nWhen joy and enjoyment come natural\nas the very air, that is happiness.\n\nLet such be blessed by the hand\nof Master ???.\n\nThose words were spoken often\nas customary.
3	60	33	This book is titled “Sinnoh Region's\nMythology.” Want to read it?
3	60	34	{00} put the book back.
3	60	35	“Sinnoh Region's Mythology”\n\nLong ago, when Sinnoh had just been\nmade, Pokémon and humans led\n\nseparate lives.\n\nThat is not to say they did not help\neach other. No, indeed they did.\n\nThey supplied each other with goods,\nand supported each other.\n\nA Pokémon proposed to the others\nto always be ready to help humans.\n\nIt asked that Pokémon be ready to\nappear before humans always.\n\nThus, to this day, Pokémon appear\nto us if we venture into tall grass.
3	60	36	This book is titled “Sinnoh's\nMyth.” Want to read it?
3	60	37	{00} put the book back.
3	60	38	“Sinnoh's Myth”\n\nThree Pokémon there were.\n\nInto the lakes they dove.\nDeep, deep, drawing no breath.\n\nDeeper, deeper they dove.\nInto suffocating depths they dove.\n\nDeeper, then deepest they alight.\nFrom the lake floor they rise.\n\nBearing with them the power to make\nvast lands, they rise again.
3	60	39	This book is titled “Veilstone's\nMyth.” Want to read it?
3	60	40	{00} put the book back.
3	60	41	“Veilstone's Myth”\n\nA young man, callow and foolish in\ninnocence, came to own a sword.\n\nWith it, he smote Pokémon, which gave\nsustenance, with carefree abandon.\n\nThose not taken as food, he\ndiscarded, with no afterthought.\n\nThe following year, no Pokémon\nappeared. Larders grew bare.\n\n...Would you like to keep reading?
3	60	42	The young man, seeking the missing\nPokémon, journeyed afar.\n\nLong did he search. And far and wide,\ntoo, until one he did find.\n\nAsked he, “Why do you hide?”\nTo which the Pokémon replied...\n\n“If you bear your sword to bring\nharm upon us, with claws and\n\nfangs, we will exact a toll.\n\n“From your kind we will take our\ntoll, for it must be done.\n\n“Done it must be to guard ourselves\nand for it, I apologize.”\n\n...Would you like to keep reading?
3	60	43	To the skies, the young man shouted\nhis dismay.\n\n“In having found the sword, I have\nlost so much.\n\n“Gorged with power, I grew blind\nto Pokémon being alive.\n\n“I will never fall savage again.\nThis sword I denounce and forsake.\n\n“I plead for forgiveness,\nfor I was but a fool.”\n\nSo saying, the young man hurled the\nsword to the ground, snapping it.\n\nSeeing this, the Pokémon disappeared\nto a place beyond seeing...
3	60	44	This ancient book is titled “The\nOriginal Story.” Want to read it?
3	60	45	{00} put the book back.
3	60	46	In the beginning, there was only\na churning turmoil of chaos.\n\nAt the heart of chaos, where all\nthings became one, appeared an Egg.\n\nHaving tumbled from the vortex, the\nEgg gave rise to the Original One.\n\n...Would you like to keep reading?
3	60	47	From itself, two beings the Original\nOne did make.\n\nTime started to spin.\nSpace began to expand.\n\nFrom itself again, three living things\nthe Original One did make.\n\n...Would you like to keep reading?
3	60	48	The two beings wished, and from them,\nmatter came to be.\n\nThe three living things wished, and\nfrom them, spirit came to be.\n\nThe world created, the Original One\ntook to unyielding sleep...
3	60	49	This book is titled “A Horrific\nMyth.” Want to read it?
3	60	50	{00} put the book back.
3	60	51	Look not into the Pokémon's eyes.\n\nIn but an instant, you'll have no\nrecollection of who you are.\n\nReturn home, but how?\nWhen there is nothing to remember?\n\nDare not touch the Pokémon's body.\n\nIn but three short days, all emotions\nwill drain away.\n\nAbove all, above all, harm not\nthe Pokémon.\n\nIn a scant five days, the offender\nwill grow immobile in entirety.
3	60	52	This book is titled “Sinnoh Folk\nStories.”\n\n
3	60	53	Which story would you like to read?
3	60	54	{00} put the book back.
3	60	55	“Sinnoh Folk Story 1”\n\nPick clean the bones of Pokémon\ncaught in the sea or stream.\n\nThank them for the meals they\nprovide, and pick their bones clean.\n\nWhen the bones are as clean as can\nbe, set them free in the water from\n\nwhich they came.\n\nThe Pokémon will return, fully\nfleshed, and it begins anew.
3	60	56	“Sinnoh Folk Story 2”\n\nThere lived a Pokémon in a forest.\n\nIn the forest, the Pokémon shed its\nhide to sleep as a human.\n\nAwakened, the human dons the\nPokémon hide to roam villages.
3	60	57	“Sinnoh Folk Story 3”\n\nThere once were Pokémon that\nbecame very close to humans.\n\nThere once were humans and Pokémon\nthat ate together at the same table.\n\nIt was a time when there existed no\ndifferences to distinguish the two.
3	60	58	On this floor, you will find many\nbooks on the myths and legends of\n\nthe Sinnoh region.
3	61	0	Hello, Trainer!\nThis is something I found.\n\nIt was mixed in with a load of cargo\nfrom another country.\n\nIt's not anything that I can use,\nso I think you should take it.\n\n
3	61	1	You know how Pokémon have their\nown abilities?\n\nWell, the move Skill Swap exchanges\nthe user's ability with that of its\n\ntarget Pokémon.\n\nHow you use Skill Swap is a measure\nof your expertise as a Trainer.
3	61	2	Somewhere far beyond the vast sea...\n\nThere are other lands populated by\nPokémon and Trainers.
3	62	0	Um...\nWho did you say I was again?\n\n...\n...\n\nOh, yes, I remember now!\nI'm the Move Deleter!\n\n
3	62	1	You've come to make me force your\nPokémon to forget some moves?
3	62	2	Which Pokémon should forget a move?\n\n
3	62	3	Remember me if there are moves that\nneed to be forgotten.
3	62	4	That Pokémon knows only one move,\nso it can't be forgotten...\n\n
3	62	5	What? That's an Egg.\nNo Egg should know any moves.\n\n
3	62	6	OK, then.\nWhich move should be forgotten?\n\n
3	62	7	Hm! The move {00}?\nShould that move be forgotten?
3	62	8	It worked perfectly!\n\nYour Pokémon has forgotten the move\n{00} completely.
3	63	0	...Welcome...\n\n...\n...Kekeke...\n\nWe've had a reservation for you.\nWe've held it a long time...\n\n
3	63	1	{00} lay down on the bed as if\nbidden there...\n\n
3	63	2	{00} awakened!
3	63	3	                                   
3	63	4	Though fading out of consciousness,\nthese words were heard...\n\n???: DARKRAI...\nYour power is strong.\n\nThough you do not wish it, you cause\npeople and Pokémon around you to see\n\ndeeply disturbing dreams...\n\nThere is a place right for you.\n\nNewmoon Island...\nYou will be alone there.\n\nThere is no one there to see the\ndreadful dreams you bring.\n\nIf someone does, Fullmoon Island is\nnearby...\n\n...\n\n
3	63	5	            
4	0	0	EXIT
4	0	1	VIEW
4	0	2	DELETE
4	0	3	MOVE
4	0	4	CANCEL
4	0	5	Please select a photo.
4	0	6	What will you do with the\nselected photo?
4	0	7	Switch with which photo?
4	0	8	The selected photos were\nswitched.
4	0	9	Is it OK to delete this\nphoto?
4	0	10	{00}'s Photo\nTaken: {01}\nPhoto of: {02}\n{04}/{05}/{03}
4	0	11	{00}'s Photo\nTaken: {01}\nPhoto of: {02} and friends\n{04}/{05}/{03}
4	1	0	CANCEL
4	1	1	UNOWN Report
4	1	2	{00}
4	1	3	 Number of UNOWN
4	1	4	Current Kinds: {00}
4	1	5	{00}/{01}
4	1	6	Found a strange puzzle in the\nruins. Solved it, and suddenly a\nhole opened up in the ground\nand I dropped into the room\nbelow! Should have known that\nancient ruins would have\nsurprising tricks like that.
4	1	7	There was a stone statue where I\nfell. The place might have been a\nreception hall. Then, suddenly,\nthe UNOWN appeared. That puzzle\nwas like a key somehow. It woke\nthe UNOWN up from their sleep.\nThese ruins have become difficult.
4	1	8	If you turn on the radio in the\nruins, you can receive mysterious\nradio waves! It's proof that the\nUNOWN communicate with each\nother using radio waves!
4	1	9	There are as many UNOWN as there\nare letters in the alphabet.\nRight now, we're confirming the\nexistence of 26 kinds of UNOWN.\nDo you think you can find\nall 26 of them?
4	1	10	It seems that individually they\ndon't make much sense, but when\nthe various UNOWN are arranged\nin order, they begin to make\nsense. In nature, they seem to be\nscattered around randomly, but\nthe truth is they're arranged in\na very specific order.
4	1	11	In this report, the scattered\nUNOWN were sorted and put into\norder by the research-center\nstaff. That makes the UNOWN much\neasier to understand.
4	1	12	Scratched on the floor of the\nruins are UNOWN letters. Finding\nthe room feels like a huge\ndiscovery! The Researchers were\nvery excited and said they were\ngoing to go check it out.
4	1	13	There aren't just 26 different\nkinds of UNOWN. Two more have\nbeen discovered! But that begs\nthe question of where those\nother two kinds are hiding...
4	1	14	The characters found scratched\non the floor in the small room are\ntranscribed here in this report.
4	1	15	OUR FRIENDS LOOK\nUP AND HEARTILY\nCONGRATULATE US
4	1	16	We don't know what this could\npossibly mean yet.
4	1	17	The Researchers were saying\nthat they'll need to examine the\nruins again, but...?
4	1	18	In the past, it seems that UNOWN\nlived with relatives of humans in\nthese ruins. In the lower levels\nof these ruins is a Pokémon\nstatue. We've come to understand\nthat it was those relatives who\nmade that statue.
4	1	19	The UNOWN are very timid\ncreatures, so they don't go\noutside the ruins. Even if a bunch\nof people gathered near the\nruins, it is said that the ones who\nwished for UNOWN and humans to\nagain coexist have all left.
4	1	20	ANGER
4	1	21	BEAR
4	1	22	CHASE
4	1	23	DIRECT
4	1	24	ENGAGE
4	1	25	FIND
4	1	26	GIVE
4	1	27	HELP
4	1	28	INCREASE
4	1	29	JOIN
4	1	30	KEEP
4	1	31	LAUGH
4	1	32	MAKE
4	1	33	NUZZLE
4	1	34	OBSERVE
4	1	35	PERFORM
4	1	36	QUICKEN
4	1	37	REASSURE
4	1	38	SEARCH
4	1	39	TELL
4	1	40	UNDO
4	1	41	VANISH
4	1	42	WANT
4	1	43	XXXXX
4	1	44	YIELD
4	1	45	ZOOM
4	1	46	!!!!!
4	1	47	?????
4	2	0	Quit
4	2	1	This Pokémon hides on the\nseafloor and watches the\nshore with eyes on its back.
4	2	2	This Pokémon knew no fear\nand flew as it pleased\nthrough the skies long ago.
4	2	3	A ten-legged Pokémon that\nswims on the bottom of the\nsea and eats plankton.
4	2	4	This Pokémon, with feathers\nof seven colors, flies through\nthe sky, according to legend.
4	2	5	Are you sure you would like to quit?
4	3	0	!
4	3	1	!
4	3	2	!
4	3	3	{00} used\nPound!
4	3	4	The wild {00} used\nPound!
4	3	5	The foe's {00} used\nPound!
4	3	6	{00} used\nKarate Chop!
4	3	7	The wild {00} used\nKarate Chop!
4	3	8	The foe's {00} used\nKarate Chop!
4	3	9	{00} used\nDoubleSlap!
4	3	10	The wild {00} used\nDoubleSlap!
4	3	11	The foe's {00} used\nDoubleSlap!
4	3	12	{00} used\nComet Punch!
4	3	13	The wild {00} used\nComet Punch!
4	3	14	The foe's {00} used\nComet Punch!
4	3	15	{00} used\nMega Punch!
4	3	16	The wild {00} used\nMega Punch!
4	3	17	The foe's {00} used\nMega Punch!
4	3	18	{00} used\nPay Day!
4	3	19	The wild {00} used\nPay Day!
4	3	20	The foe's {00} used\nPay Day!
4	3	21	{00} used\nFire Punch!
4	3	22	The wild {00} used\nFire Punch!
4	3	23	The foe's {00} used\nFire Punch!
4	3	24	{00} used\nIce Punch!
4	3	25	The wild {00} used\nIce Punch!
4	3	26	The foe's {00} used\nIce Punch!
4	3	27	{00} used\nThunderPunch!
4	3	28	The wild {00} used\nThunderPunch!
4	3	29	The foe's {00} used\nThunderPunch!
4	3	30	{00} used\nScratch!
4	3	31	The wild {00} used\nScratch!
4	3	32	The foe's {00} used\nScratch!
4	3	33	{00} used\nViceGrip!
4	3	34	The wild {00} used\nViceGrip!
4	3	35	The foe's {00} used\nViceGrip!
4	3	36	{00} used\nGuillotine!
4	3	37	The wild {00} used\nGuillotine!
4	3	38	The foe's {00} used\nGuillotine!
4	3	39	{00} used\nRazor Wind!
4	3	40	The wild {00} used\nRazor Wind!
4	3	41	The foe's {00} used\nRazor Wind!
4	3	42	{00} used\nSwords Dance!
4	3	43	The wild {00} used\nSwords Dance!
4	3	44	The foe's {00} used\nSwords Dance!
4	3	45	{00} used\nCut!
4	3	46	The wild {00} used\nCut!
4	3	47	The foe's {00} used\nCut!
4	3	48	{00} used\nGust!
4	3	49	The wild {00} used\nGust!
4	3	50	The foe's {00} used\nGust!
4	3	51	{00} used\nWing Attack!
4	3	52	The wild {00} used\nWing Attack!
4	3	53	The foe's {00} used\nWing Attack!
4	3	54	{00} used\nWhirlwind!
4	3	55	The wild {00} used\nWhirlwind!
4	3	56	The foe's {00} used\nWhirlwind!
4	3	57	{00} used\nFly!
4	3	58	The wild {00} used\nFly!
4	3	59	The foe's {00} used\nFly!
4	3	60	{00} used\nBind!
4	3	61	The wild {00} used\nBind!
4	3	62	The foe's {00} used\nBind!
4	3	63	{00} used\nSlam!
4	3	64	The wild {00} used\nSlam!
4	3	65	The foe's {00} used\nSlam!
4	3	66	{00} used\nVine Whip!
4	3	67	The wild {00} used\nVine Whip!
4	3	68	The foe's {00} used\nVine Whip!
4	3	69	{00} used\nStomp!
4	3	70	The wild {00} used\nStomp!
4	3	71	The foe's {00} used\nStomp!
4	3	72	{00} used\nDouble Kick!
4	3	73	The wild {00} used\nDouble Kick!
4	3	74	The foe's {00} used\nDouble Kick!
4	3	75	{00} used\nMega Kick!
4	3	76	The wild {00} used\nMega Kick!
4	3	77	The foe's {00} used\nMega Kick!
4	3	78	{00} used\nJump Kick!
4	3	79	The wild {00} used\nJump Kick!
4	3	80	The foe's {00} used\nJump Kick!
4	3	81	{00} used\nRolling Kick!
4	3	82	The wild {00} used\nRolling Kick!
4	3	83	The foe's {00} used\nRolling Kick!
4	3	84	{00} used\nSand-Attack!
4	3	85	The wild {00} used\nSand-Attack!
4	3	86	The foe's {00} used\nSand-Attack!
4	3	87	{00} used\nHeadbutt!
4	3	88	The wild {00} used\nHeadbutt!
4	3	89	The foe's {00} used\nHeadbutt!
4	3	90	{00} used\nHorn Attack!
4	3	91	The wild {00} used\nHorn Attack!
4	3	92	The foe's {00} used\nHorn Attack!
4	3	93	{00} used\nFury Attack!
4	3	94	The wild {00} used\nFury Attack!
4	3	95	The foe's {00} used\nFury Attack!
4	3	96	{00} used\nHorn Drill!
4	3	97	The wild {00} used\nHorn Drill!
4	3	98	The foe's {00} used\nHorn Drill!
4	3	99	{00} used\nTackle!
4	3	100	The wild {00} used\nTackle!
4	3	101	The foe's {00} used\nTackle!
4	3	102	{00} used\nBody Slam!
4	3	103	The wild {00} used\nBody Slam!
4	3	104	The foe's {00} used\nBody Slam!
4	3	105	{00} used\nWrap!
4	3	106	The wild {00} used\nWrap!
4	3	107	The foe's {00} used\nWrap!
4	3	108	{00} used\nTake Down!
4	3	109	The wild {00} used\nTake Down!
4	3	110	The foe's {00} used\nTake Down!
4	3	111	{00} used\nThrash!
4	3	112	The wild {00} used\nThrash!
4	3	113	The foe's {00} used\nThrash!
4	3	114	{00} used\nDouble-Edge!
4	3	115	The wild {00} used\nDouble-Edge!
4	3	116	The foe's {00} used\nDouble-Edge!
4	3	117	{00} used\nTail Whip!
4	3	118	The wild {00} used\nTail Whip!
4	3	119	The foe's {00} used\nTail Whip!
4	3	120	{00} used\nPoison Sting!
4	3	121	The wild {00} used\nPoison Sting!
4	3	122	The foe's {00} used\nPoison Sting!
4	3	123	{00} used\nTwineedle!
4	3	124	The wild {00} used\nTwineedle!
4	3	125	The foe's {00} used\nTwineedle!
4	3	126	{00} used\nPin Missile!
4	3	127	The wild {00} used\nPin Missile!
4	3	128	The foe's {00} used\nPin Missile!
4	3	129	{00} used\nLeer!
4	3	130	The wild {00} used\nLeer!
4	3	131	The foe's {00} used\nLeer!
4	3	132	{00} used\nBite!
4	3	133	The wild {00} used\nBite!
4	3	134	The foe's {00} used\nBite!
4	3	135	{00} used\nGrowl!
4	3	136	The wild {00} used\nGrowl!
4	3	137	The foe's {00} used\nGrowl!
4	3	138	{00} used\nRoar!
4	3	139	The wild {00} used\nRoar!
4	3	140	The foe's {00} used\nRoar!
4	3	141	{00} used\nSing!
4	3	142	The wild {00} used\nSing!
4	3	143	The foe's {00} used\nSing!
4	3	144	{00} used\nSupersonic!
4	3	145	The wild {00} used\nSupersonic!
4	3	146	The foe's {00} used\nSupersonic!
4	3	147	{00} used\nSonicBoom!
4	3	148	The wild {00} used\nSonicBoom!
4	3	149	The foe's {00} used\nSonicBoom!
4	3	150	{00} used\nDisable!
4	3	151	The wild {00} used\nDisable!
4	3	152	The foe's {00} used\nDisable!
4	3	153	{00} used\nAcid!
4	3	154	The wild {00} used\nAcid!
4	3	155	The foe's {00} used\nAcid!
4	3	156	{00} used\nEmber!
4	3	157	The wild {00} used\nEmber!
4	3	158	The foe's {00} used\nEmber!
4	3	159	{00} used\nFlamethrower!
4	3	160	The wild {00} used\nFlamethrower!
4	3	161	The foe's {00} used\nFlamethrower!
4	3	162	{00} used\nMist!
4	3	163	The wild {00} used\nMist!
4	3	164	The foe's {00} used\nMist!
4	3	165	{00} used\nWater Gun!
4	3	166	The wild {00} used\nWater Gun!
4	3	167	The foe's {00} used\nWater Gun!
4	3	168	{00} used\nHydro Pump!
4	3	169	The wild {00} used\nHydro Pump!
4	3	170	The foe's {00} used\nHydro Pump!
4	3	171	{00} used\nSurf!
4	3	172	The wild {00} used\nSurf!
4	3	173	The foe's {00} used\nSurf!
4	3	174	{00} used\nIce Beam!
4	3	175	The wild {00} used\nIce Beam!
4	3	176	The foe's {00} used\nIce Beam!
4	3	177	{00} used\nBlizzard!
4	3	178	The wild {00} used\nBlizzard!
4	3	179	The foe's {00} used\nBlizzard!
4	3	180	{00} used\nPsybeam!
4	3	181	The wild {00} used\nPsybeam!
4	3	182	The foe's {00} used\nPsybeam!
4	3	183	{00} used\nBubbleBeam!
4	3	184	The wild {00} used\nBubbleBeam!
4	3	185	The foe's {00} used\nBubbleBeam!
4	3	186	{00} used\nAurora Beam!
4	3	187	The wild {00} used\nAurora Beam!
4	3	188	The foe's {00} used\nAurora Beam!
4	3	189	{00} used\nHyper Beam!
4	3	190	The wild {00} used\nHyper Beam!
4	3	191	The foe's {00} used\nHyper Beam!
4	3	192	{00} used\nPeck!
4	3	193	The wild {00} used\nPeck!
4	3	194	The foe's {00} used\nPeck!
4	3	195	{00} used\nDrill Peck!
4	3	196	The wild {00} used\nDrill Peck!
4	3	197	The foe's {00} used\nDrill Peck!
4	3	198	{00} used\nSubmission!
4	3	199	The wild {00} used\nSubmission!
4	3	200	The foe's {00} used\nSubmission!
4	3	201	{00} used\nLow Kick!
4	3	202	The wild {00} used\nLow Kick!
4	3	203	The foe's {00} used\nLow Kick!
4	3	204	{00} used\nCounter!
4	3	205	The wild {00} used\nCounter!
4	3	206	The foe's {00} used\nCounter!
4	3	207	{00} used\nSeismic Toss!
4	3	208	The wild {00} used\nSeismic Toss!
4	3	209	The foe's {00} used\nSeismic Toss!
4	3	210	{00} used\nStrength!
4	3	211	The wild {00} used\nStrength!
4	3	212	The foe's {00} used\nStrength!
4	3	213	{00} used\nAbsorb!
4	3	214	The wild {00} used\nAbsorb!
4	3	215	The foe's {00} used\nAbsorb!
4	3	216	{00} used\nMega Drain!
4	3	217	The wild {00} used\nMega Drain!
4	3	218	The foe's {00} used\nMega Drain!
4	3	219	{00} used\nLeech Seed!
4	3	220	The wild {00} used\nLeech Seed!
4	3	221	The foe's {00} used\nLeech Seed!
4	3	222	{00} used\nGrowth!
4	3	223	The wild {00} used\nGrowth!
4	3	224	The foe's {00} used\nGrowth!
4	3	225	{00} used\nRazor Leaf!
4	3	226	The wild {00} used\nRazor Leaf!
4	3	227	The foe's {00} used\nRazor Leaf!
4	3	228	{00} used\nSolarBeam!
4	3	229	The wild {00} used\nSolarBeam!
4	3	230	The foe's {00} used\nSolarBeam!
4	3	231	{00} used\nPoisonPowder!
4	3	232	The wild {00} used\nPoisonPowder!
4	3	233	The foe's {00} used\nPoisonPowder!
4	3	234	{00} used\nStun Spore!
4	3	235	The wild {00} used\nStun Spore!
4	3	236	The foe's {00} used\nStun Spore!
4	3	237	{00} used\nSleep Powder!
4	3	238	The wild {00} used\nSleep Powder!
4	3	239	The foe's {00} used\nSleep Powder!
4	3	240	{00} used\nPetal Dance!
4	3	241	The wild {00} used\nPetal Dance!
4	3	242	The foe's {00} used\nPetal Dance!
4	3	243	{00} used\nString Shot!
4	3	244	The wild {00} used\nString Shot!
4	3	245	The foe's {00} used\nString Shot!
4	3	246	{00} used\nDragon Rage!
4	3	247	The wild {00} used\nDragon Rage!
4	3	248	The foe's {00} used\nDragon Rage!
4	3	249	{00} used\nFire Spin!
4	3	250	The wild {00} used\nFire Spin!
4	3	251	The foe's {00} used\nFire Spin!
4	3	252	{00} used\nThunderShock!
4	3	253	The wild {00} used\nThunderShock!
4	3	254	The foe's {00} used\nThunderShock!
4	3	255	{00} used\nThunderbolt!
4	3	256	The wild {00} used\nThunderbolt!
4	3	257	The foe's {00} used\nThunderbolt!
4	3	258	{00} used\nThunder Wave!
4	3	259	The wild {00} used\nThunder Wave!
4	3	260	The foe's {00} used\nThunder Wave!
4	3	261	{00} used\nThunder!
4	3	262	The wild {00} used\nThunder!
4	3	263	The foe's {00} used\nThunder!
4	3	264	{00} used\nRock Throw!
4	3	265	The wild {00} used\nRock Throw!
4	3	266	The foe's {00} used\nRock Throw!
4	3	267	{00} used\nEarthquake!
4	3	268	The wild {00} used\nEarthquake!
4	3	269	The foe's {00} used\nEarthquake!
4	3	270	{00} used\nFissure!
4	3	271	The wild {00} used\nFissure!
4	3	272	The foe's {00} used\nFissure!
4	3	273	{00} used\nDig!
4	3	274	The wild {00} used\nDig!
4	3	275	The foe's {00} used\nDig!
4	3	276	{00} used\nToxic!
4	3	277	The wild {00} used\nToxic!
4	3	278	The foe's {00} used\nToxic!
4	3	279	{00} used\nConfusion!
4	3	280	The wild {00} used\nConfusion!
4	3	281	The foe's {00} used\nConfusion!
4	3	282	{00} used\nPsychic!
4	3	283	The wild {00} used\nPsychic!
4	3	284	The foe's {00} used\nPsychic!
4	3	285	{00} used\nHypnosis!
4	3	286	The wild {00} used\nHypnosis!
4	3	287	The foe's {00} used\nHypnosis!
4	3	288	{00} used\nMeditate!
4	3	289	The wild {00} used\nMeditate!
4	3	290	The foe's {00} used\nMeditate!
4	3	291	{00} used\nAgility!
4	3	292	The wild {00} used\nAgility!
4	3	293	The foe's {00} used\nAgility!
4	3	294	{00} used\nQuick Attack!
4	3	295	The wild {00} used\nQuick Attack!
4	3	296	The foe's {00} used\nQuick Attack!
4	3	297	{00} used\nRage!
4	3	298	The wild {00} used\nRage!
4	3	299	The foe's {00} used\nRage!
4	3	300	{00} used\nTeleport!
4	3	301	The wild {00} used\nTeleport!
4	3	302	The foe's {00} used\nTeleport!
4	3	303	{00} used\nNight Shade!
4	3	304	The wild {00} used\nNight Shade!
4	3	305	The foe's {00} used\nNight Shade!
4	3	306	{00} used\nMimic!
4	3	307	The wild {00} used\nMimic!
4	3	308	The foe's {00} used\nMimic!
4	3	309	{00} used\nScreech!
4	3	310	The wild {00} used\nScreech!
4	3	311	The foe's {00} used\nScreech!
4	3	312	{00} used\nDouble Team!
4	3	313	The wild {00} used\nDouble Team!
4	3	314	The foe's {00} used\nDouble Team!
4	3	315	{00} used\nRecover!
4	3	316	The wild {00} used\nRecover!
4	3	317	The foe's {00} used\nRecover!
4	3	318	{00} used\nHarden!
4	3	319	The wild {00} used\nHarden!
4	3	320	The foe's {00} used\nHarden!
4	3	321	{00} used\nMinimize!
4	3	322	The wild {00} used\nMinimize!
4	3	323	The foe's {00} used\nMinimize!
4	3	324	{00} used\nSmokeScreen!
4	3	325	The wild {00} used\nSmokeScreen!
4	3	326	The foe's {00} used\nSmokeScreen!
4	3	327	{00} used\nConfuse Ray!
4	3	328	The wild {00} used\nConfuse Ray!
4	3	329	The foe's {00} used\nConfuse Ray!
4	3	330	{00} used\nWithdraw!
4	3	331	The wild {00} used\nWithdraw!
4	3	332	The foe's {00} used\nWithdraw!
4	3	333	{00} used\nDefense Curl!
4	3	334	The wild {00} used\nDefense Curl!
4	3	335	The foe's {00} used\nDefense Curl!
4	3	336	{00} used\nBarrier!
4	3	337	The wild {00} used\nBarrier!
4	3	338	The foe's {00} used\nBarrier!
4	3	339	{00} used\nLight Screen!
4	3	340	The wild {00} used\nLight Screen!
4	3	341	The foe's {00} used\nLight Screen!
4	3	342	{00} used\nHaze!
4	3	343	The wild {00} used\nHaze!
4	3	344	The foe's {00} used\nHaze!
4	3	345	{00} used\nReflect!
4	3	346	The wild {00} used\nReflect!
4	3	347	The foe's {00} used\nReflect!
4	3	348	{00} used\nFocus Energy!
4	3	349	The wild {00} used\nFocus Energy!
4	3	350	The foe's {00} used\nFocus Energy!
4	3	351	{00} used\nBide!
4	3	352	The wild {00} used\nBide!
4	3	353	The foe's {00} used\nBide!
4	3	354	{00} used\nMetronome!
4	3	355	The wild {00} used\nMetronome!
4	3	356	The foe's {00} used\nMetronome!
4	3	357	{00} used\nMirror Move!
4	3	358	The wild {00} used\nMirror Move!
4	3	359	The foe's {00} used\nMirror Move!
4	3	360	{00} used\nSelfdestruct!
4	3	361	The wild {00} used\nSelfdestruct!
4	3	362	The foe's {00} used\nSelfdestruct!
4	3	363	{00} used\nEgg Bomb!
4	3	364	The wild {00} used\nEgg Bomb!
4	3	365	The foe's {00} used\nEgg Bomb!
4	3	366	{00} used\nLick!
4	3	367	The wild {00} used\nLick!
4	3	368	The foe's {00} used\nLick!
4	3	369	{00} used\nSmog!
4	3	370	The wild {00} used\nSmog!
4	3	371	The foe's {00} used\nSmog!
4	3	372	{00} used\nSludge!
4	3	373	The wild {00} used\nSludge!
4	3	374	The foe's {00} used\nSludge!
4	3	375	{00} used\nBone Club!
4	3	376	The wild {00} used\nBone Club!
4	3	377	The foe's {00} used\nBone Club!
4	3	378	{00} used\nFire Blast!
4	3	379	The wild {00} used\nFire Blast!
4	3	380	The foe's {00} used\nFire Blast!
4	3	381	{00} used\nWaterfall!
4	3	382	The wild {00} used\nWaterfall!
4	3	383	The foe's {00} used\nWaterfall!
4	3	384	{00} used\nClamp!
4	3	385	The wild {00} used\nClamp!
4	3	386	The foe's {00} used\nClamp!
4	3	387	{00} used\nSwift!
4	3	388	The wild {00} used\nSwift!
4	3	389	The foe's {00} used\nSwift!
4	3	390	{00} used\nSkull Bash!
4	3	391	The wild {00} used\nSkull Bash!
4	3	392	The foe's {00} used\nSkull Bash!
4	3	393	{00} used\nSpike Cannon!
4	3	394	The wild {00} used\nSpike Cannon!
4	3	395	The foe's {00} used\nSpike Cannon!
4	3	396	{00} used\nConstrict!
4	3	397	The wild {00} used\nConstrict!
4	3	398	The foe's {00} used\nConstrict!
4	3	399	{00} used\nAmnesia!
4	3	400	The wild {00} used\nAmnesia!
4	3	401	The foe's {00} used\nAmnesia!
4	3	402	{00} used\nKinesis!
4	3	403	The wild {00} used\nKinesis!
4	3	404	The foe's {00} used\nKinesis!
4	3	405	{00} used\nSoftboiled!
4	3	406	The wild {00} used\nSoftboiled!
4	3	407	The foe's {00} used\nSoftboiled!
4	3	408	{00} used\nHi Jump Kick!
4	3	409	The wild {00} used\nHi Jump Kick!
4	3	410	The foe's {00} used\nHi Jump Kick!
4	3	411	{00} used\nGlare!
4	3	412	The wild {00} used\nGlare!
4	3	413	The foe's {00} used\nGlare!
4	3	414	{00} used\nDream Eater!
4	3	415	The wild {00} used\nDream Eater!
4	3	416	The foe's {00} used\nDream Eater!
4	3	417	{00} used\nPoison Gas!
4	3	418	The wild {00} used\nPoison Gas!
4	3	419	The foe's {00} used\nPoison Gas!
4	3	420	{00} used\nBarrage!
4	3	421	The wild {00} used\nBarrage!
4	3	422	The foe's {00} used\nBarrage!
4	3	423	{00} used\nLeech Life!
4	3	424	The wild {00} used\nLeech Life!
4	3	425	The foe's {00} used\nLeech Life!
4	3	426	{00} used\nLovely Kiss!
4	3	427	The wild {00} used\nLovely Kiss!
4	3	428	The foe's {00} used\nLovely Kiss!
4	3	429	{00} used\nSky Attack!
4	3	430	The wild {00} used\nSky Attack!
4	3	431	The foe's {00} used\nSky Attack!
4	3	432	{00} used\nTransform!
4	3	433	The wild {00} used\nTransform!
4	3	434	The foe's {00} used\nTransform!
4	3	435	{00} used\nBubble!
4	3	436	The wild {00} used\nBubble!
4	3	437	The foe's {00} used\nBubble!
4	3	438	{00} used\nDizzy Punch!
4	3	439	The wild {00} used\nDizzy Punch!
4	3	440	The foe's {00} used\nDizzy Punch!
4	3	441	{00} used\nSpore!
4	3	442	The wild {00} used\nSpore!
4	3	443	The foe's {00} used\nSpore!
4	3	444	{00} used\nFlash!
4	3	445	The wild {00} used\nFlash!
4	3	446	The foe's {00} used\nFlash!
4	3	447	{00} used\nPsywave!
4	3	448	The wild {00} used\nPsywave!
4	3	449	The foe's {00} used\nPsywave!
4	3	450	{00} used\nSplash!
4	3	451	The wild {00} used\nSplash!
4	3	452	The foe's {00} used\nSplash!
4	3	453	{00} used\nAcid Armor!
4	3	454	The wild {00} used\nAcid Armor!
4	3	455	The foe's {00} used\nAcid Armor!
4	3	456	{00} used\nCrabhammer!
4	3	457	The wild {00} used\nCrabhammer!
4	3	458	The foe's {00} used\nCrabhammer!
4	3	459	{00} used\nExplosion!
4	3	460	The wild {00} used\nExplosion!
4	3	461	The foe's {00} used\nExplosion!
4	3	462	{00} used\nFury Swipes!
4	3	463	The wild {00} used\nFury Swipes!
4	3	464	The foe's {00} used\nFury Swipes!
4	3	465	{00} used\nBonemerang!
4	3	466	The wild {00} used\nBonemerang!
4	3	467	The foe's {00} used\nBonemerang!
4	3	468	{00} used\nRest!
4	3	469	The wild {00} used\nRest!
4	3	470	The foe's {00} used\nRest!
4	3	471	{00} used\nRock Slide!
4	3	472	The wild {00} used\nRock Slide!
4	3	473	The foe's {00} used\nRock Slide!
4	3	474	{00} used\nHyper Fang!
4	3	475	The wild {00} used\nHyper Fang!
4	3	476	The foe's {00} used\nHyper Fang!
4	3	477	{00} used\nSharpen!
4	3	478	The wild {00} used\nSharpen!
4	3	479	The foe's {00} used\nSharpen!
4	3	480	{00} used\nConversion!
4	3	481	The wild {00} used\nConversion!
4	3	482	The foe's {00} used\nConversion!
4	3	483	{00} used\nTri Attack!
4	3	484	The wild {00} used\nTri Attack!
4	3	485	The foe's {00} used\nTri Attack!
4	3	486	{00} used\nSuper Fang!
4	3	487	The wild {00} used\nSuper Fang!
4	3	488	The foe's {00} used\nSuper Fang!
4	3	489	{00} used\nSlash!
4	3	490	The wild {00} used\nSlash!
4	3	491	The foe's {00} used\nSlash!
4	3	492	{00} used\nSubstitute!
4	3	493	The wild {00} used\nSubstitute!
4	3	494	The foe's {00} used\nSubstitute!
4	3	495	{00} used\nStruggle!
4	3	496	The wild {00} used\nStruggle!
4	3	497	The foe's {00} used\nStruggle!
4	3	498	{00} used\nSketch!
4	3	499	The wild {00} used\nSketch!
4	3	500	The foe's {00} used\nSketch!
4	3	501	{00} used\nTriple Kick!
4	3	502	The wild {00} used\nTriple Kick!
4	3	503	The foe's {00} used\nTriple Kick!
4	3	504	{00} used\nThief!
4	3	505	The wild {00} used\nThief!
4	3	506	The foe's {00} used\nThief!
4	3	507	{00} used\nSpider Web!
4	3	508	The wild {00} used\nSpider Web!
4	3	509	The foe's {00} used\nSpider Web!
4	3	510	{00} used\nMind Reader!
4	3	511	The wild {00} used\nMind Reader!
4	3	512	The foe's {00} used\nMind Reader!
4	3	513	{00} used\nNightmare!
4	3	514	The wild {00} used\nNightmare!
4	3	515	The foe's {00} used\nNightmare!
4	3	516	{00} used\nFlame Wheel!
4	3	517	The wild {00} used\nFlame Wheel!
4	3	518	The foe's {00} used\nFlame Wheel!
4	3	519	{00} used\nSnore!
4	3	520	The wild {00} used\nSnore!
4	3	521	The foe's {00} used\nSnore!
4	3	522	{00} used\nCurse!
4	3	523	The wild {00} used\nCurse!
4	3	524	The foe's {00} used\nCurse!
4	3	525	{00} used\nFlail!
4	3	526	The wild {00} used\nFlail!
4	3	527	The foe's {00} used\nFlail!
4	3	528	{00} used\nConversion 2!
4	3	529	The wild {00} used\nConversion 2!
4	3	530	The foe's {00} used\nConversion 2!
4	3	531	{00} used\nAeroblast!
4	3	532	The wild {00} used\nAeroblast!
4	3	533	The foe's {00} used\nAeroblast!
4	3	534	{00} used\nCotton Spore!
4	3	535	The wild {00} used\nCotton Spore!
4	3	536	The foe's {00} used\nCotton Spore!
4	3	537	{00} used\nReversal!
4	3	538	The wild {00} used\nReversal!
4	3	539	The foe's {00} used\nReversal!
4	3	540	{00} used\nSpite!
4	3	541	The wild {00} used\nSpite!
4	3	542	The foe's {00} used\nSpite!
4	3	543	{00} used\nPowder Snow!
4	3	544	The wild {00} used\nPowder Snow!
4	3	545	The foe's {00} used\nPowder Snow!
4	3	546	{00} used\nProtect!
4	3	547	The wild {00} used\nProtect!
4	3	548	The foe's {00} used\nProtect!
4	3	549	{00} used\nMach Punch!
4	3	550	The wild {00} used\nMach Punch!
4	3	551	The foe's {00} used\nMach Punch!
4	3	552	{00} used\nScary Face!
4	3	553	The wild {00} used\nScary Face!
4	3	554	The foe's {00} used\nScary Face!
4	3	555	{00} used\nFaint Attack!
4	3	556	The wild {00} used\nFaint Attack!
4	3	557	The foe's {00} used\nFaint Attack!
4	3	558	{00} used\nSweet Kiss!
4	3	559	The wild {00} used\nSweet Kiss!
4	3	560	The foe's {00} used\nSweet Kiss!
4	3	561	{00} used\nBelly Drum!
4	3	562	The wild {00} used\nBelly Drum!
4	3	563	The foe's {00} used\nBelly Drum!
4	3	564	{00} used\nSludge Bomb!
4	3	565	The wild {00} used\nSludge Bomb!
4	3	566	The foe's {00} used\nSludge Bomb!
4	3	567	{00} used\nMud-Slap!
4	3	568	The wild {00} used\nMud-Slap!
4	3	569	The foe's {00} used\nMud-Slap!
4	3	570	{00} used\nOctazooka!
4	3	571	The wild {00} used\nOctazooka!
4	3	572	The foe's {00} used\nOctazooka!
4	3	573	{00} used\nSpikes!
4	3	574	The wild {00} used\nSpikes!
4	3	575	The foe's {00} used\nSpikes!
4	3	576	{00} used\nZap Cannon!
4	3	577	The wild {00} used\nZap Cannon!
4	3	578	The foe's {00} used\nZap Cannon!
4	3	579	{00} used\nForesight!
4	3	580	The wild {00} used\nForesight!
4	3	581	The foe's {00} used\nForesight!
4	3	582	{00} used\nDestiny Bond!
4	3	583	The wild {00} used\nDestiny Bond!
4	3	584	The foe's {00} used\nDestiny Bond!
4	3	585	{00} used\nPerish Song!
4	3	586	The wild {00} used\nPerish Song!
4	3	587	The foe's {00} used\nPerish Song!
4	3	588	{00} used\nIcy Wind!
4	3	589	The wild {00} used\nIcy Wind!
4	3	590	The foe's {00} used\nIcy Wind!
4	3	591	{00} used\nDetect!
4	3	592	The wild {00} used\nDetect!
4	3	593	The foe's {00} used\nDetect!
4	3	594	{00} used\nBone Rush!
4	3	595	The wild {00} used\nBone Rush!
4	3	596	The foe's {00} used\nBone Rush!
4	3	597	{00} used\nLock-On!
4	3	598	The wild {00} used\nLock-On!
4	3	599	The foe's {00} used\nLock-On!
4	3	600	{00} used\nOutrage!
4	3	601	The wild {00} used\nOutrage!
4	3	602	The foe's {00} used\nOutrage!
4	3	603	{00} used\nSandstorm!
4	3	604	The wild {00} used\nSandstorm!
4	3	605	The foe's {00} used\nSandstorm!
4	3	606	{00} used\nGiga Drain!
4	3	607	The wild {00} used\nGiga Drain!
4	3	608	The foe's {00} used\nGiga Drain!
4	3	609	{00} used\nEndure!
4	3	610	The wild {00} used\nEndure!
4	3	611	The foe's {00} used\nEndure!
4	3	612	{00} used\nCharm!
4	3	613	The wild {00} used\nCharm!
4	3	614	The foe's {00} used\nCharm!
4	3	615	{00} used\nRollout!
4	3	616	The wild {00} used\nRollout!
4	3	617	The foe's {00} used\nRollout!
4	3	618	{00} used\nFalse Swipe!
4	3	619	The wild {00} used\nFalse Swipe!
4	3	620	The foe's {00} used\nFalse Swipe!
4	3	621	{00} used\nSwagger!
4	3	622	The wild {00} used\nSwagger!
4	3	623	The foe's {00} used\nSwagger!
4	3	624	{00} used\nMilk Drink!
4	3	625	The wild {00} used\nMilk Drink!
4	3	626	The foe's {00} used\nMilk Drink!
4	3	627	{00} used\nSpark!
4	3	628	The wild {00} used\nSpark!
4	3	629	The foe's {00} used\nSpark!
4	3	630	{00} used\nFury Cutter!
4	3	631	The wild {00} used\nFury Cutter!
4	3	632	The foe's {00} used\nFury Cutter!
4	3	633	{00} used\nSteel Wing!
4	3	634	The wild {00} used\nSteel Wing!
4	3	635	The foe's {00} used\nSteel Wing!
4	3	636	{00} used\nMean Look!
4	3	637	The wild {00} used\nMean Look!
4	3	638	The foe's {00} used\nMean Look!
4	3	639	{00} used\nAttract!
4	3	640	The wild {00} used\nAttract!
4	3	641	The foe's {00} used\nAttract!
4	3	642	{00} used\nSleep Talk!
4	3	643	The wild {00} used\nSleep Talk!
4	3	644	The foe's {00} used\nSleep Talk!
4	3	645	{00} used\nHeal Bell!
4	3	646	The wild {00} used\nHeal Bell!
4	3	647	The foe's {00} used\nHeal Bell!
4	3	648	{00} used\nReturn!
4	3	649	The wild {00} used\nReturn!
4	3	650	The foe's {00} used\nReturn!
4	3	651	{00} used\nPresent!
4	3	652	The wild {00} used\nPresent!
4	3	653	The foe's {00} used\nPresent!
4	3	654	{00} used\nFrustration!
4	3	655	The wild {00} used\nFrustration!
4	3	656	The foe's {00} used\nFrustration!
4	3	657	{00} used\nSafeguard!
4	3	658	The wild {00} used\nSafeguard!
4	3	659	The foe's {00} used\nSafeguard!
4	3	660	{00} used\nPain Split!
4	3	661	The wild {00} used\nPain Split!
4	3	662	The foe's {00} used\nPain Split!
4	3	663	{00} used\nSacred Fire!
4	3	664	The wild {00} used\nSacred Fire!
4	3	665	The foe's {00} used\nSacred Fire!
4	3	666	{00} used\nMagnitude!
4	3	667	The wild {00} used\nMagnitude!
4	3	668	The foe's {00} used\nMagnitude!
4	3	669	{00} used\nDynamicPunch!
4	3	670	The wild {00} used\nDynamicPunch!
4	3	671	The foe's {00} used\nDynamicPunch!
4	3	672	{00} used\nMegahorn!
4	3	673	The wild {00} used\nMegahorn!
4	3	674	The foe's {00} used\nMegahorn!
4	3	675	{00} used\nDragonBreath!
4	3	676	The wild {00} used\nDragonBreath!
4	3	677	The foe's {00} used\nDragonBreath!
4	3	678	{00} used\nBaton Pass!
4	3	679	The wild {00} used\nBaton Pass!
4	3	680	The foe's {00} used\nBaton Pass!
4	3	681	{00} used\nEncore!
4	3	682	The wild {00} used\nEncore!
4	3	683	The foe's {00} used\nEncore!
4	3	684	{00} used\nPursuit!
4	3	685	The wild {00} used\nPursuit!
4	3	686	The foe's {00} used\nPursuit!
4	3	687	{00} used\nRapid Spin!
4	3	688	The wild {00} used\nRapid Spin!
4	3	689	The foe's {00} used\nRapid Spin!
4	3	690	{00} used\nSweet Scent!
4	3	691	The wild {00} used\nSweet Scent!
4	3	692	The foe's {00} used\nSweet Scent!
4	3	693	{00} used\nIron Tail!
4	3	694	The wild {00} used\nIron Tail!
4	3	695	The foe's {00} used\nIron Tail!
4	3	696	{00} used\nMetal Claw!
4	3	697	The wild {00} used\nMetal Claw!
4	3	698	The foe's {00} used\nMetal Claw!
4	3	699	{00} used\nVital Throw!
4	3	700	The wild {00} used\nVital Throw!
4	3	701	The foe's {00} used\nVital Throw!
4	3	702	{00} used\nMorning Sun!
4	3	703	The wild {00} used\nMorning Sun!
4	3	704	The foe's {00} used\nMorning Sun!
4	3	705	{00} used\nSynthesis!
4	3	706	The wild {00} used\nSynthesis!
4	3	707	The foe's {00} used\nSynthesis!
4	3	708	{00} used\nMoonlight!
4	3	709	The wild {00} used\nMoonlight!
4	3	710	The foe's {00} used\nMoonlight!
4	3	711	{00} used\nHidden Power!
4	3	712	The wild {00} used\nHidden Power!
4	3	713	The foe's {00} used\nHidden Power!
4	3	714	{00} used\nCross Chop!
4	3	715	The wild {00} used\nCross Chop!
4	3	716	The foe's {00} used\nCross Chop!
4	3	717	{00} used\nTwister!
4	3	718	The wild {00} used\nTwister!
4	3	719	The foe's {00} used\nTwister!
4	3	720	{00} used\nRain Dance!
4	3	721	The wild {00} used\nRain Dance!
4	3	722	The foe's {00} used\nRain Dance!
4	3	723	{00} used\nSunny Day!
4	3	724	The wild {00} used\nSunny Day!
4	3	725	The foe's {00} used\nSunny Day!
4	3	726	{00} used\nCrunch!
4	3	727	The wild {00} used\nCrunch!
4	3	728	The foe's {00} used\nCrunch!
4	3	729	{00} used\nMirror Coat!
4	3	730	The wild {00} used\nMirror Coat!
4	3	731	The foe's {00} used\nMirror Coat!
4	3	732	{00} used\nPsych Up!
4	3	733	The wild {00} used\nPsych Up!
4	3	734	The foe's {00} used\nPsych Up!
4	3	735	{00} used\nExtremeSpeed!
4	3	736	The wild {00} used\nExtremeSpeed!
4	3	737	The foe's {00} used\nExtremeSpeed!
4	3	738	{00} used\nAncientPower!
4	3	739	The wild {00} used\nAncientPower!
4	3	740	The foe's {00} used\nAncientPower!
4	3	741	{00} used\nShadow Ball!
4	3	742	The wild {00} used\nShadow Ball!
4	3	743	The foe's {00} used\nShadow Ball!
4	3	744	{00} used\nFuture Sight!
4	3	745	The wild {00} used\nFuture Sight!
4	3	746	The foe's {00} used\nFuture Sight!
4	3	747	{00} used\nRock Smash!
4	3	748	The wild {00} used\nRock Smash!
4	3	749	The foe's {00} used\nRock Smash!
4	3	750	{00} used\nWhirlpool!
4	3	751	The wild {00} used\nWhirlpool!
4	3	752	The foe's {00} used\nWhirlpool!
4	3	753	{00} used\nBeat Up!
4	3	754	The wild {00} used\nBeat Up!
4	3	755	The foe's {00} used\nBeat Up!
4	3	756	{00} used\nFake Out!
4	3	757	The wild {00} used\nFake Out!
4	3	758	The foe's {00} used\nFake Out!
4	3	759	{00} used\nUproar!
4	3	760	The wild {00} used\nUproar!
4	3	761	The foe's {00} used\nUproar!
4	3	762	{00} used\nStockpile!
4	3	763	The wild {00} used\nStockpile!
4	3	764	The foe's {00} used\nStockpile!
4	3	765	{00} used\nSpit Up!
4	3	766	The wild {00} used\nSpit Up!
4	3	767	The foe's {00} used\nSpit Up!
4	3	768	{00} used\nSwallow!
4	3	769	The wild {00} used\nSwallow!
4	3	770	The foe's {00} used\nSwallow!
4	3	771	{00} used\nHeat Wave!
4	3	772	The wild {00} used\nHeat Wave!
4	3	773	The foe's {00} used\nHeat Wave!
4	3	774	{00} used\nHail!
4	3	775	The wild {00} used\nHail!
4	3	776	The foe's {00} used\nHail!
4	3	777	{00} used\nTorment!
4	3	778	The wild {00} used\nTorment!
4	3	779	The foe's {00} used\nTorment!
4	3	780	{00} used\nFlatter!
4	3	781	The wild {00} used\nFlatter!
4	3	782	The foe's {00} used\nFlatter!
4	3	783	{00} used\nWill-O-Wisp!
4	3	784	The wild {00} used\nWill-O-Wisp!
4	3	785	The foe's {00} used\nWill-O-Wisp!
4	3	786	{00} used\nMemento!
4	3	787	The wild {00} used\nMemento!
4	3	788	The foe's {00} used\nMemento!
4	3	789	{00} used\nFacade!
4	3	790	The wild {00} used\nFacade!
4	3	791	The foe's {00} used\nFacade!
4	3	792	{00} used\nFocus Punch!
4	3	793	The wild {00} used\nFocus Punch!
4	3	794	The foe's {00} used\nFocus Punch!
4	3	795	{00} used\nSmellingSalt!
4	3	796	The wild {00} used\nSmellingSalt!
4	3	797	The foe's {00} used\nSmellingSalt!
4	3	798	{00} used\nFollow Me!
4	3	799	The wild {00} used\nFollow Me!
4	3	800	The foe's {00} used\nFollow Me!
4	3	801	{00} used\nNature Power!
4	3	802	The wild {00} used\nNature Power!
4	3	803	The foe's {00} used\nNature Power!
4	3	804	{00} used\nCharge!
4	3	805	The wild {00} used\nCharge!
4	3	806	The foe's {00} used\nCharge!
4	3	807	{00} used\nTaunt!
4	3	808	The wild {00} used\nTaunt!
4	3	809	The foe's {00} used\nTaunt!
4	3	810	{00} used\nHelping Hand!
4	3	811	The wild {00} used\nHelping Hand!
4	3	812	The foe's {00} used\nHelping Hand!
4	3	813	{00} used\nTrick!
4	3	814	The wild {00} used\nTrick!
4	3	815	The foe's {00} used\nTrick!
4	3	816	{00} used\nRole Play!
4	3	817	The wild {00} used\nRole Play!
4	3	818	The foe's {00} used\nRole Play!
4	3	819	{00} used\nWish!
4	3	820	The wild {00} used\nWish!
4	3	821	The foe's {00} used\nWish!
4	3	822	{00} used\nAssist!
4	3	823	The wild {00} used\nAssist!
4	3	824	The foe's {00} used\nAssist!
4	3	825	{00} used\nIngrain!
4	3	826	The wild {00} used\nIngrain!
4	3	827	The foe's {00} used\nIngrain!
4	3	828	{00} used\nSuperpower!
4	3	829	The wild {00} used\nSuperpower!
4	3	830	The foe's {00} used\nSuperpower!
4	3	831	{00} used\nMagic Coat!
4	3	832	The wild {00} used\nMagic Coat!
4	3	833	The foe's {00} used\nMagic Coat!
4	3	834	{00} used\nRecycle!
4	3	835	The wild {00} used\nRecycle!
4	3	836	The foe's {00} used\nRecycle!
4	3	837	{00} used\nRevenge!
4	3	838	The wild {00} used\nRevenge!
4	3	839	The foe's {00} used\nRevenge!
4	3	840	{00} used\nBrick Break!
4	3	841	The wild {00} used\nBrick Break!
4	3	842	The foe's {00} used\nBrick Break!
4	3	843	{00} used\nYawn!
4	3	844	The wild {00} used\nYawn!
4	3	845	The foe's {00} used\nYawn!
4	3	846	{00} used\nKnock Off!
4	3	847	The wild {00} used\nKnock Off!
4	3	848	The foe's {00} used\nKnock Off!
4	3	849	{00} used\nEndeavor!
4	3	850	The wild {00} used\nEndeavor!
4	3	851	The foe's {00} used\nEndeavor!
4	3	852	{00} used\nEruption!
4	3	853	The wild {00} used\nEruption!
4	3	854	The foe's {00} used\nEruption!
4	3	855	{00} used\nSkill Swap!
4	3	856	The wild {00} used\nSkill Swap!
4	3	857	The foe's {00} used\nSkill Swap!
4	3	858	{00} used\nImprison!
4	3	859	The wild {00} used\nImprison!
4	3	860	The foe's {00} used\nImprison!
4	3	861	{00} used\nRefresh!
4	3	862	The wild {00} used\nRefresh!
4	3	863	The foe's {00} used\nRefresh!
4	3	864	{00} used\nGrudge!
4	3	865	The wild {00} used\nGrudge!
4	3	866	The foe's {00} used\nGrudge!
4	3	867	{00} used\nSnatch!
4	3	868	The wild {00} used\nSnatch!
4	3	869	The foe's {00} used\nSnatch!
4	3	870	{00} used\nSecret Power!
4	3	871	The wild {00} used\nSecret Power!
4	3	872	The foe's {00} used\nSecret Power!
4	3	873	{00} used\nDive!
4	3	874	The wild {00} used\nDive!
4	3	875	The foe's {00} used\nDive!
4	3	876	{00} used\nArm Thrust!
4	3	877	The wild {00} used\nArm Thrust!
4	3	878	The foe's {00} used\nArm Thrust!
4	3	879	{00} used\nCamouflage!
4	3	880	The wild {00} used\nCamouflage!
4	3	881	The foe's {00} used\nCamouflage!
4	3	882	{00} used\nTail Glow!
4	3	883	The wild {00} used\nTail Glow!
4	3	884	The foe's {00} used\nTail Glow!
4	3	885	{00} used\nLuster Purge!
4	3	886	The wild {00} used\nLuster Purge!
4	3	887	The foe's {00} used\nLuster Purge!
4	3	888	{00} used\nMist Ball!
4	3	889	The wild {00} used\nMist Ball!
4	3	890	The foe's {00} used\nMist Ball!
4	3	891	{00} used\nFeatherDance!
4	3	892	The wild {00} used\nFeatherDance!
4	3	893	The foe's {00} used\nFeatherDance!
4	3	894	{00} used\nTeeter Dance!
4	3	895	The wild {00} used\nTeeter Dance!
4	3	896	The foe's {00} used\nTeeter Dance!
4	3	897	{00} used\nBlaze Kick!
4	3	898	The wild {00} used\nBlaze Kick!
4	3	899	The foe's {00} used\nBlaze Kick!
4	3	900	{00} used\nMud Sport!
4	3	901	The wild {00} used\nMud Sport!
4	3	902	The foe's {00} used\nMud Sport!
4	3	903	{00} used\nIce Ball!
4	3	904	The wild {00} used\nIce Ball!
4	3	905	The foe's {00} used\nIce Ball!
4	3	906	{00} used\nNeedle Arm!
4	3	907	The wild {00} used\nNeedle Arm!
4	3	908	The foe's {00} used\nNeedle Arm!
4	3	909	{00} used\nSlack Off!
4	3	910	The wild {00} used\nSlack Off!
4	3	911	The foe's {00} used\nSlack Off!
4	3	912	{00} used\nHyper Voice!
4	3	913	The wild {00} used\nHyper Voice!
4	3	914	The foe's {00} used\nHyper Voice!
4	3	915	{00} used\nPoison Fang!
4	3	916	The wild {00} used\nPoison Fang!
4	3	917	The foe's {00} used\nPoison Fang!
4	3	918	{00} used\nCrush Claw!
4	3	919	The wild {00} used\nCrush Claw!
4	3	920	The foe's {00} used\nCrush Claw!
4	3	921	{00} used\nBlast Burn!
4	3	922	The wild {00} used\nBlast Burn!
4	3	923	The foe's {00} used\nBlast Burn!
4	3	924	{00} used\nHydro Cannon!
4	3	925	The wild {00} used\nHydro Cannon!
4	3	926	The foe's {00} used\nHydro Cannon!
4	3	927	{00} used\nMeteor Mash!
4	3	928	The wild {00} used\nMeteor Mash!
4	3	929	The foe's {00} used\nMeteor Mash!
4	3	930	{00} used\nAstonish!
4	3	931	The wild {00} used\nAstonish!
4	3	932	The foe's {00} used\nAstonish!
4	3	933	{00} used\nWeather Ball!
4	3	934	The wild {00} used\nWeather Ball!
4	3	935	The foe's {00} used\nWeather Ball!
4	3	936	{00} used\nAromatherapy!
4	3	937	The wild {00} used\nAromatherapy!
4	3	938	The foe's {00} used\nAromatherapy!
4	3	939	{00} used\nFake Tears!
4	3	940	The wild {00} used\nFake Tears!
4	3	941	The foe's {00} used\nFake Tears!
4	3	942	{00} used\nAir Cutter!
4	3	943	The wild {00} used\nAir Cutter!
4	3	944	The foe's {00} used\nAir Cutter!
4	3	945	{00} used\nOverheat!
4	3	946	The wild {00} used\nOverheat!
4	3	947	The foe's {00} used\nOverheat!
4	3	948	{00} used\nOdor Sleuth!
4	3	949	The wild {00} used\nOdor Sleuth!
4	3	950	The foe's {00} used\nOdor Sleuth!
4	3	951	{00} used\nRock Tomb!
4	3	952	The wild {00} used\nRock Tomb!
4	3	953	The foe's {00} used\nRock Tomb!
4	3	954	{00} used\nSilver Wind!
4	3	955	The wild {00} used\nSilver Wind!
4	3	956	The foe's {00} used\nSilver Wind!
4	3	957	{00} used\nMetal Sound!
4	3	958	The wild {00} used\nMetal Sound!
4	3	959	The foe's {00} used\nMetal Sound!
4	3	960	{00} used\nGrassWhistle!
4	3	961	The wild {00} used\nGrassWhistle!
4	3	962	The foe's {00} used\nGrassWhistle!
4	3	963	{00} used\nTickle!
4	3	964	The wild {00} used\nTickle!
4	3	965	The foe's {00} used\nTickle!
4	3	966	{00} used\nCosmic Power!
4	3	967	The wild {00} used\nCosmic Power!
4	3	968	The foe's {00} used\nCosmic Power!
4	3	969	{00} used\nWater Spout!
4	3	970	The wild {00} used\nWater Spout!
4	3	971	The foe's {00} used\nWater Spout!
4	3	972	{00} used\nSignal Beam!
4	3	973	The wild {00} used\nSignal Beam!
4	3	974	The foe's {00} used\nSignal Beam!
4	3	975	{00} used\nShadow Punch!
4	3	976	The wild {00} used\nShadow Punch!
4	3	977	The foe's {00} used\nShadow Punch!
4	3	978	{00} used\nExtrasensory!
4	3	979	The wild {00} used\nExtrasensory!
4	3	980	The foe's {00} used\nExtrasensory!
4	3	981	{00} used\nSky Uppercut!
4	3	982	The wild {00} used\nSky Uppercut!
4	3	983	The foe's {00} used\nSky Uppercut!
4	3	984	{00} used\nSand Tomb!
4	3	985	The wild {00} used\nSand Tomb!
4	3	986	The foe's {00} used\nSand Tomb!
4	3	987	{00} used\nSheer Cold!
4	3	988	The wild {00} used\nSheer Cold!
4	3	989	The foe's {00} used\nSheer Cold!
4	3	990	{00} used\nMuddy Water!
4	3	991	The wild {00} used\nMuddy Water!
4	3	992	The foe's {00} used\nMuddy Water!
4	3	993	{00} used\nBullet Seed!
4	3	994	The wild {00} used\nBullet Seed!
4	3	995	The foe's {00} used\nBullet Seed!
4	3	996	{00} used\nAerial Ace!
4	3	997	The wild {00} used\nAerial Ace!
4	3	998	The foe's {00} used\nAerial Ace!
4	3	999	{00} used\nIcicle Spear!
4	3	1000	The wild {00} used\nIcicle Spear!
4	3	1001	The foe's {00} used\nIcicle Spear!
4	3	1002	{00} used\nIron Defense!
4	3	1003	The wild {00} used\nIron Defense!
4	3	1004	The foe's {00} used\nIron Defense!
4	3	1005	{00} used\nBlock!
4	3	1006	The wild {00} used\nBlock!
4	3	1007	The foe's {00} used\nBlock!
4	3	1008	{00} used\nHowl!
4	3	1009	The wild {00} used\nHowl!
4	3	1010	The foe's {00} used\nHowl!
4	3	1011	{00} used\nDragon Claw!
4	3	1012	The wild {00} used\nDragon Claw!
4	3	1013	The foe's {00} used\nDragon Claw!
4	3	1014	{00} used\nFrenzy Plant!
4	3	1015	The wild {00} used\nFrenzy Plant!
4	3	1016	The foe's {00} used\nFrenzy Plant!
4	3	1017	{00} used\nBulk Up!
4	3	1018	The wild {00} used\nBulk Up!
4	3	1019	The foe's {00} used\nBulk Up!
4	3	1020	{00} used\nBounce!
4	3	1021	The wild {00} used\nBounce!
4	3	1022	The foe's {00} used\nBounce!
4	3	1023	{00} used\nMud Shot!
4	3	1024	The wild {00} used\nMud Shot!
4	3	1025	The foe's {00} used\nMud Shot!
4	3	1026	{00} used\nPoison Tail!
4	3	1027	The wild {00} used\nPoison Tail!
4	3	1028	The foe's {00} used\nPoison Tail!
4	3	1029	{00} used\nCovet!
4	3	1030	The wild {00} used\nCovet!
4	3	1031	The foe's {00} used\nCovet!
4	3	1032	{00} used\nVolt Tackle!
4	3	1033	The wild {00} used\nVolt Tackle!
4	3	1034	The foe's {00} used\nVolt Tackle!
4	3	1035	{00} used\nMagical Leaf!
4	3	1036	The wild {00} used\nMagical Leaf!
4	3	1037	The foe's {00} used\nMagical Leaf!
4	3	1038	{00} used\nWater Sport!
4	3	1039	The wild {00} used\nWater Sport!
4	3	1040	The foe's {00} used\nWater Sport!
4	3	1041	{00} used\nCalm Mind!
4	3	1042	The wild {00} used\nCalm Mind!
4	3	1043	The foe's {00} used\nCalm Mind!
4	3	1044	{00} used\nLeaf Blade!
4	3	1045	The wild {00} used\nLeaf Blade!
4	3	1046	The foe's {00} used\nLeaf Blade!
4	3	1047	{00} used\nDragon Dance!
4	3	1048	The wild {00} used\nDragon Dance!
4	3	1049	The foe's {00} used\nDragon Dance!
4	3	1050	{00} used\nRock Blast!
4	3	1051	The wild {00} used\nRock Blast!
4	3	1052	The foe's {00} used\nRock Blast!
4	3	1053	{00} used\nShock Wave!
4	3	1054	The wild {00} used\nShock Wave!
4	3	1055	The foe's {00} used\nShock Wave!
4	3	1056	{00} used\nWater Pulse!
4	3	1057	The wild {00} used\nWater Pulse!
4	3	1058	The foe's {00} used\nWater Pulse!
4	3	1059	{00} used\nDoom Desire!
4	3	1060	The wild {00} used\nDoom Desire!
4	3	1061	The foe's {00} used\nDoom Desire!
4	3	1062	{00} used\nPsycho Boost!
4	3	1063	The wild {00} used\nPsycho Boost!
4	3	1064	The foe's {00} used\nPsycho Boost!
4	3	1065	{00} used\nRoost!
4	3	1066	The wild {00} used\nRoost!
4	3	1067	The foe's {00} used\nRoost!
4	3	1068	{00} used\nGravity!
4	3	1069	The wild {00} used\nGravity!
4	3	1070	The foe's {00} used\nGravity!
4	3	1071	{00} used\nMiracle Eye!
4	3	1072	The wild {00} used\nMiracle Eye!
4	3	1073	The foe's {00} used\nMiracle Eye!
4	3	1074	{00} used\nWake-Up Slap!
4	3	1075	The wild {00} used\nWake-Up Slap!
4	3	1076	The foe's {00} used\nWake-Up Slap!
4	3	1077	{00} used\nHammer Arm!
4	3	1078	The wild {00} used\nHammer Arm!
4	3	1079	The foe's {00} used\nHammer Arm!
4	3	1080	{00} used\nGyro Ball!
4	3	1081	The wild {00} used\nGyro Ball!
4	3	1082	The foe's {00} used\nGyro Ball!
4	3	1083	{00} used\nHealing Wish!
4	3	1084	The wild {00} used\nHealing Wish!
4	3	1085	The foe's {00} used\nHealing Wish!
4	3	1086	{00} used\nBrine!
4	3	1087	The wild {00} used\nBrine!
4	3	1088	The foe's {00} used\nBrine!
4	3	1089	{00} used\nNatural Gift!
4	3	1090	The wild {00} used\nNatural Gift!
4	3	1091	The foe's {00} used\nNatural Gift!
4	3	1092	{00} used\nFeint!
4	3	1093	The wild {00} used\nFeint!
4	3	1094	The foe's {00} used\nFeint!
4	3	1095	{00} used\nPluck!
4	3	1096	The wild {00} used\nPluck!
4	3	1097	The foe's {00} used\nPluck!
4	3	1098	{00} used\nTailwind!
4	3	1099	The wild {00} used\nTailwind!
4	3	1100	The foe's {00} used\nTailwind!
4	3	1101	{00} used\nAcupressure!
4	3	1102	The wild {00} used\nAcupressure!
4	3	1103	The foe's {00} used\nAcupressure!
4	3	1104	{00} used\nMetal Burst!
4	3	1105	The wild {00} used\nMetal Burst!
4	3	1106	The foe's {00} used\nMetal Burst!
4	3	1107	{00} used\nU-turn!
4	3	1108	The wild {00} used\nU-turn!
4	3	1109	The foe's {00} used\nU-turn!
4	3	1110	{00} used\nClose Combat!
4	3	1111	The wild {00} used\nClose Combat!
4	3	1112	The foe's {00} used\nClose Combat!
4	3	1113	{00} used\nPayback!
4	3	1114	The wild {00} used\nPayback!
4	3	1115	The foe's {00} used\nPayback!
4	3	1116	{00} used\nAssurance!
4	3	1117	The wild {00} used\nAssurance!
4	3	1118	The foe's {00} used\nAssurance!
4	3	1119	{00} used\nEmbargo!
4	3	1120	The wild {00} used\nEmbargo!
4	3	1121	The foe's {00} used\nEmbargo!
4	3	1122	{00} used\nFling!
4	3	1123	The wild {00} used\nFling!
4	3	1124	The foe's {00} used\nFling!
4	3	1125	{00} used\nPsycho Shift!
4	3	1126	The wild {00} used\nPsycho Shift!
4	3	1127	The foe's {00} used\nPsycho Shift!
4	3	1128	{00} used\nTrump Card!
4	3	1129	The wild {00} used\nTrump Card!
4	3	1130	The foe's {00} used\nTrump Card!
4	3	1131	{00} used\nHeal Block!
4	3	1132	The wild {00} used\nHeal Block!
4	3	1133	The foe's {00} used\nHeal Block!
4	3	1134	{00} used\nWring Out!
4	3	1135	The wild {00} used\nWring Out!
4	3	1136	The foe's {00} used\nWring Out!
4	3	1137	{00} used\nPower Trick!
4	3	1138	The wild {00} used\nPower Trick!
4	3	1139	The foe's {00} used\nPower Trick!
4	3	1140	{00} used\nGastro Acid!
4	3	1141	The wild {00} used\nGastro Acid!
4	3	1142	The foe's {00} used\nGastro Acid!
4	3	1143	{00} used\nLucky Chant!
4	3	1144	The wild {00} used\nLucky Chant!
4	3	1145	The foe's {00} used\nLucky Chant!
4	3	1146	{00} used\nMe First!
4	3	1147	The wild {00} used\nMe First!
4	3	1148	The foe's {00} used\nMe First!
4	3	1149	{00} used\nCopycat!
4	3	1150	The wild {00} used\nCopycat!
4	3	1151	The foe's {00} used\nCopycat!
4	3	1152	{00} used\nPower Swap!
4	3	1153	The wild {00} used\nPower Swap!
4	3	1154	The foe's {00} used\nPower Swap!
4	3	1155	{00} used\nGuard Swap!
4	3	1156	The wild {00} used\nGuard Swap!
4	3	1157	The foe's {00} used\nGuard Swap!
4	3	1158	{00} used\nPunishment!
4	3	1159	The wild {00} used\nPunishment!
4	3	1160	The foe's {00} used\nPunishment!
4	3	1161	{00} used\nLast Resort!
4	3	1162	The wild {00} used\nLast Resort!
4	3	1163	The foe's {00} used\nLast Resort!
4	3	1164	{00} used\nWorry Seed!
4	3	1165	The wild {00} used\nWorry Seed!
4	3	1166	The foe's {00} used\nWorry Seed!
4	3	1167	{00} used\nSucker Punch!
4	3	1168	The wild {00} used\nSucker Punch!
4	3	1169	The foe's {00} used\nSucker Punch!
4	3	1170	{00} used\nToxic Spikes!
4	3	1171	The wild {00} used\nToxic Spikes!
4	3	1172	The foe's {00} used\nToxic Spikes!
4	3	1173	{00} used\nHeart Swap!
4	3	1174	The wild {00} used\nHeart Swap!
4	3	1175	The foe's {00} used\nHeart Swap!
4	3	1176	{00} used\nAqua Ring!
4	3	1177	The wild {00} used\nAqua Ring!
4	3	1178	The foe's {00} used\nAqua Ring!
4	3	1179	{00} used\nMagnet Rise!
4	3	1180	The wild {00} used\nMagnet Rise!
4	3	1181	The foe's {00} used\nMagnet Rise!
4	3	1182	{00} used\nFlare Blitz!
4	3	1183	The wild {00} used\nFlare Blitz!
4	3	1184	The foe's {00} used\nFlare Blitz!
4	3	1185	{00} used\nForce Palm!
4	3	1186	The wild {00} used\nForce Palm!
4	3	1187	The foe's {00} used\nForce Palm!
4	3	1188	{00} used\nAura Sphere!
4	3	1189	The wild {00} used\nAura Sphere!
4	3	1190	The foe's {00} used\nAura Sphere!
4	3	1191	{00} used\nRock Polish!
4	3	1192	The wild {00} used\nRock Polish!
4	3	1193	The foe's {00} used\nRock Polish!
4	3	1194	{00} used\nPoison Jab!
4	3	1195	The wild {00} used\nPoison Jab!
4	3	1196	The foe's {00} used\nPoison Jab!
4	3	1197	{00} used\nDark Pulse!
4	3	1198	The wild {00} used\nDark Pulse!
4	3	1199	The foe's {00} used\nDark Pulse!
4	3	1200	{00} used\nNight Slash!
4	3	1201	The wild {00} used\nNight Slash!
4	3	1202	The foe's {00} used\nNight Slash!
4	3	1203	{00} used\nAqua Tail!
4	3	1204	The wild {00} used\nAqua Tail!
4	3	1205	The foe's {00} used\nAqua Tail!
4	3	1206	{00} used\nSeed Bomb!
4	3	1207	The wild {00} used\nSeed Bomb!
4	3	1208	The foe's {00} used\nSeed Bomb!
4	3	1209	{00} used\nAir Slash!
4	3	1210	The wild {00} used\nAir Slash!
4	3	1211	The foe's {00} used\nAir Slash!
4	3	1212	{00} used\nX-Scissor!
4	3	1213	The wild {00} used\nX-Scissor!
4	3	1214	The foe's {00} used\nX-Scissor!
4	3	1215	{00} used\nBug Buzz!
4	3	1216	The wild {00} used\nBug Buzz!
4	3	1217	The foe's {00} used\nBug Buzz!
4	3	1218	{00} used\nDragon Pulse!
4	3	1219	The wild {00} used\nDragon Pulse!
4	3	1220	The foe's {00} used\nDragon Pulse!
4	3	1221	{00} used\nDragon Rush!
4	3	1222	The wild {00} used\nDragon Rush!
4	3	1223	The foe's {00} used\nDragon Rush!
4	3	1224	{00} used\nPower Gem!
4	3	1225	The wild {00} used\nPower Gem!
4	3	1226	The foe's {00} used\nPower Gem!
4	3	1227	{00} used\nDrain Punch!
4	3	1228	The wild {00} used\nDrain Punch!
4	3	1229	The foe's {00} used\nDrain Punch!
4	3	1230	{00} used\nVacuum Wave!
4	3	1231	The wild {00} used\nVacuum Wave!
4	3	1232	The foe's {00} used\nVacuum Wave!
4	3	1233	{00} used\nFocus Blast!
4	3	1234	The wild {00} used\nFocus Blast!
4	3	1235	The foe's {00} used\nFocus Blast!
4	3	1236	{00} used\nEnergy Ball!
4	3	1237	The wild {00} used\nEnergy Ball!
4	3	1238	The foe's {00} used\nEnergy Ball!
4	3	1239	{00} used\nBrave Bird!
4	3	1240	The wild {00} used\nBrave Bird!
4	3	1241	The foe's {00} used\nBrave Bird!
4	3	1242	{00} used\nEarth Power!
4	3	1243	The wild {00} used\nEarth Power!
4	3	1244	The foe's {00} used\nEarth Power!
4	3	1245	{00} used\nSwitcheroo!
4	3	1246	The wild {00} used\nSwitcheroo!
4	3	1247	The foe's {00} used\nSwitcheroo!
4	3	1248	{00} used\nGiga Impact!
4	3	1249	The wild {00} used\nGiga Impact!
4	3	1250	The foe's {00} used\nGiga Impact!
4	3	1251	{00} used\nNasty Plot!
4	3	1252	The wild {00} used\nNasty Plot!
4	3	1253	The foe's {00} used\nNasty Plot!
4	3	1254	{00} used\nBullet Punch!
4	3	1255	The wild {00} used\nBullet Punch!
4	3	1256	The foe's {00} used\nBullet Punch!
4	3	1257	{00} used\nAvalanche!
4	3	1258	The wild {00} used\nAvalanche!
4	3	1259	The foe's {00} used\nAvalanche!
4	3	1260	{00} used\nIce Shard!
4	3	1261	The wild {00} used\nIce Shard!
4	3	1262	The foe's {00} used\nIce Shard!
4	3	1263	{00} used\nShadow Claw!
4	3	1264	The wild {00} used\nShadow Claw!
4	3	1265	The foe's {00} used\nShadow Claw!
4	3	1266	{00} used\nThunder Fang!
4	3	1267	The wild {00} used\nThunder Fang!
4	3	1268	The foe's {00} used\nThunder Fang!
4	3	1269	{00} used\nIce Fang!
4	3	1270	The wild {00} used\nIce Fang!
4	3	1271	The foe's {00} used\nIce Fang!
4	3	1272	{00} used\nFire Fang!
4	3	1273	The wild {00} used\nFire Fang!
4	3	1274	The foe's {00} used\nFire Fang!
4	3	1275	{00} used\nShadow Sneak!
4	3	1276	The wild {00} used\nShadow Sneak!
4	3	1277	The foe's {00} used\nShadow Sneak!
4	3	1278	{00} used\nMud Bomb!
4	3	1279	The wild {00} used\nMud Bomb!
4	3	1280	The foe's {00} used\nMud Bomb!
4	3	1281	{00} used\nPsycho Cut!
4	3	1282	The wild {00} used\nPsycho Cut!
4	3	1283	The foe's {00} used\nPsycho Cut!
4	3	1284	{00} used\nZen Headbutt!
4	3	1285	The wild {00} used\nZen Headbutt!
4	3	1286	The foe's {00} used\nZen Headbutt!
4	3	1287	{00} used\nMirror Shot!
4	3	1288	The wild {00} used\nMirror Shot!
4	3	1289	The foe's {00} used\nMirror Shot!
4	3	1290	{00} used\nFlash Cannon!
4	3	1291	The wild {00} used\nFlash Cannon!
4	3	1292	The foe's {00} used\nFlash Cannon!
4	3	1293	{00} used\nRock Climb!
4	3	1294	The wild {00} used\nRock Climb!
4	3	1295	The foe's {00} used\nRock Climb!
4	3	1296	{00} used\nDefog!
4	3	1297	The wild {00} used\nDefog!
4	3	1298	The foe's {00} used\nDefog!
4	3	1299	{00} used\nTrick Room!
4	3	1300	The wild {00} used\nTrick Room!
4	3	1301	The foe's {00} used\nTrick Room!
4	3	1302	{00} used\nDraco Meteor!
4	3	1303	The wild {00} used\nDraco Meteor!
4	3	1304	The foe's {00} used\nDraco Meteor!
4	3	1305	{00} used\nDischarge!
4	3	1306	The wild {00} used\nDischarge!
4	3	1307	The foe's {00} used\nDischarge!
4	3	1308	{00} used\nLava Plume!
4	3	1309	The wild {00} used\nLava Plume!
4	3	1310	The foe's {00} used\nLava Plume!
4	3	1311	{00} used\nLeaf Storm!
4	3	1312	The wild {00} used\nLeaf Storm!
4	3	1313	The foe's {00} used\nLeaf Storm!
4	3	1314	{00} used\nPower Whip!
4	3	1315	The wild {00} used\nPower Whip!
4	3	1316	The foe's {00} used\nPower Whip!
4	3	1317	{00} used\nRock Wrecker!
4	3	1318	The wild {00} used\nRock Wrecker!
4	3	1319	The foe's {00} used\nRock Wrecker!
4	3	1320	{00} used\nCross Poison!
4	3	1321	The wild {00} used\nCross Poison!
4	3	1322	The foe's {00} used\nCross Poison!
4	3	1323	{00} used\nGunk Shot!
4	3	1324	The wild {00} used\nGunk Shot!
4	3	1325	The foe's {00} used\nGunk Shot!
4	3	1326	{00} used\nIron Head!
4	3	1327	The wild {00} used\nIron Head!
4	3	1328	The foe's {00} used\nIron Head!
4	3	1329	{00} used\nMagnet Bomb!
4	3	1330	The wild {00} used\nMagnet Bomb!
4	3	1331	The foe's {00} used\nMagnet Bomb!
4	3	1332	{00} used\nStone Edge!
4	3	1333	The wild {00} used\nStone Edge!
4	3	1334	The foe's {00} used\nStone Edge!
4	3	1335	{00} used\nCaptivate!
4	3	1336	The wild {00} used\nCaptivate!
4	3	1337	The foe's {00} used\nCaptivate!
4	3	1338	{00} used\nStealth Rock!
4	3	1339	The wild {00} used\nStealth Rock!
4	3	1340	The foe's {00} used\nStealth Rock!
4	3	1341	{00} used\nGrass Knot!
4	3	1342	The wild {00} used\nGrass Knot!
4	3	1343	The foe's {00} used\nGrass Knot!
4	3	1344	{00} used\nChatter!
4	3	1345	The wild {00} used\nChatter!
4	3	1346	The foe's {00} used\nChatter!
4	3	1347	{00} used\nJudgment!
4	3	1348	The wild {00} used\nJudgment!
4	3	1349	The foe's {00} used\nJudgment!
4	3	1350	{00} used\nBug Bite!
4	3	1351	The wild {00} used\nBug Bite!
4	3	1352	The foe's {00} used\nBug Bite!
4	3	1353	{00} used\nCharge Beam!
4	3	1354	The wild {00} used\nCharge Beam!
4	3	1355	The foe's {00} used\nCharge Beam!
4	3	1356	{00} used\nWood Hammer!
4	3	1357	The wild {00} used\nWood Hammer!
4	3	1358	The foe's {00} used\nWood Hammer!
4	3	1359	{00} used\nAqua Jet!
4	3	1360	The wild {00} used\nAqua Jet!
4	3	1361	The foe's {00} used\nAqua Jet!
4	3	1362	{00} used\nAttack Order!
4	3	1363	The wild {00} used\nAttack Order!
4	3	1364	The foe's {00} used\nAttack Order!
4	3	1365	{00} used\nDefend Order!
4	3	1366	The wild {00} used\nDefend Order!
4	3	1367	The foe's {00} used\nDefend Order!
4	3	1368	{00} used\nHeal Order!
4	3	1369	The wild {00} used\nHeal Order!
4	3	1370	The foe's {00} used\nHeal Order!
4	3	1371	{00} used\nHead Smash!
4	3	1372	The wild {00} used\nHead Smash!
4	3	1373	The foe's {00} used\nHead Smash!
4	3	1374	{00} used\nDouble Hit!
4	3	1375	The wild {00} used\nDouble Hit!
4	3	1376	The foe's {00} used\nDouble Hit!
4	3	1377	{00} used\nRoar of Time!
4	3	1378	The wild {00} used\nRoar of Time!
4	3	1379	The foe's {00} used\nRoar of Time!
4	3	1380	{00} used\nSpacial Rend!
4	3	1381	The wild {00} used\nSpacial Rend!
4	3	1382	The foe's {00} used\nSpacial Rend!
4	3	1383	{00} used\nLunar Dance!
4	3	1384	The wild {00} used\nLunar Dance!
4	3	1385	The foe's {00} used\nLunar Dance!
4	3	1386	{00} used\nCrush Grip!
4	3	1387	The wild {00} used\nCrush Grip!
4	3	1388	The foe's {00} used\nCrush Grip!
4	3	1389	{00} used\nMagma Storm!
4	3	1390	The wild {00} used\nMagma Storm!
4	3	1391	The foe's {00} used\nMagma Storm!
4	3	1392	{00} used\nDark Void!
4	3	1393	The wild {00} used\nDark Void!
4	3	1394	The foe's {00} used\nDark Void!
4	3	1395	{00} used\nSeed Flare!
4	3	1396	The wild {00} used\nSeed Flare!
4	3	1397	The foe's {00} used\nSeed Flare!
4	3	1398	{00} used\nOminous Wind!
4	3	1399	The wild {00} used\nOminous Wind!
4	3	1400	The foe's {00} used\nOminous Wind!
4	3	1401	{00} used\nShadow Force!
4	3	1402	The wild {00} used\nShadow Force!
4	3	1403	The foe's {00} used\nShadow Force!
4	4	0	PLAYER: {00}
4	4	1	This document certifies that\nyou have made the great\nachievement of catching all\nthe Pokémon in Johto.
4	4	2	This document certifies\nthat you have successfully\ncompleted your\nNational Pokédex.
4	4	3	GAME FREAK
4	4	4	{00} and {01}
4	4	5	Fighting together, walking\ntogether. Forging a bond that\ncannot be broken and will go\non continually into eternity.\nThis bond is illuminated here.
4	5	0	HP/PP
4	5	1	RESTORE
4	5	2	STATUS
4	5	3	HEALERS
4	5	4	     
4	5	5	    
4	5	6	BATTLE ITEMS
4	5	7	POKé BALLS
4	5	8	Item used last
4	5	9	{00}
4	5	10	x{00}
4	5	11	{00}
4	5	12	x{00}
4	5	13	{00}
4	5	14	x{00}
4	5	15	{00}
4	5	16	x{00}
4	5	17	{00}
4	5	18	x{00}
4	5	19	{00}
4	5	20	x{00}
4	5	21	   
4	5	22	HP/PP
4	5	23	RESTORE
4	5	24	STATUS
4	5	25	HEALERS
4	5	26	POKé BALLS
4	5	27	BATTLE ITEMS
4	5	28	/
4	5	29	{00}
4	5	30	{00}
4	5	31	USE
4	5	32	{00}
4	5	33	x{00}
4	5	34	It won't do any good to use that!
4	5	35	              
4	5	36	{00} is getting\npumped!
4	5	37	{00}'s Attack\nrose!
4	5	38	{00}'s Special Attack\nrose!
4	5	39	{00}'s Speed\nrose!
4	5	40	{00}'s Special Defense\nrose!
4	5	41	{00}'s Defense\nrose!
4	5	42	{00}'s accuracy\nrose!
4	5	43	The {00} was used!
4	5	44	It's no good! It's impossible to aim\nwhen there are two Pokémon!
4	5	45	There is no room left in the PC!
4	5	46	{01}'s effect prevents\nthe item's use on {00}!
4	5	47	It's no good! It's impossible to aim\nat a Pokémon that's not in sight!
4	5	48	It's no good! It's impossible to aim\nat a Pokémon that's not in sight!
4	6	0	{00}
4	6	1	{00}
4	6	2	{00}
4	6	3	{00}
4	6	4	{00}
4	6	5	{00}
4	6	6	Choose a Pokémon.
4	6	7	Use on which Pokémon?
4	6	8	{00}
4	6	9	{00}
4	6	10	     
4	6	11	     
4	6	12	     
4	6	13	     
4	6	14	PP
4	6	15	SHIFT
4	6	16	♂
4	6	17	♀
4	6	18	SUMMARY
4	6	19	CHECK MOVES
4	6	20	No item held
4	6	21	{00}
4	6	22	{00}
4	6	23	Lv.
4	6	24	{00}
4	6	25	NEXT LV
4	6	26	{00}
4	6	27	{00}
4	6	28	HP
4	6	29	{00}
4	6	30	{00}
4	6	31	/
4	6	32	ATTACK
4	6	33	{00}
4	6	34	DEFENSE
4	6	35	{00}
4	6	36	SP. ATK
4	6	37	{00}
4	6	38	SP. DEF
4	6	39	{00}
4	6	40	SPEED
4	6	41	{00}
4	6	42	{00}
4	6	43	PP
4	6	44	{00}
4	6	45	{00}
4	6	46	/
4	6	47	  
4	6	48	POWER
4	6	49	{00}
4	6	50	---
4	6	51	ACCURACY
4	6	52	{00}
4	6	53	CATEGORY
4	6	54	PHYSICAL
4	6	55	STATUS
4	6	56	SPECIAL
4	6	57	        
4	6	58	FORGET
4	6	59	CANCEL
4	6	60	HM moves can't be\nforgotten now.
4	6	61	{00}
4	6	62	{00}
4	6	63	{00}
4	6	64	{00}
4	6	65	{00}
4	6	66	{00}
4	6	67	{00}
4	6	68	{00}
4	6	69	{00}
4	6	70	{00}
4	6	71	{00}
4	6	72	{00}
4	6	73	{00}
4	6	74	{00}
4	6	75	{00}
4	6	76	{00} is already\nin battle!
4	6	77	{00} has no energy\nleft to battle!
4	6	78	{00} can't be switched\nout!
4	6	79	An Egg can't battle!
4	6	80	You can't switch {00}'s\nPokémon with one of yours!
4	6	81	It won't have any effect.
4	6	82	{00}'s HP was restored\nby {01} point(s).
4	6	83	{00} was cured of its\npoisoning.
4	6	84	{00} was cured of\nparalysis.
4	6	85	{00}'s burn was healed.
4	6	86	{00} was thawed out.
4	6	87	PP was restored.
4	6	88	{00} recovered from\nfainting!
4	6	89	{00} became healthy.
4	6	90	{00} snapped out of its\nconfusion.
4	6	91	{00} got over its\ninfatuation.
4	6	92	{00} woke up.
4	6	93	{00} has already been\nselected.
4	6	94	Restore which move?
4	6	95	{01}'s effect prevents\nthe item's use on {00}!
4	7	0	Delete all saved data?
4	7	1	Once data has been deleted,\nthere is no way to recover it.\n\nFurthermore, Pokéwalker registered\ndata will also be erased.\n\nDelete the saved data anyway?
4	7	2	Deleting all data.\nDon't turn off the power.
4	8	0	The save data could not be\naccessed.\n\nPlease turn the power off and\nreinsert the DS Game Card.
4	8	1	The data could not be read.\n\nPlease turn off the power, then\nremove and reinsert the Game Boy\nAdvance Game Pak.
4	9	0	The save data could not be\naccessed.\n\nPlease turn the power off and\nreinsert the DS Game Card.
4	9	1	Error saving data.\n\nThe backup memory has failed.\nThe game may be played, but\nit is impossible to save.\n\nPlease turn off the power.
4	10	0	USE
4	10	1	TRASH
4	10	2	REGISTER
4	10	3	GIVE
4	10	4	     
4	10	5	CONFIRM
4	10	6	WALK
4	10	7	   
4	10	8	CANCEL
4	10	9	   
4	10	10	   
4	10	11	     
4	10	12	    
4	10	13	   
4	10	14	    
4	10	15	    
4	10	16	CHECK
4	10	17	  
4	10	18	DESELECT
4	10	19	   
4	10	20	     
4	10	21	 
4	10	22	{00}/{01}
4	10	23	 
4	10	24	  
4	10	25	---
4	10	26	 
4	10	27	 
4	10	28	  
4	10	29	  
4	10	30	 
4	10	31	 
4	10	32	    
4	10	33	 
4	10	34	    
4	10	35	          
4	10	36	         
4	10	37	   
4	10	38	     
4	10	39	 
4	10	40	  
4	10	41	       
4	10	42	   
4	10	43	The {00} item is selected.
4	10	44	                     
4	10	45	            
4	10	46	Move the {00}.
4	10	47	The {00} can't be held.
4	10	48	                          
4	10	49	                  
4	10	50	                    
4	10	51	                
4	10	52	                             
4	10	53	Throw away how many\n{00}(s)?
4	10	54	Threw away {01} {00}.
4	10	55	Is it OK to throw away\n{01} {00}?
4	10	56	                                         
4	10	57	You can't dismount your Bike here.
4	10	58	Your Coins: {00}
4	10	59	Booted up a TM.\n
4	10	60	Booted up an HM.\n
4	10	61	It contained\n{00}.\n\nTeach {00}\nto a Pokémon?
4	10	62	{00} used the\n{01}.
4	10	63	Since a Repel's effects still linger,\nyou can't use this now.
4	10	64	{00} used the\n{01}.\n\nWild Pokémon will be lured.
4	10	65	{00} used the\n{01}.\n\nWild Pokémon will be repelled.
4	10	66	              
4	10	67	             
4	10	68	            
4	10	69	            
4	10	70	          
4	10	71	      
4	10	72	                              
4	10	73	             
4	10	74	                       
4	10	75	MOVE
4	10	76	{00}? Oh, no.\nI can't buy that.
4	10	77	{00}? \nHow many will you sell?
4	10	78	I can pay ${00}.\nWould that be OK?
4	10	79	Turned over the {00}\nand received ${01}.
4	10	80	Money
4	10	81	${00}
4	10	82	      
4	10	83	+${00}
4	10	84	  
4	10	85	   
4	10	86	SELL
4	10	87	x{00}
4	10	88	    
4	10	89	PP
4	10	90	POWER
4	10	91	ACCURACY
4	10	92	CATEGORY
4	10	93	{00}
4	10	94	{00}
4	10	95	Seals: {00}
4	10	96	Accessories: {00}\nBackdrops: {01}
4	10	97	         
4	10	98	   
4	10	99	   
4	10	100	Saved Battle Points:\n{00} BP
4	10	101	TYPE
4	10	102	A Key Item in the Bag can be assigned\nto this button for instant use.
4	10	103	You can only register up to two items\nto buttons!
4	10	104	Turned on the power for\nGB Sounds!
4	10	105	Turned off the power for\nGB Sounds!
4	10	106	Can't use the {00}.
4	10	107	                  
4	10	108	              
4	10	109	                    
4	10	110	          
4	10	111	               
4	10	112	                             
4	10	113	                                      
4	10	114	               
4	10	115	       
4	10	116	         
4	10	117	                               
4	10	118	Can't be used when you have someone\nwith you!
4	10	119	You can't be doing that now!
4	10	120	Item Pocket\nFor items that will be useful during your\nadventure.
4	10	121	Medicine Pocket\nFor items to regain your Pokémon's\nHP and PP.
4	10	122	Poké Ball Pocket\nFor all different types of Poké Balls.
4	10	123	TMs & HMs Pocket\nFor all different types of TMs and HMs.
4	10	124	Berry Pocket\nFor sorting and storing different\nBerries.
4	10	125	Mail Pocket\nFor sorting and storing vibrant\nstationery.
4	10	126	Battle Items Pocket\nFor items that are useful during battle.
4	10	127	Key Items Pocket\nFor items that are indispensable for\nyour adventure.
4	10	128	STOP
4	11	0	EDIT
4	11	1	QUIT
4	11	2	SET
4	11	3	REMOVE
4	11	4	SHIFT
4	11	5	OK
4	11	6	CANCEL
4	11	7	Choose a Capsule.
4	11	8	What would you like to do?
4	11	9	The Capsule was removed.
4	11	10	Switch with which Capsule?
4	11	11	The Capsules were switched.
4	11	12	Finished editing the Capsule.
4	11	13	Confirming...
4	11	14	Quit without changing the\nCapsule design?
4	11	15	There's no more room!
4	11	16	There are no Seals left.
4	11	17	Exit
4	11	18	   
4	11	19	     
4	12	0	4\n3\n2\n1\n0
4	12	1	9\n8\n7\n6\n5
4	12	2	cc
4	12	3	Press the WOBBUFFET pump and pop\nballoons together!
4	12	4	0
4	12	5	1
4	12	6	2
4	12	7	3
4	12	8	4
4	12	9	5
4	12	10	6
4	12	11	7
4	12	12	8
4	12	13	9
4	13	0	BATTLE VIDEOS
4	13	1	FRONTIER RECORD
4	13	2	CANCEL
4	13	3	EXIT
4	13	4	MY VIDEO
4	13	5	OTHER VIDEOS
4	13	6	DELETE VIDEOS
4	13	7	{00}'S VIDEO
4	13	8	EMPTY
4	13	9	{00}
4	13	10	Battle
4	13	11	Video no.: {00}-{01}-{02}
4	13	12	Video no.: {00}-{01}-{02} ☆
4	13	13	{00}'S PROFILE
4	13	14	    
4	13	15	Birth month: 
4	13	16	Location
4	13	17	Trainer's quote
4	13	18	   
4	13	19	      
4	13	21	Unregistered
4	13	22	{00}
4	13	23	{00}
4	13	24	{00} {01}
4	13	25	                 
4	13	26	        
4	13	27	      
4	13	28	{00}'S FAVORITE PC BOX
4	13	29	{00}'S COOL PC BOX
4	13	30	{00}'S CUTE PC BOX
4	13	31	{00}'S SUGGESTED PC BOX
4	13	32	{00}'S FUN PC BOX
4	13	33	{00}'S SELECT PC BOX
4	13	34	Next\nPokémon
4	13	35	           
4	13	36	            
4	13	37	            
4	13	38	            
4	13	39	DELETE MY VIDEO
4	13	40	DELETE OTHER VIDEOS
4	13	41	EMPTY
4	13	42	             
4	13	43	      
4	13	44	       
4	13	45	       
4	13	46	       
4	13	47	           
4	13	48	SEARCH BY FACILITY
4	13	49	SEARCH BY POKéMON
4	13	50	SEARCH YOUR LOCATION
4	13	51	SEND PHOTO
4	13	52	VIEW PHOTOS
4	13	53	SEND
4	13	54	                 
4	13	55	                  
4	13	56	{00}\n{01}
4	13	57	    
4	13	58	SEND BOX DATA
4	13	59	VIEW BOX DATA
4	13	60	FAVORITE
4	13	61	COOL
4	13	62	CUTE
4	13	63	SUGGESTED
4	13	64	FUN
4	13	65	SELECT
4	13	66	    
4	13	67	      
4	13	68	ABC
4	13	69	DEF
4	13	70	GHI
4	13	71	JKL
4	13	72	MNO
4	13	73	PQR
4	13	74	STU
4	13	75	VWX
4	13	76	YZ
4	13	78	THIS WEEK'S RANKINGS
4	13	79	LAST WEEK'S RANKINGS
4	13	80	SWITCH RANKINGS
4	13	81	SWITCH TEAMS
4	13	82	Team: Trainer type
4	13	83	Team: Birth month
4	13	84	Team: Favorite Pokémon
4	13	85	{01}: {00}
4	13	86	{01}: 
4	13	87	{01}: {00}
4	13	88	{00}: {01}
4	13	89	{00}: {01}
4	13	90	{00}: {01}
4	13	91	LAST WEEK'S RESULTS!
4	13	92	COLOSSEUM
4	13	93	BATTLE FRONTIER
4	13	94	SAVE
4	13	95	VIEW BATTLE\nVIDEO
4	13	96	      
4	13	97	TOP-RANKED BATTLE VIDEOS\nCOLOSSEUM
4	13	98	TOP-RANKED BATTLE VIDEOS\nBATTLE FRONTIER
4	13	99	:
4	13	100	Where would you like to save\n{00}'s Battle Video?
4	13	101	       
4	13	102	Is it OK to delete {00}'s Battle\nVideo?
4	13	103	VIEW BATTLE VIDEOS
4	13	104	SEND BATTLE VIDEO
4	13	105	NEWEST 30
4	13	106	SEARCH
4	13	107	SEARCH BY VIDEO NO.
4	13	108	SEARCH BY FACILITY
4	13	109	SEARCH BY POKéMON
4	13	110	SEARCH YOUR LOCATION
4	13	111	OK!
4	13	112	Please enter the Video Number.
4	13	113	Please choose the facility.
4	13	114	Please choose the Pokémon.
4	13	115	Please enter the search criteria.
4	13	116	You haven't set any search criteria.
4	13	117	Loading Battle Video...
4	13	118	There is no matching Battle Video...
4	13	119	Sending the Battle Video...
4	13	120	               
4	13	121	VIEW PROFILE
4	13	122	CLOSE PROFILE
4	13	123	NEWEST 30 BATTLE VIDEOS
4	13	124	Please set the search criteria.
4	13	125	Undefined
4	13	126	LIST OF BATTLE VIDEOS FROM\nSEARCH RESULTS
4	13	127	The same Battle Video can't be sent again.\nTouch the Touch Screen to continue.
4	13	128	You have not registered your location.
4	13	129	There is no Battle Video to send.
4	13	130	YES
4	13	131	NO
4	13	132	Colosseum\nSingle, No Restrictions
4	13	133	Colosseum\nSingle, Standard Cup
4	13	134	Colosseum\nSingle, Fancy Cup
4	13	135	Colosseum\nSingle, Little Cup
4	13	136	Colosseum\nSingle, Light Cup
4	13	137	Colosseum\nSingle, Double Cup
4	13	138	Colosseum\nSingle, Other Cup
4	13	139	Colosseum\nDouble, No Restrictions
4	13	140	Colosseum\nDouble, Standard Cup
4	13	141	Colosseum\nDouble, Fancy Cup
4	13	142	Colosseum\nDouble, Little Cup
4	13	143	Colosseum\nDouble, Light Cup
4	13	144	Colosseum\nDouble, Double Cup
4	13	145	Colosseum\nDouble, Other Cup
4	13	146	Colosseum\nMulti
4	13	147	Battle Tower\nSingle
4	13	148	Battle Tower\nDouble
4	13	149	Battle Tower\nMulti
4	13	150	Battle Factory\nLevel 50 Single
4	13	151	Battle Factory\nLevel 50 Double
4	13	152	Battle Factory\nLevel 50 Multi
4	13	153	Battle Factory\nOpen Level Single
4	13	154	Battle Factory\nOpen Level Double
4	13	155	Battle Factory\nOpen Level Multi
4	13	156	Battle Hall\nSingle
4	13	157	Battle Hall\nDouble
4	13	158	Battle Hall\nMulti
4	13	159	Battle Castle\nSingle
4	13	160	Battle Castle\nDouble
4	13	161	Battle Castle\nMulti
4	13	162	Battle Arcade\nSingle
4	13	163	Battle Arcade\nDouble
4	13	164	Battle Arcade\nMulti
4	13	165	Colosseum\nSingle, No Restrictions
4	13	166	Colosseum\nSingle, Cup Match
4	13	167	Colosseum\nDouble, No Restrictions
4	13	168	Colosseum\nDouble, Cup Match
4	13	169	1: Colosseum\n    Single, No Restrictions
4	13	170	2: Colosseum\n    Single, Cup Match
4	13	171	3: Colosseum\n    Double, No Restrictions
4	13	172	4: Colosseum\n    Double, Cup Match
4	13	173	5: Colosseum\n    Multi
4	13	174	6: Battle Tower\n    Single
4	13	175	7: Battle Tower\n    Double
4	13	176	8: Battle Tower\n    Multi
4	13	177	9: Battle Factory\n    Level 50, Single
4	13	178	10: Battle Factory\n      Level 50, Double
4	13	179	11: Battle Factory\n      Level 50, Multi
4	13	180	12: Battle Factory\n      Open Level, Single
4	13	181	13: Battle Factory\n      Open Level, Double
4	13	182	14: Battle Factory\n      Open Level, Multi
4	13	183	15: Battle Hall\n      Single
4	13	184	16: Battle Hall\n      Double
4	13	185	17: Battle Hall\n      Multi
4	13	186	18: Battle Castle\n      Single
4	13	187	19: Battle Castle\n      Double
4	13	188	20: Battle Castle\n      Multi
4	13	189	21: Battle Arcade\n      Single
4	13	190	22: Battle Arcade\n      Double
4	13	191	23: Battle Arcade\n      Multi
4	13	192	TOUCH HERE!
4	13	193	Is it OK to disconnect from\nNintendo Wi-Fi Connection?
4	13	194	 
4	13	195	User authentication error.\nPlease wait a while before reconnecting.
4	13	196	This data is already registered.\nTouch the Touch Screen to continue.
4	13	197	There appears to be a problem with the\nDress-Up Data.
4	13	198	There appears to be a problem with the\nProfile data.
4	13	199	An error occurred.\nTouch the Touch Screen to continue.
4	13	200	 
4	13	201	User authentication error.\nPlease wait a while before reconnecting.
4	13	202	There appears to be a problem with the\nchosen Pokémon.
4	13	203	An error occurred.\nTouch the Touch Screen to continue.
4	13	204	 
4	13	205	User authentication error.\nPlease wait a while before reconnecting.
4	13	206	This data is already registered.\nTouch the Touch Screen to continue.
4	13	207	There appears to be a problem with the\nBox Data.
4	13	208	There appears to be a problem with the\nProfile data.
4	13	209	There appears to be a problem with your\nparty.
4	13	210	An error occurred.\nTouch the Touch Screen to continue.
4	13	211	 
4	13	212	User authentication error.\nPlease wait a while before reconnecting.
4	13	213	There appears to be a problem with your\nparty.
4	13	214	An error occurred.\nTouch the Touch Screen to continue.
4	13	215	 
4	13	216	User authentication error.\nPlease wait a while before reconnecting.
4	13	217	An error occurred.\nTouch the Touch Screen to continue.
4	13	218	 
4	13	219	User authentication error.\nPlease wait a while before reconnecting.
4	13	220	Failed to receive ranking data.\nTouch the Touch Screen to continue.
4	13	221	There appears to be a problem with your\nranking record.
4	13	222	There appears to be a problem with the\nProfile data.
4	13	223	An error occurred.\nTouch the Touch Screen to continue.
4	13	224	 
4	13	225	User authentication error.\nPlease wait a while before reconnecting.
4	13	226	This data is already registered.\nTouch the Touch Screen to continue.
4	13	227	There appears to be a problem with the\nBattle Video.
4	13	228	There appears to be a problem with the\nProfile data.
4	13	229	An error occurred.\nTouch the Touch Screen to continue.
4	13	230	There appears to be a problem with your\nPokémon. Data was not sent.
4	13	231	There appears to be a problem with a\nplayer's Pokémon. Data was not sent.
4	13	232	 
4	13	233	User authentication error.\nPlease wait a while before reconnecting.
4	13	234	There appears to be a problem with the\nsearch criteria.
4	13	235	An error occurred.\nTouch the Touch Screen to continue.
4	13	236	 
4	13	237	User authentication error.\nPlease wait a while before reconnecting.
4	13	238	No matching Battle Videos found...\nTouch the Touch Screen to continue.
4	13	239	An error occurred.\nTouch the Touch Screen to continue.
4	13	240	 
4	13	241	 
4	13	242	 
4	13	243	 
4	13	244	 
4	13	245	An error occurred.\nError Code 10601
4	13	246	An error occurred.\nError Code 10602
4	13	247	An error occurred.\nError Code 10603
4	13	248	An error occurred.\nError Code 10604
4	13	249	Unable to connect.\nError Code 10605
4	13	250	An error occurred.\nError Code 10606
4	13	251	Unable to connect.\nError Code 10607
4	13	252	An error occurred.\nError Code 10608
4	13	253	An error occurred.\nError Code 10609
4	13	254	There is no response.\nError Code 10610
4	13	255	There is no response.\nError Code 10611
4	13	256	There is no response.\nError Code 10612
4	13	257	Communication was interrupted.\nError Code 10613
4	13	258	Unable to connect.\nError Code 10614
4	13	259	 
4	13	260	 
4	13	261	 
4	13	262	 
4	13	263	 
4	13	264	 
4	13	265	 
4	13	266	The connection to the server was lost.\nTouch the Touch Screen to continue.
4	13	267	 
4	13	268	 
4	13	269	There is nothing saved.\nTouch the Touch Screen to continue.
4	13	270	Please choose a Box.
4	13	271	An empty Box's Data can't be sent.
4	13	272	Where would you like to send this?
4	13	273	Only one Box Data may be sent at a time.
4	13	274	The same Box Data can't be sent.
4	13	275	Which category would you like to see?
4	13	276	The saved data could not be deleted...
4	13	277	The same Battle Video can't be saved again.\nTouch the Touch Screen to continue.
4	13	278	Saving...\nDon't turn off the power.
4	13	279	Receiving ranking data...
4	13	280	Sending save data...
4	13	281	Save completed.\nTouch the Touch Screen to continue.
4	13	282	Do you want to delete {00}'s\nBattle Video?
4	13	283	Is it really OK to delete this data?
4	13	284	Deleting data...\nSaving... Don't turn off the power.
4	13	285	The data was deleted.\nTouch the Touch Screen to continue.
4	13	286	Sending your Dress-Up Data...
4	13	287	Receiving Dress-Up Data...
4	13	288	Sending your Box Data...
4	13	289	Receiving Box Data...
4	13	290	You have no saved data to send.\nTake a photo in the Goldenrod Tunnel.
4	13	291	The same data can't be sent again.\nTouch the Touch Screen to continue.
4	13	292	Receiving Battle Videos...
4	13	293	No matching data was found...\nTouch the Touch Screen to continue.
4	13	294	No matching Box Data was found...\nTouch the Touch Screen to continue.
4	13	295	Your Battle Video was sent.\nVideo no.: {00}-{01}-{02}\n
4	13	296	The game will be saved before you can view\nBattle Videos.
4	13	297	Deleting data... Saving a lot of\ndata... Don't turn off the power.
4	13	298	Saving a lot of data...\nDon't turn off the power.
4	13	299	Saving...\nDon't turn off the power.
4	13	300	There is no ranking data...\nTouch the Touch Screen to continue.
4	13	301	Would you like to send your Battle Video?
4	13	302	 
4	13	303	 
4	13	304	 
4	13	305	 
4	13	307	 
4	13	308	 
4	13	309	 
4	13	310	LATEST 20 IN THE FAVORITE PC BOX
4	13	311	LATEST 20 IN THE COOL PC BOX
4	13	312	LATEST 20 IN THE CUTE PC BOX
4	13	313	LATEST 20 IN THE SUGGESTED PC BOX
4	13	314	LATEST 20 IN THE FUN PC BOX
4	13	315	LATEST 20 IN THE SELECT PC BOX
4	13	316	School Kid♂
4	13	317	Bug Catcher
4	13	318	Ace Trainer♂
4	13	319	Roughneck
4	13	320	Ruin Maniac
4	13	321	Black Belt
4	13	322	Rich Boy
4	13	323	Psychic♂
4	13	324	Lass
4	13	325	Battle Girl
4	13	326	Beauty
4	13	327	Ace Trainer♀
4	13	328	Idol
4	13	329	Socialite
4	13	330	Cowgirl
4	13	331	Lady
4	13	332	Goldver
4	13	333	Ignore Location
4	14	0	Please take your designated position\nand start the battle.
4	14	1	Please wait a moment...\nPress the B Button to cancel.
4	14	2	Let's check out {00}'s\nTrainer Card...\n\n...It's a Normal Card!
4	14	3	Let's check out {00}'s\nTrainer Card...\n\n...It's a Cobalt Card!
4	14	4	Let's check out {00}'s\nTrainer Card...\n\n...It's an Olive Card!
4	14	5	Let's check out {00}'s\nTrainer Card...\n\n...It's a Violet Card!
4	14	6	Let's check out {00}'s\nTrainer Card...\n\n...It's a Gray Card!
4	14	7	Let's check out {00}'s\nTrainer Card...\n\n...It's a Black Card!
4	14	8	              
4	14	9	Communication will be ended.\nIs that OK? 
4	14	10	  
4	14	11	   
4	14	12	Ending communication.\nPlease wait.
4	14	13	Please choose the Pokémon to be\nentered.\n\n
4	14	14	Waiting for {00} to choose.
4	14	15	The battle has been canceled.
4	14	16	                
4	14	17	Please select one of your opponent's\nPokémon.
4	14	18	Is {01} your choice?
4	14	19	Please select the three Pokémon\nthat will participate.\n\n
4	14	20	In a Mix Battle, you and your\nopponent first choose one of each\n\nother's Pokémon.\n\nThen, you exchange the chosen\nPokémon and battle.\n\n
4	14	21	CANCEL
4	14	22	SUMMARY
4	14	23	OK
4	14	24	CANCEL
4	14	25	Let's check out {00}'s\nTrainer Card...\n\n...It's a Diamond Card!
4	14	26	Let's check out {00}'s\nTrainer Card...\n\n...It's a Pearl Card!
4	14	27	Let's check out {00}'s\nTrainer Card...\n\n...It's a Platinum Card!
4	15	1	Heart Seal A
4	15	2	Heart Seal B
4	15	3	Heart Seal C
4	15	4	Heart Seal D
4	15	5	Heart Seal E
4	15	6	Heart Seal F
4	15	7	Star Seal A
4	15	8	Star Seal B
4	15	9	Star Seal C
4	15	10	Star Seal D
4	15	11	Star Seal E
4	15	12	Star Seal F
4	15	13	Line Seal A
4	15	14	Line Seal B
4	15	15	Line Seal C
4	15	16	Line Seal D
4	15	17	Smoke Seal A
4	15	18	Smoke Seal B
4	15	19	Smoke Seal C
4	15	20	Smoke Seal D
4	15	21	Ele-Seal A
4	15	22	Ele-Seal B
4	15	23	Ele-Seal C
4	15	24	Ele-Seal D
4	15	25	Foamy Seal A
4	15	26	Foamy Seal B
4	15	27	Foamy Seal C
4	15	28	Foamy Seal D
4	15	29	Fire Seal A
4	15	30	Fire Seal B
4	15	31	Fire Seal C
4	15	32	Fire Seal D
4	15	33	Party Seal A
4	15	34	Party Seal B
4	15	35	Party Seal C
4	15	36	Party Seal D
4	15	37	Flora Seal A
4	15	38	Flora Seal B
4	15	39	Flora Seal C
4	15	40	Flora Seal D
4	15	41	Flora Seal E
4	15	42	Flora Seal F
4	15	43	Song Seal A
4	15	44	Song Seal B
4	15	45	Song Seal C
4	15	46	Song Seal D
4	15	47	Song Seal E
4	15	48	Song Seal F
4	15	49	Song Seal G
4	15	50	A Seal
4	15	51	B Seal
4	15	52	C Seal
4	15	53	D Seal
4	15	54	E Seal
4	15	55	F Seal
4	15	56	G Seal
4	15	57	H Seal
4	15	58	I Seal
4	15	59	J Seal
4	15	60	K Seal
4	15	61	L Seal
4	15	62	M Seal
4	15	63	N Seal
4	15	64	O Seal
4	15	65	P Seal
4	15	66	Q Seal
4	15	67	R Seal
4	15	68	S Seal
4	15	69	T Seal
4	15	70	U Seal
4	15	71	V Seal
4	15	72	W Seal
4	15	73	X Seal
4	15	74	Y Seal
4	15	75	Z Seal
4	15	76	Shock Seal
4	15	77	Mystery Seal
4	15	78	Liquid Seal
4	15	79	Burst Seal
4	15	80	Twinkle Seal
4	16	1	Heart Seal As
4	16	2	Heart Seal Bs
4	16	3	Heart Seal Cs
4	16	4	Heart Seal Ds
4	16	5	Heart Seal Es
4	16	6	Heart Seal Fs
4	16	7	Star Seal As
4	16	8	Star Seal Bs
4	16	9	Star Seal Cs
4	16	10	Star Seal Ds
4	16	11	Star Seal Es
4	16	12	Star Seal Fs
4	16	13	Line Seal As
4	16	14	Line Seal Bs
4	16	15	Line Seal Cs
4	16	16	Line Seal Ds
4	16	17	Smoke Seal As
4	16	18	Smoke Seal Bs
4	16	19	Smoke Seal Cs
4	16	20	Smoke Seal Ds
4	16	21	Ele-Seal As
4	16	22	Ele-Seal Bs
4	16	23	Ele-Seal Cs
4	16	24	Ele-Seal Ds
4	16	25	Foamy Seal As
4	16	26	Foamy Seal Bs
4	16	27	Foamy Seal Cs
4	16	28	Foamy Seal Ds
4	16	29	Fire Seal As
4	16	30	Fire Seal Bs
4	16	31	Fire Seal Cs
4	16	32	Fire Seal Ds
4	16	33	Party Seal As
4	16	34	Party Seal Bs
4	16	35	Party Seal Cs
4	16	36	Party Seal Ds
4	16	37	Flora Seal As
4	16	38	Flora Seal Bs
4	16	39	Flora Seal Cs
4	16	40	Flora Seal Ds
4	16	41	Flora Seal Es
4	16	42	Flora Seal Fs
4	16	43	Song Seal As
4	16	44	Song Seal Bs
4	16	45	Song Seal Cs
4	16	46	Song Seal Ds
4	16	47	Song Seal Es
4	16	48	Song Seal Fs
4	16	49	Song Seal Gs
4	16	50	A Seals
4	16	51	B Seals
4	16	52	C Seals
4	16	53	D Seals
4	16	54	E Seals
4	16	55	F Seals
4	16	56	G Seals
4	16	57	H Seals
4	16	58	I Seals
4	16	59	J Seals
4	16	60	K Seals
4	16	61	L Seals
4	16	62	M Seals
4	16	63	N Seals
4	16	64	O Seals
4	16	65	P Seals
4	16	66	Q Seals
4	16	67	R Seals
4	16	68	S Seals
4	16	69	T Seals
4	16	70	U Seals
4	16	71	V Seals
4	16	72	W Seals
4	16	73	X Seals
4	16	74	Y Seals
4	16	75	Z Seals
4	16	76	Shock Seals
4	16	77	Mystery Seals
4	16	78	Liquid Seals
4	16	79	Burst Seals
4	16	80	Twinkle Seals
4	17	0	A Recruitment Message arrived\nfrom a Pokémon Ranger.\n\nYou may receive a MANAPHY Egg\nfrom the Pokémon Ranger!\n\nOn the next screen, select\nCONNECT TO POKéMON RANGER.\nTouch the screen to advance.
4	17	1	A Mystery Gift signal has\nbeen located!\n\nYou may receive a Mystery Gift!\n\nAt the next screen, select\nMystery Gift.\nTouch the screen to advance.
4	17	2	A Recruitment Message arrived\nfrom a Pokémon Ranger.\n\nHowever, to communicate with the\nPokémon Ranger, you must get\nfurther into your adventure and\nobtain a Pokédex first.\nTouch the screen to advance.
4	17	3	A Mystery Gift signal has\nbeen located.\n\nHowever, to receive a Mystery\nGift, you must get further into\nyour adventure and obtain a\nPokédex first.\nTouch the screen to advance.
4	17	4	        
4	17	5	 WARNING! There's already a saved\n game file. If you start an adventure now, \n you won't be able to save it.
4	17	6	Begin adventure
4	17	7	Return to the menu
4	18	0	Which facility would you\nlike to challenge? 
4	18	1	{00} has dropped out.\n\n
4	18	2	Please choose the Pokémon you wish to\nenter with.\n\n
4	18	3	You have chosen a different facility\nand/or level setting from your friend.\n\nPlease choose again.\n\n
4	18	4	Please wait a moment.
4	18	5	Your win-streak record does not match\nyour friend's record.\n\nYour challenge will start from the\nbeginning.\n\n
4	18	6	Both you and your friend have chosen\n{00}.\n\nPlease confer with your friend and\nchoose different Pokémon.\n\n
4	18	7	Both you and your friend have chosen\n{00} and {01}.\n\nPlease confer with your friend and\nchoose different Pokémon.\n\n
4	18	8	                                                  
4	18	9	Both you and your friend have chosen\n{00}.\n\nPlease confer with your friend and\nchoose different Pokémon.\n\n
4	18	10	Both you and your friend have chosen\n{00} and {01}.\n\nPlease confer with your friend and\nchoose different Pokémon.\n\n
4	18	11	You and your friend must choose the\nsame kind of Pokémon to battle.\n\n
4	18	12	                                                      
4	18	13	                                                            
4	18	14	Which would you like to challenge,\nLevel 50 cap or Open Level? 
4	18	15	There is already an ongoing winning\nstreak by {00}.\n\nWould you like to delete that record\nand start a new challenge\n\nwith {01}? 
4	18	16	YES
4	18	17	NO
4	18	18	Please make your selection again.\n\n
4	18	19	Saving...\nDon't turn off the power.
4	18	20	Good luck!
4	18	21	Would you like to play with\n{00} again? 
4	18	22	  
4	18	23	   
4	18	24	Awaiting your friend's selection.\nPlease wait a moment.
4	18	25	{00} has dropped out.\n\n
4	18	26	BATTLE TOWER
4	18	27	BATTLE FACTORY
4	18	28	BATTLE CASTLE
4	18	29	BATTLE HALL
4	18	30	BATTLE ARCADE
4	18	31	CANCEL
4	18	32	LEVEL 50
4	18	33	OPEN LEVEL
4	18	34	You and your friend have chosen\ndifferent challenges.\n\nPlease turn off the power, select new\nPokémon, and enter again!
4	19	0	Which record would you like to see? 
4	19	1	SINGLE
4	19	2	DOUBLE
4	19	3	MULTI
4	19	4	CANCEL
4	19	5	   
4	19	6	                             
4	19	7	                      
4	19	8	 
4	19	9	 
4	19	10	 
4	19	11	 
4	19	12	 
4	19	13	 
4	19	14	 
4	19	15	 
4	19	16	 
4	19	17	 
4	19	18	   
4	19	19	{00}
4	19	20	   
4	19	21	Battle Tower
4	19	22	Battle Factory
4	19	23	Battle Castle
4	19	24	Battle Hall
4	19	25	Battle Arcade
4	19	26	Single Record
4	19	27	Double Record
4	19	28	Multi Record
4	19	29	PREV
4	19	30	CURRENT
4	19	31	     
4	19	32	     
4	19	33	     
4	19	34	  
4	19	35	     
4	19	36	     
4	19	37	  
4	19	38	       
4	19	39	RETURN
4	19	40	{00}
4	19	41	/
4	19	42	View Records\nPlease select a Pokémon. 
4	19	43	RECORD
4	19	44	Multi with Trainer
4	19	45	Multi with friend
4	19	46	Level 50
4	19	47	Open Level
4	19	48	Rental/Trade
4	19	49	Castle Points
4	19	50	Win streak: {00}
4	19	51	{00}'s record
4	19	52	{00}
4	19	53	{00} CP
4	19	54	Win streak: {00}
4	19	55	Games cleared: {00}
4	19	56	A
4	19	57	B
4	19	58	C
4	19	59	D
4	19	60	E
4	19	61	F
4	19	62	G
4	19	63	H
4	19	64	I
4	19	65	J
4	19	66	K
4	19	67	L
4	19	68	M
4	19	69	N
4	19	70	O
4	19	71	P
4	19	72	Q
4	19	73	R
4	19	74	S
4	19	75	T
4	19	76	U
4	19	77	V
4	19	78	W
4	19	79	X
4	19	80	Y
4	19	81	Z
4	19	100	 
4	20	0	It's lined with Pokémon picture books.
4	20	1	Are these books for Pokémon\nto read?
4	20	2	It's chock-full of Pokémon books and\nphoto collections.
4	20	3	Pokémon magazines!\n\nPokémon Pal...\nPokémon Handbook...\n\nAdorable Pokémon...
4	20	4	The trash can is empty.
4	20	5	The shelves are jammed with vibrant\nPokémon goods.
4	20	6	There's a ton of convenient items.\nThey all look useful.
4	20	7	The shelves brim with all sorts of\nPokémon merchandise.
4	21	0	Apricorn Box
4	21	1	CLOSE
4	21	2	USE
4	21	3	TASTE
4	21	4	CANCEL
4	21	5	OK
4	21	6	CLOSE
4	21	7	Red Apricorn
4	21	8	Ylw Apricorn
4	21	9	Blu Apricorn
4	21	10	Grn Apricorn
4	21	11	Pnk Apricorn
4	21	12	Wht Apricorn
4	21	13	Blk Apricorn
4	21	14	Holden
4	21	15	Elaine
4	21	16	Gilmore
4	21	17	Krise
4	21	18	Victor
4	21	19	NoFlav Juice
4	21	20	Power Juice
4	21	21	Stam. Juice
4	21	22	Skill Juice
4	21	23	Jump Juice
4	21	24	Speed Juice
4	21	25	{00}
4	21	27	Collected Apricorns are inside.
4	21	28	Put the Apricorn in the Apriblender.
4	21	29	Haven't blended enough yet...
4	21	30	Juice is almost done...
4	21	31	Just a bit longer for juice to be ready.
4	21	32	The Aprijuice is ready!
4	21	33	Can still put in {00} Apricorns.
4	21	34	Cannot put in any more Apricorns.
4	21	35	What will you do with the Aprijuice?
4	21	36	Tasted the Aprijuice!
4	21	37	Select which Apricorns to give.
4	21	38	Give how many?
4	21	39	Give {01} {00}?
4	21	40	Red Apricorn\nA red Apricorn.\nIt assails your nostrils.
4	21	41	Ylw Apricorn\nA yellow Apricorn.\nIt has an invigorating scent.
4	21	42	Blu Apricorn\nA blue Apricorn.\nIt smells a bit like grass.
4	21	43	Grn Apricorn\nA green Apricorn.\nIt has a mysterious, aromatic scent.
4	21	44	Pnk Apricorn\nA pink Apricorn.\nIt has a nice, sweet scent.
4	21	45	Wht Apricorn\nA white Apricorn.\nIt doesn't smell like anything.
4	21	46	Blk Apricorn\nA black Apricorn.\nIt has an indescribable scent.
4	21	47	Apriblender
4	21	48	{00}\nFlavor {01} Mildness {02}\nCan still put in {03}
4	21	49	~How to Make Aprijuice~\nCollect Apricorns and put them\nin the Apriblender!\n\nYou can make a drink with one,\nbut the more Apricorns,\nthe better the taste!\n\nPut the Apricorns in and blend\nby running to the next town!
4	21	50	Made Aprijuice!
4	21	51	The Aprijuice's flavor\nhas changed!
4	21	52	The Aprijuice is not done!\nPut Apricorns in the Apriblender\nand blend by walking!
4	21	53	Can't put in any more!\nRun and shake the Apriblender!
4	21	54	Aprijuice is being made!\nShake by walking!
4	21	55	Improving the Aprijuice!\nShake by walking!
4	21	56	It's a spicy flavor.
4	21	57	A pungent flavor!
4	21	58	So spicy, you'll sweat!
4	21	59	So spicy, it causes coughing!
4	21	60	A resounding spiciness!
4	21	61	The ultimate spiciness!
4	21	62	A little sour.
4	21	63	An invigorating flavor.
4	21	64	Mmmmmph! Sour!
4	21	65	Unbearably sour!
4	21	66	A deep sourness!
4	21	67	An extremely sour taste!
4	21	68	A refined, dry taste.
4	21	69	A strong, dry taste!
4	21	70	Incredibly dry!
4	21	71	A pervadingly dry taste!
4	21	72	A deep-seated, dry taste!
4	21	73	An extremely dry taste!
4	21	74	A somewhat bitter taste.
4	21	75	A slightly bitter flavor.
4	21	76	An intense bitterness!
4	21	77	A massively bitter taste!
4	21	78	A sinking bitterness!
4	21	79	The peak of bitterness!
4	21	80	A sweet taste.
4	21	81	A nice, sweet taste.
4	21	82	Very sweet!
4	21	83	A sickly-sweet flavor!
4	21	84	A melt-in-your-mouth sweetness.
4	21	85	So incredibly sweet!
4	21	86	A hint of spicy taste...
4	21	87	A little salty...
4	21	88	Quite spicy...
4	21	89	A strong spiciness...
4	21	90	A hint of sourness...
4	21	91	A little sour...
4	21	92	Quite sour...
4	21	93	Intensely sour...
4	21	94	A slight dry taste...
4	21	95	A light dry taste...
4	21	96	A quite dry taste...
4	21	97	An intensely dry taste...
4	21	98	Barely a hint of bitterness...
4	21	99	Just a little bitter...
4	21	100	A strongly bitter taste...
4	21	101	Intensely bitter...
4	21	102	Barely a hint of sweetness...
4	21	103	Just a little sweet...
4	21	104	A strongly sweet taste...
4	21	105	An intensely sweet taste...
4	21	106	A very faint spiciness.
4	21	107	Merely a hint of spiciness.
4	21	108	The spiciness comes through.
4	21	109	A very faint sourness.
4	21	110	Merely a hint of sourness.
4	21	111	The sourness comes through.
4	21	112	A very faint dry taste.
4	21	113	A hint of dry taste.
4	21	114	The dryness comes through.
4	21	115	A very faint bitterness.
4	21	116	Merely a hint of bitterness.
4	21	117	The bitterness comes through.
4	21	118	A very faint sweetness.
4	21	119	Merely a hint of sweetness.
4	21	120	The sweetness comes through.
4	21	121	A disgusting aftertaste.
4	21	122	A refreshing aftertaste!
4	21	123	Eliminating spiciness...
4	21	124	Eliminating sourness...
4	21	125	Eliminating dry flavor...
4	21	126	Eliminating bitterness...
4	21	127	Eliminating sweetness...
4	21	128	The flavor is still quite weak. It\nwould be good to put in some\nApricorns with color...
4	21	129	Unspeakably incredible flavor!\nIts tastes are evenly balanced.\nI can't tell what kind of flavor!
4	21	130	Incredibly unspeakable flavor!\nIts tastes are all competing.\nI can't tell what kind of flavor!
4	21	131	There's absolutely no flavor!\nIt seems like you need to put in\na colored Apricorn.
4	21	132	Spicy {00} Sour {01} Dry {02}\nBitter {03} Sweet {04}\nMild {05} Flavor {06}
4	21	133	Now {00} Steps Stock {01}\n1: {02} 2: {03} 3: {04} 4: {05} 5: {06}\nJuice START {07} Steps  Left: {08}\nMild START {09} Steps Left: {0A}
4	22	0	Performance
4	22	1	Use
4	22	2	Back
4	22	3	{00}
4	22	4	Lv. {00}
4	22	5	Power
4	22	6	Stamina
4	22	7	Skill
4	22	8	Jump
4	22	9	Speed
4	22	10	♂
4	22	11	♀
4	22	12	Used NoFlav Juice!
4	22	13	Used PowerJuice!
4	22	14	Used Stam. Juice!
4	22	15	Used Skill Juice!
4	22	16	Used Jump Juice!
4	22	17	Used Speed Juice!
4	22	18	Nothing changed.\n\n
4	22	19	Power Performance increased!\n\n
4	22	20	Stamina Performance increased!\n\n
4	22	21	Skill Performance increased!\n\n
4	22	22	Jump Performance increased!\n\n
4	22	23	Speed Performance increased!\n\n
4	22	24	Power Performance decreased!\n\n
4	22	25	Stamina Performance decreased!\n\n
4	22	26	Skill Performance decreased!\n\n
4	22	27	Jump Performance decreased!\n\n
4	22	28	Speed Performance decreased!\n\n
4	22	29	Before giving juice
4	22	30	After giving juice
4	22	31	♢cond{00} rev{01} add{02} base{03}\n min{04} max{05} result{06}
4	23	0	It's an Apricorn Tree!\n\n
4	23	1	...It's a {01}!\n\n
4	23	2	There are no Apricorns...
4	23	3	{00} obtained\nthe {01}!
4	23	4	{00} put the {01}\nin the Apricorn Box!
4	23	5	...Well, that's what was going to\nhappen, except there's no Apricorn\n\nBox yet!\n\n{00} gave up on the\n{01}...
4	23	6	...Well, that's what was going to\nhappen, except...\n\nThe Apricorn Box is full!\n\n{00} gave up on the\n{01}...
4	23	7	Since there's nothing to put it in,\nthere's no reason to take it...
4	24	0	{00}
4	24	1	{00}
4	24	2	    
4	24	3	    
4	24	4	    
4	24	5	{00}
4	24	6	BOX 1
4	24	7	BOX 2
4	24	8	BOX 3
4	24	9	BOX 4
4	24	10	BOX 5
4	24	11	BOX 6
4	24	12	BOX 7
4	24	13	BOX 8
4	24	14	BOX 9
4	24	15	BOX 10
4	24	16	BOX 11
4	24	17	BOX 12
4	24	18	BOX 13
4	24	19	BOX 14
4	24	20	BOX 15
4	24	21	BOX 16
4	24	22	BOX 17
4	24	23	BOX 18
4	24	24	{00}/{01}
4	24	25	    
4	24	26	WALLPAPER
4	24	27	NAME
4	24	28	   
4	24	29	     
4	24	30	     
4	24	31	     
4	24	32	     
4	24	33	     
4	24	34	     
4	24	35	FOREST
4	24	36	CITY
4	24	37	DESERT
4	24	38	SAVANNA
4	24	39	CRAG
4	24	40	VOLCANO
4	24	41	SNOW
4	24	42	CAVE
4	24	43	BEACH
4	24	44	SEAFLOOR
4	24	45	RIVER
4	24	46	SKY
4	24	47	POKé CENTER
4	24	48	MACHINE
4	24	49	CHECKS
4	24	50	SIMPLE
4	24	51	HEART
4	24	52	SOUL
4	24	53	BIG BROTHER
4	24	54	POKéATHLON
4	24	55	TRIO
4	24	56	SPIKY PIKA
4	24	57	KIMONO GIRL
4	24	58	REVIVAL
4	24	59	－
4	24	60	PARTY PKMN
4	24	61	MOVE
4	24	62	RETURN
4	24	63	CHANGE BOX
4	24	64	SORT ITEMS
4	24	65	SUMMARY
4	24	66	HELD ITEMS
4	24	67	MARKING
4	24	68	RELEASE
4	24	69	WITHDRAW
4	24	70	DEPOSIT
4	24	71	EXIT
4	24	72	CONFIRM
4	24	73	CANCEL
4	24	74	SWITCH
4	24	75	EXIT
4	24	76	EXIT
4	24	77	CHANGE\nBOX
4	24	78	CHANGE\nWALLPAPER
4	24	79	DEPOSIT\nPOKéMON
4	24	80	BAG
4	24	81	GIVE
4	24	82	㊚
4	24	83	㊛
4	24	84	{00}
4	24	85	{00}
4	24	86	{00}
4	24	87	NATURE
4	24	88	ABILITY
4	24	89	ITEM
4	24	90	{00}
4	24	91	{00}
4	24	92	None
4	24	93	???
4	25	0	{00} is selected.
4	25	1	            
4	25	2	Release this Pokémon?
4	25	3	{00} was released.
4	25	4	Bye-bye, {00}!
4	25	5	Your party's full!
4	25	6	That's your last Pokémon!
4	25	7	What do you want to do?
4	25	8	                 
4	25	9	            
4	25	10	Pick the wallpaper.
4	25	11	Exit the Box?
4	25	12	Continue Box operations?
4	25	13	The Box is full.
4	25	14	The Bag is full.
4	25	15	Took the {00}.
4	25	16	{00} is now being held.
4	25	17	                
4	25	18	Which one will you take?
4	25	19	Deposit where?
4	25	20	      
4	25	21	 
4	25	22	 
4	25	23	Take this {00}?
4	25	24	Mail can't be taken away.
4	25	25	              
4	25	26	Put away {00}?
4	25	27	Placed {00} in the Bag.
4	25	28	          
4	25	29	Please detach the Ball Capsule.
4	25	30	Please remove the Mail.
4	25	31	You can't release an Egg.
4	25	32	{00} came back!
4	25	33	Was it worried about you?
4	25	34	An Egg can't hold an item.
4	25	35	Touch the Mark!
4	25	36	Place it in the Box!
4	25	37	You can add it to your party!
4	25	38	This Box is full!
4	25	39	Your party is full!
4	25	40	    
4	25	41	   
4	25	42	   
4	25	43	    
4	25	44	    
4	25	45	    
4	25	46	    
4	25	47	    
4	25	48	  
4	25	49	   
4	25	50	Deposit Pokémon
4	25	51	Withdraw Pokémon
4	25	52	Move Pokémon
4	25	53	Move Items
4	25	54	Mail cannot be moved!
4	25	55	Cannot hold {00}!
4	25	56	It has Mail!
4	25	57	It has a Ball Capsule!
4	25	58	You're out of Pokémon that can fight!
4	25	59	Mail cannot be moved!
4	25	60	You can give this to a Pokémon to hold.
4	26	0	No. of Hall of Fame entries
4	26	1	 
4	26	2	 
4	26	3	 
4	26	4	                          
4	26	5	 
4	26	6	                         
4	26	7	 
4	26	8	                         
4	26	9	 
4	26	10	                                
4	26	11	 
4	26	12	                        
4	26	13	 
4	26	14	No. of Contests entered alone
4	26	15	No. of Contests entered with\nfriends
4	26	16	No. of Contests entered alone and\nwon
4	26	17	No. of Contests entered with\nfriends and won
4	26	18	 
4	26	19	 
4	26	20	 
4	26	21	 
4	26	22	 
4	26	23	No. of times wild Pokémon fled
4	26	24	 
4	26	25	No. of Berries planted
4	26	26	No. of steps walked
4	26	27	No. of times battled wild Pokémon
4	26	28	No. of Trainer battles excluding\nUnion Room and Frontier
4	26	29	No. of Pokémon caught
4	26	30	No. of Pokémon caught fishing
4	26	31	No. of Eggs hatched
4	26	32	No. of times own Pokémon evolved
4	26	33	No. of Game Corner slot jackpots
4	26	34	No. of Battle Tower challenges
4	26	35	 
4	26	36	 
4	26	37	 
4	26	38	 
4	26	39	No. of completed GTS Pokémon\ntrades
4	26	40	No. of battles won over Nintendo\nWi-Fi Connection
4	26	41	 
4	26	42	No. of battles tied over Nintendo\nWi-Fi Connection
4	26	43	No. of battles won at the Battle\nTower
4	26	44	The total money spent shopping
4	26	45	No. of Pokémon left with the Day\nCare
4	26	46	No. of Pokémon defeated
4	26	47	No. of Pokémon offered on GTS
4	26	48	No. of times Pokémon were traded\nwith friends at the Wi-Fi Club
4	26	49	No. of times you signed your\nTrainer Card
4	26	50	No. of Pokémon extracted from\nFossils
4	26	51	No. of times footprints were\nchecked by Dr. Footstep
4	26	52	No. of times Mail was sent
4	26	53	No. of wild Pokémon lured using\nHoney
4	26	54	No. of times you talked to someone\nin the Wi-Fi Plaza
4	26	55	Number of Spheres buried in the\nUnderground
4	26	56	No. of times watched TV
4	26	57	No. of times Pokémon were given\nnicknames
4	26	58	No. of Premier Balls received
4	26	59	Items found by Pokémon in Amity\nSquare
4	26	60	No. of Poffins cooked alone
4	26	61	No. of Poffins cooked with friends
4	26	62	No. of Pokémon Dress-Up Data\nphotos taken
4	26	63	No. of boulders pushed using the\nhidden move Strength
4	26	64	No. of times mired in a swamp
4	26	65	No. of matches against your rival &\nGym Leaders at the Battleground
4	26	66	No. of facilities challenged at the\nBattle Frontier
4	26	67	No. of times you met the Frontier\nBrains
4	26	68	No. of wins at the Battle Factory
4	26	69	No. of wins at the Battle Castle
4	26	70	No. of wins at the Battle Hall
4	26	71	No. of wins at the Battle Arcade
4	26	72	No. of Pokémon trades at the\nBattle Factory
4	26	73	Total Castle Points earned at the\nBattle Castle
4	26	74	No. of wins over Rank 10 Pokémon\nat the Battle Hall
4	26	75	Battle Points earned from the\nBattle Arcade game board
4	26	76	Total Battle Points won
4	26	77	Total Battle Points spent
4	26	78	No. of Wi-Fi Plaza Games played
4	26	79	No. of Eggs traded using Spin Trade
4	26	80	No. of Star Pieces traded at the\nFuego Ironworks
4	26	81	                      
4	26	82	                           
4	26	83	             
4	26	84	            
4	26	85	                            
4	26	86	                        
4	26	87	   
4	26	88	  
4	26	89	  
4	26	90	   
4	26	91	   
4	26	92	   
4	26	93	   
4	26	94	 
4	26	95	{02}
4	26	99	{02}
4	26	101	{02}
4	26	103	{02}
4	26	105	{02}
4	26	107	{02}
4	26	109	{02}
4	26	110	{02}
4	26	111	{02}
4	26	112	{02}
4	26	118	{02}
4	26	120	{02}
4	26	121	{02}
4	26	122	{02}
4	26	123	{02}
4	26	124	{02}
4	26	125	{02}
4	26	126	{02}
4	26	127	{02}
4	26	128	{02}
4	26	129	{02}
4	26	134	{02}
4	26	135	{02}
4	26	137	{02}
4	26	138	{02}
4	26	139	${02}
4	26	140	{02}
4	26	141	{02}
4	26	142	{02}
4	26	143	{02}
4	26	144	{02}
4	26	145	{02}
4	26	146	{02}
4	26	147	{02}
4	26	148	{02}
4	26	149	{02}
4	26	150	{02}
4	26	151	{02}
4	26	152	{02}
4	26	153	{02}
4	26	154	{02}
4	26	155	{02}
4	26	156	{02}
4	26	157	{02}
4	26	158	{02}
4	26	159	{02}
4	26	160	{02}
4	26	161	{02}
4	26	162	{02}
4	26	163	{02}
4	26	164	{02}
4	26	165	{02}
4	26	166	{02}
4	26	167	{02}
4	26	168	{02} CP
4	26	169	{02}
4	26	170	{02} BP
4	26	171	{02} BP
4	26	172	{02} BP
4	26	173	{02}
4	26	174	{02}
4	26	175	{02}
4	26	176	{02} BP
4	26	177	{02}
4	26	178	{02} BP
4	26	179	{02} BP
4	26	180	{02}
4	26	181	{02}
4	27	0	Jim
4	27	1	Erroll
4	27	2	Casimir
4	27	3	Cameron
4	27	4	Peaches
4	27	5	Yasmin
4	27	6	Foster
4	27	7	Ken
4	27	8	Owen
4	27	9	Marcy
4	27	10	Shelly
4	27	11	Aspen
4	27	12	Matt
4	27	13	Alvan
4	27	14	Asa
4	27	15	Isabel
4	27	16	Nichole
4	27	17	Juanita
4	27	18	Bernard
4	27	19	Herbert
4	27	20	Colbert
4	27	21	Maggy
4	27	22	Melanie
4	27	23	Ann
4	27	24	Manford
4	27	25	Hank
4	27	26	Percy
4	27	27	Dakota
4	27	28	Jenny
4	27	29	Tia
4	27	30	Malcolm
4	27	31	Tad
4	27	32	Concord
4	27	33	Penny
4	27	34	Lana
4	27	35	Crimson
4	27	36	Ewan
4	27	37	Kane
4	27	38	Theo
4	27	39	Alexia
4	27	40	Luna
4	27	41	Celene
4	27	42	Cyan
4	27	43	Indigo
4	27	44	Orin
4	27	45	Ashley
4	27	46	Noelle
4	27	47	Kandace
4	27	48	Floyd
4	27	49	Hoffman
4	27	50	Amadeus
4	27	51	Shia
4	27	52	Vincent
4	27	53	Pierre
4	27	54	Alice
4	27	55	Anita
4	27	56	Allison
4	27	57	Kiefer
4	27	58	Basil
4	27	59	Henrik
4	27	60	Aubry
4	27	61	Upton
4	27	62	Emil
4	27	63	Bridget
4	27	64	Blanche
4	27	65	Colette
4	27	66	Tiffany
4	27	67	Britney
4	27	68	Harmony
4	27	69	Lucy
4	27	70	Jackie
4	27	71	Kara
4	27	72	Bernie
4	27	73	Curtis
4	27	74	Nancy
4	27	75	Trinity
4	27	76	Shawna
4	27	77	Layton
4	27	78	Godwin
4	27	79	Everett
4	27	80	Raiden
4	27	81	Ada
4	27	82	Annie
4	27	83	Basia
4	27	84	Steve
4	27	85	Dave
4	27	86	Shane
4	27	87	Benji
4	27	88	Pierce
4	27	89	Etienne
4	27	90	Leon
4	27	91	Doris
4	27	92	Paisley
4	27	93	Leslie
4	27	94	Hudson
4	27	95	Xenon
4	27	96	Amleth
4	27	97	Dot
4	27	98	Marble
4	27	99	Gingham
4	27	100	Gaspar
4	27	101	Ignatio
4	27	102	Kaylene
4	27	103	Kaya
4	27	104	Clement
4	27	105	Mason
4	27	106	Kodi
4	27	107	Aileen
4	27	108	Jericho
4	27	109	Harris
4	27	110	Soren
4	27	111	Trina
4	27	112	Alta
4	27	113	Ingrid
4	27	114	Beck
4	27	115	Eric
4	27	116	Padgett
4	27	117	Barbara
4	27	118	Isabel
4	27	119	Carmen
4	27	120	Alpha
4	27	121	Beta
4	27	122	Essie
4	27	123	Amelia
4	27	124	Celine
4	27	125	Jillian
4	27	126	Howard
4	27	127	Derrell
4	27	128	Baldwin
4	27	129	Adriana
4	27	130	Sonya
4	27	131	Tatyana
4	27	132	Zante
4	27	133	Giliam
4	27	134	Rodney
4	27	135	Rainier
4	27	136	Jean
4	27	137	Brad
4	27	138	Francis
4	27	139	Prescot
4	27	140	Yardley
4	27	141	Stavros
4	27	142	Zane
4	27	143	Kim
4	27	144	Macy
4	27	145	Faun
4	27	146	Doyle
4	27	147	Duke
4	27	148	Deacon
4	27	149	Mena
4	27	150	Mercy
4	27	151	Evita
4	27	152	Harold
4	27	153	Herman
4	27	154	Emmett
4	27	155	Erich
4	27	156	Garvey
4	27	157	Cruz
4	27	158	Pamela
4	27	159	Daniela
4	27	160	Kaden
4	27	161	Kolby
4	27	162	Karissa
4	27	163	Liliana
4	27	164	Jonas
4	27	165	Keon
4	27	166	Chelsie
4	27	167	Regina
4	27	168	Daulton
4	27	169	Hanson
4	27	170	Amory
4	27	171	Juliana
4	27	172	Camui
4	27	173	Orlando
4	27	174	Zack
4	27	175	Vance
4	27	176	Kyla
4	27	177	Ruby
4	27	178	Kiley
4	27	179	Utah
4	27	180	Colt
4	27	181	Tory
4	27	182	Farley
4	27	183	Mark
4	27	184	Samuel
4	27	185	Penn
4	27	186	Marquez
4	27	187	Arnold
4	27	188	Fred
4	27	189	Chase
4	27	190	McKenna
4	27	191	Sally
4	27	192	Casper
4	27	193	Derrian
4	27	194	Monty
4	27	195	Rockie
4	27	196	Reggie
4	27	197	Quincy
4	27	198	Neil
4	27	199	Sergei
4	27	200	Freddy
4	27	201	Andre
4	27	202	Inga
4	27	203	Tonya
4	27	204	Tobias
4	27	205	Cecil
4	27	206	Maranda
4	27	207	Helene
4	27	208	Simon
4	27	209	Turner
4	27	210	Europa
4	27	211	Pandora
4	27	212	Vern
4	27	213	Boris
4	27	214	Carly
4	27	215	Ginger
4	27	216	Peter
4	27	217	Tyron
4	27	218	Zorya
4	27	219	Antonia
4	27	220	Sawyer
4	27	221	Charlie
4	27	222	Chloe
4	27	223	Daphne
4	27	224	Thad
4	27	225	Lew
4	27	226	Opal
4	27	227	Leda
4	27	228	Geoff
4	27	229	Gunther
4	27	230	Alma
4	27	231	Elise
4	27	232	Harvey
4	27	233	Nicolas
4	27	234	Fergus
4	27	235	Ronni
4	27	236	Eve
4	27	237	Mariane
4	27	238	Costin
4	27	239	Alfred
4	27	240	Rioha
4	27	241	Janice
4	27	242	Denver
4	27	243	Berkley
4	27	244	Irene
4	27	245	Sylvie
4	27	246	Xander
4	27	247	Warren
4	27	248	Leslie
4	27	249	Kathy
4	27	250	Darren
4	27	251	Skip
4	27	252	Katie
4	27	253	Elaine
4	27	254	Clive
4	27	255	Ward
4	27	256	Hilda
4	27	257	Vanita
4	27	258	Ralph
4	27	259	Conway
4	27	260	Kristi
4	27	261	Trista
4	27	262	Austin
4	27	263	Dimitri
4	27	264	Delaney
4	27	265	Keaton
4	27	266	Carlo
4	27	267	Horatio
4	27	268	Lyle
4	27	269	Glen
4	27	270	Isadore
4	27	271	Walton
4	27	272	Roget
4	27	273	Iggy
4	27	274	Leroy
4	27	275	Newman
4	27	276	Ross
4	27	277	Ron
4	27	278	Irwin
4	27	279	Flynn
4	27	280	Joachim
4	27	281	Karston
4	27	282	Boyce
4	27	283	Tyrell
4	27	284	Frank
4	27	285	Enzo
4	27	286	Hugh
4	27	287	Kegan
4	27	288	Chester
4	27	289	River
4	27	290	Kira
4	27	291	Eliza
4	27	292	Angie
4	27	293	Sami
4	27	294	Nadia
4	27	295	Becky
4	27	296	Elisha
4	27	297	Ambre
4	27	298	Cocoa
4	27	299	Nissa
4	27	300	Cheryl
4	27	301	Mira
4	27	302	Riley
4	27	303	Marley
4	27	304	Buck
4	27	305	Palmer
4	27	306	Palmer
4	27	307	Argenta
4	27	308	Argenta
4	27	309	Thorton
4	27	310	Thorton
4	27	311	Dahlia
4	27	312	Dahlia
4	27	313	Darach
4	27	314	Darach
4	28	0	           
4	28	1	               
4	28	2	Wi-Fi Battle Room Results
4	28	3	                             
4	28	4	                            
4	28	5	Current \nRank
4	28	6	                            
4	28	7	                             
4	28	8	Wi-Fi\nRecord
4	28	9	PREV
4	28	10	CURRENT
4	28	11	RECORD
4	28	12	RANK
4	28	13	                  
4	28	14	{00}
4	28	15	Win streak: {00}
4	28	16	     
4	28	17	Rank {00}
4	28	18	Battle Room {01}
4	28	19	LIST OF LEADERS
4	28	20	{00}
4	28	21	/
4	28	22	{00}'s Info
4	28	23	{00}'s Info
4	28	24	CANCEL
4	28	25	           
4	28	26	     
4	28	27	              
4	28	28	Home Country
4	28	29	{00}
4	28	30	{00}
4	28	31	Unregistered
4	28	32	Feeling of being number one
4	28	33	Heart
4	28	34	Soul
4	29	0	Caught {00}!
4	29	1	Swap the {00} for your\n{01}?
4	29	2	Released {01} and caught\n{00}!
4	29	3	Released {00} and kept\n{01}!
4	29	4	{00}
4	29	5	♂
4	29	6	♀
4	29	8	     
4	30	0	Hello, just when you least expect it!\nI am Cameron the Photographer.\n\nYou look so photogenic!\nWhy not have a picture taken? 
4	30	1	All right, then!\nGet yourselves ready!\n\n
4	30	2	Good, good!\nWe've got a nice picture!\n\nYou can see all the pictures\non your PC.
4	30	3	Wait a second!\n\nMy superhuman ability is telling me\nthat your Photo Album\n\nis full!\n\nSorry to trouble you, but\ncan you delete some pictures\n\nbefore you talk to me again?
4	30	4	Hmmm...\nYou don't seem to have a Photo Album.\n\nFor you to sort pictures taken,\nyou will need one.\n\nMy big brother runs a memorial photo\nstudio at Goldenrod City.\n\nWhy don't you go there to get one?
4	30	5	Aren't you a shy one?
4	30	6	There is an automatic camera.\n\nDo you want to take a picture? 
4	30	7	It will proceed to take a picture.\n\n
4	30	8	It has taken a picture successfully.
4	30	9	The Photo Album is full.\n\nPlease delete some pictures before you\ncome back.
4	30	10	You don't have a Photo Album.\n\nPlease go to Goldenrod City.\nThere is a tunnel there...\n\nAnd come back with a Photo Album.
4	31	0	{00}
4	31	1	{00}
4	31	2	{00} CP
4	31	3	{00} CP
4	31	4	{00} CP
4	31	5	Please choose your Pokémon.
4	31	6	EXIT
4	31	7	              
4	31	8	{00} chose to exit.
4	31	9	HEAL
4	31	10	RENTAL
4	31	11	   
4	31	12	  
4	31	13	CANCEL
4	31	14	Restore HP and/or PP.
4	31	15	You may rent a Berry or\nan item.
4	31	16	                      
4	31	17	                    
4	31	18	Go back to the Pokémon-\nselection page.
4	31	19	RESTORE HP
4	31	20	RESTORE PP
4	31	21	RESTORE ALL
4	31	22	RANK UP
4	31	23	CANCEL
4	31	24	Which would you like to use?
4	31	25	You will be able to restore PP by going\nup in rank.
4	31	26	You will be able to restore both HP and\nPP by going up in rank.
4	31	27	Your rank cannot be raised any higher.
4	31	28	Return to previous selections.
4	31	29	                            
4	31	30	  
4	31	31	   
4	31	32	You don't have enough CP.
4	31	33	You are too low in healing rank to use\nthis menu item.
4	31	34	{00}'s HP will be restored.
4	31	35	{00}'s PP will be restored.
4	31	36	{00}'s HP and PP will be\nrestored.
4	31	37	There is no benefit to using that\ncommand.
4	31	38	Would you like to up your rank\nfor {00} CP?
4	31	39	  
4	31	40	   
4	31	41	You don't have enough CP.
4	31	42	{05} gained the ability to\nrestore PP!
4	31	43	{05} gained the ability to\nrestore both HP and PP!
4	31	44	BERRIES
4	31	45	ITEMS
4	31	46	RANK UP
4	31	47	CANCEL
4	31	48	You may rent a Berry for this Pokémon.
4	31	49	You may rent an item for this Pokémon.
4	31	50	You will be able to rent an item for\nyour Pokémon by going up in rank.
4	31	51	Your choices of items and Berries will\nbe expanded by going up in rank.
4	31	52	Your rank cannot be raised any higher.
4	31	53	Return to previous selections.
4	31	54	You are too low in rental rank to\nuse CP.
4	31	55	It will cost {00} CP.\nIs that OK?
4	31	56	  
4	31	57	   
4	31	58	          
4	31	59	{00} was given the\n{01} to hold.
4	31	60	{00} is already holding\n{01}.
4	31	61	Would you like to switch the\ntwo items?
4	31	62	  
4	31	63	   
4	31	64	                         
4	31	65	  
4	31	66	   
4	31	67	          
4	31	68	{05} gained the ability to\nrent items!
4	31	69	{05} expanded the variety of\nrentable Berries and items!
4	31	70	Item
4	31	71	{00}
4	31	72	Nature
4	31	73	{00}
4	31	74	Ability
4	31	75	{00}
4	31	76	Attack
4	31	77	{00}
4	31	78	Defense
4	31	79	{00}
4	31	80	Sp. Atk
4	31	81	{00}
4	31	82	Sp. Def
4	31	83	{00}
4	31	84	Speed
4	31	85	{00}
4	31	86	♂
4	31	87	♀
4	31	88	Lv.
4	31	89	HP
4	31	90	/
4	31	91	{00}
4	31	92	     
4	31	93	     
4	31	94	{00}
4	31	95	{00}/{01}
4	31	96	{00}
4	31	97	{01}
4	31	98	{02}
4	31	99	{03}
4	31	100	{04}/{05}
4	31	101	{00}
4	31	103	{00}/{01}
4	31	104	{00}CP
4	31	105	RETURN
4	31	106	Rental/Berry
4	31	107	Rental/Item
4	32	0	Welcome to the Battle Castle.\nMy name is Darach.\n\nI will be your host on behalf of Lady\nCaitlin, the owner of the castle.\n\nFirst, I must ask you for any items\nyour Pokémon are holding.\n\nThey will be returned to you when you\nleave.\n\nNext, I have here 10 Castle Points, CP,\nthat can be used only here.\n\nThey are for you.\nPlease accept them.\n\n
4	32	1	Welcome.\n\n{00}, as per the rules, I must\nask for your Pokémon's held items.\n\nThey will be returned to you when you\nleave.\n\nI also have for you 10 Castle Points,\nCP, that can only be used here.\n\n
4	32	2	Please wait a moment.
4	32	3	Very well.\nPlease proceed.
4	32	4	Your fainted Pokémon will be\nrevived.\n\n
4	32	5	Coming up is battle no. {00}.\nI trust you are ready?
4	32	6	Would you care to save the last battle\nas your Battle Video?
4	32	7	{00}'s battle has been saved\nas a Battle Video.\n\n
4	32	8	There was an error.\nThe Battle Video couldn't be saved.\n\n
4	32	9	Would you care to delete your existing\nBattle Video and save the last battle?
4	32	10	Saving...\nPlease do not turn the power off.
4	32	11	Would you like to save and take a break\nfrom playing?
4	32	12	  
4	32	13	   
4	32	14	Do you wish to retire from this\nBattle Castle challenge?
4	32	15	  
4	32	16	   
4	32	17	{00} is choosing.\nPlease wait.
4	32	18	                    
4	32	19	{00} chose to retire.
4	32	20	Please choose what you wish to do.\n\n
4	32	21	You may heal a Pokémon or rent an item\nfor it.
4	32	22	You may check on your opponent's\nPokémon.
4	32	23	Battle against a Trainer.
4	32	24	You may take a pass and avoid battling\na Trainer.
4	32	25	It will cost {00} CP.\nIs that acceptable?
4	32	26	  
4	32	27	   
4	32	28	I'm terribly sorry.\nYou have insufficient CP.\n\n
4	32	29	From here on, you may choose “Pass”\nand avoid battling a Trainer.\n\nIf you don't wish to battle a certain\nTrainer, choose “Pass.”\n\n
4	32	30	Caitlin: ...\nDarach! CP for this Trainer at once!
4	32	31	Darach: {01}, bravo.\nA fantastic victory, to be sure.
4	32	32	Darach: {01}, well done.\nA quite remarkable victory it was.
4	32	33	Darach: {01}, good show.\nA hard-fought win, yes?
4	32	34	Darach: {01}, good effort...
4	32	35	Darach: {01}, bravo.\nA fantastic victory, to be sure.\n\n
4	32	36	Darach: {01}, well done.\nA quite remarkable victory it was.\n\n
4	32	37	Darach: {01}, good show.\nA hard-fought win, yes?\n\n
4	32	38	Darach: {01}, good effort...\n\n
4	32	39	Lady Caitlin has instructed me to award\nyou {00} CP.
4	32	40	Darach: Congratulations on clearing\nseven consecutive battles.\n\nFor your valiant effort, {00},\nplease accept this BP.\n\n
4	32	41	{00} received {01} BP!\n\n
4	32	42	We'll return any items that we were\nholding for you.\n\n
4	32	43	Saving...\nDon't turn off the power.
4	32	44	Caitlin: ...Pass?\n...How uncouth!
4	32	45	CONTINUE
4	32	46	RECORD
4	32	47	REST
4	32	48	RETIRE
4	32	49	SELF
4	32	50	OPPONENT
4	32	51	BATTLE
4	32	52	PASS
4	32	53	Darach: {00}, congratulations!\n\nYou are to be commended on your\nmastery for keeping the streak alive.\n\nOur owner, appreciating your worth,\ndemands you battle the Castle Valet.\n\nYou are prepared, yes?\n\n
4	32	54	Darach: Welcome.\n\nI am Darach, as you know, and I am\nthe Castle Valet.\n\nLady Caitlin, my employer, is not one\nto accept defeat willingly.\n\nHowever, for a reason I'm not at\nliberty to disclose, she cannot battle.\n\nConsequently, I will do battle in her\nladyship's place.\n\n...Let me assure you that you won't be\nshortchanged by facing me.\n\nEn garde!\n\n
4	32	55	Darach: Your mastery of Pokémon is as\nbreathtaking as ever.\n\n{00}, you certainly are to be\ncommended.\n\n...However, if I may say so, I noticed\nsomething about the way you battle.\n\nAfter all, I have had the opportunity\nto watch you closely firsthand.\n\nSo, what is it that I noticed?\n\nAs a Trainer myself, it is but proper\netiquette to show you in a battle.\n\nLet us begin!\nEn garde!\n\n
4	32	56	Darach: {00}, you are truly in\npossession of a superlative talent!\n\nI drew on every reserve of experience\nand etiquette handed down through\n\nour heritage of glorious servitude.\n\nBut even then, I failed to fend off your\ninspired and inspiring challenge.\n\nI shall see to appeasing Lady Caitlin's\ndispleasure at my loss.\n\n{00}, please do return to our\nBattle Castle.\n\nWe will be delighted and feel privileged\nto have you back!\n\n
4	32	57	Darach: I am humbled...\n\nWhat I'd perceived to be a weakness\nwas only illusory...\n\nOr, perhaps you corrected it in the\ncourse of our battle.\n\nRegardless, your performance was\nstunning again.\n\nThough she cannot say it, Lady Caitlin\nappears quite taken by your style.\n\nFor her sake at the very least, please\ndo return to our Battle Castle!\n\n
4	33	0	{00}
4	33	1	{00}
4	33	2	{00} CP
4	33	3	{00} CP
4	33	4	Which Pokémon would you like\nto check?
4	33	5	EXIT
4	33	6	              
4	33	7	{00} chose to exit.
4	33	8	CHECK
4	33	9	LEVEL
4	33	10	SUMMARY
4	33	11	CANCEL
4	33	12	Check the identity of a Pokémon.
4	33	13	Change the level of a Pokémon.
4	33	14	Examine the stats of a Pokémon.
4	33	15	Return to previous selections.
4	33	16	Would you like to identify this Pokémon?\nIt will cost {00} CP.
4	33	17	  
4	33	18	   
4	33	19	          
4	33	20	The Pokémon's identity is\n{00}.
4	33	21	You may change this Pokémon's level.\nWhat would you like to do?
4	33	22	LEVEL +5
4	33	23	LEVEL -5
4	33	24	CANCEL
4	33	25	It will cost {00} CP.\nIs that OK?
4	33	26	  
4	33	27	   
4	33	28	You don't have enough CP...
4	33	29	This Pokémon's level can't be\nraised higher.
4	33	30	This Pokémon's level can't be lowered\nany more.
4	33	31	The Pokémon's level was\nboosted by five.
4	33	32	The Pokémon's level was\nlowered by five.
4	33	33	SUMMARY
4	33	34	MOVES
4	33	35	RANK UP
4	33	36	CANCEL
4	33	37	Check the stats of the Pokémon.
4	33	38	Check the move list of the Pokémon.
4	33	39	You will be able to check moves using CP\nby going up in rank.
4	33	40	Your rank cannot be raised any higher.
4	33	41	Return to previous selections.
4	33	42	You are too low in information rank to\ncheck the target's move list.
4	33	43	You may check this Pokémon's stats.\nIt will cost {00} CP. Is that OK?
4	33	44	  
4	33	45	   
4	33	46	You don't have enough CP...
4	33	47	The Pokémon's stat summary\nwas bought.
4	33	48	Item
4	33	49	{00}
4	33	50	Nature
4	33	51	{00}
4	33	52	Ability
4	33	53	{00}
4	33	54	Attack
4	33	55	{00}
4	33	56	Defense
4	33	57	{00}
4	33	58	Sp. Atk
4	33	59	{00}
4	33	60	Sp. Def
4	33	61	{00}
4	33	62	Speed
4	33	63	{00}
4	33	64	♂
4	33	65	♀
4	33	66	Lv.
4	33	67	HP
4	33	68	/
4	33	69	{00}
4	33	70	     
4	33	71	     
4	33	72	{00}
4	33	73	?
4	33	74	??
4	33	75	?????
4	33	76	You will be able to check\nyour opponent's moves\nusing CP by going up in\ninformation rank.
4	33	77	??/??
4	33	78	{00}/{01}
4	33	79	You may check this Pokémon's move list.\nIt will cost {00} CP. Is that OK?
4	33	80	  
4	33	81	   
4	33	82	You don't have enough CP...
4	33	83	The Pokémon's move-list data was\nbought.
4	33	84	{00}
4	33	85	{01}
4	33	86	{02}
4	33	87	{03}
4	33	88	{04}/{05}
4	33	89	{00}
4	33	91	Would you like to up your rank for\n{00} CP?
4	33	92	  
4	33	93	   
4	33	94	          
4	33	95	{05} gained the ability to buy\nthe target's move-list information.
4	34	0	Hardy
4	34	1	Lonely
4	34	2	Brave
4	34	3	Adamant
4	34	4	Naughty
4	34	5	Bold
4	34	6	Docile
4	34	7	Relaxed
4	34	8	Impish
4	34	9	Lax
4	34	10	Timid
4	34	11	Hasty
4	34	12	Serious
4	34	13	Jolly
4	34	14	Naive
4	34	15	Modest
4	34	16	Mild
4	34	17	Quiet
4	34	18	Bashful
4	34	19	Rash
4	34	20	Calm
4	34	21	Gentle
4	34	22	Sassy
4	34	23	Careful
4	34	24	Quirky
4	35	0	                         
4	35	1	                                    
4	35	2	                               
4	35	3	                          
4	35	4	                   
4	35	5	    
4	35	6	                                                       
4	35	7	                                                          
4	35	8	                                          
4	35	9	                                                    
4	35	10	    
4	35	11	                                        
4	35	12	                                        
4	35	13	                                       
4	35	14	                                       
4	35	15	                                        
4	35	16	    
4	35	17	                                        
4	35	18	                                        
4	35	19	                                       
4	35	20	                                       
4	35	21	                                        
4	35	22	    
4	35	23	    
4	35	24	              
4	35	25	                            
4	35	26	    
4	35	27	    
4	35	28	    
4	35	29	    
4	35	30	                       
4	35	31	                    
4	35	32	                  
4	35	33	                 
4	35	34	                    
4	35	35	                                                                         
4	35	36	    
4	35	37	                                                                         
4	35	38	                                                                          
4	35	39	                                                                          
4	35	40	                                                                          
4	35	41	          
4	35	42	          
4	35	43	         
4	35	44	         
4	35	45	          
4	35	46	       
4	35	47	       
4	35	48	       
4	35	49	       
4	35	50	     
4	35	51	    
4	35	52	     
4	35	53	   
4	35	54	    
4	35	55	    
4	35	56	    
4	35	57	    
4	35	58	    
4	35	59	    
4	35	60	    
4	35	61	    
4	35	62	    
4	35	63	    
4	35	64	    
4	35	65	    
4	35	66	    
4	35	67	    
4	35	68	                                         
4	35	69	                             
4	35	70	                                                                                     
4	35	71	                                                                                                                                                                               
4	35	72	            
4	36	0	    
4	36	1	  
4	36	2	  
4	36	3	   
4	36	4	  
4	36	5	          
4	36	6	     
4	36	7	       
4	36	8	                                                                                      
4	36	9	                              
4	36	10	                           
4	36	11	                                
4	36	12	                                                                                                                                                                                                                                                                 
4	36	13	                            
4	36	14	                
4	36	15	  
4	36	16	   
4	36	17	        
4	36	18	                                                                           
4	36	19	                                                                                     
4	36	20	                                                                                                                                                                    
4	37	0	   
4	37	1	   
4	37	2	   
4	37	3	   
4	37	4	   
4	37	5	   
4	37	6	   
4	37	7	   
4	37	8	   
4	37	9	   
4	37	10	   
4	37	11	   
4	38	0	Please enter the Friend Code.
4	38	1	Please enter the data number.
4	38	2	BACK
4	38	3	OK
4	38	4	Please enter your Wii number.
4	38	5	Please enter the Registration Code.
4	38	6	Please enter the 4-digit password.
4	39	0	VOLTORB Flip Lv. {00}
4	39	1	Flip the Cards and Collect Coins!
4	39	2	...x1! ...x2! ...x3!
4	39	3	Game Over! 0!
4	39	4	{00}'s\nCollected Coins
4	39	5	Coins Collected in\nCurrent Game
4	39	6	Open\nMemo
4	39	7	Close\nMemo
4	39	8	Quit
4	39	9	By looking at the numbers on the sides of\nthe cards, you can see the hidden number\nand VOLTORB totals.
4	39	10	Touch “Open Memo” to open the Memo Window.\nTouch the cards to add and remove marks.
4	39	11	If you flip the cards in this order,\nyou'll collect: 3 x 1 x 2 x 1 x 3...\nA total of 18 Coins! And then...
4	39	12	If you select “Quit,”\nyou'll keep those 18 Coins.
4	39	13	But if you find VOLTORB,\nyou'll lose all your Coins!
4	39	14	You've gathered 50,000 Coins.\nYou cannot gather any more.\n\n
4	39	15	Play VOLTORB Flip Lv. {00}?
4	39	16	Play VOLTORB Flip Lv. {00}?
4	39	17	Play
4	39	18	Game Info
4	39	19	Quit
4	39	20	Which set of info?
4	39	21	How to Play
4	39	22	Hint!
4	39	23	About Memos
4	39	24	Return
4	39	25	VOLTORB Flip is a game in which you flip\nover cards to find numbers hidden\n\nbeneath them.\n\nThe cards are hiding the numbers\n1 through 3...and VOLTORB as well.\n\nThe first number you flip over will give\nyou that many Coins.\n\nFrom then on, the next number you\nfind will multiply the total amount of\n\nCoins you've collected by that number.\n\nIf it's a 2, your total will be multiplied\nby “x2.”\n\nIf it's a 3, your total will be multiplied\nby “x3.”\n\nBut if you flip over a VOLTORB, it's\ngame over.\n\nWhen that happens, you'll lose all the\nCoins you've collected in the\n\ncurrent game.\n\nIf you select “Quit,” you'll withdraw\nfrom the game.\n\nIf you get to a difficult spot, you might\nwant to end the game early.\n\nOnce you've found all the hidden\n2 and 3 cards, you've cleared\n\nthe game.\n\nOnce you've flipped over all these\ncards, then you'll advance to the\n\nnext level.\n\nAs you move up in levels, you will be\nable to receive more Coins.\n\nDo your best!\n\n
4	39	26	The numbers at the side of the board\ngive you a clue about the numbers\n\nhidden on the backs of the panels.\n\nThe larger the number, the more likely\nit is that there are many large numbers\n\nhidden in that row or column.\n\nIn the same way, you can tell how many\nVOLTORB are hidden in the row\n\nor column.\n\nConsider the hidden number totals and\nthe VOLTORB totals carefully as you flip\n\nover panels.\n\n
4	39	27	Select “Open Memo” to mark\nthe cards.\n\nYou can mark the cards with the\nnumbers 1 through 3, but also with a\n\nVOLTORB mark.\n\nWhen you have an idea of the numbers\nhidden on the back of the cards, touch\n\n“Open Memo” and select the cards\nto mark.\n\nIf you want to remove a mark, touch the\nmark again, and it will disappear.\n\n
4	39	28	Will this be the last card?!
4	39	29	Is this what you're expecting?!
4	39	30	{00}! Received {00} Coin(s)!
4	39	31	x{00}! Received {01} Coins!
4	39	32	Oh no! You get 0 Coins!
4	39	33	Game clear!\n\nYou've found all of the hidden x2 and\nx3 cards.\n\nThis means you've found all the Coins\nin this game, so the game is now over.\n\n
4	39	34	If you quit now, you will\nreceive {00} Coin(s).\n\nWill you quit?
4	39	35	  
4	39	36	   
4	39	37	You haven't found any Coins!\nAre you sure you want to quit?
4	39	38	  
4	39	39	   
4	39	40	{01}\nreceived {00} Coin(s)!\n\n
4	39	41	Advanced to Game Lv. {00}!\n\n
4	39	42	Congratulations!\n\nYou can receive even more Coins\nin the next game!\n\n
4	39	43	Dropped to Game Lv. {00}.\n\n
4	39	44	           
4	39	45	              
4	39	46	Table No. {00}
4	39	47	Next Game Level: {01}
4	40	0	Hello, and welcome to\nthe Pokémon Center.\n\nWe restore your tired Pokémon\nto full health.\n\nWould you like to rest your\nPokémon?
4	40	1	OK, I'll take your Pokémon for a few\nseconds.
4	40	2	Thank you for waiting.\n\nWe've restored your Pokémon to full\nhealth.\n\n
4	40	3	Please, come back again any time!
4	40	4	Hello, and welcome to\nthe Pokémon Center.\n\nWe restore your tired Pokémon\nto full health.\n\nWould you like to...\n\n
4	40	5	Th-that Trainer Card!\n\nThat wonderful shade!\nAnd all those stars!\n\nI've seen several Trainers with\nViolet Trainer Cards up to now...\n\nBut you're the first to top them\nwith that impressive Trainer Card.\n\nPlease, {00}, may I please\nheal your Pokémon? 
4	40	6	Great to see you, {00}!\nYou want the usual, right? 
4	40	7	I will be pleased to take your\nPokémon for a few seconds.
4	40	8	Thank you for waiting.
4	40	9	We hope to see you again!
4	40	10	Your Pokémon may be infected with\nthe Pokérus.\n\nLittle is known about the Pokérus\nexcept that they are microscopic\n\nlife-forms that attach to Pokémon.\n\nWhile infected, Pokémon are said to\ngrow exceptionally well.
4	40	11	{00} is out of battle-ready\nPokémon!\n\n{00}'s vision dimmed!
4	40	12	             
4	40	13	Would you like to save the game? 
4	40	14	There is already a saved file.\nIs it OK to overwrite it? 
4	40	15	Saving...\nDon't turn off the power.
4	40	16	{00} saved the game.
4	40	17	                                                                                                                    
4	40	18	Save error.
4	40	19	                                   
4	40	20	There is already a saved game file.\nIt is impossible to save.\n\nPlease refer to the Instruction\nBooklet for details.\n\nPress Up + SELECT + B Button on\nthe title screen if you want to erase\n\nthe current saved game file.
4	40	21	Saving a lot of data...\nDon't turn off the power.
4	40	22	                     
4	40	23	                   
4	40	24	                              
4	40	25	Obtained the {00}!
4	40	26	                         
4	40	27	Too bad!\nThe Bag is full...
4	40	28	{00} obtained\nthe {01}!
4	40	29	{00} obtained\nthe {01}!
4	40	30	{00} put the {01}\nin the {02} Pocket.
4	40	31	{00} put the {01}\nin the {02} Pocket.
4	40	32	{00} put away the\n{01} in the Fashion Case.
4	40	33	{00} booted up the PC.\n\n
4	40	34	Which PC should be accessed? 
4	40	35	The Pokémon Storage System\nwas accessed.\n\n
4	40	36	Accessed {00}'s PC.\n\n
4	40	37	Oak's words echoed...\n{00}! There's a time and\n\nplace for everything! But not now.
4	40	38	Welcome!\nWhat do you need?
4	40	39	                     
4	40	40	There! All happy and healthy!\nGood luck and take care!
4	40	41	Mom: {00}!\nWelcome home.\n\nIt sounds like you had quite the\nexperience out there.\n\nMaybe you should take a quick\nrest so you can relax.\n\n...\n...
4	40	42	Mom: Oh, good! You and your\nPokémon are looking great.\n\nOh, yes, I heard from Professor Elm.\n\nHe said that a Pokémon's energy is\nmeasured in HP (Hit Points).\n\nIf your Pokémon lose their HP,\nyou can restore it at any\n\nPokémon Center.\n\nIf you're going to travel far away,\nthe smart Trainer stocks up on\n\nPotions at the Pokémon Mart.\n\nMake me proud, honey!\nTake care!
4	40	43	Mom: Oh, good! You and your\nPokémon are looking great.\n\nOh yes, {00}, your Pokémon\nwill faint if it runs out of HP.\n\nIf your Pokémon loses its HP, come\nhome before it faints.\n\nIt will be healed to full health by\ntaking a rest.\n\nWell, honey, make me proud!\nTake care!
4	40	44	First, let's restore your Pokémon\nto full health.
4	40	45	Your Pokémon have been healed\nto perfect health.
4	40	46	Please visit a Pokémon Center when\nyour Pokémon's HP goes down.\n\nIf you're planning to travel any\ndistance, you should stock up on\n\nPotions at a Pokémon Mart.\n\nGood luck, Trainer!
4	40	47	There's no Mail in the Mailbox.\n\n
4	40	48	                    
4	40	49	Not even a nibble...
4	40	50	The Pokémon got away...
4	40	51	Reeled it in too quickly...
4	40	52	Landed a Pokémon!
4	40	53	{00} survived the poisoning.\nThe poison faded away!\n\n
4	40	54	                            
4	40	55	♂
4	40	56	♀
4	40	57	There appears to be nothing here...
4	40	58	The sweet scent faded for some\nreason...
4	40	59	Ride your Bike? 
4	40	60	Get off your Bike? 
4	40	61	You can't dismount your Bike here!
4	40	62	Oh?
4	40	63	{00} hatched from the Egg!
4	40	64	Would you like to give a nickname to the\nnewly hatched {00}?
4	40	65	Repel's effect wore off...
4	40	66	             
4	40	67	                   
4	40	68	I'm very sorry.\n\nWe are working underground right now.\nIt's off-limits to the public.\n\nPlease try later on.
4	40	69	                                                                                              
4	40	70	                                                                                          
4	40	71	There is text engraved in the back\nof the obtained Plate...\n\n“When the universe was created,\nits shards became this Plate.”\n\n
4	40	72	There is text engraved in the back\nof the obtained Plate...\n\n“The power of defeated giants\ninfuses this Plate.”\n\n
4	40	73	There is text engraved in the back\nof the obtained Plate...\n\n“Two beings of time and space set\nfree from the Original One.”\n\n
4	40	74	There is text engraved in the back\nof the obtained Plate...\n\n“Three beings were born to bind\ntime and space.”\n\n
4	40	75	There is text engraved in the back\nof the obtained Plate...\n\n“Two make matter, and three make\nspirit, shaping the world.”\n\n
4	40	76	There is text engraved in the back\nof the obtained Plate...\n\n“The Original One breathed alone\nbefore the universe came.”\n\n
4	40	77	There is text engraved in the back\nof the obtained Plate...\n\n“The powers of Plates are shared\namong Pokémon.”\n\n
4	40	78	There is text engraved in the back\nof the obtained Plate...\n\n“The rightful bearer of a Plate\ndraws from the Plate it holds.”\n\n
4	40	79	Ball Capsules can't be used because\nyou don't have any Seals.\n\n
4	40	80	                                         
4	40	81	Would you like to save the game?
4	40	82	There is already a saved file.\nIs it OK to overwrite it?
4	40	83	Good morning!\nWelcome to the Pokémon Center.\n\nWe restore your tired Pokémon\nto full health.\n\nWould you like to rest your\nPokémon? 
4	40	84	Hello, and welcome to\nthe Pokémon Center.\n\nWe restore your tired Pokémon\nto full health.\n\nWould you like to rest your\nPokémon? 
4	40	85	{00}'s Azure Flute is making\na sound!\n\nWould you like to blow into the\nAzure Flute? 
4	40	86	{00} blew the Azure Flute.\n\n
4	40	87	A glowing stairway appeared!
4	40	88	The Azure Flute echoed hollowly...\n\nIt appears to be meaningless using\nthe Azure Flute here...
4	40	89	{00} put the {01}\nin the {02} Pocket.\n\n
4	40	90	{00} put away the\n{01} in the Fashion Case.\n\n
4	40	91	                        
4	40	92	                                 
4	40	93	Your Bag is full.\n\nThe Griseous Orb could not be removed,\nso you cannot enter.
4	40	94	Your Hall of Fame data is corrupted.\n\nIt will be fixed if you enter the\nHall of Fame again.\n\n
4	40	95	{00} received\n{01}!\n\nBut the Fashion Case is already full!
4	40	96	                            
4	40	97	{00} found a Shiny Leaf!\n\n{00} put the Shiny Leaf on\n{01}!
4	40	98	{00} found a Shiny Leaf!\n\nBut {01} already has a\nShiny Leaf!
4	40	99	Oh?\n{00}'s state...\n\n
4	40	100	{00} changed into its\nLand Forme!
4	40	101	Registered the phone number in the\nPokégear!\n\n
4	40	102	{00} is feeling better, so you\ndecided to take {00} with you!\n\n
4	40	103	Hey!\n\nCan you tell me how you feel right\nbefore a match? How you feel when you\n\nwin or lose? What it would be\n\nlike to be number one? 
4	40	104	All right, tell me how you feel\nbefore battle!\n\n
4	40	105	All right, tell me how you feel after\nyou win!\n\n
4	40	106	All right, tell me how you feel after\nyou lose!\n\n
4	40	107	All right, tell me how it would feel to be\nnumber one!\n\n
4	40	108	Excuse me? You won't say?\nThat's too bad...
4	40	109	Thank you! Will you tell me about\nanything else? 
4	40	110	Got it! Thanks!
4	40	111	Got it! Thanks!\n{00}, huh...
4	40	112	BEFORE BATTLE
4	40	113	WHEN YOU WIN
4	40	114	WHEN YOU LOSE
4	40	115	WHEN YOU'RE #1
4	40	116	NOT TELLING
4	41	0	                  
4	41	1	A communication error has occurred.\nIf you were in the Union Room,\npressing the A Button will launch\nDS Wireless Communications to take\nyou back to the Union Room. If you\npress the B Button, you will be taken\nto the title screen. In all other\ncases, pressing the A Button will\nreturn you to where you last saved.
4	41	2	An error occurred while attempting\nto communicate. ({00})\nPlease turn off the power, restart\nthis DS system, and try again.\n\nIf this message keeps appearing,\nplease contact Nintendo\nConsumer Service.
4	41	3	A communication error has occurred.\n\nYou will be returned to the title\nscreen.\nPlease press the A Button.
4	41	4	Either the GTS is experiencing high\ntraffic volumes or the service is down.\nPlease wait a while and try again.\n\nYou have been disconnected from\nNintendo Wi-Fi Connection.\nPlease press the A Button.
4	41	5	An error occurred while attempting\nto communicate.\nPlease turn off the power, restart\nthis DS system, and try again.\n\nIf this message keeps appearing,\nplease contact Nintendo\nConsumer Service.
4	41	6	A communication error has occurred.\n\nYou have been disconnected from\nNintendo Wi-Fi Connection.\nYou will be returned to wherever\nyou last saved.\nPlease press the A Button.
4	41	7	A communication error has occurred.\n\nYou have been disconnected from\nNintendo Wi-Fi Connection.\nYou will be returned to the title\nscreen.\nPlease press the A Button.
4	41	8	A communication error has occurred.\n({00})\n\nYou have been disconnected from\nNintendo Wi-Fi Connection.\nYou will be returned to wherever\nyou last saved.\nPlease press the A Button.
4	41	9	A communication error has occurred.\n({00})\n\nYou have been disconnected from\nNintendo Wi-Fi Connection.\nYou will be returned to the title\nscreen.\nPlease press the A Button.
4	42	0	        
4	43	0	                                                                                                                                 
4	43	1	    
4	43	2	    
4	43	3	                                          
4	43	4	                         
4	43	5	               
4	43	6	    
4	43	7	                                                                         
4	43	8	      
4	43	9	       
4	43	10	   
4	43	11	                    
4	43	12	                     
4	43	13	                                                          
4	43	14	                                                                                                                                                                                                      
4	43	15	                                                                                                            
4	43	16	                                                                                                  
4	43	17	                                                                                                                 
4	43	18	                                                                                                 
4	43	19	                                                                                                                                                                                                                                                                                         
4	43	20	                    
4	43	21	                
4	43	22	                                                    
4	43	23	                    
4	43	24	     
4	43	25	       
4	43	26	   
4	43	27	                 
4	43	28	                   
4	43	29	           
4	43	30	  
4	43	31	   
4	43	32	         
4	43	33	          
4	43	34	       
4	43	35	   
4	43	36	        
4	43	37	        
4	43	38	      
4	43	39	      
4	43	40	   
4	43	41	       
4	43	42	       
4	43	43	       
4	43	44	       
4	43	45	   
4	43	46	          
4	43	47	          
4	43	48	         
4	43	49	         
4	43	50	          
4	43	51	   
4	43	52	                                                          
4	43	53	     
4	43	54	   
4	43	55	   
4	43	56	        
4	43	57	   
4	43	58	                 
4	43	59	    
4	43	60	                    
4	43	61	                                                                          
4	43	62	                                                                                              
4	43	63	                                                          
4	43	64	                            
4	43	65	    
4	43	66	                    
4	43	67	                  
4	43	68	                            
4	43	69	                                                                                                                  
4	43	70	                                               
4	43	71	                               
4	43	72	                               
4	43	73	                               
4	43	74	                                                            
4	43	75	                                                                                     
4	43	76	                 
4	43	77	                                                   
4	43	78	                            
4	43	79	                                               
4	43	80	                                     
4	43	81	                    
4	43	82	                              
4	43	83	     
4	43	84	       
4	43	85	   
4	43	86	                    
4	43	87	                                                                                                                                               
4	43	88	               
4	43	89	                              
4	43	90	  
4	43	91	   
4	43	92	                              
4	43	93	  
4	43	94	   
4	43	95	                               
4	43	96	  
4	43	97	   
4	43	98	                                    
4	43	99	                         
4	43	100	                
4	43	101	          
4	43	102	          
4	43	103	         
4	43	104	         
4	43	105	          
4	43	106	   
4	43	107	                    
4	43	108	                
4	43	109	                             
4	43	110	                                                                  
4	43	111	                                                          
4	43	112	                
4	43	113	        
4	43	114	       
4	43	115	   
4	43	116	                   
4	43	117	               
4	43	118	          
4	43	119	         
4	43	120	        
4	43	121	        
4	43	122	   
4	43	123	                   
4	43	124	                                                                                                                                                                     
4	43	125	         
4	43	126	           
4	43	127	          
4	43	128	    
4	43	129	   
4	43	130	                                                                                                                                           
4	43	131	                                                                                                                                                                                                         
4	43	132	                                                                                                                                                                                                                                                               
4	43	133	    
4	43	134	                   
4	43	135	         
4	43	136	       
4	43	137	       
4	43	138	   
4	43	139	   
4	43	140	                                                                                                                                               
4	43	141	                                                                                                                                  
4	43	142	                                                                    
4	43	143	                                                                                                                                                               
4	43	144	                   
4	43	145	        
4	43	146	       
4	43	147	     
4	43	148	     
4	43	149	   
4	43	150	                                                                                                
4	43	151	                                                                                                                              
4	43	152	                                                                                                                                                               
4	43	153	                                                                                                                                                                                                   
4	43	154	                   
4	43	155	           
4	43	156	         
4	43	157	         
4	43	158	   
4	43	159	                   
4	43	160	                   
4	43	161	     
4	43	162	     
4	43	163	    
4	43	164	    
4	43	165	     
4	43	166	   
4	43	167	                   
4	43	168	                 
4	43	169	    
4	43	170	    
4	43	171	    
4	43	172	    
4	43	173	   
4	43	174	                   
4	43	175	                    
4	43	176	                
4	43	177	                                                                     
4	43	178	                            
4	43	179	                                                                                                           
4	43	180	  
4	43	181	   
4	43	182	                   
4	43	183	                              
4	43	184	                                                                       
4	43	185	                                                                                                                      
4	43	186	  
4	43	187	   
4	43	188	                   
4	43	189	                                                                                                                                        
4	43	190	  
4	43	191	   
4	43	192	                   
4	43	193	                              
4	43	194	                                                                    
4	43	195	                                                                                                     
4	43	196	  
4	43	197	   
4	43	198	                   
4	43	199	                                                                                                                                                   
4	43	200	  
4	43	201	   
4	43	202	                   
4	43	203	                              
4	43	204	                                                                                                                             
4	43	205	                                                                                                                                                                                 
4	43	206	  
4	43	207	   
4	43	208	                   
4	43	209	              
4	43	210	            
4	43	211	                            
4	43	212	                        
4	43	213	  
4	43	214	   
4	43	215	               
4	43	216	  
4	43	217	   
4	43	218	                   
4	43	219	                                                                 
4	44	0	sleep
4	44	1	poison
4	44	2	burn
4	44	3	paralysis
4	44	4	frozen
4	44	5	confusion
4	44	6	infatuation
4	45	0	OPTIONS
4	45	1	TEXT SPEED
4	45	2	BATTLE SCENE
4	45	3	BATTLE STYLE
4	45	4	SOUND
4	45	5	BUTTON MODE
4	45	6	FRAME
4	45	7	CONFIRM
4	45	8	QUIT
4	45	9	SLOW
4	45	10	MID
4	45	11	FAST
4	45	12	ON
4	45	13	OFF
4	45	14	SHIFT
4	45	15	SET
4	45	16	STEREO
4	45	17	MONO
4	45	18	NORMAL
4	45	19	L=A
4	45	20	TYPE 1
4	45	21	TYPE 2
4	45	22	TYPE 3
4	45	23	TYPE 4
4	45	24	TYPE 5
4	45	25	TYPE 6
4	45	26	TYPE 7
4	45	27	TYPE 8
4	45	28	TYPE 9
4	45	29	TYPE 10
4	45	30	TYPE 11
4	45	31	TYPE 12
4	45	32	TYPE 13
4	45	33	TYPE 14
4	45	34	TYPE 15
4	45	35	TYPE 16
4	45	36	TYPE 17
4	45	37	TYPE 18
4	45	38	TYPE 19
4	45	39	TYPE 20
4	45	40	WINDOW TYPE 1
4	45	41	WINDOW TYPE 2
4	45	42	WINDOW TYPE 3
4	45	43	WINDOW TYPE 4
4	45	44	WINDOW TYPE 5
4	45	45	WINDOW TYPE 6
4	45	46	WINDOW TYPE 7
4	45	47	WINDOW TYPE 8
4	45	48	WINDOW TYPE 9
4	45	49	WINDOW TYPE 10
4	45	50	WINDOW TYPE 11
4	45	51	WINDOW TYPE 12
4	45	52	WINDOW TYPE 13
4	45	53	WINDOW TYPE 14
4	45	54	WINDOW TYPE 15
4	45	55	WINDOW TYPE 16
4	45	56	WINDOW TYPE 17
4	45	57	WINDOW TYPE 18
4	45	58	WINDOW TYPE 19
4	45	59	WINDOW TYPE 20
4	46	0	Welcome to the Pokémon Communication\nClub Colosseum.\n\nYou may battle with your friends\nhere.\n\n
4	46	1	Which Battle Mode would you like\nto play? 
4	46	2	Battle with how many players? 
4	46	3	Do a four-player Multi Battle? 
4	46	4	JOIN A MULTI BATTLE
4	46	5	CANCEL
4	46	6	There are five Battle Modes.\n\nSingle Battle is for two Trainers\nwith one or more Pokémon each.\n\nEach Trainer can have one Pokémon\nin battle at a time.\n\nDouble Battle is for two Trainers\nwith two or more Pokémon each.\n\nEach Trainer will send out two\nPokémon to battle at a time.\n\nMix Battle is for two Trainers\nwith three Pokémon each.\n\nEach Trainer chooses one of the\nopponent's Pokémon, mixes them\n\nwith their own party, and then\n\nbattles the other Trainer.\n\nFlat Battle is for Pokémon over Lv. 50.\n\nAll Pokémon will become Lv. 50 for\nthe battle.\n\nMulti Battle is for four Trainers\nwith one or more Pokémon each.\n\nEach Trainer can have one Pokémon\nin battle at a time.\n\n
4	46	7	                                                                                                                                                                                                                                                                          
4	46	8	                                             
4	46	9	                                    
4	46	10	For a Double Battle, you must\nhave at least two Pokémon.
4	46	11	                           
4	46	12	                                   
4	46	13	                                  
4	46	14	                                   
4	46	15	                                   
4	46	16	                          
4	46	17	                    
4	46	18	                          
4	46	19	{00}\nCUP
4	46	20	NO\nRESTRICTIONS
4	46	21	   
4	46	22	RETURN
4	46	23	DOUBLE\nNO RESTRICTION
4	46	24	CHECK SPECIAL POKéMON
4	46	25	You need a special Pokémon to enter the\nGS Cup.\n\n{00}, out of the Pokémon\nyou've found...\n\n
4	46	26	{00}\n\n
4	46	27	can be entered in the competition.\n\n
4	46	28	none are eligible.\n\n
4	46	29	Please do visit again.
4	46	30	                                   
4	46	31	             
4	46	32	                  
4	46	33	                         
4	46	34	                
4	46	35	           
4	46	36	Please decide which of you two\nwill become the leader.\n\nThe other player must then choose\n“JOIN GROUP.”
4	46	37	                        
4	46	38	                    
4	46	39	                                
4	46	40	                           
4	46	41	                             
4	46	42	                                       
4	46	43	                          
4	46	44	             
4	46	45	                             
4	46	46	                             
4	46	47	                              
4	46	48	                             
4	46	49	                            
4	46	50	                             
4	46	51	                                  
4	46	52	                                 
4	46	53	                                  
4	46	54	                                
4	46	55	              
4	46	56	                 
4	46	57	Please decide which of you four\nwill become the group leader.\n\nThe other players must then choose\n“JOIN GROUP.”
4	46	58	                           
4	46	59	                                    
4	46	60	                              
4	46	61	                                  
4	46	62	                          
4	46	63	                            
4	46	64	                                
4	46	65	                    
4	46	66	The members have gathered.\nPlease enter the room.
4	46	67	                                              
4	46	68	                       
4	46	69	                 
4	46	70	             
4	46	71	Welcome to the Pokémon Wireless\nClub Union Room.\n\nYou may interact directly with\nmany Trainers here.\n\nWould you like to enter the room?
4	46	72	The Trainers in the Union Room\nwill be those players around you\n\nwho have also entered the room.\n\nYou may enter two Pokémon up to\nLv. 30 for a one-on-one battle.\n\nOr, you may trade your Pokémon here\nwith another Trainer.\n\nYou may also mix records or draw\nwith other players.\n\nYou may also chat with other\nplayers in the room.\n\n...Or find friends by touching\nthe spoken words.\n\nWould you like to enter the room? 
4	46	73	                                  
4	46	74	                                   
4	46	75	                                   
4	46	76	                          
4	46	77	I hope you enjoy your time in\nthe Union Room.\n\n
4	46	78	                                                                                                
4	46	79	                                                                                                                   
4	46	80	                                  
4	46	81	                                   
4	46	82	                                   
4	46	83	                          
4	46	84	                                                                   
4	46	85	                             
4	46	86	                                  
4	46	87	                            
4	46	88	                              
4	46	89	                        
4	46	90	                    
4	46	91	                              
4	46	92	                           
4	46	93	                                                                                                
4	46	94	                                                                                                                                                              
4	46	95	                                                                                       
4	46	96	                                                                                           
4	46	97	                                                             
4	46	98	                                                                                     
4	46	99	                                                                                                         
4	46	100	                                                                 
4	46	101	                                                               
4	46	102	                             
4	46	103	                                                                           
4	46	104	                          
4	46	105	                                                                         
4	46	106	     
4	46	107	     
4	46	108	    
4	46	109	     
4	46	110	    
4	46	111	                      
4	46	112	    
4	46	113	    
4	46	114	   
4	46	115	    
4	46	116	                                        
4	46	117	                     
4	46	118	               
4	46	119	                                                                                                                                     
4	46	120	Which set of rules would you like\nto use? 
4	46	121	Battle in {00} Cup?
4	46	122	You need at least {01} Pokémon\nthat qualify under the\n\n{00} Cup rules.
4	46	123	        
4	46	124	       
4	46	125	      
4	46	126	      
4	46	127	      
4	46	128	{00}\nCUP
4	46	129	CANCEL
4	46	130	CONFIRM
4	46	131	RULES
4	46	132	                            
4	46	133	                          
4	46	134	                            
4	46	135	                 
4	46	136	It's impossible to form a team of\nPokémon that qualify under the\n\n{00} Cup rules with a\n\ntotal level limit of {01}.
4	46	137	                      
4	46	138	NO RESTRICTIONS
4	46	139	DS Wireless Communications will be\nlaunched. 
4	46	140	For a Multi Battle, you must have\nat least three Pokémon.
4	46	141	For a Mix Battle, you must have\nat least three Pokémon.
4	46	142	You have at least one Pokémon\nthat can't be taken.
4	46	143	                           
4	46	144	Pardon us for the inconvenience...\nPlease return once you have stopped\n\nbeing a member of Team Rocket...
4	46	145	You cannot have more than two\nlegendary Pokémon in the GS Cup.
4	46	146	Pardon us for the inconvenience...\nbut people wearing black clothing,\n\npeople who engage in unlawful\n\nactivities, and people who are\n\nmembers of Team Rocket\n\nare barred from participating.
4	46	147	Pardon us for the inconvenience.\n\nWe have received word from Professor\nElm in New Bark Town that a PICHU\n\nwith spiky ears cannot be allowed\nto enter.\n\nPlease place it in your PC Box and\nenter again.
4	46	148	                                                                     
4	46	149	Hello! Here I'll explain to you about\nthe Trainer Card.\n\nYour Trainer Card, with your Pokémon of\ncourse, is proof of your status as a\n\nPokémon Trainer while you're out\n\nadventuring.\n\nIt keeps automatic records of all kinds\nof information.\n\nIf you touch the card, you can view the\nreverse side.\n\nYou can sign the back of your card.\n\nYou can show off your signature to\nanyone you meet in the Union Room!\n\nBut your signature will be erased if you\ndecide to sign your card again, so\n\nbe careful!
4	46	150	                       
4	46	151	        
4	46	152	                                       
4	46	153	                                  
4	46	154	                                   
4	46	155	                                   
4	46	156	                          
4	46	157	                                                        
4	46	158	                               
4	46	159	                    
4	46	160	                     
4	46	161	                               
4	46	162	                 
4	46	163	             
4	46	164	                    
4	46	165	                                           
4	46	166	                     
4	46	167	                                
4	46	168	                       
4	46	169	                                              
4	46	170	                              
4	46	171	               
4	46	172	Pardon us for the inconvenience.\n\nThe Spiky-eared Pokémon you are\ntraveling with...\n\nIt's a kind that doesn't appear in the\n\nPokémon Center's database, so we\n\nunfortunately cannot allow it to pass.\n\nPlease place it in a PC Box and\ncome back.
4	47	0	A bunch of DIGLETT popped out of the\nground! That was surprising!
4	47	1	Brock: Small spaces surrounded by\nrocks make you feel peaceful,\n\ndon't you agree?\n\nBy the way, do you want to\nexchange numbers? \n
4	47	2	{00} registered Brock\nin the Pokégear!
4	47	3	Brock: I would love to have a Pokémon\nbattle against you!\n\nGive me a call on Saturday nights!
4	47	4	Brock: I see... How disappointing.\nI would love to have a Pokémon battle\n\nagainst you...
4	47	5	Brock: Can we exchange numbers? 
4	47	6	Brock: Hey, you! Why don't you\ntake a picture with me? 
4	47	7	Brock: All righty!\nStand next to me and relax!\n\n
4	47	8	Brock: Yes!\nAnother great memory!
4	47	9	Brock: Well...\nThat's OK.
4	47	10	Your Photo Album is full.\n\nAccess your PC and delete\nsome pictures.
4	47	11	Brock: Hi, {00}!\nHave you seen a Pokémon called BONSLY?\n\nThey say you have to get it from\nan Egg...\n\nI am having a hard time finding one.\nIf you happen to have a BONSLY,\n\ncould you trade it for my RHYHORN? 
4	47	12	Brock: Hi, {00}!\nHave you seen a Pokémon called BONSLY?\n\nThey say you have to get it from an\nEgg...\n\nI am having a hard time finding one.\nIf you happen to have a BONSLY,\n\ncould you trade it for my RHYHORN? 
4	47	13	Brock: All right!\nLet's trade!\n\n
4	47	14	Brock: I thought you might have one,\nbut I guess it's not that easy...\n\nIf you find one, remember to trade\nwith me, OK?
4	47	15	Brock: I am looking for BONSLY.\nAre you saying you'll trade\n\nit for my RHYHORN? 
4	47	16	Brock: Thank you!\nI have been looking for BONSLY!\n\nThe RHYHORN I gave you knows the move\nThunder Fang! I trained it from an Egg.\n\nI'm so proud of it, because it can\ntake down Water-type Pokémon, which\n\nusually are a tough matchup.\n\nTake good care of it for me!
4	47	17	Brock: That RHYHORN I gave you knows\nThunder Fang! I trained it from an Egg.\n\nI'm so proud of it, because it can\ntake down Water-type Pokémon, which\n\nusually are a tough matchup.\n\nTake good care of it for me!\n\n
4	47	18	Brock: Hey, now!\nThat is not a BONSLY!
4	48	0	When the sun goes down, CLEFAIRY come\nout to play.
4	48	1	You must be tired from climbing.\nHow about stocking up on supplies? 
4	49	0	{01}: Hey, {00}!\nYou're here in Kanto, too?\n\nSome of the Trainers here are tough,\nwhich makes it easy to train\n\nmy Pokémon!\n\n{00}!\nI know that you are strong...\n\nBut...\nI can't help but challenge you!\n\n
4	49	1	{01}: My training's still not\ngood enough...?\n\nMy Pokémon are so weak, it makes me\nfrustrated...\n\nBut I can feel that they are getting\nbetter after each battle...\n\n..................\nTch!\n\nThey're still too weak!\nI need to give them more training...\n\nI know!\nI should take them to Dragon's Den!\n\nSee ya, {00}!\n\n
4	50	0	This is Mt. Moon Square.\n\nPlease don't litter. Put trash\nwhere it belongs!
4	50	1	We are closed for the day.
4	51	0	CLEFAIRY: Pip Pip!
4	51	1	This is Mt. Moon Square.\n\nPlease don't litter. Put trash\nwhere it belongs!
4	51	2	{00} found\n{01}!
4	51	3	{00} put the {01}\nin the {02} Pocket.
4	51	4	Obtained the {00}!\n\nToo bad!\nThe Bag is full...
4	51	5	We are closed for the day.
4	52	0	You haven't caught all your\nPokémon yet, but...\n\nWould you like to retire from your\nCatching Show?
4	52	1	I see...\n\nI'm disappointed that you dropped\nout. Make up for it next time!\n\n
4	52	2	That's the spirit, {00}!\nI like how you don't give up!
4	52	3	That's the spirit, {00}!\nI like how you don't give up!
4	52	4	Ding-dong!\nCongratulations!\n\n{00} has successfully\ncaught the stocked Pokémon!\n\n
4	52	5	Would you like to retire?
4	52	6	Let the countdown begin!
4	52	7	Three...
4	52	8	Two...
4	52	9	One...
4	52	10	Start!
4	53	0	Blaine: Hey, you!\n\nMy Gym on Cinnabar Island was burned\ndown by the eruption!\n\nBut I will not give up!\nTake a look at this cave.\n\nWe have turned it into a Gym, and I am\nstill acting as a Gym Leader!\n\nI will give you the Gym Badge\nif you manage to defeat me!\n\nAre you ready? Here we go!\n\n
4	53	1	Blaine: Awesome. I have burned out...\n\nTake this Volcano Badge!\n\n
4	53	2	{00} received\nthe Volcano Badge from Blaine!
4	53	3	Blaine: Here, I will give you this, too.\nIt's called Overheat!\n\nIt has a slight drawback, but it's\npowerful and well worth it!\n\n
4	53	4	Blaine: I did lose this time, but I'm\ngoing to win next time.\n\nWhen I rebuild my Cinnabar Gym,\nwe have to hold a rematch.
4	53	5	Blaine: My Fire-type Pokémon will be\neven stronger! Just you watch!
4	53	6	Wow, to see a Gym in a cave like this?\nI'd love to explore it.\n\n
4	53	7	Bitterness leads to improvement\ntomorrow.
4	53	8	Bitterness leads to improvement\ntomorrow.\n\n
4	53	9	I am in the middle of collecting\nbattle records.\n\nCan you help me?\n\n
4	53	10	I didn't expect you to be so good!\nWho in the world are you?
4	53	11	I didn't expect you to be so good!\nWho in the world are you?\n\n
4	53	12	Ooh!\nYou look easily defeated!\n\n
4	53	13	Pardon me!\nI failed to sense how strong you are.
4	53	14	Pardon me!\nI failed to sense how strong you are.\n\n
4	53	15	A white lab coat is a researcher's life.\nWe may be living in a cave like this, but\n\nwe never forget to do the laundry.\n\n
4	53	16	This white lab coat makes me feel like I\nhave become smarter for some reason.
4	53	17	This white lab coat makes me feel like I\nhave become smarter for some reason.\n\n
4	53	18	Blaine may have lost his Gym, but he\nnever gives up. His perseverance\n\nis what motivates me!\n\n
4	53	19	Together with Blaine, we will rebuild\nour Gym!
4	53	20	Together with Blaine, we will rebuild\nour Gym!\n\n
4	53	21	We lost the Gym on Cinnabar Island and\nfelt lost before we came here.\n\n
4	53	22	We take a step back when we are\ndefeated...\n\nDon't you think we are downright\nhonest?\n\nNever put us in the same category as\nScientists who help bad guys.
4	53	23	We take a step back when we are\ndefeated...\n\nDon't you think we are downright\nhonest?\n\nNever put us in the same category as\nScientists who help bad guys.\n\n
4	53	24	Yo! Legend in the making!\n\nThis Gym has many Trainers and rocks\nin the way from the rebuilding.\n\nIt sure won't be easy to get to Blaine!\n\nBut keep your cool and defeat the\nTrainers one by one, and you will surely\n\nfind the path!
4	53	25	The Gym Leader rebuilding his Gym and\nthe Trainer from Johto who has come to\n\nchallenge that Gym Leader...\n\nI have witnessed a hot battle!
4	54	0	Only those who reach the top will\nreceive a wonderful move.
4	54	1	Sprout Tower was built long ago\nas a place for Pokémon training.
4	54	2	A BELLSPROUT over 100 feet tall...\n\nPeople say that it became the middle\npillar here.
4	54	3	See the pillar shaking?\n\nPeople are training upstairs.
4	54	4	A Pokémon statue...\n\nIt looks very distinguished.
4	55	0	However hard we battle, the tower\nwill stand strong.
4	55	1	I sway like leaves in the wind...
4	55	2	A Pokémon statue...\nIt looks very distinguished.
4	56	0	Elder: You showed us what you've got,\nand it is indeed good...\n\nTake this Technical Machine.\n\nHowever, you should care more about\nyour Pokémon.\n\nThe way you treat your Pokémon can\nbe too harsh...\n\nRemember, Pokémon are not tools\nof war...\n\n
4	56	1	{00}: ...\n\n...Humph!\nHe calls himself the Elder, but he was\n\nno match for me.\n\nSure enough, those who lecture how\nyou should be “nice” to Pokémon...\n\nThey cannot defeat me.\n\nAll I care about are strong Pokémon\nthat win every time.\n\nThe rest of them don't mean anything\nto me.\n\n
4	56	2	{00} used\nan Escape Rope!
4	56	3	So good of you to come here!\n\nSprout Tower is a place of training.\nPeople and Pokémon test their bonds\n\nto build a bright future together.\n\nI am the final test.\n\nAllow me to check the ties between\nyou and your Pokémon!\n\n
4	56	4	Hmmm...\nThe way you battle is quite elegant.\n\nYou should be able to stand up\nto Falkner.\n\nAnd you should be able to make good use\nof this...\n\nIt is a Technical Machine called Flash.\nTake it with you!\n\n
4	56	5	When a Pokémon learns Flash, you can\nilluminate caves no matter how dark\n\nthey may be.\n\nYou can try it on BELLSPROUT,\nfor example...
4	56	6	I hope you learn and grow from\nyour journey.
4	56	7	It's a powerful painting of a\nBELLSPROUT.
4	56	8	A Pokémon statue...\nIt looks very distinguished.
4	57	0	So many people have gone up\nthe tower with a Rainbow Wing\n\nto try and bring back HO-OH.\n\nBut none succeeded in making\nHO-OH appear...\n\nThe Rainbow Wing is merely to permit you\nto go up this tower.\n\nWhat HO-OH has longed for is the\ninvisible trust between people and\n\nPokémon...\n\nOr the person who can restore such\na relationship...\n\n
4	57	1	A long time ago, there used to be a\nPokémon at the top of this tower,\n\nnamely HO-OH.\n\nBut it flew away, and no one has seen it\nsince...\n\nIf anyone who could restore deep trust\nbetween people and Pokémon were to\n\ncome here with something linked to\n\nHO-OH... It may come down for such\n\na person...\n\n
4	57	2	That thing you have...!\n\n
4	57	3	You have done it...\nPlease come through.
4	57	4	That Rainbow Wing will merely permit you\nto go up the tower.\n\nIf you are not the kind of person who\nwould restore the trust between people\n\nand Pokémon, HO-OH will never show\n\nitself to you...
4	57	5	Hmmm.\n\nSo it was you and the Bell!
4	57	6	You are quite a remarkable Trainer\nfor your age...
4	57	7	Morty: Bell Tower is where\npeople and Pokémon test their trust.\n\nYou may be born with some talent...\n\nCan we exchange numbers?\n\nI would love to examine the trust\nyou have with your Pokémon. 
4	57	8	{00} registered Morty\nin the Pokégear!
4	57	9	Morty: Give me a call on Tuesday nights.\nI should be free and ready.
4	57	10	Morty: I really wanted to see the\ntrust you have with your Pokémon...
4	57	11	Morty: Do you want to exchange\nnumbers? 
4	58	0	Zuki: Yes, this is where we welcome\nHO-OH.\n\nWhen the dance we practiced for many\ndays becomes one with the sound of the\n\nClear Bell we entrusted to you,\n\nthen HO-OH shall come down from the\ngreat arch of the sky once again!\n\n
4	58	1	This is all we can do for you...\nWhat you do now is entirely up to you...
4	58	2	That IS indeed HO-OH...\nThe guardian of the sky around here\n\nfrom ancient times...\n\nSo many have tried and tried, only\nto fail...\n\n{00}, your heart and the Clear\nBell in harmony have finally made\n\nit appear...\n\n
4	58	3	{00}, don't you see?\n\nHO-OH must have been waiting for\nsomeone like you all this time.\n\nWouldn't you agree...?\n\n
4	58	4	HO-OH: Shaoooh!\n\n
4	58	5	You have done a great job.\nSay hello to Professor Elm for us.
4	58	6	You have not only made HO-OH appear,\nbut you have also caught it...\n\nYou are so wonderful.\nThere is nothing more for us to say.\n\nTake good care of yourself in\nyour journey...
4	58	7	If that is what you believe, we will not\ntry to convince you otherwise.\n\nStill, if you want to see HO-OH once\nmore, perhaps you can come back here\n\nafter everything has been settled...
4	58	8	I think when you turn your back to it,\nHO-OH will not come back for\n\nsome time...\n\nIf you want to see HO-OH, perhaps you\ncan come back here after everything\n\nhas been settled...
4	59	0	Morty: The legendary Pokémon did not\nchoose me...\n\nBut that does not mean that I have\nlost out on my future.\n\nI will continue my training until I\ndiscover a new future for me.\n\nSay, do you want to be part of my\ntraining? 
4	59	1	{00} registered Morty\nin the Pokégear!
4	59	2	Morty: Give me a call on Tuesday night if\nyou want a battle!
4	59	3	Morty: Oh...\nThat's a shame...
4	59	4	Morty: So, will you be part of my\ntraining? 
4	59	5	Morty: Hi, it's you!\n\nHow about taking a picture\nhere with me as a memento? 
4	59	6	Morty: All right!\nCome and stand next to me.\n\n
4	59	7	Morty: Mmmm...\nThis is a pretty good picture!
4	59	8	Morty: I understand...\nyou must be busy with things.
4	59	9	Your Photo Album is full.\n\nAccess your PC and delete\nsome pictures.
4	60	0	{00}: ..................\n\n......Oh, it's you.\n\nYou must be here to catch the\nlegendary Pokémon to make yourself\n\nlook strong.\n\nThat is only a dream.\n\nYou see, the legendary Pokémon suits a\nTrainer like me who has sworn to become\n\nthe strongest Trainer.\n\nA battle with Team Rocket Grunts\nis just right for you!\n\n
4	60	1	{00}: ...Aw, whatever.\n\nYou would never be able to catch a\nlegendary Pokémon anyway.\n\n
4	60	2	Eusine: My name is Eusine.\n\nI'm on the trail of a Pokémon named\nSUICUNE.\n\nAnd you are...?\n{00}? Glad to meet you.\n\nI heard rumors that SUICUNE is here,\nso I came to look.\n\nTake a look at the basement through\nthe hole in the floor.\n\nThere. SUICUNE is down there.\n\nI could go downstairs, but I know it\nwould run away in no time.\n\nI know.\nI have tried it many times...
4	60	3	Eusine: There seems to be more than\nmeets the eye with you...
4	60	4	Morty: My name is Morty.\nI am Ecruteak's Gym Leader.\n\nBecause my old friend Eusine is here\non the trail of SUICUNE, I decided to\n\ninvestigate the Burned Tower.\n\nEcruteak has a legend about these\nlegendary Pokémon:\n\nSUICUNE, ENTEI, and RAIKOU.\n\nAs the Gym Leader of Ecruteak, I must\nhave a proper understanding of it.
4	61	0	Eusine: Did you see it?\n\nSUICUNE raced by like a blur, right in\nfront of my eyes!\n\nI have been chasing SUICUNE for almost\nten years, but I have never been this\n\nclose! I'm all choked up!\n\n
4	61	1	By the way...\nIt was clear to me that SUICUNE took\n\nnotice of your presence.\n\nEcruteak's legendary Pokémon are said\nto come to people only when they\n\nrecognize their talents.\n\nPerhaps I should be more aggressive\ntoward SUICUNE...\n\nAnyway, {00}, we will\nmeet again!\n\n
4	62	0	Only one Pokémon can Stroll with you\nin a Pokéwalker...\n\nI can't decide which one!
4	62	1	I may not look like it, but I have\nmany Pokéwalkers on me!\n\nThey make loud noises as I walk.\n\nMaybe taking a Stroll isn't as easy as\nI thought...
4	62	2	Pay attention, please!\n\n...Oops, I have to quit thinking like\na teacher all the time.\n\nYou must be a Pokémon Trainer.\n\nSince you're working so hard,\nI want you to have this.\n\n
4	62	3	                     
4	62	4	Let a Pokémon hold that Quick Claw.\n\nSometimes it will strike first\nduring battle.
4	62	5	It's fun having a Pokémon out of its\nPoké Ball to walk with it,\n\nbut the Pokéwalker is a whole\n\nnew dimension.
4	62	6	My mom can't take my Pokémon and tells\nme not to play with it indoors.\n\nBut, hey!\n\nI can keep it in my Pokéwalker.\nThat way, I'm always with it!
4	62	7	I take walks in the park, but I\nnever go into the grass.\n\nTrainers always want to battle...
4	62	8	PERSIAN: Fufushaa!
4	62	9	Huff, puff, huff...\n\nI am...out of...breath!\nI've been running to try\n\nand charge the Pokéwalker!
4	62	10	                                                            
4	62	11	    
4	62	12	                                                                         
4	62	13	                                     
4	62	14	                                
4	62	15	                                
4	62	16	                                                  
4	62	17	          
4	62	18	                                           
4	62	19	                             
4	62	20	     
4	62	21	                                           
4	62	22	Relaxation Square for Everyone\nNational Park
4	62	23	What is this notice?\n\nPlease battle only in the park grass.\n\n           National Park\n           Warden's Office
4	62	24	What is this notice?\n\nNo ball playing allowed\nother than Poké Balls.\n\n           National Park\n           Warden's Office
4	62	25	                                                                       
4	62	26	                          
4	62	27	                                 
4	62	28	                   
4	62	29	                          
4	62	30	                                 
4	62	31	                                                     
4	62	32	                                                            
4	62	33	                                
4	62	34	                             
4	62	35	                             
4	62	36	                                      
4	62	37	                                                                
4	62	38	                               
4	62	39	                          
4	62	40	                               
4	62	41	                                                               
4	62	42	Please join us in the next\nBug-Catching Contest, too!
4	62	43	                                    
4	62	44	                                         
4	62	45	Don: Whether you get the right Pokémon\nor not is half luck.
4	62	46	                                           
4	62	47	                                              
4	62	48	Ed: The size of the Pokémon is not the\nonly thing to compare when trying to\n\ndecide the winner.
4	62	49	                                
4	62	50	                               
4	62	51	Abby: Somebody told me that colorful\nPokémon are more likely to win.\n\nI wonder if it's true...
4	62	52	                            
4	62	53	                                             
4	62	54	William: I got the Pokémon I wanted,\nso I'm very happy.
4	62	55	                                              
4	62	56	                                              
4	62	57	Benny: You know what?\nI caught a SCYTHER the other day,\n\nand I still didn't win...
4	62	58	                                             
4	62	59	                                              
4	62	60	Barry: You have a better chance to win\nwhen your Pokémon is at a high level.\n\nBut it seems that there is more\n\nto winning.
4	62	61	                           
4	62	62	                        
4	62	63	Cindy: I love Bug-type Pokémon.\n\nAm I repeating myself?
4	62	64	                                            
4	62	65	                                                     
4	62	66	Josh: Somebody won the Contest\nwith a CATERPIE!
4	62	67	                                                                                    
4	62	68	                                       
4	62	69	Samuel: Arrgh! I though it would\nscore higher.
4	62	70	                           
4	62	71	                                                 
4	62	72	Kipp: Studying hard on Bug-type\nPokémon doesn't ensure you'll win here.
4	62	73	                                 
4	62	74	    
4	62	75	   
4	62	76	   
4	62	77	    
4	62	78	   
4	62	79	    
4	62	80	   
4	62	81	    
4	62	82	   
4	62	83	    
4	62	84	Bugsy: Hi, {00}!\nWe have a Bug-Catching Contest\n\ntomorrow!\n\nI have won the Contest many\ntimes, so I won't participate.\n\nBut you should try it.\n\nI'm sure you can win!
4	62	85	Bugsy: Hi, {00}!\nWe have a Bug-Catching Contest\n\ntomorrow!\n\nI have won the Contest many\ntimes, so I won't participate.\n\nBut you should try it.\nI'm sure you can win!\n\nBy the way, will you take a\npicture with me? 
4	62	86	Bugsy: OK! Let's take one.\nSmile!\n\n
4	62	87	Bugsy: Yay! This is a good one!
4	62	88	Bugsy: Oh, I see...\nThat's OK. I'm not sad.
4	62	89	Your Photo Album is full.\n\nAccess your PC and delete\nsome pictures.
4	63	0	Relaxation Square for Everyone\nNational Park
4	63	1	What is this notice?\n\nPlease battle only in the park grass.\n\nNational Park\nWarden's Office
4	63	2	What is this notice?\n\nNo ball playing allowed\nother than Poké Balls.\n\nNational Park\nWarden's Office
4	63	3	Don: I'm going to\nwin! Don't bother\n\nme.
4	63	4	                                
4	63	5	  
4	63	6	Ed: My PARASECT\nputs Pokémon to\n\nsleep with Spore.
4	63	7	                                  
4	63	8	                                
4	63	9	Abby: I am training my Pokémon to raise\nits Speed to prepare for the Contest.
4	63	10	                                 
4	63	11	  
4	63	12	William: I'm not\nconcerned about\n\nwinning.\n\nI'm just looking\nfor rare Pokémon.
4	63	13	                                 
4	63	14	                                    
4	63	15	Benny: Ssh! You'll\nscare off Pokémon.\n\nI'll talk to you\nlater.
4	63	16	                                       
4	63	17	  
4	63	18	Barry: You should\nweaken bug Pokémon\n\nfirst, then throw\n\na Ball.
4	63	19	                                              
4	63	20	                           
4	63	21	Cindy: I really love Bug-type\nPokémon!
4	63	22	                        
4	63	23	  
4	63	24	Josh: I've been collecting Bug-type\nPokémon since I was just a baby.\n\nThere's no way I'm going to lose!
4	63	25	                              
4	63	26	                              
4	63	27	Samuel: If you've got the time to\nchat, go find some bug Pokémon.
4	63	28	                             
4	63	29	  
4	63	30	Kipp: I've studied about bug Pokémon\na lot. I'm going to win for sure.
4	63	31	                                   
4	63	32	                                  
