obj;2;1;0;0;0;70;0;0;657;10397;3;0;0;5;18;0;0
obj;2;1;0;1;1;79;0;0;0;2101;1;0;0;4;4;0;0
obj;2;1;0;2;2;82;0;0;0;10100;1;0;0;7;4;0;0
obj;2;1;0;3;3;81;0;0;0;10105;1;0;0;10;4;0;0
obj;2;1;0;4;4;78;15;0;0;2100;1;0;0;7;10;0;0
obj;2;1;0;5;5;77;16;0;0;1;2;0;0;11;16;0;0
obj;2;1;0;6;6;77;16;0;0;2;2;0;0;11;18;0;0
obj;2;1;0;7;7;48;0;0;0;3;1;0;0;4;14;0;0
obj;2;2;0;0;0;19;3;0;0;1;1;3;3;6;5;0;0
obj;2;2;0;1;1;21;0;0;0;2;1;0;0;9;10;0;0
obj;2;3;0;0;0;24;0;0;0;1;1;0;0;6;5;0;0
obj;2;3;0;1;1;22;0;0;0;2;1;0;0;8;5;0;0
obj;2;3;0;2;2;10;44;0;0;3;1;2;2;7;7;0;0
obj;2;4;0;0;0;18;0;0;0;1;0;0;0;12;6;0;0
obj;2;4;0;1;1;20;0;0;0;2;3;0;0;9;7;0;0
obj;2;5;0;0;0;13;0;0;0;3;1;0;0;11;20;0;0
obj;2;5;0;1;1;25;0;0;0;4;2;0;0;25;13;0;0
obj;2;5;0;2;2;20;0;0;627;5;1;0;0;18;13;0;0
obj;2;5;0;3;3;26;0;0;627;6;3;0;0;1;12;0;0
obj;2;5;0;4;4;24;0;0;628;7;1;0;0;16;5;0;0
obj;2;5;0;5;5;61;0;0;628;8;1;0;0;17;5;0;0
obj;2;5;0;6;6;23;0;0;629;9;3;0;0;7;21;0;0
obj;2;5;0;7;7;28;0;0;630;10;2;0;0;18;22;0;0
obj;2;5;0;8;8;44;0;0;0;2;1;0;0;8;5;0;0
obj;2;5;0;9;9;77;0;0;0;11;1;0;0;13;18;0;0
obj;2;5;0;10;10;77;0;0;629;14;2;0;0;22;6;0;0
obj;2;5;0;11;11;77;0;0;628;13;2;0;0;22;21;0;0
obj;2;5;0;12;12;77;0;0;627;12;3;0;0;4;6;0;0
obj;2;5;0;13;13;77;0;0;630;15;3;0;0;4;21;0;0
obj;2;5;0;14;14;61;0;0;0;16;1;0;0;4;15;0;0
obj;2;5;0;15;15;48;0;0;0;17;1;0;0;22;15;0;0
obj;2;6;0;0;0;61;3;0;0;1;1;1;1;772;589;0;0
obj;2;6;0;1;1;11;3;0;0;2;1;1;1;777;593;0;0
obj;2;6;0;2;2;28;3;0;0;3;1;1;2;771;594;0;0
obj;2;6;0;3;3;22;29;0;0;5;2;6;6;753;594;0;0
obj;2;6;0;4;4;35;3;0;0;4;1;2;2;783;591;0;0
obj;2;6;0;5;5;22;2;0;0;16;1;0;0;792;584;0;0
obj;2;6;0;6;6;28;0;0;0;10;1;0;0;752;584;0;0
obj;2;6;0;7;7;187;0;0;538;12;1;0;0;788;587;0;0
obj;2;6;0;8;8;85;0;0;539;13;1;0;0;788;587;0;0
obj;2;6;0;9;9;74;0;0;540;15;3;2;2;787;590;0;0
obj;2;6;0;10;10;63;0;0;0;17;3;0;0;740;582;0;0
obj;2;6;0;11;11;9;3;0;0;6;1;1;1;770;599;0;0
obj;2;6;0;12;12;61;0;0;0;19;0;0;0;795;601;0;0
obj;2;6;0;13;13;110;0;0;1362;7171;1;0;0;774;605;0;0
obj;2;6;0;14;14;110;0;0;1256;7170;1;0;0;748;603;0;0
obj;2;7;0;0;0;187;0;0;0;1;1;0;0;15;41;0;0
obj;2;7;0;1;1;179;0;0;530;3;1;0;0;12;3;0;0
obj;2;7;0;2;2;178;0;0;530;4;1;0;0;12;3;0;0
obj;2;7;0;3;3;85;0;0;0;5;1;0;0;12;3;0;0
obj;2;7;0;4;4;185;0;0;0;2000;1;0;0;9;34;0;7
obj;2;7;0;5;5;185;0;0;0;2000;1;0;0;9;24;0;7
obj;2;7;0;6;6;185;0;0;0;2000;1;0;0;9;14;0;7
obj;2;7;0;7;7;42;17;1;0;3009;3;0;0;9;30;0;6
obj;2;7;0;8;8;43;16;1;0;3010;2;0;0;15;20;0;6
obj;2;7;0;9;9;43;0;0;0;18;3;0;0;7;42;0;0
obj;2;8;0;0;0;78;15;0;0;2100;1;0;0;7;10;0;0
obj;2;8;0;1;1;77;16;0;0;3;2;0;0;11;16;0;0
obj;2;8;0;2;2;19;3;0;0;1;1;0;0;11;13;0;0
obj;2;8;0;3;3;25;3;0;0;2;1;1;2;3;15;0;0
obj;2;8;0;4;4;82;0;0;0;10100;1;0;0;7;4;0;0
obj;2;8;0;5;5;77;16;0;0;4;2;0;0;11;18;0;0
obj;2;8;0;6;6;81;0;0;0;10105;1;0;0;10;4;0;0
obj;2;8;0;7;7;79;0;0;0;2101;1;0;0;4;4;0;0
obj;2;8;0;8;8;70;0;0;657;10397;3;0;0;5;18;0;0
obj;2;9;0;0;0;20;0;0;0;2;3;0;0;10;7;0;0
obj;2;9;0;1;1;21;3;0;0;3;1;1;1;4;6;0;0
obj;2;9;0;2;2;12;0;0;0;4;1;3;3;7;2;0;0
obj;2;9;0;3;3;74;0;0;541;1;1;0;0;7;9;0;0
obj;2;10;0;0;0;74;0;0;0;2;0;2;1;11;8;0;0
obj;2;10;0;1;1;16;0;0;0;3;3;0;4;4;7;0;0
obj;2;11;0;0;0;29;0;0;0;3;1;0;0;3;4;0;0
obj;2;11;0;1;1;28;0;0;0;2;1;0;0;4;4;0;0
obj;2;11;0;2;2;20;2;0;0;1;2;0;0;10;7;0;0
obj;2;12;0;0;0;18;3;0;0;2;1;1;1;10;7;0;0
obj;2;12;0;1;1;44;3;0;0;1;2;0;0;7;7;0;0
obj;2;12;0;2;2;23;3;0;0;3;1;1;1;12;5;0;0
obj;2;13;0;0;0;10;4;0;0;3;1;0;0;8;4;0;0
obj;2;13;0;1;1;27;0;0;0;1;2;0;0;4;3;0;0
obj;2;13;0;2;2;18;3;0;0;2;3;0;0;2;3;0;0
obj;2;14;0;0;0;35;0;0;0;2;0;0;0;5;8;0;0
obj;2;14;0;1;1;128;20;0;0;3;2;0;0;9;9;0;0
obj;2;14;0;2;2;162;0;0;0;4;3;0;0;4;8;0;0
obj;2;14;0;3;3;18;3;0;0;1;1;1;1;12;6;0;0
obj;2;15;0;0;0;44;0;0;0;1;1;0;0;6;12;0;0
obj;2;15;0;1;1;30;3;0;0;4;1;2;1;5;7;0;0
obj;2;15;0;2;2;12;15;0;0;5;1;0;0;11;5;0;0
obj;2;15;0;3;3;14;3;0;0;2;1;1;1;10;10;0;0
obj;2;15;0;4;4;11;46;0;0;3;1;3;1;12;8;0;0
obj;2;15;0;5;5;7;0;0;542;7;0;0;0;9;2;0;0
obj;2;16;0;0;0;132;2;0;0;5;1;0;0;629;582;0;0
obj;2;16;0;1;1;49;3;0;0;4;1;3;0;636;602;0;0
obj;2;16;0;2;2;22;3;0;0;1;1;0;3;654;594;0;0
obj;2;16;0;3;3;19;0;0;0;2;0;0;0;624;599;0;0
obj;2;16;0;4;4;27;21;0;0;3;2;2;0;626;602;0;0
obj;2;16;0;5;5;86;2;0;562;9;1;0;0;644;589;0;0
obj;2;16;0;6;6;87;0;0;563;2000;1;0;0;635;589;0;0
obj;2;16;0;7;7;7;0;0;563;2000;1;0;0;634;587;0;0
obj;2;16;0;8;8;134;0;0;563;2000;1;0;0;644;579;0;0
obj;2;16;0;9;9;105;0;0;614;2000;1;0;0;645;583;0;0
obj;2;16;0;10;10;104;0;0;614;2000;1;0;0;643;583;0;0
obj;2;16;0;11;11;97;0;0;614;2000;1;0;0;642;584;0;0
obj;2;16;0;12;12;134;0;0;751;13;1;0;0;646;584;0;0
obj;2;16;0;13;13;86;0;0;751;14;1;0;0;644;579;0;0
obj;2;16;0;14;14;110;0;0;1328;2000;1;0;0;603;598;0;0
obj;2;17;0;0;0;76;17;0;0;1;3;0;0;9;26;0;0
obj;2;17;0;1;1;76;17;0;0;2;3;0;0;9;25;0;0
obj;2;17;0;2;2;73;14;0;0;3;0;0;0;12;21;0;0
obj;2;17;0;3;3;28;0;0;0;8;1;0;0;3;12;0;0
obj;2;17;0;4;4;18;3;0;0;6;3;0;0;18;17;0;0
obj;2;17;0;5;5;16;15;0;0;7;0;0;0;7;5;0;0
obj;2;17;0;6;6;7;3;0;547;5;1;0;0;15;11;0;0
obj;2;17;0;7;7;134;3;0;547;4;1;0;0;6;14;0;0
obj;2;17;0;8;8;8198;0;0;569;2000;1;0;0;12;19;0;0
obj;2;17;0;9;9;162;0;0;623;2000;1;0;0;6;9;-32768;0
obj;2;17;0;10;10;76;0;0;0;10280;2;0;0;15;25;0;0
obj;2;17;0;11;11;98;14;0;648;2000;0;0;0;11;14;0;0
obj;2;17;0;12;12;98;0;0;648;2000;1;0;0;10;15;0;0
obj;2;17;0;13;13;99;0;0;648;2000;1;0;0;9;15;0;0
obj;2;17;0;14;14;98;14;0;648;2000;0;0;0;13;14;0;0
obj;2;17;0;15;15;98;0;0;648;2000;1;0;0;14;15;0;0
obj;2;17;0;16;16;98;0;0;648;2000;1;0;0;15;15;0;0
obj;2;18;0;0;0;74;14;0;0;6;0;0;0;6;3;0;0
obj;2;18;0;1;1;187;15;0;0;4;1;0;0;11;26;0;0
obj;2;18;0;2;2;16;14;0;0;5;0;0;0;13;11;0;0
obj;2;18;0;3;3;185;0;0;0;2000;1;0;0;11;10;0;4
obj;2;18;0;4;4;12;17;1;0;3086;3;0;0;6;24;0;7
obj;2;19;0;0;0;86;15;0;564;2;1;0;0;5;10;0;0
obj;2;20;0;0;0;77;16;0;0;4;2;0;0;11;16;0;0
obj;2;20;0;1;1;78;15;0;0;2100;1;0;0;7;10;0;0
obj;2;20;0;2;2;15;3;0;0;1;1;1;1;10;11;0;0
obj;2;20;0;3;3;48;0;0;0;3;2;0;0;3;16;0;0
obj;2;20;0;4;4;79;0;0;0;2101;1;0;0;4;4;0;0
obj;2;20;0;5;5;81;0;0;0;10105;1;0;0;10;4;0;0
obj;2;20;0;6;6;82;0;0;0;10100;1;0;0;7;4;0;0
obj;2;20;0;7;7;77;16;0;0;5;2;0;0;11;18;0;0
obj;2;20;0;8;8;70;0;0;657;10397;3;0;0;5;18;0;0
obj;2;20;0;9;9;10;0;0;0;2;0;0;0;3;14;0;0
obj;2;21;0;0;0;22;0;0;0;10435;1;0;0;6;6;0;0
obj;2;22;0;0;0;56;2;0;0;1;0;0;0;8;2;0;0
obj;2;22;0;1;1;8;2;0;0;2;3;2;2;10;7;0;0
obj;2;22;0;2;2;18;0;0;0;3;2;2;2;3;8;0;0
obj;2;23;0;0;0;162;2;0;0;2;2;0;3;10;8;0;0
obj;2;23;0;1;1;15;2;0;0;1;0;0;0;3;3;0;0
obj;2;23;0;2;2;14;0;0;0;3;3;0;0;9;8;0;0
obj;2;23;0;3;3;10;0;0;0;4;2;0;0;3;8;0;0
obj;2;24;0;0;0;46;0;0;0;1;2;0;0;9;3;0;0
obj;2;24;0;1;1;46;0;0;0;2;3;0;0;3;3;0;0
obj;2;24;0;2;2;11;0;0;0;3;1;0;0;9;8;0;0
obj;2;24;0;3;3;77;0;0;0;4;3;0;0;3;8;0;0
obj;2;25;0;0;0;19;3;0;0;2;0;0;0;4;4;0;0
obj;2;25;0;1;1;22;3;0;0;1;1;1;1;8;8;0;0
obj;2;25;0;2;2;31;0;0;0;3;3;0;0;4;8;0;0
obj;2;26;0;0;0;43;0;0;0;1;2;0;0;9;12;0;0
obj;2;26;0;1;1;20;0;0;0;4;3;0;0;8;3;0;0
obj;2;26;0;2;2;25;0;0;0;3;0;0;0;4;7;0;0
obj;2;26;0;3;3;23;20;0;0;2;1;0;6;10;4;0;0
obj;2;26;0;4;4;19;0;0;0;5;3;0;0;8;5;0;0
obj;2;26;0;5;5;31;0;0;0;7;1;0;0;8;7;0;0
obj;2;26;0;6;6;30;0;0;0;6;0;0;0;8;9;0;0
obj;2;27;0;0;0;76;0;0;0;1;1;0;0;13;2;0;0
obj;2;27;0;1;1;14;0;0;0;3;0;0;0;3;7;0;0
obj;2;27;0;2;2;15;3;0;0;2;1;1;1;12;7;0;0
obj;2;28;0;0;0;52;76;0;0;9;1;0;0;4;4;-2;0
obj;2;28;0;1;1;52;79;0;0;10;1;0;0;3;17;-2;0
obj;2;28;0;2;2;52;70;0;0;8;1;0;0;2;20;3;0
obj;2;28;0;3;3;52;70;0;0;6;1;0;0;4;20;-2;0
obj;2;28;0;4;4;52;70;0;0;7;1;0;0;3;6;-2;0
obj;2;28;0;5;5;53;81;0;0;1;1;1;1;2;9;-2;0
obj;2;28;0;6;6;53;70;0;0;2;1;0;0;3;18;3;0
obj;2;28;0;7;7;53;70;0;0;4;1;0;0;5;18;3;0
obj;2;28;0;8;8;53;81;0;0;3;1;1;1;5;15;-2;0
obj;2;28;0;9;9;53;73;0;0;5;1;0;0;4;10;3;0
obj;2;28;0;10;10;87;72;0;641;2000;0;0;0;4;28;-1;0
obj;2;29;0;0;0;0;3;0;0;2000;1;0;0;32;33;0;0
obj;2;29;0;1;1;0;3;0;0;2000;1;0;0;38;29;0;0
obj;2;29;0;2;2;0;3;0;0;2000;1;0;0;26;29;0;0
obj;2;29;0;3;3;0;3;0;0;2000;1;0;0;20;25;0;0
obj;2;29;0;4;4;0;3;0;0;2000;1;0;0;26;21;0;0
obj;2;29;0;5;5;0;3;0;0;2000;1;0;0;38;21;0;0
obj;2;29;0;6;6;0;3;0;0;2000;1;0;0;32;17;0;0
obj;2;29;0;7;7;54;0;0;570;18;1;0;0;38;24;0;0
obj;2;29;0;8;8;54;0;0;571;19;1;0;0;20;28;0;0
obj;2;29;0;9;9;87;0;0;0;20;1;0;0;32;4;0;0
obj;2;29;0;10;10;187;0;0;0;21;1;0;0;34;45;0;0
obj;2;29;0;11;11;54;17;1;0;3198;3;0;0;24;18;0;4
obj;2;29;0;12;12;54;15;1;0;3196;1;0;0;40;31;0;5
obj;2;30;0;0;0;55;0;0;0;1;1;0;0;15;17;0;0
obj;2;30;0;1;1;55;0;0;702;2;1;0;0;14;17;0;0
obj;2;30;0;2;2;55;0;0;703;3;1;0;0;16;17;0;0
obj;2;30;0;3;3;28;3;0;0;6;2;1;1;22;16;0;0
obj;2;30;0;4;4;87;80;0;641;2000;1;0;0;13;3;-1;0
obj;2;31;0;0;0;32;3;0;0;1;1;2;2;16;45;0;0
obj;2;31;0;1;1;31;3;0;0;2;1;1;1;14;52;0;0
obj;2;31;0;2;2;98;0;0;796;15;3;0;0;9;33;0;0
obj;2;31;0;3;3;98;0;0;796;9;3;0;0;8;32;0;0
obj;2;31;0;4;4;99;0;0;796;10;3;0;0;8;34;0;0
obj;2;31;0;5;5;87;0;0;796;14;2;0;0;11;32;0;0
obj;2;31;0;6;6;134;0;0;797;2000;0;0;0;12;39;0;0
obj;2;31;0;7;7;92;0;0;797;2000;0;0;0;13;38;0;0
obj;2;31;0;8;8;52;3;0;0;11;1;2;2;19;22;0;0
obj;2;31;0;9;9;52;3;0;0;12;1;2;2;10;57;0;0
obj;2;31;0;10;10;53;3;0;0;13;1;2;2;11;20;0;0
obj;2;32;0;0;0;52;3;0;0;3;1;1;1;13;35;0;0
obj;2;32;0;1;1;31;3;0;0;4;1;1;1;18;26;0;0
obj;2;33;0;0;0;43;0;0;0;1;3;0;0;10;35;0;0
obj;2;33;0;1;1;52;0;1;689;6;2;0;0;12;35;0;0
obj;2;33;0;2;2;22;0;0;689;7;0;0;0;12;36;0;0
obj;2;33;0;3;3;53;0;0;689;8;0;0;0;12;37;0;0
obj;2;33;0;4;4;53;0;0;689;9;0;0;0;12;38;0;0
obj;2;33;0;5;5;52;0;0;689;10;0;0;0;12;39;0;0
obj;2;33;0;6;6;22;0;0;690;11;0;0;0;13;48;0;0
obj;2;33;0;7;7;53;0;0;690;12;0;0;0;13;48;0;0
obj;2;33;0;8;8;52;0;0;690;13;0;0;0;13;48;0;0
obj;2;33;0;9;9;0;0;0;0;16;3;0;0;10;36;0;0
obj;2;35;0;0;0;61;0;0;0;1;1;0;0;18;32;0;0
obj;2;35;0;1;1;61;0;0;0;2;0;0;0;18;33;0;0
obj;2;35;0;2;2;83;0;0;0;4;0;0;0;13;49;0;0
obj;2;35;0;3;3;55;0;0;700;6;1;0;0;14;38;0;0
obj;2;36;0;0;0;32;81;0;0;2;1;1;1;0;2;0;0
obj;2;36;0;1;1;11;81;0;0;1;1;2;1;0;8;0;0
obj;2;36;0;2;2;71;69;0;0;3;2;0;0;0;0;4;0
obj;2;37;0;0;0;17;3;0;0;1;1;2;4;19;11;0;0
obj;2;37;0;1;1;55;19;0;701;2;1;4;4;17;22;0;0
obj;2;37;0;2;2;76;0;0;0;3;1;0;0;12;10;0;0
obj;2;38;0;0;0;21;0;0;0;1;1;0;0;15;23;0;0
obj;2;38;0;1;1;44;3;0;0;2;2;0;0;11;18;0;0
obj;2;38;0;2;2;92;0;0;798;7;0;0;0;16;12;0;0
obj;2;38;0;3;3;134;0;0;798;6;0;0;0;15;12;0;0
obj;2;38;0;4;4;87;0;0;800;2000;3;0;0;14;11;0;0
obj;2;39;0;0;0;76;0;0;0;2;2;0;0;18;16;0;0
obj;2;40;0;0;0;61;0;0;0;1;3;0;0;15;14;0;0
obj;2;40;0;1;1;73;5;0;0;5;3;2;0;9;19;0;0
obj;2;41;0;0;0;21;0;0;0;1;1;1;1;3;13;0;0
obj;2;41;0;1;1;52;6;0;0;2;2;0;1;2;15;0;0
obj;2;41;0;2;2;79;0;0;0;2101;1;0;0;4;4;0;0
obj;2;41;0;3;3;81;0;0;0;10105;1;0;0;10;4;0;0
obj;2;41;0;4;4;82;0;0;0;10100;1;0;0;7;4;0;0
obj;2;41;0;5;5;78;15;0;0;2100;1;0;0;7;10;0;0
obj;2;41;0;6;6;77;0;0;0;3;2;0;0;11;16;0;0
obj;2;41;0;7;7;77;0;0;0;4;2;0;0;11;18;0;0
obj;2;41;0;8;8;70;0;0;657;10397;3;0;0;5;18;0;0
obj;2;41;0;9;9;83;0;0;0;10325;1;0;0;1;5;0;0
obj;2;41;0;10;10;35;0;0;0;5;0;1;1;9;12;0;0
obj;2;42;0;0;0;73;0;0;0;1;1;0;0;8;5;0;0
obj;2;42;0;1;1;11;0;0;0;4;3;0;0;12;10;0;0
obj;2;42;0;2;2;17;0;0;0;5;3;0;0;12;4;0;0
obj;2;42;0;3;3;10;0;0;709;6;2;0;0;11;8;0;0
obj;2;42;0;4;4;12;0;0;710;7;3;0;0;5;10;0;0
obj;2;42;0;5;5;14;0;0;711;8;3;0;0;2;10;0;0
obj;2;42;0;6;6;15;0;0;712;9;3;0;0;2;5;0;0
obj;2;42;0;7;7;13;0;0;713;10;1;0;0;5;2;0;0
obj;2;42;0;8;8;18;0;0;714;11;1;0;0;10;3;0;0
obj;2;42;0;9;9;16;15;0;715;12;1;0;0;6;8;0;0
obj;2;42;0;10;10;22;0;0;0;3;2;0;0;5;5;0;0
obj;2;43;0;0;0;83;0;0;0;1;1;0;0;4;3;0;0
obj;2;43;0;1;1;45;0;0;0;2;0;0;0;7;5;0;0
obj;2;43;0;2;2;54;0;0;0;9;2;0;0;14;10;0;0
obj;2;44;0;0;0;76;0;0;0;1;3;0;0;3;3;0;0
obj;2;44;0;1;1;69;0;0;647;2000;1;0;0;7;6;0;0
obj;2;44;0;2;2;52;0;0;0;5;1;0;0;10;5;0;0
obj;2;45;0;0;0;52;16;1;0;3165;2;0;0;5;7;0;3
obj;2;45;0;1;1;53;46;1;0;3094;2;0;0;2;11;0;2
obj;2;45;0;2;2;53;45;1;0;3093;2;0;0;9;5;0;2
obj;2;45;0;3;3;52;14;1;0;3166;0;0;0;10;13;0;2
obj;2;45;0;4;4;73;17;1;0;3113;3;0;0;6;10;0;3
obj;2;45;0;5;5;73;14;0;0;2;0;0;0;13;11;0;0
obj;2;45;0;6;6;52;5;0;0;1;3;2;0;13;7;0;0
obj;2;45;0;7;7;110;0;0;1211;7108;1;0;0;2;14;0;0
obj;2;46;0;0;0;69;0;0;0;1;1;0;0;12;2;0;0
obj;2;46;0;1;1;52;8;1;0;3167;2;0;0;2;6;0;3
obj;2;46;0;2;2;73;45;1;0;3114;0;0;0;8;12;0;2
obj;2;46;0;3;3;52;16;1;0;3170;2;0;0;12;7;0;2
obj;2;46;0;4;4;74;17;1;0;3116;3;0;0;2;12;0;0
obj;2;46;0;5;5;110;0;0;1383;7107;1;0;0;5;9;0;0
obj;2;47;0;0;0;10;0;0;729;1;3;0;0;4;6;0;0
obj;2;47;0;1;1;14;0;0;730;2;2;0;0;5;6;0;0
obj;2;47;0;2;2;195;0;0;731;3;1;0;0;4;6;0;0
obj;2;48;0;0;0;19;0;0;0;1;1;0;0;12;2;0;0
obj;2;48;0;1;1;73;0;0;0;2;3;0;0;12;9;0;0
obj;2;48;0;2;2;21;0;0;0;3;3;0;0;12;13;0;0
obj;2;48;0;3;3;18;0;0;0;4;2;0;0;7;12;0;0
obj;2;48;0;4;4;25;0;0;0;5;0;0;0;6;13;0;0
obj;2;48;0;5;5;30;0;0;0;6;3;0;0;5;12;0;0
obj;2;49;0;0;0;28;0;0;0;2225;1;0;0;10;8;0;0
obj;2;49;0;1;1;64;0;0;0;1;3;0;0;10;5;0;0
obj;2;49;0;2;2;111;0;0;0;2;2;0;0;12;5;0;0
obj;2;49;0;3;3;27;0;0;0;4;1;0;0;5;7;0;0
obj;2;49;0;4;4;76;0;0;0;3;3;0;0;3;3;0;0
obj;2;50;0;0;0;73;0;0;0;1;3;0;0;12;11;0;0
obj;2;50;0;1;1;54;0;0;0;2;1;0;0;12;2;0;0
obj;2;51;0;0;0;25;3;0;0;1;2;0;0;7;6;0;0
obj;2;51;0;1;1;76;0;0;0;3;2;0;0;9;11;0;0
obj;2;52;0;0;0;75;0;0;0;2;0;0;0;29;18;0;0
obj;2;52;0;1;1;75;0;0;0;3;3;0;0;22;12;0;0
obj;2;52;0;2;2;75;3;0;0;4;0;2;2;9;17;0;0
obj;2;52;0;3;3;75;0;0;0;5;2;0;0;30;14;0;0
obj;2;52;0;4;4;75;0;0;0;6;2;0;0;36;12;0;0
obj;2;52;0;5;5;11;29;0;0;7;1;4;6;15;25;0;0
obj;2;52;0;6;6;18;39;0;0;8;1;2;3;17;15;0;0
obj;2;52;0;7;7;14;43;0;0;9;0;4;5;41;25;0;0
obj;2;52;0;8;8;16;28;0;0;10;0;12;2;40;6;0;0
obj;2;52;0;9;9;10;18;0;0;11;1;4;4;46;16;0;0
obj;2;52;0;10;10;169;0;0;0;19;1;0;0;144;19;0;0
obj;2;52;0;11;11;170;0;0;0;20;1;0;0;149;3;0;0
obj;2;52;0;12;12;168;0;0;0;18;1;0;0;136;3;0;0
obj;2;52;0;13;13;166;0;0;0;16;1;0;0;124;3;0;0
obj;2;52;0;14;14;165;0;0;0;15;1;0;0;118;20;0;0
obj;2;52;0;15;15;167;0;0;0;17;1;0;0;131;20;0;0
obj;2;52;0;16;16;163;0;0;0;13;1;0;0;104;19;0;0
obj;2;52;0;17;17;164;0;0;0;14;1;0;0;111;3;0;0
obj;2;52;0;18;18;176;0;0;0;26;1;0;0;98;3;0;0
obj;2;52;0;19;19;175;0;0;0;25;1;0;0;91;3;0;0
obj;2;52;0;20;20;162;0;0;0;12;1;0;0;92;19;0;0
obj;2;52;0;21;21;174;0;0;0;24;1;0;0;79;19;0;0
obj;2;52;0;22;22;173;0;0;0;23;1;0;0;74;20;0;0
obj;2;52;0;23;23;171;0;0;0;21;1;0;0;73;3;0;0
obj;2;52;0;24;24;172;0;0;0;22;1;0;0;79;3;0;0
obj;2;53;0;0;0;56;2;0;0;1;1;0;0;5;4;0;0
obj;2;53;0;1;1;42;0;0;0;2;1;1;0;3;2;0;0
obj;2;53;0;2;2;83;0;0;0;3;2;0;0;8;4;0;0
obj;2;53;0;3;3;52;0;0;0;4;0;0;0;2;8;0;0
obj;2;54;0;0;0;23;0;0;0;1;0;0;0;10;7;0;0
obj;2;54;0;1;1;64;0;0;0;2;3;0;0;11;5;0;0
obj;2;54;0;2;2;130;0;0;0;3;3;0;0;12;5;0;0
obj;2;54;0;3;3;20;0;0;0;4;3;0;0;3;3;0;0
obj;2;55;0;0;0;20;0;0;0;1;2;0;0;7;12;0;0
obj;2;55;0;1;1;64;0;0;0;2;0;0;0;6;13;0;0
obj;2;56;0;0;0;100;0;0;799;2000;1;0;0;7;5;0;0
obj;2;56;0;1;1;188;0;0;799;2000;1;0;0;6;5;0;0
obj;2;56;0;2;2;191;0;0;799;2000;1;0;0;8;5;0;0
obj;2;56;0;3;3;98;0;0;799;2000;1;0;0;5;4;0;0
obj;2;56;0;4;4;98;0;0;799;2000;1;0;0;7;4;0;0
obj;2;56;0;5;5;99;0;0;799;2000;1;0;0;9;4;0;0
obj;2;56;0;6;6;87;0;0;799;2000;0;0;0;6;9;0;0
obj;2;56;0;7;7;92;0;0;799;2000;0;0;0;8;9;0;0
obj;2;56;0;8;8;134;0;0;799;2000;0;0;0;9;9;0;0
obj;2;56;0;9;9;110;0;0;843;2;1;0;0;5;4;0;0
obj;2;58;0;0;0;52;0;0;0;1;1;0;0;10;5;0;0
obj;2;58;0;1;1;52;0;0;0;2;0;0;0;12;7;0;0
obj;2;58;0;2;2;73;3;0;0;3;3;1;1;9;3;0;0
obj;2;58;0;3;3;18;0;0;0;4;3;0;0;10;10;0;0
obj;2;58;0;4;4;128;44;0;0;6;3;2;2;4;6;0;0
obj;2;58;0;5;5;21;2;0;0;5;3;0;0;5;7;0;0
obj;2;58;0;6;6;28;0;0;0;7;0;2;2;2;4;0;0
obj;2;59;0;0;0;25;0;0;0;1;2;0;0;6;10;0;0
obj;2;59;0;1;1;64;3;0;0;2;1;1;1;5;5;0;0
obj;2;60;0;0;0;83;0;0;0;1;1;0;0;7;2;0;0
obj;2;60;0;1;1;13;0;0;0;2;1;0;0;5;4;0;0
obj;2;60;0;2;2;45;3;0;0;3;2;3;3;8;7;0;0
obj;2;60;0;3;3;83;0;0;0;6;3;0;0;3;3;0;0
obj;2;61;0;0;0;44;0;0;0;1;3;0;0;6;3;0;0
obj;2;61;0;1;1;20;0;0;0;2;1;0;0;3;4;0;0
obj;2;61;0;2;2;25;0;0;0;3;0;0;0;3;5;0;0
obj;2;61;0;3;3;55;3;0;0;4;2;1;1;12;3;0;0
obj;2;61;0;4;4;16;3;0;0;5;1;3;3;8;11;0;0
obj;2;61;0;5;5;22;0;0;0;6;3;0;0;2;8;0;0
obj;2;61;0;6;6;22;0;0;0;6;2;0;0;3;8;0;0
obj;2;61;0;7;7;37;0;0;0;7;3;0;0;3;11;0;0
obj;2;61;0;8;8;30;0;0;0;8;1;0;0;11;11;0;0
obj;2;61;0;9;9;47;0;0;0;9;3;0;0;13;11;0;0
obj;2;61;0;10;10;36;0;0;0;10;3;0;0;10;13;0;0
obj;2;61;0;11;11;13;0;0;0;11;2;0;0;12;13;0;0
obj;2;62;0;0;0;59;2;0;0;3;1;0;0;416;437;0;0
obj;2;62;0;1;1;54;3;0;0;4;1;1;1;415;462;0;0
obj;2;62;0;2;2;61;3;0;0;5;1;1;1;409;452;0;0
obj;2;62;0;3;3;25;3;0;0;6;1;4;0;425;437;0;0
obj;2;62;0;4;4;49;3;0;0;7;1;1;1;401;440;0;0
obj;2;62;0;5;5;26;15;0;0;10;1;0;0;434;453;0;0
obj;2;62;0;6;6;16;17;0;0;8;3;0;0;435;454;0;0
obj;2;62;0;7;7;9;17;0;0;9;1;0;0;435;455;0;0
obj;2;62;0;8;8;98;0;0;543;2000;2;0;0;431;465;0;0
obj;2;62;0;9;9;98;0;0;543;2000;2;0;0;432;466;0;0
obj;2;62;0;10;10;28;0;0;543;2000;3;0;0;428;466;0;0
obj;2;62;0;11;11;134;0;0;561;19;0;0;0;433;434;0;0
obj;2;62;0;12;12;24;0;0;639;2000;3;0;0;431;438;0;0
obj;2;63;0;0;0;17;15;0;537;10;1;0;0;49;38;0;0
obj;2;63;0;1;1;187;0;0;0;11;1;0;0;15;43;0;0
obj;2;63;0;2;2;17;17;1;0;3068;3;0;0;27;35;0;4
obj;2;63;0;3;3;13;16;1;0;3066;1;0;0;12;20;0;2
obj;2;63;0;4;4;13;15;0;536;9;1;0;0;16;13;0;0
obj;2;63;0;5;5;88;0;0;565;1;1;0;0;28;4;0;0
obj;2;64;0;0;0;54;19;0;0;1;1;0;0;28;11;0;0
obj;2;64;0;1;1;54;2;0;0;2;1;0;0;39;17;0;0
obj;2;64;0;2;2;14;3;0;0;4;3;1;1;31;11;0;0
obj;2;64;0;3;3;27;0;0;0;3;2;0;0;32;11;0;0
obj;2;64;0;4;4;103;0;0;553;2000;0;0;0;26;13;0;0
obj;2;64;0;5;5;98;0;0;699;2000;1;0;0;45;15;0;0
obj;2;64;0;6;6;98;0;0;699;2000;1;0;0;45;16;0;0
obj;2;64;0;7;7;162;3;0;735;10500;1;0;0;54;15;0;0
obj;2;64;0;8;8;110;0;0;1157;7025;1;0;0;49;25;0;0
obj;2;65;0;0;0;78;15;0;0;2100;1;0;0;7;10;0;0
obj;2;65;0;1;1;44;8;0;0;1;1;0;0;1;5;0;0
obj;2;65;0;2;2;77;16;0;0;4;2;0;0;11;16;0;0
obj;2;65;0;3;3;77;16;0;0;5;2;0;0;11;18;0;0
obj;2;65;0;4;4;17;15;0;0;2;1;0;0;4;15;0;0
obj;2;65;0;5;5;130;15;0;0;3;1;0;0;3;15;0;0
obj;2;65;0;6;6;79;0;0;0;2101;1;0;0;4;4;0;0
obj;2;65;0;7;7;81;0;0;0;10105;1;0;0;10;4;0;0
obj;2;65;0;8;8;82;0;0;0;10100;1;0;0;7;4;0;0
obj;2;65;0;9;9;70;0;0;657;10397;3;0;0;5;18;0;0
obj;2;66;0;0;0;46;81;0;0;3;1;2;4;3;1;1;0
obj;2;66;0;1;1;68;70;0;0;1;1;0;0;2;14;1;0
obj;2;66;0;2;2;68;81;0;0;2;1;2;2;0;14;1;0
obj;2;66;0;3;3;10;69;0;0;6;1;0;0;0;6;2;0
obj;2;66;0;4;4;30;69;0;718;10310;1;0;0;3;13;3;0
obj;2;67;0;0;0;68;0;0;0;10333;2;0;0;12;15;0;0
obj;2;67;0;1;1;75;0;0;0;5;1;0;0;7;8;0;0
obj;2;67;0;2;2;76;0;0;0;6;1;0;0;8;8;0;0
obj;2;68;0;0;0;68;0;0;0;10333;2;0;0;12;15;0;0
obj;2;68;0;1;1;75;0;0;0;5;1;0;0;7;8;0;0
obj;2;68;0;2;2;76;0;0;0;6;1;0;0;8;8;0;0
obj;2;69;0;0;0;68;0;0;0;10333;2;0;0;12;15;0;0
obj;2;69;0;1;1;75;0;0;0;5;1;0;0;7;8;0;0
obj;2;69;0;2;2;76;0;0;0;6;1;0;0;8;8;0;0
obj;2;70;0;0;0;68;0;0;0;10333;2;0;0;12;15;0;0
obj;2;70;0;1;1;75;0;0;0;5;1;0;0;7;8;0;0
obj;2;70;0;2;2;76;0;0;0;6;1;0;0;8;8;0;0
obj;2;71;0;0;0;68;0;0;0;10333;2;0;0;12;15;0;0
obj;2;71;0;1;1;162;0;0;654;2000;1;0;0;0;0;0;0
obj;2;71;0;2;2;75;0;0;0;5;1;0;0;7;8;0;0
obj;2;71;0;3;3;76;0;0;0;6;1;0;0;8;8;0;0
obj;2;72;0;0;0;68;0;0;0;10333;2;0;0;12;15;0;0
obj;2;72;0;1;1;162;0;0;654;2000;1;0;0;0;0;0;0
obj;2;72;0;2;2;75;0;0;0;5;1;0;0;7;8;0;0
obj;2;72;0;3;3;76;0;0;0;6;1;0;0;8;8;0;0
obj;2;73;0;0;0;68;0;0;0;10333;2;0;0;12;15;0;0
obj;2;73;0;1;1;75;0;0;0;5;1;0;0;7;8;0;0
obj;2;73;0;2;2;76;0;0;0;6;1;0;0;8;8;0;0
obj;2;74;0;0;0;68;0;0;0;10340;2;0;0;12;15;0;0
obj;2;74;0;1;1;75;0;0;0;4;1;0;0;7;8;0;0
obj;2;76;0;0;0;68;0;0;0;3;1;0;0;12;13;0;0
obj;2;76;0;1;1;68;0;0;0;3;1;0;0;25;13;0;0
obj;2;76;0;2;2;162;2;0;615;4;1;0;0;20;15;0;0
obj;2;77;0;0;0;43;15;0;0;10440;1;0;0;14;11;0;0
obj;2;77;0;1;1;20;3;0;670;10446;2;0;0;17;12;0;0
obj;2;77;0;2;2;35;3;0;673;10449;0;0;0;11;14;0;0
obj;2;77;0;3;3;64;3;0;674;10450;2;0;0;18;15;0;0
obj;2;77;0;4;4;15;3;0;671;10447;1;0;0;12;12;0;0
obj;2;77;0;5;5;66;3;0;672;10448;0;0;0;13;14;0;0
obj;2;77;0;6;6;45;16;0;0;4;2;0;0;26;6;0;0
obj;2;77;0;7;7;55;9;0;0;2;1;0;0;2;4;0;0
obj;2;77;0;8;8;65;15;0;0;3;1;0;0;11;7;0;0
obj;2;77;0;9;9;19;15;0;0;9;1;0;0;7;12;0;0
obj;2;77;0;10;10;131;15;0;0;7;1;0;0;6;12;0;0
obj;2;77;0;11;11;44;15;0;0;1;1;0;0;17;3;0;0
obj;2;77;0;12;12;154;16;0;0;5;2;0;0;26;12;0;0
obj;2;77;0;13;13;24;16;0;0;6;2;0;0;26;11;0;0
obj;2;77;0;14;14;44;16;0;0;8;2;0;0;26;4;0;0
obj;2;77;0;15;15;43;15;0;0;10441;1;0;0;10;11;0;0
obj;2;77;0;16;16;43;15;0;0;10442;1;0;0;18;11;0;0
obj;2;77;0;17;17;53;3;0;753;10452;2;0;0;16;14;0;0
obj;2;77;0;18;18;47;3;0;752;10451;3;0;0;9;13;0;0
obj;2;77;0;19;19;61;3;0;754;10453;0;0;0;12;16;0;0
obj;2;77;0;20;20;184;3;0;755;10454;0;0;0;9;17;0;0
obj;2;77;0;21;21;28;3;0;756;10455;3;0;0;8;15;0;0
obj;2;77;0;22;22;17;15;0;0;13;1;0;0;23;9;0;0
obj;2;77;0;23;23;72;15;0;0;15;1;0;0;22;2;0;0
obj;2;78;0;0;0;163;0;0;0;2000;0;0;0;8;12;0;0
obj;2;78;0;1;1;164;0;0;0;2000;0;0;0;10;12;0;0
obj;2;78;0;2;2;165;0;0;0;2000;0;0;0;12;12;0;0
obj;2;78;0;3;3;44;15;0;0;2000;1;0;0;11;9;0;0
obj;2;78;0;4;4;166;0;0;0;2000;0;0;0;14;12;0;0
obj;2;79;0;0;0;76;15;0;0;1;1;0;0;11;14;0;0
obj;2;79;0;1;1;30;0;0;0;2;1;1;0;6;3;0;0
obj;2;79;0;2;2;162;0;0;761;5;1;0;0;9;9;0;0
obj;2;79;0;3;3;53;2;0;0;3;3;0;0;5;16;0;0
obj;2;79;0;4;4;11;0;0;761;4;2;0;0;13;9;0;0
obj;2;79;0;5;5;72;0;0;728;8;1;0;0;10;9;0;0
obj;2;79;0;6;6;72;0;0;728;9;1;0;0;11;9;0;0
obj;2;79;0;7;7;72;0;0;728;10;1;0;0;12;9;0;0
obj;2;80;0;0;0;17;14;0;0;1;0;0;0;12;18;-32768;0
obj;2;80;0;1;1;11;14;0;728;2;0;0;0;11;18;-32768;0
obj;2;80;0;2;2;23;0;0;0;3;0;0;0;18;18;-32768;0
obj;2;80;0;3;3;64;3;0;0;4;2;1;1;19;27;-32768;0
obj;2;80;0;4;4;22;0;0;728;5;0;0;0;23;18;-32768;0
obj;2;80;0;5;5;20;0;0;728;6;0;0;0;16;18;-32768;0
obj;2;80;0;6;6;65;3;0;728;7;2;6;1;20;19;-32768;0
obj;2;80;0;7;7;55;0;0;728;8;0;0;0;9;18;-32768;0
obj;2;81;0;0;0;163;7;1;724;3363;1;0;0;6;26;0;0
obj;2;81;0;1;1;164;0;1;725;3363;2;0;0;16;25;0;0
obj;2;81;0;2;2;165;0;1;726;3363;0;0;0;14;27;0;0
obj;2;81;0;3;3;20;0;1;722;3340;0;0;0;11;26;0;0
obj;2;81;0;4;4;22;0;1;723;5351;3;0;1;6;23;0;0
obj;2;81;0;5;5;59;0;1;719;3332;1;0;0;8;24;0;0
obj;2;81;0;6;6;59;0;1;720;3333;1;0;0;10;24;0;0
obj;2;81;0;7;7;59;0;1;721;3329;1;0;0;13;24;0;0
obj;2;81;0;8;8;59;0;0;0;15;2;0;0;50;18;0;0
obj;2;81;0;9;9;59;0;0;0;14;3;0;0;44;18;0;0
obj;2;81;0;10;10;59;0;0;0;16;0;0;0;50;21;0;0
obj;2;81;0;11;11;59;0;0;0;7;3;0;0;17;14;0;0
obj;2;81;0;12;12;59;0;0;0;6;3;0;0;17;15;0;0
obj;2;81;0;13;13;59;0;0;0;5;3;0;0;17;16;0;0
obj;2;81;0;14;14;59;0;0;0;4;3;0;0;17;17;0;0
obj;2;81;0;15;15;59;0;0;0;2;3;0;0;16;15;0;0
obj;2;81;0;16;16;59;0;0;0;3;3;0;0;16;16;0;0
obj;2;81;0;17;17;59;0;0;0;8;2;0;0;20;14;0;0
obj;2;81;0;18;18;59;0;0;0;9;2;0;0;20;15;0;0
obj;2;81;0;19;19;59;0;0;0;10;2;0;0;20;16;0;0
obj;2;81;0;20;20;59;0;0;0;11;2;0;0;20;17;0;0
obj;2;81;0;21;21;59;0;0;0;13;2;0;0;21;16;0;0
obj;2;81;0;22;22;59;0;0;0;12;2;0;0;21;15;0;0
obj;2;81;0;23;23;20;0;1;722;5340;0;0;0;12;26;0;0
obj;2;81;0;24;24;22;0;1;723;3351;3;0;1;6;22;0;0
obj;2;81;0;25;25;181;0;0;0;2000;1;0;0;44;21;0;0
obj;2;81;0;26;26;181;0;0;0;2000;1;0;0;46;21;0;0
obj;2;81;0;27;27;181;0;0;0;2000;1;0;0;48;21;0;0
obj;2;81;0;28;28;44;0;0;0;17;0;0;0;46;26;0;0
obj;2;82;0;0;0;57;0;1;720;3323;1;0;0;16;56;0;0
obj;2;82;0;1;1;57;0;1;721;3319;2;0;0;22;57;0;0
obj;2;82;0;2;2;22;0;1;722;3350;0;1;0;14;59;0;0
obj;2;82;0;3;3;20;0;1;723;3346;2;0;0;18;57;0;0
obj;2;82;0;4;4;163;3;1;724;3363;0;0;0;22;59;0;0
obj;2;82;0;5;5;164;7;1;725;3363;3;0;0;11;57;0;0
obj;2;82;0;6;6;165;3;1;726;3363;2;0;0;20;56;0;0
obj;2;82;0;7;7;57;0;0;0;4;1;0;0;12;40;0;0
obj;2;82;0;8;8;57;0;0;0;5;2;0;1;24;43;0;0
obj;2;82;0;9;9;57;6;0;0;6;0;0;0;42;49;0;0
obj;2;82;0;10;10;57;0;0;0;7;1;0;0;19;24;0;0
obj;2;82;0;11;11;22;0;1;722;5350;0;1;0;15;59;0;0
obj;2;82;0;12;12;57;0;0;0;3;3;0;0;8;53;0;0
obj;2;82;0;13;13;57;0;0;0;2;2;0;0;15;48;0;0
obj;2;82;0;14;14;20;3;1;723;5346;2;0;0;18;58;0;0
obj;2;82;0;15;15;57;0;1;719;3322;1;0;0;13;56;0;0
obj;2;82;0;16;16;57;0;0;0;8;2;0;0;48;15;0;0
obj;2;83;0;0;0;58;0;0;0;2;3;0;0;10;15;0;0
obj;2;83;0;1;1;58;0;0;0;3;2;0;0;19;17;0;0
obj;2;83;0;2;2;58;0;0;0;4;2;0;0;21;13;0;0
obj;2;83;0;3;3;58;0;0;0;5;3;0;0;40;13;0;0
obj;2;83;0;4;4;58;0;0;0;6;2;0;0;46;13;0;0
obj;2;83;0;5;5;58;0;0;0;7;3;0;0;40;18;0;0
obj;2;83;0;6;6;181;0;0;0;2000;1;0;0;17;15;0;0
obj;2;83;0;7;7;181;0;0;0;2000;1;0;0;17;16;0;0
obj;2;83;0;8;8;181;0;0;0;2000;1;0;0;17;17;0;0
obj;2;83;0;9;9;58;0;1;719;3327;1;0;0;8;24;0;0
obj;2;83;0;10;10;58;0;1;720;3328;3;0;0;5;21;0;0
obj;2;83;0;11;11;58;0;1;721;3324;1;0;0;14;25;0;0
obj;2;83;0;12;12;22;0;1;722;3348;3;0;0;8;19;0;0
obj;2;83;0;13;13;20;0;1;723;3345;0;0;0;16;27;0;0
obj;2;83;0;14;14;163;3;1;724;3363;1;0;0;7;22;0;0
obj;2;83;0;15;15;164;3;1;725;3363;1;0;0;12;26;0;0
obj;2;83;0;16;16;165;11;1;726;3363;0;0;0;5;25;0;0
obj;2;83;0;17;17;181;0;0;0;2000;1;0;0;43;17;0;0
obj;2;83;0;18;18;181;0;0;0;2000;1;0;0;43;14;0;0
obj;2;83;0;19;19;181;0;0;0;2000;1;0;0;43;12;0;0
obj;2;83;0;20;20;181;0;0;0;2000;1;0;0;43;19;0;0
obj;2;83;0;21;21;58;0;0;0;8;2;0;0;46;18;0;0
obj;2;83;0;22;22;22;0;1;722;5348;3;0;0;8;20;0;0
obj;2;83;0;23;23;20;0;1;723;5345;0;0;0;17;27;0;0
obj;2;84;0;0;0;61;0;0;761;1;2;0;0;17;16;0;0
obj;2;84;0;1;1;22;0;0;761;2;2;0;0;17;15;0;0
obj;2;84;0;2;2;83;3;0;0;3;1;1;1;7;13;0;0
obj;2;84;0;3;3;162;0;0;761;10;1;0;0;13;9;0;0
obj;2;84;0;4;4;72;0;0;728;6;1;0;0;10;9;0;0
obj;2;84;0;5;5;72;0;0;728;7;1;0;0;11;9;0;0
obj;2;84;0;6;6;72;0;0;728;8;1;0;0;12;9;0;0
obj;2;84;0;7;7;76;0;0;0;9;1;0;0;11;14;0;0
obj;2;85;0;0;0;61;0;0;728;1;0;0;0;18;20;-32768;0
obj;2;85;0;1;1;22;0;0;728;2;0;0;0;19;20;-32768;0
obj;2;85;0;2;2;44;3;0;0;3;3;1;1;13;27;-32768;0
obj;2;85;0;3;3;11;0;0;728;7;0;0;0;10;18;-32768;0
obj;2;85;0;4;4;47;0;0;728;5;0;0;0;14;18;-32768;0
obj;2;85;0;5;5;24;0;0;728;6;0;0;0;23;18;-32768;0
obj;2;85;0;6;6;15;0;0;728;8;3;1;1;9;18;-32768;0
obj;2;85;0;7;7;18;0;0;0;4;0;0;0;17;18;-32768;0
obj;2;86;0;0;0;60;0;1;719;3317;1;0;0;8;21;0;0
obj;2;86;0;1;1;60;0;1;720;3318;0;0;0;12;21;0;0
obj;2;86;0;2;2;60;0;1;721;3314;2;0;0;17;23;0;0
obj;2;86;0;3;3;20;0;1;722;3342;3;0;0;4;18;0;0
obj;2;86;0;4;4;22;0;1;723;3352;0;0;0;10;23;0;0
obj;2;86;0;5;5;163;2;1;724;3363;3;0;0;5;21;0;0
obj;2;86;0;6;6;164;7;1;725;3363;3;0;0;4;23;0;0
obj;2;86;0;7;7;165;3;1;726;3363;0;0;0;14;23;0;0
obj;2;86;0;8;8;60;0;0;0;2;3;0;0;10;13;0;0
obj;2;86;0;9;9;60;0;0;0;3;2;0;0;21;16;0;0
obj;2;86;0;10;10;11;0;0;0;4;1;0;0;5;8;0;0
obj;2;86;0;11;11;11;0;0;0;5;1;0;0;26;8;0;0
obj;2;86;0;12;12;20;0;1;722;5342;3;0;0;4;19;0;0
obj;2;86;0;13;13;22;0;1;723;5352;0;0;0;11;23;0;0
obj;2;87;0;0;0;133;0;1;719;3337;1;0;0;8;20;0;0
obj;2;87;0;1;1;133;0;1;720;3338;2;0;0;13;16;0;0
obj;2;87;0;2;2;133;0;1;721;3334;1;0;0;8;12;0;0
obj;2;87;0;3;3;20;0;1;722;3344;2;0;0;11;20;0;0
obj;2;87;0;4;4;22;0;1;723;3353;0;0;0;8;15;0;0
obj;2;87;0;5;5;163;3;1;724;3363;1;0;0;13;12;0;0
obj;2;87;0;6;6;164;3;1;725;3363;1;0;0;11;14;0;0
obj;2;87;0;7;7;165;2;1;726;3363;0;0;0;7;17;0;0
obj;2;87;0;8;8;133;0;0;0;2;3;0;0;19;16;0;0
obj;2;87;0;9;9;133;0;0;0;3;1;0;0;23;14;0;0
obj;2;87;0;10;10;20;0;1;722;5344;2;0;0;11;21;0;0
obj;2;87;0;11;11;22;0;1;723;5353;0;0;0;9;15;0;0
obj;2;88;0;0;0;30;0;0;0;1;1;0;0;4;3;0;0
obj;2;88;0;1;1;45;0;0;0;2;3;0;0;10;5;0;0
obj;2;88;0;2;2;27;0;0;0;3;2;0;0;12;5;0;0
obj;2;89;0;0;0;13;3;0;0;1;2;2;0;11;6;0;0
obj;2;89;0;1;1;17;0;0;0;2;0;0;0;3;7;0;0
obj;2;89;0;2;2;45;0;0;0;3;0;0;0;7;7;0;0
obj;2;90;0;0;0;28;0;0;0;1;2;0;0;7;5;0;0
obj;2;90;0;1;1;76;0;0;0;3;2;0;0;9;11;0;0
obj;2;90;0;2;2;105;0;0;697;2000;1;0;0;5;6;0;0
obj;2;90;0;3;3;7;0;0;697;2000;0;0;0;5;8;0;0
obj;2;91;0;0;0;36;14;0;0;1;0;0;0;6;7;0;0
obj;2;91;0;1;1;76;15;0;0;3;1;0;0;13;2;0;0
obj;2;92;0;0;0;31;3;0;0;1;1;2;0;10;7;0;0
obj;2;92;0;1;1;76;15;0;0;3;1;0;0;13;2;0;0
obj;2;92;0;2;2;57;0;0;0;4;1;2;0;5;4;0;0
obj;2;93;0;0;0;73;15;0;0;10430;1;0;0;7;8;0;0
obj;2;93;0;1;1;31;0;0;842;1;2;0;0;10;12;0;0
obj;2;94;0;0;0;30;0;0;0;1;2;0;0;4;3;0;0
obj;2;94;0;1;1;131;3;0;0;3;3;1;2;1;2;0;0
obj;2;94;0;2;2;31;0;0;0;2;3;0;0;10;5;0;0
obj;2;95;0;0;0;30;3;0;0;1;0;1;1;10;6;0;0
obj;2;95;0;1;1;28;0;0;0;3;3;0;0;3;7;0;0
obj;2;95;0;2;2;21;0;0;0;2;0;0;0;7;7;0;0
obj;2;96;0;0;0;22;2;0;0;1;3;0;0;241;429;0;0
obj;2;96;0;1;1;67;3;0;0;7;1;4;2;186;436;0;0
obj;2;96;0;2;2;61;20;0;0;6;2;6;0;202;414;0;0
obj;2;96;0;3;3;9;3;0;0;2;1;3;2;177;427;0;0
obj;2;96;0;4;4;30;3;0;0;4;1;1;2;191;434;0;0
obj;2;96;0;5;5;30;16;0;0;5;2;0;0;179;434;0;0
obj;2;96;0;6;6;100;0;0;557;2000;0;0;0;212;405;0;0
obj;2;96;0;7;7;98;0;0;557;2000;0;0;0;209;407;0;0
obj;2;96;0;8;8;99;0;0;557;2000;0;0;0;210;407;0;0
obj;2;96;0;9;9;89;0;0;555;2000;1;0;0;212;402;0;0
obj;2;96;0;10;10;192;0;0;557;2000;1;0;0;211;402;0;0
obj;2;96;0;11;11;7;0;0;555;2000;3;0;0;207;405;0;0
obj;2;96;0;12;12;89;0;0;554;2000;3;0;0;200;432;0;0
obj;2;96;0;13;13;7;0;0;554;2000;2;0;0;202;432;0;0
obj;2;96;0;14;14;52;0;0;560;10;1;0;0;212;401;0;0
obj;2;96;0;15;15;11;3;0;0;13;1;4;4;180;413;0;0
obj;2;96;0;16;16;37;3;0;0;14;1;4;4;171;430;0;0
obj;2;96;0;17;17;64;3;0;0;15;1;3;3;198;399;0;0
obj;2;96;0;18;18;98;0;0;557;2000;0;0;0;211;407;0;0
obj;2;96;0;19;19;98;0;0;557;2000;0;0;0;212;407;0;0
obj;2;96;0;20;20;99;0;0;557;2000;0;0;0;213;407;0;0
obj;2;96;0;21;21;99;0;0;557;2000;0;0;0;214;407;0;0
obj;2;96;0;22;22;98;0;0;557;2000;0;0;0;215;407;0;0
obj;2;96;0;23;23;98;0;0;557;2000;1;0;0;213;401;0;0
obj;2;96;0;24;24;98;0;0;557;2000;1;0;0;213;402;0;0
obj;2;96;0;25;25;19;0;0;0;20;0;0;0;244;435;0;0
obj;2;96;0;26;26;110;0;0;1232;7082;1;0;0;168;395;0;0
obj;2;96;0;27;27;110;0;0;1233;7083;1;0;0;217;414;0;0
obj;2;96;0;28;28;62;20;0;0;21;1;0;15;168;415;0;0
obj;2;97;0;0;0;89;0;0;0;1;1;0;0;15;5;0;0
obj;2;97;0;1;1;185;0;0;0;2000;1;0;0;22;24;0;0
obj;2;97;0;2;2;185;0;0;0;2000;1;0;0;18;24;0;0
obj;2;97;0;3;3;185;0;0;0;2000;1;0;0;16;20;0;0
obj;2;97;0;4;4;185;0;0;0;2000;1;0;0;14;20;0;0
obj;2;97;0;5;5;185;0;0;0;2000;1;0;0;12;20;0;0
obj;2;97;0;6;6;185;0;0;0;2000;1;0;0;8;20;0;0
obj;2;97;0;7;7;185;0;0;0;2000;1;0;0;22;20;0;0
obj;2;97;0;8;8;185;0;0;0;2000;1;0;0;18;20;0;0
obj;2;97;0;9;9;185;0;0;0;2000;1;0;0;12;24;0;0
obj;2;97;0;10;10;185;0;0;0;2000;1;0;0;8;24;0;0
obj;2;97;0;11;11;185;0;0;0;2000;1;0;0;17;24;0;0
obj;2;97;0;12;12;185;0;0;0;2000;1;0;0;13;24;0;0
obj;2;97;0;13;13;155;0;1;0;3202;1;0;0;20;19;0;3
obj;2;97;0;14;14;53;0;1;0;3095;2;0;0;17;19;0;2
obj;2;97;0;15;15;52;0;1;0;3168;1;0;0;15;23;0;3
obj;2;97;0;16;16;181;0;0;598;2000;1;0;0;15;23;0;0
obj;2;97;0;17;17;155;0;1;0;3203;2;0;0;11;23;0;2
obj;2;97;0;18;18;185;0;0;0;2000;1;0;0;17;24;0;0
obj;2;97;0;19;19;185;0;0;0;2000;1;0;0;13;24;0;0
obj;2;97;0;20;20;185;0;0;0;2000;1;0;0;14;22;0;0
obj;2;97;0;21;21;185;0;0;0;2000;1;0;0;16;22;0;0
obj;2;97;0;22;22;155;0;1;0;3201;1;0;0;20;23;0;3
obj;2;97;0;23;23;0;0;0;0;2000;1;0;0;19;19;0;0
obj;2;97;0;24;24;0;0;0;0;2000;1;0;0;16;23;0;0
obj;2;97;0;25;25;0;0;0;0;2000;1;0;0;13;23;0;0
obj;2;98;0;0;0;0;0;0;0;1;1;0;0;9;3;0;0
obj;2;98;0;1;1;187;0;0;0;3;1;0;0;9;9;0;0
obj;2;98;0;2;2;76;0;0;0;6;3;0;0;4;13;0;0
obj;2;99;0;0;0;78;0;0;0;2100;1;0;0;7;10;0;0
obj;2;99;0;1;1;77;0;0;0;3;2;0;0;11;16;0;0
obj;2;99;0;2;2;26;2;0;0;1;1;0;0;10;11;0;0
obj;2;99;0;3;3;14;3;0;0;2;1;0;1;1;6;0;0
obj;2;99;0;4;4;79;0;0;0;2101;1;0;0;4;4;0;0
obj;2;99;0;5;5;81;0;0;0;10105;1;0;0;10;4;0;0
obj;2;99;0;6;6;82;0;0;0;10100;1;0;0;7;4;0;0
obj;2;99;0;7;7;77;0;0;0;4;2;0;0;11;18;0;0
obj;2;99;0;8;8;70;0;0;657;10397;3;0;0;5;18;0;0
obj;2;100;0;0;0;128;20;0;0;3;3;4;0;4;3;0;0
obj;2;100;0;1;1;21;3;0;0;1;1;0;1;2;6;0;0
obj;2;100;0;2;2;10;3;0;0;2;1;1;1;5;5;0;0
obj;2;101;0;0;0;28;0;0;0;1;1;0;0;6;5;0;0
obj;2;101;0;1;1;11;3;0;0;2;3;2;2;3;5;0;0
obj;2;102;0;0;0;30;2;0;0;2282;3;0;0;5;5;0;0
obj;2;102;0;1;1;22;3;0;0;2;1;1;1;7;4;0;0
obj;2;103;0;0;0;67;0;0;0;1;0;0;0;2;6;0;0
obj;2;103;0;1;1;27;3;0;0;2;1;2;1;7;6;0;0
obj;2;104;0;0;0;32;3;0;0;2;1;1;0;11;6;0;0
obj;2;104;0;1;1;29;0;0;0;4;3;0;0;2;14;0;0
obj;2;104;0;2;2;15;0;0;0;3;2;0;1;13;14;0;0
obj;2;104;0;3;3;64;0;0;0;5;2;0;0;9;11;0;0
obj;2;104;0;4;4;22;15;0;0;7;1;0;0;9;14;0;0
obj;2;104;0;5;5;18;3;0;0;6;1;1;1;5;9;0;0
obj;2;104;0;6;6;44;0;0;0;1;1;0;0;2;11;0;0
obj;2;104;0;7;7;33;0;0;0;8;1;0;0;7;13;0;0
obj;2;105;0;0;0;20;0;0;0;1;0;0;0;13;12;0;0
obj;2;105;0;1;1;43;0;0;0;7;3;1;0;5;5;0;0
obj;2;105;0;2;2;83;0;0;0;3;1;0;0;15;6;0;0
obj;2;105;0;3;3;22;0;0;0;2;3;0;0;6;12;0;0
obj;2;105;0;4;4;51;3;0;0;5;1;1;1;15;9;0;0
obj;2;105;0;5;5;67;0;0;0;6;0;0;0;7;4;0;0
obj;2;105;0;6;6;31;3;0;0;4;1;0;4;10;14;0;0
obj;2;105;0;7;7;110;0;0;1231;7081;1;0;0;2;16;0;0
obj;2;105;0;8;8;98;0;0;717;8;3;0;0;6;9;0;0
obj;2;105;0;9;9;23;0;0;0;9;0;0;0;14;12;0;0
obj;2;106;0;0;0;17;0;0;0;1;2;0;0;4;5;0;0
obj;2;106;0;1;1;44;0;0;0;2;3;0;0;2;5;0;0
obj;2;107;0;0;0;15;2;0;0;3;1;0;0;112;305;0;0
obj;2;107;0;1;1;12;0;0;0;1;0;0;0;90;310;0;0
obj;2;107;0;2;2;71;0;0;0;2;1;0;0;90;296;0;0
obj;2;107;0;3;3;67;9;0;0;5;1;2;3;81;304;0;0
obj;2;107;0;4;4;21;2;0;0;6;1;0;0;115;296;0;0
obj;2;107;0;5;5;37;3;0;0;4;1;3;3;72;286;0;0
obj;2;107;0;6;6;90;0;0;581;2000;1;0;0;89;297;0;0
obj;2;107;0;7;7;104;0;0;581;2000;1;0;0;89;298;0;0
obj;2;107;0;8;8;110;0;0;662;9;1;0;0;69;329;0;0
obj;2;107;0;9;9;11;0;0;668;2000;1;0;0;79;328;0;0
obj;2;107;0;10;10;9;0;0;668;2000;1;0;0;79;329;0;0
obj;2;107;0;11;11;187;0;0;686;12;1;0;0;78;269;0;0
obj;2;107;0;12;12;110;0;0;1263;7104;1;0;0;95;308;0;0
obj;2;107;0;13;13;103;0;0;804;2000;3;0;0;76;269;0;0
obj;2;107;0;14;14;28;0;0;0;14;1;0;0;78;330;0;0
obj;2;108;0;0;0;187;0;0;0;3;1;0;0;17;37;0;0
obj;2;108;0;1;1;90;0;0;0;5;1;0;0;15;5;0;0
obj;2;108;0;2;2;71;17;1;0;3070;3;0;0;2;28;0;3
obj;2;108;0;3;3;71;15;1;0;3071;1;0;0;19;11;0;4
obj;2;108;0;4;4;155;17;1;0;3125;3;0;0;20;18;0;4
obj;2;108;0;5;5;155;16;1;0;3127;2;0;0;22;25;0;2
obj;2;108;0;6;6;155;15;1;0;3128;1;0;0;2;4;0;2
obj;2;109;0;0;0;78;0;0;0;2100;1;0;0;7;10;0;0
obj;2;109;0;1;1;77;16;0;0;1;2;0;0;11;16;0;0
obj;2;109;0;2;2;18;15;0;0;3;1;0;0;9;12;0;0
obj;2;109;0;3;3;71;3;0;0;2;1;0;0;3;14;0;0
obj;2;109;0;4;4;79;0;0;0;2101;1;0;0;4;4;0;0
obj;2;109;0;5;5;81;0;0;0;10105;1;0;0;10;4;0;0
obj;2;109;0;6;6;82;0;0;0;10100;1;0;0;7;4;0;0
obj;2;109;0;7;7;77;16;0;0;4;2;0;0;11;18;0;0
obj;2;109;0;8;8;70;0;0;657;10397;3;0;0;5;18;0;0
obj;2;110;0;0;0;9;3;0;0;2;1;1;1;4;5;0;1
obj;2;110;0;1;1;11;3;0;0;3;1;1;1;6;5;0;1
obj;2;110;0;2;2;25;2;0;0;1;0;1;1;2;3;0;1
obj;2;111;0;0;0;67;3;0;0;1;1;1;1;17;20;0;0
obj;2;111;0;1;1;130;3;0;0;2;1;2;2;23;17;0;0
obj;2;111;0;2;2;67;0;0;0;3;0;0;0;4;18;0;0
obj;2;111;0;3;3;67;3;0;0;4;3;1;1;24;15;0;0
obj;2;111;0;4;4;76;0;0;0;6;1;0;0;22;12;0;0
obj;2;111;0;5;5;33;0;0;0;5;1;0;0;11;20;0;0
obj;2;111;0;6;6;71;0;0;0;8;1;0;0;14;17;0;0
obj;2;111;0;7;7;25;0;0;0;7;0;0;0;6;22;0;0
obj;2;111;0;8;8;43;3;0;0;9;1;1;1;8;18;0;0
obj;2;112;0;0;0;23;3;0;0;1;1;0;0;3;7;0;0
obj;2;112;0;1;1;10;3;1;0;2;1;0;0;7;7;0;0
obj;2;112;0;2;2;28;3;0;0;2260;1;0;0;7;4;0;0
obj;2;112;0;3;3;14;3;0;0;2261;1;0;0;3;4;0;0
obj;2;113;0;0;0;7;0;0;576;2000;0;0;0;172;171;0;0
obj;2;113;0;1;1;134;0;0;577;3;0;2;0;173;171;0;0
obj;2;113;0;2;2;104;0;0;579;2000;2;0;0;175;208;-16384;0
obj;2;113;0;3;3;91;0;0;578;2000;1;0;0;172;167;0;0
obj;2;113;0;4;4;15;2;0;0;4;0;0;0;183;184;0;0
obj;2;113;0;5;5;20;2;0;0;6;1;0;0;181;200;0;0
obj;2;113;0;6;6;19;42;20;0;9;1;2;2;177;186;0;0
obj;2;113;0;7;7;22;43;20;0;10;2;2;2;177;188;0;0
obj;2;113;0;8;8;15;41;20;0;11;0;2;2;175;188;0;0
obj;2;113;0;9;9;10;44;20;0;12;3;2;2;175;186;0;0
obj;2;113;0;10;10;182;0;0;578;2000;0;0;0;172;173;0;0
obj;2;113;0;11;11;182;0;0;578;2000;3;0;0;169;170;0;0
obj;2;113;0;12;12;182;0;0;578;2000;2;0;0;175;170;0;0
obj;2;113;0;13;13;110;0;0;1185;2000;1;0;0;195;168;0;0
obj;2;113;0;14;14;36;16;0;0;2000;2;0;0;198;175;0;0
obj;2;113;0;15;15;110;0;0;1326;7158;1;0;0;168;190;0;0
obj;2;113;0;16;16;84;0;0;0;2000;1;0;0;224;185;0;0
obj;2;113;0;17;17;63;15;0;0;2000;1;0;0;228;181;0;0
obj;2;113;0;18;18;84;0;0;0;15;1;0;0;202;198;0;0
obj;2;113;0;19;19;84;0;0;0;5;0;0;0;181;168;0;0
obj;2;114;0;0;0;46;17;1;0;3215;3;0;0;23;57;0;1
obj;2;114;0;1;1;187;0;0;0;2;1;0;0;18;61;0;0
obj;2;114;0;2;2;0;0;0;0;2000;1;0;0;18;54;0;0
obj;2;114;0;3;3;0;0;0;0;2000;1;0;0;18;55;0;0
obj;2;114;0;4;4;0;0;0;0;2000;1;0;0;17;54;0;0
obj;2;114;0;5;5;0;0;0;0;2000;1;0;0;55;43;0;0
obj;2;114;0;6;6;0;0;0;0;2000;1;0;0;55;44;0;0
obj;2;114;0;7;7;0;0;0;0;2000;1;0;0;56;43;0;0
obj;2;114;0;8;8;0;0;0;0;2000;1;0;0;17;33;0;0
obj;2;114;0;9;9;0;0;0;0;2000;1;0;0;16;33;0;0
obj;2;114;0;10;10;0;0;0;0;2000;1;0;0;17;34;0;0
obj;2;114;0;11;11;91;0;0;580;1;1;0;0;17;14;0;0
obj;2;114;0;12;12;47;14;1;0;3212;0;0;0;23;49;0;2
obj;2;114;0;13;13;46;15;1;0;3216;1;0;0;47;47;0;2
obj;2;114;0;14;14;47;15;1;0;3213;1;0;0;55;38;0;1
obj;2;114;0;15;15;47;15;1;0;3214;1;0;0;23;37;0;2
obj;2;114;0;16;16;46;17;1;0;3217;3;0;0;13;30;0;2
obj;2;115;0;0;0;78;0;0;0;2100;1;0;0;7;10;0;0
obj;2;115;0;1;1;77;16;0;0;1;2;0;0;11;16;0;0
obj;2;115;0;2;2;29;3;0;0;2;1;1;1;3;15;0;0
obj;2;115;0;3;3;79;0;0;0;2101;1;0;0;4;4;0;0
obj;2;115;0;4;4;81;0;0;0;10105;1;0;0;10;4;0;0
obj;2;115;0;5;5;82;0;0;0;10100;1;0;0;7;4;0;0
obj;2;115;0;6;6;77;16;0;0;3;2;0;0;11;18;0;0
obj;2;115;0;7;7;70;0;0;657;10397;3;0;0;5;18;0;0
obj;2;115;0;8;8;44;0;0;0;10471;1;0;0;10;11;0;0
obj;2;116;0;0;0;28;0;0;0;1;0;0;0;3;2;0;0
obj;2;116;0;1;1;9;0;0;0;2;1;0;0;3;5;0;0
obj;2;116;0;2;2;26;0;0;0;3;2;1;2;6;6;0;0
obj;2;117;0;0;0;27;0;0;0;1;1;0;0;6;5;0;0
obj;2;117;0;1;1;25;0;0;0;2;3;0;0;2;5;0;0
obj;2;117;0;2;2;16;0;0;0;3;2;0;0;8;4;0;0
obj;2;118;0;0;0;23;0;0;0;3;2;0;0;2;3;0;0
obj;2;118;0;1;1;61;0;0;0;1;1;0;0;6;3;0;0
obj;2;118;0;2;2;12;38;0;0;2;2;3;2;3;5;0;0
obj;2;119;0;0;0;44;0;0;0;1;1;0;0;5;4;0;0
obj;2;119;0;1;1;22;0;0;0;2;2;0;0;3;6;0;0
obj;2;119;0;2;2;126;0;0;0;3;3;1;1;2;6;0;0
obj;2;119;0;3;3;131;38;0;0;4;1;1;1;6;4;0;0
obj;2;120;0;0;0;83;0;0;620;2;1;0;0;405;145;0;0
obj;2;120;0;1;1;44;3;0;0;3;1;3;3;430;165;0;0
obj;2;120;0;2;2;46;3;0;0;4;1;3;3;430;175;0;0
obj;2;120;0;3;3;11;3;0;0;5;1;3;3;429;151;0;0
obj;2;120;0;4;4;21;3;0;0;6;1;3;3;404;160;0;0
obj;2;120;0;5;5;162;2;0;0;7;1;0;0;420;172;0;0
obj;2;120;0;6;6;180;0;0;619;2000;2;0;0;409;175;0;0
obj;2;120;0;7;7;92;0;0;737;2000;2;0;0;409;176;0;0
obj;2;120;0;8;8;97;0;0;619;2000;3;0;0;397;175;0;0
obj;2;120;0;9;9;100;0;0;619;2000;1;0;0;405;174;0;0
obj;2;120;0;10;10;28;0;0;619;2000;0;0;0;404;176;0;0
obj;2;120;0;11;11;20;0;0;619;2000;0;0;0;405;176;0;0
obj;2;120;0;12;12;22;0;0;619;2000;0;0;0;406;176;0;0
obj;2;120;0;13;13;61;0;0;619;2000;0;0;0;403;176;0;0
obj;2;120;0;14;14;16;0;0;619;2000;0;0;0;407;176;0;0
obj;2;120;0;15;15;26;0;0;619;2000;0;0;0;404;177;0;0
obj;2;120;0;16;16;17;0;0;619;2000;0;0;0;405;177;0;0
obj;2;120;0;17;17;64;0;0;619;2000;0;0;0;406;177;0;0
obj;2;120;0;18;18;98;0;0;619;2000;1;0;0;402;173;0;0
obj;2;120;0;19;19;99;0;0;619;2000;1;0;0;403;173;0;0
obj;2;120;0;20;20;98;0;0;619;2000;1;0;0;404;173;0;0
obj;2;120;0;21;21;98;0;0;619;2000;1;0;0;405;173;0;0
obj;2;120;0;22;22;99;0;0;619;2000;1;0;0;406;173;0;0
obj;2;120;0;23;23;98;0;0;619;2000;1;0;0;407;173;0;0
obj;2;120;0;24;24;98;0;0;619;2000;1;0;0;408;173;0;0
obj;2;120;0;25;25;28;3;0;0;18;2;3;0;436;176;0;0
obj;2;120;0;26;26;20;3;0;0;19;1;0;3;403;151;0;0
obj;2;120;0;27;27;204;0;0;619;2000;1;0;0;402;174;0;0
obj;2;120;0;28;28;204;0;0;619;2000;1;0;0;408;174;0;0
obj;2;121;0;0;0;30;0;1;0;3272;3;0;0;20;9;0;4
obj;2;121;0;1;1;30;0;1;0;3271;1;0;0;34;20;0;2
obj;2;121;0;2;2;31;0;1;0;3265;0;0;0;52;24;0;2
obj;2;121;0;3;3;30;0;1;0;3270;3;0;0;26;39;0;3
obj;2;121;0;4;4;162;0;0;0;1;1;0;0;27;2;0;0
obj;2;121;0;5;5;31;0;1;0;3266;3;0;0;52;19;0;2
obj;2;121;0;6;6;33;0;1;0;3275;2;0;0;41;41;0;2
obj;2;121;0;7;7;31;0;1;0;3267;1;0;0;3;27;0;2
obj;2;121;0;8;8;187;0;0;0;9;1;0;0;28;48;0;0
obj;2;121;0;9;9;32;69;0;0;12;0;0;0;40;1;0;0
obj;2;122;0;0;0;79;0;0;0;2101;1;0;0;4;4;0;0
obj;2;122;0;1;1;81;0;0;0;10105;1;0;0;10;4;0;0
obj;2;122;0;2;2;82;0;0;0;10100;1;0;0;7;4;0;0
obj;2;122;0;3;3;78;15;0;0;2100;1;0;0;7;10;0;0
obj;2;122;0;4;4;77;16;0;0;1;2;0;0;11;16;0;0
obj;2;122;0;5;5;77;16;0;0;2;2;0;0;11;18;0;0
obj;2;122;0;6;6;70;0;0;657;10397;3;0;0;5;18;0;0
obj;2;122;0;7;7;45;0;0;0;3;1;0;0;2;14;0;0
obj;2;122;0;8;8;44;0;0;0;4;3;0;0;1;5;0;0
obj;2;123;0;0;0;180;0;0;621;2;1;0;0;8;7;0;0
obj;2;123;0;1;1;92;0;0;622;3;1;0;0;10;7;0;0
obj;2;124;0;0;0;33;0;0;0;1;3;0;0;8;7;0;0
obj;2;124;0;1;1;59;0;0;0;2;1;0;0;9;9;0;0
obj;2;124;0;2;2;22;0;0;0;3;0;0;0;9;12;0;0
obj;2;125;0;0;0;32;0;0;0;1;2;0;0;11;13;0;0
obj;2;125;0;1;1;31;0;1;764;3513;1;0;0;9;10;0;0
obj;2;125;0;2;2;30;0;1;765;3514;1;0;0;9;10;0;0
obj;2;126;0;0;0;30;0;1;831;3605;1;0;0;9;9;0;0
obj;2;126;0;1;1;31;0;1;830;3604;1;0;0;9;9;0;0
obj;2;127;0;0;0;44;3;0;0;1;1;3;3;7;8;0;0
obj;2;127;0;1;1;26;0;0;0;2;2;2;3;12;10;0;0
obj;2;127;0;2;2;17;0;0;0;3;3;2;3;10;10;0;0
obj;2;128;0;0;0;19;0;0;0;1;2;0;0;6;9;0;0
obj;2;128;0;1;1;19;0;0;0;2;3;0;0;13;9;0;0
obj;2;129;0;0;0;11;0;0;0;1;3;0;0;11;9;0;0
obj;2;129;0;1;1;28;0;0;0;2;2;0;0;13;9;0;0
obj;2;129;0;2;2;17;3;0;0;3;1;3;3;8;10;0;0
obj;2;130;0;0;0;18;15;0;0;1;1;0;0;9;9;0;0
obj;2;130;0;1;1;8;0;0;0;2;0;0;0;9;12;0;0
obj;2;131;0;0;0;76;0;0;0;2;1;0;0;13;2;0;0
obj;2;131;0;1;1;20;0;0;0;3;0;0;0;4;7;0;0
obj;2;132;0;0;0;76;0;0;0;2;2;0;0;9;11;0;0
obj;2;132;0;1;1;30;0;0;0;4;1;0;0;2;5;0;0
obj;2;132;0;2;2;31;0;0;0;5;2;0;0;7;8;0;0
obj;2;133;0;0;0;72;0;0;760;1;2;0;0;10;6;0;0
obj;2;133;0;1;1;76;0;0;0;4;1;0;0;13;2;0;0
obj;2;134;0;0;0;20;0;0;0;1;2;0;0;11;13;0;0
obj;2;134;0;1;1;22;3;0;0;2;1;2;2;8;10;0;0
obj;2;135;0;0;0;8;0;0;0;1;1;0;0;9;9;0;0
obj;2;135;0;1;1;32;0;0;0;2;0;0;0;9;12;0;0
obj;2;135;0;2;2;131;3;0;0;3;2;2;2;10;9;0;0
obj;2;136;0;0;0;32;0;0;0;1;1;0;0;29;48;0;0
obj;2;136;0;1;1;32;0;0;0;2;1;0;0;23;47;0;0
obj;2;140;0;0;0;93;0;0;0;1;1;0;0;15;8;0;0
obj;2;141;0;0;0;94;0;0;0;1;1;0;0;15;8;0;0
obj;2;142;0;0;0;95;0;0;0;1;1;0;0;15;10;0;0
obj;2;143;0;0;0;96;0;0;0;1;1;0;0;15;6;0;0
obj;2;144;0;0;0;103;0;0;595;2000;3;0;0;15;8;0;0
obj;2;144;0;1;1;97;0;0;596;2;2;0;0;17;8;0;0
obj;2;144;0;2;2;97;0;0;599;2000;1;0;0;16;8;0;0
obj;2;144;0;3;3;7;0;0;600;4;0;0;0;17;19;0;0
obj;2;145;0;0;0;97;0;0;0;2000;1;0;0;8;14;0;0
obj;2;146;0;0;0;98;0;0;669;1;3;0;0;4;14;0;0
obj;2;146;0;1;1;77;16;0;0;2;2;0;0;11;16;0;0
obj;2;146;0;2;2;78;15;0;0;2100;1;0;0;7;10;0;0
obj;2;146;0;3;3;77;16;0;0;3;2;0;0;11;18;0;0
obj;2;146;0;4;4;70;0;0;657;10397;3;0;0;5;18;0;0
obj;2;147;0;0;0;76;0;0;0;2;1;0;0;405;761;0;0
obj;2;148;0;0;0;76;15;0;0;1;1;0;0;14;11;0;0
obj;2;148;0;1;1;76;15;0;0;2;1;0;0;19;10;0;0
obj;2;148;0;2;2;75;15;0;0;3;1;0;0;21;10;0;0
obj;2;148;0;3;3;48;3;0;0;4;1;0;0;24;15;0;0
obj;2;148;0;4;4;72;16;0;0;7;2;0;0;19;15;0;0
obj;2;148;0;5;5;8;3;0;0;5;1;0;0;11;13;0;0
obj;2;148;0;6;6;55;3;0;0;6;1;0;0;11;17;0;0
obj;2;149;0;0;0;72;17;0;0;2;3;0;0;7;8;0;0
obj;2;149;0;1;1;162;15;0;642;3;1;0;0;17;9;0;0
obj;2;149;0;2;2;163;16;0;643;4;1;0;0;20;11;0;0
obj;2;149;0;3;3;164;17;0;644;5;2;0;0;14;11;0;0
obj;2;149;0;4;4;165;17;0;645;6;3;0;0;14;9;0;0
obj;2;149;0;5;5;166;16;0;646;7;1;0;0;20;9;0;0
obj;2;149;0;6;6;76;15;0;0;10;1;0;0;9;7;0;0
obj;2;150;0;0;0;80;15;0;0;1;1;0;0;9;2;0;0
obj;2;151;0;0;0;80;15;0;0;1;1;0;0;9;2;0;0
obj;2;152;0;0;0;14;3;0;531;1;2;2;1;32;27;0;0
obj;2;152;0;1;1;134;0;1;532;3;2;0;0;15;27;0;0
obj;2;152;0;2;2;126;0;0;533;2000;1;0;0;27;12;0;0
obj;2;152;0;3;3;99;0;0;533;2000;3;0;0;22;6;0;0
obj;2;152;0;4;4;110;0;0;1113;7028;1;0;0;45;12;0;0
obj;2;152;0;5;5;110;0;0;1112;7027;1;0;0;22;17;0;0
obj;2;152;0;6;6;110;0;0;1111;7026;1;0;0;35;18;0;0
obj;2;152;0;7;7;181;0;0;820;2000;1;0;0;40;19;0;0
obj;2;152;0;8;8;108;0;0;0;10004;1;0;0;23;26;0;0
obj;2;152;0;9;9;11;15;1;0;3007;1;0;0;26;26;0;3
obj;2;152;0;10;10;15;14;1;0;3008;0;0;0;15;30;0;4
obj;2;152;0;11;11;98;0;0;533;2000;3;0;0;21;6;0;0
obj;2;152;0;12;12;110;0;0;534;2000;1;0;0;27;8;0;0
obj;2;152;0;13;13;8195;0;0;0;10000;1;0;0;20;35;0;0
obj;2;152;0;14;14;110;0;0;1146;7029;1;0;0;39;42;0;0
obj;2;152;0;15;15;210;0;0;1147;7030;1;0;0;17;10;0;0
obj;2;152;0;16;16;110;0;0;1148;7031;1;0;0;13;43;0;0
obj;2;152;0;17;17;100;0;0;757;2000;3;0;0;24;9;0;0
obj;2;152;0;18;18;100;0;0;757;2000;2;0;0;30;9;0;0
obj;2;152;0;19;19;100;0;0;757;2000;1;0;0;27;7;0;0
obj;2;152;0;20;20;127;0;0;757;2000;1;0;0;22;6;0;0
obj;2;152;0;21;21;190;0;0;707;2000;2;0;0;55;53;0;0
obj;2;152;0;22;22;110;0;0;1397;7032;1;0;0;38;21;0;0
obj;2;153;0;0;0;127;15;0;748;1;1;0;0;12;3;0;0
obj;2;153;0;1;1;73;16;1;0;3419;2;0;0;21;7;0;2
obj;2;153;0;2;2;183;44;1;0;3423;3;4;3;5;24;0;2
obj;2;153;0;3;3;74;2;1;0;3417;0;0;0;13;20;0;2
obj;2;153;0;4;4;74;37;10;0;3418;0;4;4;19;14;0;4
obj;2;153;0;5;5;183;44;10;0;3424;3;4;3;8;15;0;4
obj;2;153;0;6;6;184;43;10;0;3422;3;4;4;21;22;0;4
obj;2;153;0;7;7;73;39;10;0;3420;2;4;4;18;23;0;4
obj;2;153;0;8;8;110;0;0;1406;7033;1;0;0;4;2;0;0
obj;2;153;0;9;9;110;0;0;1407;7034;1;0;0;3;26;0;0
obj;2;154;0;0;0;15;2;0;0;1;1;0;0;587;583;0;0
obj;2;154;0;1;1;87;0;0;548;2000;2;0;0;590;584;0;0
obj;2;154;0;2;2;11;8;1;0;3144;3;0;0;604;628;0;3
obj;2;154;0;3;3;11;6;1;0;3145;0;0;0;596;622;0;2
obj;2;154;0;4;4;110;0;0;1151;7035;1;0;0;604;615;0;0
obj;2;154;0;5;5;110;0;0;1152;7036;1;0;0;599;628;0;0
obj;2;154;0;6;6;110;0;0;1153;7037;1;0;0;585;635;0;0
obj;2;154;0;7;7;110;0;0;1328;7039;1;0;0;603;598;0;0
obj;2;154;0;8;8;153;20;1;0;3502;2;5;0;598;601;0;2
obj;2;154;0;9;9;154;14;1;0;3501;0;0;0;590;602;0;3
obj;2;154;0;10;10;47;20;5;0;3160;1;0;6;629;624;0;2
obj;2;154;0;11;11;47;0;0;0;5;1;0;0;596;583;0;0
obj;2;154;0;12;12;51;17;1;0;3546;3;0;0;588;592;0;0
obj;2;154;0;13;13;110;0;0;1154;7038;1;0;0;597;587;0;0
obj;2;154;0;14;14;46;64;1;0;3111;2;3;3;622;625;0;1
obj;2;155;0;0;0;19;20;0;0;1;1;0;10;76;45;0;0
obj;2;155;0;1;1;64;5;0;0;2;2;1;0;75;33;0;0
obj;2;155;0;2;2;74;0;0;0;3;2;0;0;71;49;0;0
obj;2;155;0;3;3;87;0;0;552;11;1;2;2;73;69;0;0
obj;2;155;0;4;4;86;0;0;551;2000;0;2;2;43;37;0;0
obj;2;155;0;5;5;98;0;0;549;20;2;0;0;23;53;0;0
obj;2;155;0;6;6;9;15;1;0;5032;1;0;0;64;67;0;4
obj;2;155;0;7;7;9;15;1;0;3032;1;0;0;65;67;0;4
obj;2;155;0;8;8;15;46;1;0;3034;2;0;0;74;57;0;3
obj;2;155;0;9;9;36;54;2;0;3028;2;0;0;43;41;0;1
obj;2;155;0;10;10;36;9;1;0;3026;1;0;0;42;69;0;3
obj;2;155;0;11;11;37;54;2;0;3027;3;0;0;12;48;0;1
obj;2;155;0;12;12;37;54;2;0;3029;1;0;0;21;64;0;1
obj;2;155;0;13;13;12;16;1;0;3030;2;0;0;76;61;0;5
obj;2;155;0;14;14;16;16;1;0;3031;3;0;0;71;41;0;5
obj;2;155;0;15;15;11;7;1;0;3033;3;0;0;24;73;0;3
obj;2;155;0;16;16;98;0;0;550;4;2;0;0;78;73;0;0
obj;2;155;0;17;17;98;0;0;550;5;2;0;0;78;74;0;0
obj;2;155;0;18;18;99;0;0;550;8;2;0;0;78;75;0;0
obj;2;155;0;19;19;98;0;0;550;6;2;0;0;78;76;0;0
obj;2;155;0;20;20;98;0;0;550;7;2;0;0;78;77;0;0
obj;2;155;0;21;21;99;0;0;550;9;2;0;0;78;78;0;0
obj;2;155;0;22;22;99;0;0;550;2000;3;0;0;77;76;0;0
obj;2;155;0;23;23;98;0;0;550;2000;3;0;0;77;75;0;0
obj;2;155;0;24;24;98;0;0;549;16;0;0;0;60;74;0;0
obj;2;155;0;25;25;99;0;0;549;18;3;0;0;45;74;0;0
obj;2;155;0;26;26;98;0;0;549;2000;1;0;0;43;29;0;0
obj;2;155;0;27;27;190;0;0;636;2000;0;2;2;43;37;0;0
obj;2;155;0;28;28;110;0;0;1129;7041;1;0;0;37;38;0;0
obj;2;155;0;29;29;110;0;0;1131;7043;1;0;0;50;42;0;0
obj;2;155;0;30;30;110;0;0;1130;7042;1;0;0;43;81;0;0
obj;2;155;0;31;31;110;0;0;1132;7044;1;0;0;117;60;0;0
obj;2;155;0;32;32;206;15;0;653;2000;1;0;0;106;28;0;0
obj;2;155;0;33;33;206;15;0;653;2000;1;0;0;107;28;0;0
obj;2;155;0;34;34;206;15;0;653;2000;1;0;0;108;28;0;0
obj;2;155;0;35;35;206;15;0;653;2000;1;0;0;109;28;0;0
obj;2;155;0;36;36;110;0;0;1128;7040;1;0;0;49;55;0;0
obj;2;155;0;37;37;28;0;0;841;23;1;0;0;87;41;0;0
obj;2;155;0;38;38;110;0;0;1246;7045;1;0;0;107;41;0;0
obj;2;155;0;39;39;110;0;0;1247;7046;1;0;0;62;34;0;0
obj;2;155;0;40;40;8199;0;0;0;2000;1;0;0;19;66;0;0
obj;2;155;0;41;41;8199;0;0;0;2000;1;0;0;19;56;0;0
obj;2;155;0;42;42;8199;0;0;0;2000;1;0;0;14;52;0;0
obj;2;155;0;43;43;8199;0;0;0;2000;1;0;0;31;40;0;0
obj;2;155;0;44;44;8199;0;0;0;2000;1;0;0;39;39;0;0
obj;2;155;0;45;45;8199;0;0;0;2000;1;0;0;41;39;0;0
obj;2;155;0;46;46;110;0;0;1399;7047;1;0;0;35;70;0;0
obj;2;155;0;47;47;110;0;0;1214;7048;1;0;0;17;65;0;0
obj;2;156;0;0;0;117;15;0;651;1;1;0;0;15;11;0;0
obj;2;157;0;0;0;12;0;0;0;1;1;0;0;385;490;0;0
obj;2;157;0;1;1;24;0;0;0;3;1;0;0;386;490;0;0
obj;2;158;0;0;0;46;0;0;0;2;1;0;0;79;79;0;0
obj;2;158;0;1;1;83;2;0;0;1;1;0;0;75;48;-32768;0
obj;2;158;0;2;2;7;0;0;587;12;0;0;0;61;32;-32768;0
obj;2;158;0;3;3;7;0;0;588;4;2;0;0;62;33;-32768;0
obj;2;158;0;4;4;97;0;0;589;2000;3;0;0;60;33;-32768;0
obj;2;158;0;5;5;186;0;0;663;6;1;0;0;58;33;-32768;0
obj;2;158;0;6;6;186;0;0;664;7;1;0;0;59;35;-32768;0
obj;2;158;0;7;7;186;0;0;665;8;1;0;0;56;31;-32768;0
obj;2;158;0;8;8;186;0;0;666;9;1;0;0;63;34;-32768;0
obj;2;158;0;9;9;186;0;0;667;10;1;0;0;66;31;-32768;0
obj;2;158;0;10;10;48;0;0;0;11;2;0;0;46;65;0;0
obj;2;158;0;11;11;110;0;0;1133;7018;1;0;0;17;22;0;0
obj;2;158;0;12;12;110;0;0;1134;7019;1;0;0;44;35;-32768;0
obj;2;158;0;13;13;48;2;1;0;3236;0;0;0;72;69;-32768;3
obj;2;158;0;14;14;49;16;1;0;3238;2;0;0;78;59;0;3
obj;2;158;0;15;15;184;45;1;0;3235;0;0;0;59;49;0;2
obj;2;158;0;16;16;49;17;1;0;3239;3;0;0;50;39;0;3
obj;2;158;0;17;17;183;44;1;0;3233;3;3;7;34;43;0;2
obj;2;158;0;18;18;48;15;1;0;3237;1;0;0;57;64;-32768;1
obj;2;158;0;19;19;183;20;1;0;3234;3;3;0;40;84;0;2
obj;2;158;0;20;20;110;0;0;1251;7023;1;0;0;72;56;-32768;0
obj;2;158;0;21;21;110;0;0;1161;7020;1;0;0;60;44;0;0
obj;2;158;0;22;22;110;0;0;1162;7021;1;0;0;29;79;0;0
obj;2;158;0;23;23;110;0;0;1252;7024;1;0;0;9;83;0;0
obj;2;158;0;24;24;110;0;0;1163;7022;1;0;0;44;55;-32768;0
obj;2;158;0;25;25;36;7;1;0;3550;3;0;0;16;63;0;4
obj;2;158;0;26;26;37;9;1;0;3549;1;0;0;28;59;0;4
obj;2;158;0;27;27;50;15;1;0;3613;1;0;0;81;74;0;0
obj;2;159;0;0;0;76;0;0;0;1;2;0;0;9;11;0;0
obj;2;159;0;1;1;12;3;0;0;2;2;1;1;7;6;0;0
obj;2;160;0;0;0;184;14;1;0;3052;0;0;0;13;15;0;3
obj;2;160;0;1;1;183;15;1;0;3051;1;0;0;19;16;0;3
obj;2;160;0;2;2;155;0;0;0;5;0;0;0;5;18;0;0
obj;2;160;0;3;3;49;0;0;0;3;2;0;0;9;17;0;0
obj;2;160;0;4;4;73;0;0;0;4;2;0;0;23;15;0;0
obj;2;161;0;0;0;98;0;1;590;3221;2;0;0;28;19;0;4
obj;2;161;0;1;1;189;0;0;688;2;2;0;0;21;19;0;0
obj;2;161;0;2;2;110;0;0;1121;7174;1;0;0;19;11;0;0
obj;2;162;0;0;0;110;0;0;1164;7176;1;0;0;16;20;0;0
obj;2;162;0;1;1;98;0;1;590;3222;1;0;0;19;11;0;6
obj;2;162;0;2;2;99;0;1;590;3225;3;0;0;6;18;0;4
obj;2;162;0;3;3;110;0;0;1156;7175;1;0;0;22;21;0;0
obj;2;163;0;0;0;110;0;0;1165;7177;1;0;0;3;23;0;0
obj;2;163;0;1;1;110;0;0;1192;7179;1;0;0;14;24;0;0
obj;2;163;0;2;2;98;0;1;590;3223;1;0;0;16;18;0;4
obj;2;163;0;3;3;99;0;1;590;3226;3;0;0;5;21;0;5
obj;2;164;0;0;0;110;0;0;1166;7178;1;0;0;21;14;0;0
obj;2;164;0;1;1;98;0;1;590;3224;1;0;0;13;19;0;5
obj;2;164;0;2;2;99;0;1;590;3227;1;0;0;12;19;0;5
obj;2;165;0;0;0;100;0;0;590;2000;2;0;0;17;19;-32768;0
obj;2;165;0;1;1;97;0;0;590;2000;3;0;0;14;18;-32768;0
obj;2;165;0;2;2;7;0;0;590;2000;0;0;0;26;7;0;0
obj;2;166;0;0;0;98;8;0;808;2000;1;0;0;26;9;0;0
obj;2;167;0;0;0;98;0;0;809;2;3;0;0;6;7;0;0
obj;2;181;0;0;0;189;0;0;809;1;0;0;0;6;2;0;0
obj;2;182;0;0;0;124;0;0;810;1;1;0;0;16;4;0;0
obj;2;190;0;0;0;110;0;0;1173;7180;1;0;0;17;9;0;0
obj;2;191;0;0;0;7;0;0;558;7;3;0;0;171;466;0;0
obj;2;191;0;1;1;67;0;0;559;2;1;0;0;167;473;0;0
obj;2;191;0;2;2;67;0;0;0;3;2;0;0;174;459;0;0
obj;2;191;0;3;3;30;0;0;0;4;0;0;0;205;453;0;0
obj;2;191;0;4;4;110;0;0;1168;7000;1;0;0;164;461;0;0
obj;2;191;0;5;5;110;0;0;1193;7001;1;0;0;182;469;0;0
obj;2;191;0;6;6;216;0;0;1194;7002;1;0;0;206;464;0;0
obj;2;191;0;7;7;67;0;0;0;5;0;0;0;184;463;0;0
obj;2;191;0;8;8;11;44;1;0;3140;3;5;2;192;454;0;2
obj;2;191;0;9;9;67;16;1;0;3077;2;0;0;197;465;0;3
obj;2;191;0;10;10;11;45;1;0;3141;0;0;0;185;455;0;2
obj;2;192;0;0;0;7;0;0;544;6;0;0;0;7;31;0;0
obj;2;192;0;1;1;7;0;0;545;4;0;0;0;13;5;0;0
obj;2;192;0;2;2;67;8;1;0;3076;1;0;0;20;27;0;4
obj;2;192;0;3;3;67;0;0;0;3;3;0;0;1;28;0;0
obj;2;192;0;4;4;110;0;0;1136;7004;1;0;0;20;4;0;0
obj;2;192;0;5;5;110;0;0;1135;7003;1;0;0;17;29;0;0
obj;2;192;0;6;6;67;45;1;0;3072;1;0;0;13;13;0;3
obj;2;192;0;7;7;67;17;1;0;3073;3;0;0;20;21;0;2
obj;2;192;0;8;8;67;17;1;0;3074;3;0;0;21;8;0;2
obj;2;192;0;9;9;67;6;1;0;3075;2;0;0;18;5;0;3
obj;2;192;0;10;10;110;0;0;1167;7005;1;0;0;12;21;0;0
obj;2;192;0;11;11;110;0;0;1253;7006;1;0;0;3;20;0;0
obj;2;193;0;0;0;98;0;0;626;4;1;0;0;3;7;0;0
obj;2;193;0;1;1;98;0;0;626;5;1;0;0;4;7;0;0
obj;2;193;0;2;2;192;0;0;716;2;1;0;0;4;8;0;0
obj;2;193;0;3;3;7;0;0;805;3;0;0;0;3;17;0;0
obj;2;193;0;4;4;67;0;0;546;2000;0;0;0;3;18;0;0
obj;2;193;0;5;5;98;0;0;626;6;1;0;0;5;7;0;0
obj;2;193;0;6;6;99;0;0;626;7;3;0;0;3;8;0;0
obj;2;193;0;7;7;99;0;0;626;8;2;0;0;5;8;0;0
obj;2;193;0;8;8;98;0;0;626;9;0;0;0;3;9;0;0
obj;2;193;0;9;9;98;0;0;626;10;0;0;0;4;9;0;0
obj;2;193;0;10;10;99;0;0;626;11;0;0;0;5;9;0;0
obj;2;193;0;11;11;67;0;0;546;2000;0;0;0;4;18;0;0
obj;2;193;0;12;12;67;0;0;546;2000;0;0;0;5;18;0;0
obj;2;193;0;13;13;67;0;0;546;2000;0;0;0;4;19;0;0
obj;2;193;0;14;14;89;0;0;546;2000;0;0;0;5;17;0;0
obj;2;193;0;15;15;110;0;0;1400;7007;1;0;0;2;7;0;0
obj;2;194;0;0;0;148;0;0;583;1;1;0;0;107;339;0;0
obj;2;194;0;1;1;89;0;0;582;2000;1;0;0;103;349;0;0
obj;2;195;0;0;0;134;2;0;584;5;1;0;0;8;45;0;0
obj;2;195;0;1;1;105;2;0;584;6;1;0;0;8;45;0;0
obj;2;195;0;2;2;182;0;0;655;2000;1;0;0;0;0;0;0
obj;2;195;0;3;3;182;0;0;655;2000;1;0;0;1;0;0;0
obj;2;195;0;4;4;103;0;0;585;2000;3;0;0;9;50;0;0
obj;2;195;0;5;5;182;0;0;655;2000;1;0;0;2;0;0;0
obj;2;195;0;6;6;110;0;0;1137;7120;1;0;0;11;11;0;0
obj;2;195;0;7;7;110;0;0;1138;7121;1;0;0;21;29;0;0
obj;2;195;0;8;8;110;0;0;1139;7122;1;0;0;51;51;0;0
obj;2;195;0;9;9;110;3;0;1140;7123;1;0;0;67;25;0;0
obj;2;195;0;10;10;73;19;1;0;3240;2;0;0;18;21;0;3
obj;2;195;0;11;11;30;20;4;0;3105;3;8;0;21;15;0;1
obj;2;195;0;12;12;74;16;1;0;3117;2;0;0;69;48;0;4
obj;2;195;0;13;13;30;16;1;0;3104;2;0;0;60;22;0;3
obj;2;195;0;14;14;64;15;1;0;3194;1;0;0;44;22;0;0
obj;2;195;0;15;15;110;0;0;1401;7127;1;0;0;9;22;0;0
obj;2;195;0;16;16;110;0;0;1402;7128;1;0;0;59;38;0;0
obj;2;195;0;17;17;73;14;1;0;3115;0;0;0;50;15;0;3
obj;2;196;0;0;0;24;0;0;0;2;1;0;0;40;52;0;0
obj;2;196;0;1;1;24;0;0;0;1;1;0;0;41;52;0;0
obj;2;196;0;2;2;110;0;0;1141;7124;1;0;0;36;21;0;0
obj;2;196;0;3;3;99;16;1;738;3310;2;0;0;53;21;0;4
obj;2;196;0;4;4;98;16;1;738;3298;2;0;0;52;33;0;4
obj;2;196;0;5;5;98;17;1;738;3299;3;0;0;48;29;0;2
obj;2;196;0;6;6;98;14;1;738;3300;0;0;0;53;15;0;3
obj;2;196;0;7;7;98;15;1;738;3301;1;0;0;48;4;0;5
obj;2;196;0;8;8;50;17;1;0;3150;3;0;0;60;42;0;0
obj;2;196;0;9;9;110;0;0;1172;7126;1;0;0;42;35;0;0
obj;2;196;0;10;10;99;15;1;738;3611;1;0;0;56;12;0;3
obj;2;196;0;11;11;99;16;1;738;3311;2;0;0;45;9;0;2
obj;2;197;0;0;0;110;0;0;1142;7125;1;0;0;24;4;0;0
obj;2;197;0;1;1;31;20;5;0;3100;1;0;8;16;33;0;1
obj;2;197;0;2;2;31;46;1;0;3101;0;0;0;8;21;0;2
obj;2;197;0;3;3;110;0;0;1403;7129;1;0;0;20;34;0;0
obj;2;197;0;4;4;110;0;0;1404;7130;1;0;0;7;35;0;0
obj;2;197;0;5;5;188;0;0;706;1;0;0;0;16;49;0;0
obj;2;197;0;6;6;98;0;0;839;2000;3;0;0;19;63;0;0
obj;2;197;0;7;7;99;0;0;839;2000;3;0;0;20;63;0;0
obj;2;198;0;0;0;64;15;1;0;3243;1;0;0;147;203;0;1
obj;2;198;0;1;1;97;0;0;658;2000;1;0;0;142;204;0;0
obj;2;198;0;2;2;7;0;0;658;2000;2;0;0;144;215;0;0
obj;2;198;0;3;3;67;0;0;687;3;1;0;0;140;203;0;0
obj;2;199;0;0;0;67;0;0;0;1;3;0;0;15;43;-32768;0
obj;2;199;0;1;1;110;0;0;1181;7112;1;0;0;50;35;-32768;0
obj;2;199;0;2;2;110;0;0;1195;7115;1;0;0;16;33;-32768;0
obj;2;199;0;3;3;31;17;1;0;3518;3;0;0;44;49;-32768;5
obj;2;199;0;4;4;110;0;0;1178;7109;1;0;0;40;49;-32768;0
obj;2;199;0;5;5;155;16;1;0;3241;2;0;0;53;42;-32768;0
obj;2;199;0;6;6;110;0;0;1285;7119;1;0;0;20;12;-32768;0
obj;2;199;0;7;7;67;0;0;821;2;3;0;0;20;21;0;0
obj;2;199;0;8;8;50;17;1;0;3151;3;0;0;15;28;-32768;0
obj;2;200;0;0;0;155;53;2;0;3124;2;0;0;50;9;0;1
obj;2;200;0;1;1;64;9;1;0;3242;1;0;0;42;58;0;2
obj;2;200;0;2;2;47;20;4;0;3159;1;0;6;59;42;0;2
obj;2;200;0;3;3;110;0;0;1179;7110;1;0;0;60;8;0;0
obj;2;200;0;4;4;89;0;0;575;2000;1;0;0;4;47;0;0
obj;2;200;0;5;5;7;0;0;575;2000;0;0;0;4;49;0;0
obj;2;200;0;6;6;8200;0;0;0;2000;1;0;0;40;8;0;0
obj;2;200;0;7;7;8200;0;0;0;2000;1;0;0;44;10;0;0
obj;2;201;0;0;0;155;53;2;0;3038;1;0;0;8;42;0;1
obj;2;201;0;1;1;155;53;2;0;3122;1;0;0;57;59;0;1
obj;2;201;0;2;2;30;46;1;0;3519;2;0;0;43;21;0;2
obj;2;201;0;3;3;64;16;1;0;3195;2;0;0;8;12;0;2
obj;2;201;0;4;4;110;0;0;1180;7111;1;0;0;4;41;0;0
obj;2;201;0;5;5;8200;0;0;0;2000;1;0;0;59;57;0;0
obj;2;201;0;6;6;8200;0;0;0;2000;1;0;0;56;56;0;0
obj;2;201;0;7;7;8200;0;0;0;2000;1;0;0;60;59;0;0
obj;2;201;0;8;8;8200;0;0;0;2000;1;0;0;55;58;0;0
obj;2;201;0;9;9;8200;0;0;0;2000;1;0;0;58;60;0;0
obj;2;201;0;10;10;8200;0;0;0;2000;1;0;0;58;55;0;0
obj;2;201;0;11;11;8200;0;0;0;2000;1;0;0;17;49;0;0
obj;2;201;0;12;12;110;0;0;1236;7116;1;0;0;14;47;0;0
obj;2;201;0;13;13;110;0;0;1266;7117;1;0;0;30;24;0;0
obj;2;201;0;14;14;181;0;0;840;2000;1;0;0;7;28;0;0
obj;2;202;0;0;0;155;53;2;0;3123;1;0;0;14;21;0;1
obj;2;202;0;1;1;46;20;6;0;3110;1;0;9;15;8;0;2
obj;2;202;0;2;2;7;0;0;678;2;3;0;0;54;14;0;0
obj;2;202;0;3;3;98;0;0;677;2000;2;0;0;56;14;0;0
obj;2;202;0;4;4;110;0;0;1267;7118;1;0;0;7;7;0;0
obj;2;202;0;5;5;8200;0;0;0;2000;1;0;0;16;11;0;0
obj;2;202;0;6;6;8200;0;0;0;2000;1;0;0;14;15;0;0
obj;2;202;0;7;7;8200;0;0;0;2000;1;0;0;16;18;0;0
obj;2;202;0;8;8;110;0;0;1182;7113;1;0;0;58;48;0;0
obj;2;202;0;9;9;67;0;0;0;3;0;0;0;5;50;0;0
obj;2;202;0;10;10;181;0;0;840;2000;1;0;0;50;28;0;0
obj;2;202;0;11;11;181;0;0;840;2000;1;0;0;7;25;0;0
obj;2;203;0;0;0;110;0;0;1183;7114;1;0;0;21;11;0;0
obj;2;205;0;0;0;104;14;0;602;2;0;0;0;181;144;0;0
obj;2;205;0;1;1;7;0;0;603;2000;1;0;0;178;155;0;0
obj;2;205;0;2;2;134;0;0;604;3;1;0;0;181;155;0;0
obj;2;205;0;3;3;97;0;0;605;2000;1;0;0;181;154;0;0
obj;2;205;0;4;4;91;0;0;606;2000;1;0;0;179;144;0;0
obj;2;205;0;5;5;110;0;0;1410;7008;1;0;0;174;147;0;0
obj;2;206;0;0;0;30;6;1;0;3106;0;0;0;38;40;0;4
obj;2;206;0;1;1;31;19;1;0;3102;0;0;0;44;26;0;3
obj;2;206;0;2;2;0;0;0;624;2000;1;0;0;20;34;0;0
obj;2;206;0;3;3;0;0;0;624;2000;1;0;0;21;34;0;0
obj;2;206;0;4;4;0;0;0;624;2000;1;0;0;22;34;0;0
obj;2;206;0;5;5;0;0;0;624;2000;1;0;0;23;34;0;0
obj;2;206;0;6;6;98;0;0;659;1;2;0;0;23;46;0;0
obj;2;206;0;7;7;110;0;0;1184;7009;1;0;0;43;31;0;0
obj;2;207;0;0;0;91;0;0;607;3;0;0;0;24;10;0;0
obj;2;207;0;1;1;104;0;0;607;2;2;0;0;22;12;0;0
obj;2;208;0;0;0;8197;0;0;0;10000;1;0;0;10;12;0;0
obj;2;208;0;1;1;110;0;0;1237;7012;1;0;0;22;8;0;0
obj;2;208;0;2;2;110;0;0;1270;7016;1;0;0;7;19;0;0
obj;2;209;0;0;0;110;69;0;1277;7013;1;0;0;19;4;0;0
obj;2;210;0;0;0;7;0;0;609;3;2;0;0;19;16;0;0
obj;2;210;0;1;1;91;0;0;609;11;0;0;0;19;13;0;0
obj;2;210;0;2;2;99;0;0;609;8;1;0;0;19;12;0;0
obj;2;210;0;3;3;98;0;0;609;5;3;0;0;18;16;0;0
obj;2;210;0;4;4;98;0;0;609;4;3;0;0;18;13;0;0
obj;2;210;0;5;5;98;0;0;609;6;1;0;0;20;12;0;0
obj;2;210;0;6;6;99;0;0;609;10;3;0;0;14;17;0;0
obj;2;210;0;7;7;98;0;12;609;7;3;0;0;15;15;0;0
obj;2;210;0;8;8;99;0;0;609;9;3;0;0;18;17;0;0
obj;2;210;0;9;9;98;0;1;609;3303;2;0;0;22;21;0;2
obj;2;210;0;10;10;98;0;1;609;3304;3;0;0;10;24;0;4
obj;2;210;0;11;11;99;0;1;609;3312;3;0;0;4;17;0;2
obj;2;210;0;12;12;98;0;1;609;3302;1;0;0;10;8;0;2
obj;2;210;0;13;13;110;0;0;1411;7015;1;0;0;23;7;0;0
obj;2;210;0;14;14;99;17;1;609;3612;3;0;0;19;24;0;3
obj;2;211;0;0;0;110;69;0;1280;7014;1;0;0;1;4;0;0
obj;2;211;0;1;1;110;69;0;1279;7011;1;0;0;9;15;0;0
obj;2;211;0;2;2;110;69;0;1275;7010;1;0;0;45;1;0;0
obj;2;212;0;0;0;98;0;0;611;4;0;0;0;8;16;0;0
obj;2;212;0;1;1;101;0;0;611;6;1;0;0;10;12;0;0
obj;2;212;0;2;2;98;0;0;611;2;0;0;0;12;14;0;0
obj;2;212;0;3;3;99;0;0;611;5;0;0;0;12;16;0;0
obj;2;212;0;4;4;98;0;0;611;3;0;0;0;8;14;0;0
obj;2;212;0;5;5;110;0;0;1217;7017;1;0;0;23;7;0;0
obj;2;213;0;0;0;7;0;0;613;2000;1;0;0;16;24;0;0
obj;2;213;0;1;1;91;0;0;613;2000;1;0;0;16;25;0;0
obj;2;213;0;2;2;103;0;0;612;2000;0;0;0;16;12;0;0
obj;2;213;0;3;3;162;15;0;766;2;1;0;0;16;11;0;0
obj;2;214;0;0;0;32;69;0;759;2;1;0;0;14;0;-1;0
obj;2;214;0;1;1;110;69;0;1124;7139;1;0;0;33;4;0;0
obj;2;214;0;2;2;110;69;0;1125;7135;1;0;0;45;0;0;0
obj;2;214;0;3;3;110;69;0;1126;7136;1;0;0;30;4;0;0
obj;2;214;0;4;4;110;69;0;1127;7137;1;0;0;12;3;-1;0
obj;2;214;0;5;5;32;69;0;758;2;1;0;0;21;6;2;0
obj;2;214;0;6;6;30;69;0;0;3;1;0;0;22;0;2;0
obj;2;214;0;7;7;36;69;0;0;5;1;0;0;62;3;2;0
obj;2;214;0;8;8;110;69;0;1123;7138;1;0;0;19;5;0;0
obj;2;214;0;9;9;110;69;0;1388;7140;1;0;0;52;0;0;0
obj;2;215;0;0;0;110;0;0;1196;7131;1;0;0;4;5;0;0
obj;2;216;0;0;0;31;16;1;0;3244;2;0;0;15;12;0;2
obj;2;216;0;1;1;8197;0;0;0;10000;1;0;0;16;8;0;0
obj;2;217;0;0;0;33;12;1;0;3251;3;0;0;5;9;0;2
obj;2;218;0;0;0;31;18;1;0;3245;2;4;0;9;7;0;2
obj;2;220;0;0;0;110;0;0;1197;7132;1;0;0;11;4;0;0
obj;2;221;0;0;0;30;8;1;0;3246;1;0;0;7;6;-16384;2
obj;2;223;0;0;0;46;44;1;0;3248;3;3;3;3;11;0;1
obj;2;223;0;1;1;110;0;0;1198;7133;1;0;0;7;7;0;0
obj;2;224;0;0;0;50;15;1;0;3249;1;0;0;12;15;0;0
obj;2;224;0;1;1;8197;0;0;0;10000;1;0;0;11;10;0;0
obj;2;224;0;2;2;110;0;0;1199;7134;1;0;0;17;18;0;0
obj;2;226;0;0;0;30;20;1;0;3247;3;6;0;16;19;0;2
obj;2;226;0;1;1;8197;0;0;0;10000;1;0;0;15;12;0;0
obj;2;226;0;2;2;206;15;0;652;2000;1;0;0;5;12;0;0
obj;2;227;0;0;0;32;17;1;0;3250;3;0;0;16;27;0;4
obj;2;228;0;0;0;7;0;0;816;1;1;0;0;9;3;0;0
obj;2;229;0;0;0;116;15;0;650;1;1;0;0;5;4;0;0
obj;2;231;0;0;0;8197;0;0;0;10000;1;0;0;5;56;0;0
obj;2;231;0;1;1;8197;0;0;0;10000;1;0;0;12;4;0;0
obj;2;231;0;2;2;8197;0;0;0;10000;1;0;0;57;53;0;0
obj;2;231;0;3;3;8197;0;0;0;10000;1;0;0;39;4;0;0
obj;2;231;0;4;4;110;0;0;1282;7159;1;0;0;9;52;0;0
obj;2;231;0;5;5;110;0;0;1283;7160;1;0;0;13;7;0;0
obj;2;231;0;6;6;110;0;0;1284;7161;1;0;0;39;7;0;0
obj;2;232;0;0;0;110;0;0;1373;7162;1;0;0;31;24;0;0
obj;2;232;0;1;1;110;0;0;1374;7163;1;0;0;39;36;0;0
obj;2;232;0;2;2;110;0;0;1375;7164;1;0;0;54;32;0;0
obj;2;232;0;3;3;110;0;0;1376;7165;1;0;0;61;41;0;0
obj;2;232;0;4;4;110;0;0;1377;7166;1;0;0;28;48;0;0
obj;2;232;0;5;5;110;0;0;1378;7167;1;0;0;48;61;0;0
obj;2;232;0;6;6;110;0;0;1379;7168;1;0;0;19;71;0;0
obj;2;232;0;7;7;110;0;0;1380;7169;1;0;0;72;72;0;0
obj;2;234;0;0;0;121;0;0;801;1;1;0;0;15;12;0;0
obj;2;235;0;0;0;71;0;0;0;1;3;0;0;294;748;0;0
obj;2;235;0;1;1;48;0;0;790;2;1;0;0;296;750;0;0
obj;2;235;0;2;2;8;0;0;790;3;1;0;0;297;751;0;0
obj;2;235;0;3;3;29;0;0;790;4;2;0;0;298;751;0;0
obj;2;235;0;4;4;98;0;0;791;5;2;0;0;299;751;0;0
obj;2;235;0;5;5;83;0;0;790;6;1;0;0;298;746;0;0
obj;2;235;0;6;6;22;0;0;790;7;2;0;0;299;749;0;0
obj;2;235;0;7;7;72;0;0;0;8;3;0;0;308;746;0;0
obj;2;235;0;8;8;72;0;0;792;9;1;0;0;305;756;0;0
obj;2;235;0;9;9;98;0;0;795;2000;1;0;0;304;758;0;0
obj;2;235;0;10;10;98;0;0;795;2000;1;0;0;305;758;0;0
obj;2;235;0;11;11;98;0;0;795;2000;1;0;0;306;758;0;0
obj;2;235;0;12;12;105;0;0;795;2000;0;0;0;304;763;0;0
obj;2;235;0;13;13;72;0;0;795;2000;0;0;0;302;764;0;0
obj;2;235;0;14;14;72;0;0;795;2000;0;0;0;303;764;0;0
obj;2;235;0;15;15;72;0;0;795;2000;0;0;0;305;764;0;0
obj;2;235;0;16;16;72;0;0;795;2000;0;0;0;306;764;0;0
obj;2;235;0;17;17;72;0;0;795;2000;3;0;0;303;758;0;0
obj;2;235;0;18;18;72;0;0;795;2000;1;0;0;305;757;0;0
obj;2;235;0;19;19;72;0;0;795;2000;2;0;0;307;758;0;0
obj;2;235;0;20;20;72;0;0;795;2000;0;0;0;305;759;0;0
obj;2;235;0;21;21;72;0;0;795;2000;0;0;0;312;763;0;0
obj;2;235;0;22;22;98;0;1;791;3553;2;0;0;316;750;0;4
obj;2;235;0;23;23;98;0;1;791;3554;2;0;0;315;762;0;1
obj;2;235;0;24;24;98;0;1;791;3555;3;0;0;303;756;0;1
obj;2;236;0;0;0;72;0;0;793;1;3;0;0;6;21;0;0
obj;2;236;0;1;1;98;0;1;791;3556;3;0;0;7;7;0;1
obj;2;237;0;0;0;98;0;0;794;1;0;0;0;4;6;0;0
obj;2;237;0;1;1;125;0;0;779;2;1;0;0;4;3;0;0
obj;2;238;0;0;0;73;19;1;0;3421;1;0;0;718;725;0;3
obj;2;238;0;1;1;110;0;0;1222;7227;1;0;0;715;727;0;0
obj;2;239;0;0;0;73;0;0;732;1;0;0;0;4;2;0;0
obj;2;239;0;1;1;110;0;0;1392;7228;1;0;0;7;3;0;0
obj;2;240;0;0;0;41;20;1;0;3571;3;5;0;795;291;-32768;3
obj;2;240;0;1;1;40;41;1;0;3568;1;6;3;801;284;-32768;2
obj;2;240;0;2;2;41;2;1;0;3572;1;0;0;789;276;-32768;1
obj;2;240;0;3;3;40;45;1;0;3569;1;6;5;795;305;-32768;3
obj;2;240;0;4;4;41;19;1;0;3573;2;10;0;818;285;-32768;3
obj;2;240;0;5;5;40;44;1;0;3570;3;3;3;804;298;-32768;3
obj;2;245;0;0;0;185;0;0;0;2000;1;0;0;80;79;0;3
obj;2;245;0;1;1;8201;0;0;0;2000;1;0;0;80;77;0;0
obj;2;245;0;2;2;110;0;0;1286;7201;1;0;0;60;83;0;0
obj;2;245;0;3;3;110;0;0;1287;7202;1;0;0;36;101;0;0
obj;2;245;0;4;4;110;0;0;1288;7203;1;0;0;48;101;0;0
obj;2;245;0;5;5;110;0;0;1289;7204;1;0;0;90;92;0;0
obj;2;245;0;6;6;110;0;0;1310;7223;1;0;0;36;38;0;0
obj;2;245;0;7;7;110;0;0;1300;7215;1;0;0;72;35;0;0
obj;2;245;0;8;8;110;0;0;1295;7210;1;0;0;111;35;0;0
obj;2;245;0;9;9;110;0;0;1298;7213;1;0;0;42;50;0;0
obj;2;245;0;10;10;110;0;0;1305;7219;1;0;0;48;47;0;0
obj;2;245;0;11;11;110;0;0;1299;7214;1;0;0;66;65;0;0
obj;2;245;0;12;12;110;0;0;1294;7209;1;0;0;78;56;0;0
obj;2;245;0;13;13;110;0;0;1306;7220;1;0;0;117;50;0;0
obj;2;245;0;14;14;110;0;0;1293;7208;1;0;0;123;47;0;0
obj;2;245;0;15;15;110;0;0;1302;7217;1;0;0;54;89;0;0
obj;2;245;0;16;16;110;0;0;1316;7226;1;0;0;81;68;0;0
obj;2;245;0;17;17;110;0;0;1292;7207;1;0;0;99;86;0;0
obj;2;245;0;18;18;110;0;0;1312;7224;1;0;0;96;80;0;0
obj;2;245;0;19;19;110;0;0;1301;7216;1;0;0;102;74;0;0
obj;2;245;0;20;20;110;0;0;1290;7205;1;0;0;36;122;0;0
obj;2;245;0;21;21;110;0;0;1313;7225;1;0;0;60;107;0;0
obj;2;245;0;22;22;110;0;0;1297;7212;1;0;0;78;92;0;0
obj;2;245;0;23;23;110;0;0;1309;7222;1;0;0;99;116;0;0
obj;2;245;0;24;24;110;0;0;1304;7218;1;0;0;84;122;0;0
obj;2;245;0;25;25;110;0;0;1291;7206;1;0;0;120;122;0;0
obj;2;245;0;26;26;110;0;0;1308;7221;1;0;0;114;104;0;0
obj;2;245;0;27;27;110;0;0;1296;7211;1;0;0;84;44;0;0
obj;2;246;0;0;0;185;0;0;0;2000;1;0;0;13;27;0;1
obj;2;246;0;1;1;8201;0;0;0;2000;1;0;0;11;26;0;0
obj;2;246;0;2;2;110;0;0;1327;7197;1;0;0;9;14;0;0
obj;2;246;0;3;3;110;0;0;1323;7194;1;0;0;21;20;0;0
obj;2;246;0;4;4;110;0;0;1320;7192;1;0;0;36;14;0;0
obj;2;246;0;5;5;110;0;0;1329;7198;1;0;0;39;29;0;0
obj;2;246;0;6;6;110;0;0;1324;7195;1;0;0;51;23;0;0
obj;2;246;0;7;7;110;0;0;1361;7200;1;0;0;9;53;0;0
obj;2;246;0;8;8;110;0;0;1321;7193;1;0;0;24;32;0;0
obj;2;246;0;9;9;110;0;0;1318;7190;1;0;0;27;47;0;0
obj;2;246;0;10;10;110;0;0;1319;7191;1;0;0;39;35;0;0
obj;2;246;0;11;11;110;0;0;1330;7199;1;0;0;45;56;0;0
obj;2;246;0;12;12;110;0;0;1325;7196;1;0;0;57;38;0;0
obj;2;247;0;0;0;185;0;0;0;2000;1;0;0;41;27;0;1
obj;2;247;0;1;1;8201;0;0;0;2000;1;0;0;41;26;0;0
obj;2;247;0;2;2;110;0;0;1371;7189;1;0;0;15;8;0;0
obj;2;247;0;3;3;110;0;0;1367;7185;1;0;0;9;23;0;0
obj;2;247;0;4;4;110;0;0;1369;7187;1;0;0;27;23;0;0
obj;2;247;0;5;5;110;0;0;1365;7184;1;0;0;45;8;0;0
obj;2;247;0;6;6;110;0;0;1368;7186;1;0;0;39;20;0;0
obj;2;247;0;7;7;110;0;0;1364;7183;1;0;0;15;44;0;0
obj;2;247;0;8;8;110;0;0;1363;7182;1;0;0;27;35;0;0
obj;2;247;0;9;9;110;0;0;1370;7188;1;0;0;45;32;0;0
obj;2;248;0;0;0;110;0;0;1372;7181;1;0;0;13;10;0;0
obj;2;249;0;0;0;15;69;0;0;1;3;0;0;7;4;1;0
obj;2;249;0;1;1;30;81;0;0;2;0;0;4;19;39;-1;0
obj;2;249;0;2;2;31;69;0;0;3;0;0;0;3;20;-1;0
obj;2;251;0;0;0;76;0;0;0;2;2;0;0;16;5;0;0
obj;2;251;0;1;1;64;3;0;0;3;1;1;0;3;2;0;0
obj;2;251;0;2;2;53;3;0;0;4;1;4;1;9;7;0;0
obj;2;252;0;0;0;76;0;0;0;2;3;0;0;6;7;0;0
obj;2;252;0;1;1;22;3;0;0;3;1;1;1;11;3;0;0
obj;2;253;0;0;0;22;3;0;0;2;1;2;1;121;48;0;0
obj;2;253;0;1;1;11;3;0;0;3;1;3;1;57;48;0;0
obj;2;253;0;2;2;24;3;0;0;1;1;2;0;201;49;0;0
obj;2;254;0;0;0;47;42;0;778;1;1;4;30;17;75;0;0
obj;2;254;0;1;1;26;0;0;778;2;2;4;30;8;136;0;0
obj;2;254;0;2;2;62;40;19;777;9;0;2;28;9;123;0;0
obj;2;254;0;3;3;62;39;19;777;10;1;2;31;21;120;0;0
obj;2;254;0;4;4;62;40;19;777;8;0;2;31;9;70;0;0
obj;2;254;0;5;5;62;39;19;777;7;0;3;33;22;83;0;0
obj;2;254;0;6;6;100;0;0;806;2000;1;0;0;15;40;0;0
obj;2;254;0;7;7;182;0;0;838;2000;1;0;0;13;16;0;0
obj;2;254;0;8;8;182;0;0;838;2000;1;0;0;14;16;0;0
obj;2;254;0;9;9;182;0;0;838;2000;1;0;0;15;16;0;0
obj;2;254;0;10;10;62;0;0;777;6;1;0;0;15;155;0;0
obj;2;255;0;0;0;18;0;0;0;10;0;0;0;76;50;0;0
obj;2;255;0;1;1;128;0;0;0;15;0;0;0;83;50;0;0
obj;2;255;0;2;2;131;0;0;0;17;0;0;0;83;53;0;0
obj;2;255;0;3;3;130;0;0;0;16;0;0;0;77;53;0;0
obj;2;255;0;4;4;111;0;0;0;14;0;0;0;77;50;0;0
obj;2;255;0;5;5;15;0;0;0;12;0;0;0;76;53;0;0
obj;2;255;0;6;6;21;0;0;0;11;0;0;0;82;50;0;0
obj;2;255;0;7;7;20;0;0;0;13;0;0;0;82;53;0;0
obj;2;255;0;8;8;28;0;0;0;19;3;0;0;22;13;0;0
obj;2;255;0;9;9;10;0;0;0;18;0;0;0;63;47;0;0
obj;2;255;0;10;10;110;0;0;1394;7105;1;0;0;40;12;0;0
obj;2;255;0;11;11;110;0;0;1396;7106;1;0;0;44;43;0;0
obj;2;255;0;12;12;16;2;1;0;3579;2;0;0;15;47;0;4
obj;2;255;0;13;13;74;16;1;0;3580;2;0;0;62;40;0;0
obj;2;255;0;14;14;66;0;0;0;9;1;0;0;77;47;0;0
obj;2;255;0;15;15;24;0;0;0;4;1;0;0;32;43;0;0
obj;2;255;0;16;16;49;69;0;0;20;0;0;0;8;6;-3;0
obj;2;255;0;17;17;25;69;0;0;3;0;0;0;14;9;-3;0
obj;2;255;0;18;18;152;2;0;0;2;1;0;0;14;11;0;0
obj;2;255;0;19;19;150;0;0;0;1;1;0;0;78;10;0;0
obj;2;0;1;0;0;28;0;0;0;1;3;0;0;4;5;0;0
obj;2;0;1;1;1;9;6;0;0;2;2;0;0;9;5;0;0
obj;2;0;1;2;2;23;0;0;0;3;3;0;0;8;5;0;0
obj;2;1;1;0;0;20;0;0;0;1;2;0;0;4;5;0;0
obj;2;1;1;1;1;21;0;0;0;2;3;0;0;2;5;0;0
obj;2;1;1;2;2;12;0;0;0;3;0;0;0;9;5;0;0
obj;2;2;1;0;0;63;0;0;0;1;2;0;0;4;5;0;0
obj;2;3;1;0;0;34;0;0;0;1;1;0;0;2;5;0;0
obj;2;3;1;1;1;131;0;0;0;3;1;0;0;4;5;0;0
obj;2;3;1;2;2;35;44;0;0;2;3;2;2;8;4;0;0
obj;2;4;1;0;0;22;0;0;836;1;1;0;0;6;6;0;0
obj;2;4;1;1;1;128;0;0;836;2;2;0;0;4;5;0;0
obj;2;4;1;2;2;128;6;0;836;2;0;0;0;2;3;0;0
obj;2;4;1;3;3;128;4;0;836;2;0;0;0;5;3;0;0
obj;2;4;1;4;4;128;0;0;836;2;0;0;0;9;4;0;0
obj;2;4;1;5;5;162;0;0;837;6;3;0;0;6;5;0;0
obj;2;4;1;6;6;163;2;0;837;7;2;0;0;9;5;0;0
obj;2;5;1;0;0;23;0;0;0;1;2;0;0;4;5;0;0
obj;2;7;1;0;0;182;0;0;829;2000;1;0;0;63;31;0;0
obj;2;7;1;1;1;182;0;0;829;2000;1;0;0;63;32;0;0
obj;2;7;1;2;2;182;0;0;829;2000;1;0;0;63;33;0;0
obj;2;7;1;3;3;15;0;0;834;2000;1;0;0;148;36;0;0
obj;2;7;1;4;4;20;0;0;0;3;1;0;0;146;36;0;0
obj;2;7;1;5;5;24;0;0;0;4;1;0;0;38;31;0;0
obj;2;7;1;6;6;22;0;0;835;6;1;0;0;104;31;0;0
obj;2;7;1;7;7;128;0;0;835;7;1;0;0;105;31;0;0
obj;2;7;1;8;8;128;0;0;835;8;1;0;0;106;31;0;0
obj;2;7;1;9;9;128;0;0;835;9;1;0;0;107;31;0;0
obj;2;7;1;10;10;128;0;0;835;10;1;0;0;108;31;0;0
obj;2;8;1;0;0;192;0;0;0;7;1;0;0;20;12;0;0
obj;2;8;1;1;1;190;0;0;0;5;1;0;0;22;12;0;0
obj;2;8;1;2;2;188;0;0;0;3;1;0;0;24;12;0;0
obj;2;8;1;3;3;101;0;0;0;2;1;0;0;26;12;0;0
obj;2;8;1;4;4;189;0;0;0;4;1;0;0;28;12;0;0
obj;2;8;1;5;5;191;0;0;0;6;1;0;0;30;12;0;0
obj;2;8;1;6;6;89;0;0;601;11;0;0;0;25;20;0;0
obj;2;8;1;7;7;86;0;0;601;8;0;0;0;24;20;0;0
obj;2;8;1;8;8;88;0;0;601;10;0;0;0;26;20;0;0
obj;2;8;1;9;9;87;0;0;601;9;0;0;0;24;20;0;0
obj;2;8;1;10;10;91;0;0;601;13;0;0;0;26;20;0;0
obj;2;8;1;11;11;90;0;0;601;12;0;0;0;24;20;0;0
obj;2;8;1;12;12;92;0;0;601;14;0;0;0;24;20;0;0
obj;2;8;1;13;13;180;0;0;601;15;0;0;0;26;20;0;0
obj;2;10;1;0;0;98;15;0;0;1;1;0;0;14;14;0;0
obj;2;10;1;1;1;99;20;0;0;2;1;0;4;5;13;0;0
obj;2;11;1;0;0;102;0;0;0;1;1;0;0;8;16;0;0
obj;2;11;1;1;1;193;0;0;0;2;1;0;0;10;16;0;0
obj;2;12;1;0;0;98;9;0;0;1;3;0;0;5;16;0;0
obj;2;12;1;1;1;98;3;0;0;2;0;1;2;13;12;0;0
obj;2;12;1;2;2;110;0;0;1395;7232;1;0;0;12;6;0;0
obj;2;14;1;0;0;73;0;0;0;2;2;0;0;5;16;0;0
obj;2;14;1;1;1;73;0;0;0;1;1;0;0;12;13;0;0
obj;2;15;1;0;0;98;3;0;0;1;2;2;1;12;16;0;0
obj;2;15;1;1;1;110;0;0;1405;7230;1;0;0;5;8;0;0
obj;2;16;1;0;0;99;16;0;0;2;2;0;0;5;15;0;0
obj;2;16;1;1;1;128;2;0;0;1;3;0;0;4;15;0;0
obj;2;16;1;2;2;98;0;0;0;3;1;0;0;13;6;0;0
obj;2;16;1;3;3;99;0;0;0;4;1;0;0;5;6;0;0
obj;2;18;1;0;0;110;0;0;1409;7229;1;0;0;11;7;0;0
obj;2;19;1;0;0;98;3;0;0;1;3;2;1;6;16;0;0
obj;2;19;1;1;1;110;0;0;1390;7231;1;0;0;15;14;0;0
obj;2;20;1;0;0;99;16;0;0;1;2;0;0;13;11;0;0
obj;2;20;1;1;1;99;17;0;0;2;3;0;0;12;11;0;0
obj;2;21;1;0;0;100;0;0;803;2;1;0;0;22;10;0;0
obj;2;22;1;0;0;103;0;0;0;6;1;0;0;16;12;0;0
obj;2;22;1;1;1;100;0;0;617;11;0;0;0;16;49;0;0
obj;2;22;1;2;2;97;0;0;617;12;0;0;0;15;49;0;0
obj;2;22;1;3;3;7;0;0;617;13;0;0;0;16;49;0;0
obj;2;22;1;4;4;163;0;0;661;8;1;0;0;16;39;0;0
obj;2;22;1;5;5;162;0;0;660;7;1;0;0;16;35;0;0
obj;2;23;1;0;0;28;0;0;0;5;1;0;0;29;30;0;0
obj;2;23;1;1;1;17;0;0;0;6;1;0;0;14;29;0;0
obj;2;23;1;2;2;17;0;0;0;7;1;0;0;48;29;0;0
obj;2;23;1;3;3;8;0;0;727;10391;1;0;0;29;22;0;0
obj;2;23;1;4;4;17;0;0;0;11;1;0;0;32;43;0;0
obj;2;23;1;5;5;17;0;0;0;10;1;0;0;34;22;0;0
obj;2;33;1;0;0;52;3;0;0;3;1;3;3;411;463;0;0
obj;2;33;1;1;1;57;2;0;0;4;1;0;0;404;437;0;0
obj;2;33;1;2;2;185;0;0;0;2000;1;0;0;392;434;0;3
obj;2;33;1;3;3;185;0;0;0;2000;1;0;0;410;434;0;3
obj;2;33;1;4;4;185;0;0;0;2000;1;0;0;432;434;0;3
obj;2;33;1;5;5;185;0;0;0;2000;1;0;0;422;459;0;1
obj;2;33;1;6;6;185;0;0;0;2000;1;0;0;446;440;0;1
obj;2;33;1;7;7;185;0;0;0;2000;1;0;0;385;440;0;1
obj;2;33;1;8;8;185;0;0;0;2000;1;0;0;427;477;0;7
obj;2;33;1;9;9;185;0;0;0;2000;1;0;0;406;468;0;1
obj;2;34;1;0;0;26;3;0;0;3;1;3;3;177;428;0;0
obj;2;34;1;1;1;61;3;0;0;4;1;3;3;195;432;0;0
obj;2;34;1;2;2;185;0;0;0;2000;1;0;0;245;433;0;1
obj;2;34;1;3;3;185;0;0;0;2000;1;0;0;175;444;0;5
obj;2;34;1;4;4;185;0;0;0;2000;1;0;0;187;413;0;1
obj;2;35;1;0;0;61;3;0;0;3;1;3;3;80;280;0;0
obj;2;35;1;1;1;71;3;0;0;4;1;3;3;104;306;0;0
obj;2;35;1;2;2;185;0;0;0;2000;1;0;0;108;305;0;0
obj;2;36;1;0;0;27;3;0;0;4;1;3;1;181;169;0;0
obj;2;36;1;1;1;43;3;0;0;3;1;3;3;178;186;0;0
obj;2;36;1;2;2;185;0;0;0;2000;1;0;0;171;168;0;3
obj;2;36;1;3;3;185;0;0;0;2000;1;0;0;177;167;0;5
obj;2;36;1;4;4;185;0;0;0;2000;1;0;0;184;196;0;1
obj;2;37;1;0;0;9;3;0;0;3;1;3;3;402;169;0;0
obj;2;37;1;1;1;54;3;0;0;4;1;3;3;431;149;0;0
obj;2;37;1;2;2;185;0;0;0;2000;1;0;0;429;135;0;5
obj;2;37;1;3;3;185;0;0;0;2000;1;0;0;446;177;0;1
obj;2;37;1;4;4;185;0;0;0;2000;1;0;0;385;177;0;1
obj;2;37;1;5;5;185;0;0;0;2000;1;0;0;425;173;0;1
obj;2;38;1;0;0;185;0;0;0;2000;1;0;0;49;10;0;5
obj;2;38;1;1;1;185;0;0;0;2000;1;0;0;9;53;0;1
obj;2;38;1;2;2;185;0;0;0;2000;1;0;0;43;37;0;1
obj;2;39;1;0;0;185;0;0;0;2000;1;0;0;8;53;0;1
obj;2;39;1;1;1;185;0;0;0;2000;1;0;0;43;37;0;1
obj;2;39;1;2;2;185;0;0;0;2000;1;0;0;49;10;0;5
obj;2;41;1;0;0;185;0;0;0;2000;1;0;0;107;340;0;1
obj;2;48;1;0;0;185;0;0;0;2000;1;0;0;376;440;0;1
obj;2;48;1;1;1;185;0;0;0;2000;1;0;0;330;435;0;1
obj;2;50;1;0;0;185;0;0;0;2000;1;0;0;115;277;-32768;1
obj;2;50;1;1;1;185;0;0;0;2000;1;0;0;105;261;-32768;1
obj;2;50;1;2;2;185;0;0;0;2000;1;0;0;114;259;-32768;1
obj;2;50;1;3;3;185;0;0;0;2000;1;0;0;116;251;-32768;1
obj;2;50;1;4;4;185;0;0;0;2000;1;0;0;126;245;-32768;1
obj;2;50;1;5;5;185;0;0;0;2000;1;0;0;141;246;-32768;1
obj;2;50;1;6;6;185;0;0;0;2000;1;0;0;153;246;-32768;1
obj;2;50;1;7;7;185;0;0;0;2000;1;0;0;137;238;-32768;1
obj;2;50;1;8;8;185;0;0;0;2000;1;0;0;144;225;-32768;1
obj;2;51;1;0;0;185;0;0;0;2000;1;0;0;233;166;0;2
obj;2;52;1;0;0;185;0;0;0;2000;1;0;0;376;177;0;1
obj;2;53;1;0;0;185;0;0;0;2000;1;0;0;455;177;0;1
obj;2;53;1;1;1;185;0;0;0;2000;1;0;0;502;177;0;1
obj;2;54;1;0;0;185;0;0;0;2000;1;0;0;584;177;0;1
obj;2;55;1;0;0;185;0;0;0;2000;1;0;0;751;286;0;5
obj;2;56;1;0;0;185;0;0;0;2000;1;0;0;677;358;0;2
obj;2;56;1;1;1;185;0;0;0;2000;1;0;0;690;375;0;5
obj;2;57;1;0;0;185;0;0;0;2000;1;0;0;632;429;0;1
obj;2;58;1;0;0;185;0;0;0;2000;1;0;0;483;417;0;2
obj;2;58;1;1;1;185;0;0;0;2000;1;0;0;455;440;0;1
obj;2;59;1;0;0;8;3;0;0;3;1;3;3;665;179;0;0
obj;2;59;1;1;1;65;3;1;0;4;1;3;3;651;185;0;0
obj;2;59;1;2;2;185;0;0;0;2000;1;0;0;660;185;0;1
obj;2;60;1;0;0;76;3;0;0;3;1;3;3;708;303;0;0
obj;2;60;1;1;1;64;0;0;0;4;1;0;0;762;305;-32768;0
obj;2;60;1;2;2;185;0;0;0;2000;1;0;0;751;296;0;5
obj;2;60;1;3;3;185;0;0;0;2000;1;0;0;760;300;0;1
obj;2;60;1;4;4;185;0;0;0;2000;1;0;0;763;304;-16384;1
obj;2;61;1;0;0;14;15;0;0;2;1;2;2;794;703;0;0
obj;2;61;1;1;1;18;4;0;0;3;1;0;1;786;712;0;0
obj;2;61;1;2;2;105;15;0;508;1;1;0;0;788;724;0;0
obj;2;61;1;3;3;7;0;0;515;4;1;0;0;792;680;0;0
obj;2;61;1;4;4;134;15;0;515;6;1;0;0;790;676;0;0
obj;2;61;1;5;5;37;16;1;0;3531;2;0;0;765;723;0;5
obj;2;61;1;6;6;63;16;1;0;3533;2;0;0;746;732;0;0
obj;2;61;1;7;7;36;15;1;0;3532;1;0;0;757;748;0;2
obj;2;61;1;8;8;110;0;0;1230;7273;1;0;0;743;720;0;0
obj;2;61;1;9;9;110;0;0;1143;7274;1;0;0;759;759;0;0
obj;2;62;1;0;0;76;0;0;0;2;1;0;0;13;2;0;0
obj;2;62;1;1;1;49;0;0;0;3;1;0;0;3;3;0;0
obj;2;63;1;0;0;11;3;0;0;3;2;2;0;762;632;0;0
obj;2;63;1;1;1;15;3;0;0;4;1;0;0;751;648;0;0
obj;2;63;1;2;2;8195;0;0;0;10000;1;0;0;750;653;0;0
obj;2;63;1;3;3;11;15;1;0;3001;1;0;0;754;633;0;4
obj;2;63;1;4;4;15;16;1;0;3002;2;0;0;774;633;0;5
obj;2;63;1;5;5;11;16;1;0;3085;2;0;0;784;620;0;4
obj;2;63;1;6;6;110;0;0;1109;7270;1;0;0;764;626;0;0
obj;2;63;1;7;7;110;0;0;1106;7267;1;0;0;794;632;0;0
obj;2;63;1;8;8;110;0;0;1108;7269;1;0;0;747;655;0;0
obj;2;63;1;9;9;210;0;0;1107;7268;1;0;0;748;641;0;0
obj;2;63;1;10;10;10;3;0;0;8;1;0;0;755;642;0;0
obj;2;63;1;11;11;108;0;0;0;10004;1;0;0;773;618;0;0
obj;2;63;1;12;12;110;0;0;1110;7271;1;0;0;753;618;0;0
obj;2;63;1;13;13;110;0;0;1114;7272;1;0;0;796;633;0;0
obj;2;64;1;0;0;21;0;0;0;1;0;0;0;5;7;0;0
obj;2;64;1;1;1;76;0;0;0;2;1;0;0;13;2;0;0
obj;2;65;1;0;0;28;0;0;625;2200;1;0;0;748;556;0;0
obj;2;65;1;1;1;9;15;0;0;19;1;0;0;740;562;0;3
obj;2;65;1;2;2;9;15;0;0;18;1;0;0;741;562;0;3
obj;2;65;1;3;3;23;5;0;0;2;3;1;0;738;558;0;0
obj;2;65;1;4;4;9;0;0;572;10;2;0;0;727;564;0;0
obj;2;65;1;5;5;98;0;0;517;2000;3;0;0;727;563;0;0
obj;2;65;1;6;6;134;0;0;572;9;2;0;0;726;563;0;0
obj;2;65;1;7;7;98;0;0;517;2000;3;0;0;727;564;0;0
obj;2;65;1;8;8;7;0;0;573;2000;1;0;0;725;582;0;0
obj;2;65;1;9;9;23;15;1;0;3014;1;0;0;736;553;0;5
obj;2;65;1;10;10;154;15;1;0;3015;1;0;0;732;557;0;0
obj;2;65;1;11;11;153;17;1;0;3017;3;0;0;726;552;0;2
obj;2;65;1;12;12;153;16;1;0;3016;2;0;0;733;557;0;0
obj;2;65;1;13;13;35;8;1;0;3020;1;0;0;698;553;0;2
obj;2;65;1;14;14;12;16;1;0;3003;2;0;0;718;574;0;3
obj;2;65;1;15;15;16;46;1;0;3004;3;0;0;721;591;0;1
obj;2;65;1;16;16;12;14;1;0;3084;0;0;0;685;598;0;5
obj;2;65;1;17;17;110;0;0;1118;7259;1;0;0;697;558;0;0
obj;2;65;1;18;18;110;0;0;1119;7260;1;0;0;703;576;0;0
obj;2;65;1;19;19;110;0;0;1120;7261;1;0;0;706;600;0;0
obj;2;65;1;20;20;34;9;1;0;3019;1;0;0;686;575;0;4
obj;2;65;1;21;21;7;0;0;517;2000;2;0;0;726;563;0;0
obj;2;65;1;22;22;7;0;0;635;16;2;0;0;680;554;0;0
obj;2;65;1;23;23;162;44;0;0;2000;1;2;2;752;551;0;0
obj;2;65;1;24;24;130;43;0;0;2000;1;2;2;754;553;0;0
obj;2;65;1;25;25;110;0;0;1149;7262;1;0;0;681;582;0;0
obj;2;65;1;26;26;110;0;0;1150;7263;1;0;0;690;571;0;0
obj;2;65;1;27;27;16;4;1;0;3292;0;0;1;703;594;0;1
obj;2;65;1;28;28;8;0;0;0;22;0;0;0;754;555;0;0
obj;2;65;1;29;29;210;0;0;1145;7266;1;0;0;715;558;0;0
obj;2;65;1;30;30;210;0;0;1144;7265;1;0;0;722;578;0;0
obj;2;65;1;31;31;110;0;0;1398;7264;1;0;0;692;599;0;0
obj;2;66;1;0;0;27;15;0;0;1;1;0;0;2;3;0;0
obj;2;66;1;1;1;153;42;0;0;4;1;3;3;10;4;0;0
obj;2;66;1;2;2;153;41;0;0;5;1;3;3;7;7;0;0
obj;2;66;1;3;3;23;2;0;0;2;1;0;0;10;9;0;0
obj;2;66;1;4;4;154;2;0;0;3;1;0;0;3;7;0;0
obj;2;66;1;5;5;23;0;0;0;6;1;0;0;5;8;0;0
obj;2;67;1;0;0;29;0;0;0;2201;1;0;0;6;7;0;0
obj;2;67;1;1;1;61;0;0;0;1;1;0;0;7;10;0;0
obj;2;68;1;0;0;7;0;0;574;2000;2;0;0;24;5;0;0
obj;2;68;1;1;1;110;0;0;1239;7146;1;0;0;17;24;0;0
obj;2;68;1;2;2;98;0;0;574;2000;3;0;0;22;5;0;0
obj;2;68;1;3;3;98;0;0;574;2000;3;0;0;22;6;0;0
obj;2;68;1;4;4;98;0;0;574;2000;3;0;0;16;5;0;0
obj;2;68;1;5;5;98;0;0;574;2000;3;0;0;16;6;0;0
obj;2;68;1;6;6;110;0;0;1240;7141;1;0;0;3;11;0;0
obj;2;68;1;7;7;110;0;0;1238;7145;1;0;0;27;9;0;0
obj;2;69;1;0;0;110;0;0;1241;7147;1;0;0;17;3;0;0
obj;2;69;1;1;1;110;0;0;1243;7142;1;0;0;25;33;0;0
obj;2;69;1;2;2;110;0;0;1245;7144;1;0;0;27;53;0;0
obj;2;69;1;3;3;46;20;12;0;3252;3;4;0;14;35;0;2
obj;2;69;1;4;4;110;0;0;1244;7143;1;0;0;15;39;0;0
obj;2;69;1;5;5;47;20;12;0;3254;2;4;0;18;33;0;1
obj;2;69;1;6;6;47;20;12;0;3253;3;4;0;14;34;0;2
obj;2;70;1;0;0;63;16;1;0;3042;2;0;0;400;596;0;0
obj;2;70;1;1;1;63;16;1;0;3041;2;0;0;397;590;0;0
obj;2;70;1;2;2;49;20;1;0;3156;1;0;6;424;548;0;2
obj;2;70;1;3;3;48;19;1;0;3039;2;0;0;431;537;0;3
obj;2;70;1;4;4;110;0;0;1122;7258;1;0;0;432;539;0;0
obj;2;70;1;5;5;155;16;1;0;3036;2;0;0;412;548;0;4
obj;2;70;1;6;6;48;46;1;0;3153;3;0;0;427;511;0;3
obj;2;70;1;7;7;49;16;1;0;3040;2;0;0;432;544;0;4
obj;2;70;1;8;8;155;0;0;0;1;1;0;0;431;564;0;0
obj;2;70;1;9;9;22;2;0;0;4;1;0;0;401;530;0;0
obj;2;70;1;10;10;19;0;0;0;3;0;0;0;429;531;0;0
obj;2;70;1;11;11;7;0;0;640;5;0;0;0;430;584;0;0
obj;2;70;1;12;12;110;0;0;1155;7252;1;0;0;421;590;0;0
obj;2;70;1;13;13;110;0;0;1158;7253;1;0;0;394;575;0;0
obj;2;70;1;14;14;110;0;0;1160;7255;1;0;0;435;557;0;0
obj;2;70;1;15;15;155;20;5;0;3035;3;6;0;414;536;0;1
obj;2;70;1;16;16;84;15;1;0;3505;1;0;0;401;572;0;1
obj;2;70;1;17;17;110;0;0;1159;7254;1;0;0;416;553;0;0
obj;2;70;1;18;18;110;0;0;1250;7257;1;0;0;405;539;0;0
obj;2;70;1;19;19;110;0;0;1248;7256;1;0;0;407;565;0;0
obj;2;70;1;20;20;64;0;0;0;10;2;0;0;427;592;0;0
obj;2;70;1;21;21;48;16;1;0;3290;2;0;6;433;556;0;2
obj;2;70;1;22;22;155;46;1;0;3291;3;0;0;401;562;0;3
obj;2;70;1;23;23;155;45;1;0;3037;1;0;0;405;535;0;3
obj;2;71;1;0;0;27;0;0;0;1;2;0;0;2;6;0;0
obj;2;71;1;1;1;131;3;0;0;2;2;1;1;4;5;0;0
obj;2;72;1;0;0;155;3;0;0;1;1;1;1;3;5;0;0
obj;2;72;1;1;1;155;0;0;0;2;3;0;0;6;7;0;0
obj;2;73;1;0;0;55;18;1;0;3047;3;0;0;348;432;0;1
obj;2;73;1;1;1;54;20;5;0;3048;1;0;2;356;432;0;0
obj;2;73;1;2;2;110;0;0;1117;7250;1;0;0;334;440;0;0
obj;2;73;1;3;3;110;0;0;1115;7248;1;0;0;343;429;0;0
obj;2;73;1;4;4;110;0;0;1116;7249;1;0;0;334;424;0;0
obj;2;73;1;5;5;66;15;1;0;3050;1;0;0;363;435;0;0
obj;2;73;1;6;6;48;16;1;0;3044;2;30;30;347;427;0;3
obj;2;73;1;7;7;28;17;1;0;3049;3;5;5;343;436;0;3
obj;2;73;1;8;8;56;2;0;0;12;1;3;0;352;431;0;0
obj;2;73;1;9;9;49;16;1;0;3045;2;3;0;372;426;0;3
obj;2;73;1;10;10;7;0;0;566;2000;2;0;0;378;438;0;0
obj;2;73;1;11;11;97;16;0;568;2;1;0;0;359;434;0;0
obj;2;73;1;12;12;153;16;0;568;3;1;0;0;359;433;0;0
obj;2;73;1;13;13;154;16;0;568;4;0;0;0;359;432;0;0
obj;2;73;1;14;14;88;0;0;567;2000;3;0;0;362;438;0;0
obj;2;73;1;15;15;19;0;0;0;7;1;0;0;332;429;0;0
obj;2;73;1;16;16;110;0;0;1249;7251;1;0;0;375;425;0;0
obj;2;73;1;17;17;7;0;0;815;13;1;0;0;362;439;0;0
obj;2;73;1;18;18;21;6;0;0;14;0;0;0;350;435;0;0
obj;2;73;1;19;19;14;12;0;0;16;0;0;0;353;435;0;0
obj;2;73;1;20;20;19;7;0;0;15;0;0;0;351;435;0;0
obj;2;74;1;0;0;65;0;0;0;10470;1;0;0;7;3;0;0
obj;2;75;1;0;0;64;15;0;0;1;1;0;0;103;364;0;0
obj;2;75;1;1;1;22;46;0;0;2;2;5;0;145;393;0;0
obj;2;75;1;2;2;37;15;1;0;3186;1;0;0;152;383;0;4
obj;2;75;1;3;3;73;7;1;0;3257;3;0;0;137;375;0;4
obj;2;75;1;4;4;36;44;1;0;3182;3;5;5;101;370;0;1
obj;2;75;1;5;5;84;19;1;0;3162;1;0;0;112;375;0;1
obj;2;75;1;6;6;84;14;1;0;3161;0;0;0;146;379;0;0
obj;2;75;1;7;7;73;17;1;0;3112;3;0;0;133;396;0;4
obj;2;75;1;8;8;74;45;1;0;3258;1;0;0;126;373;0;2
obj;2;75;1;9;9;28;0;0;0;3;3;1;1;119;363;0;0
obj;2;75;1;10;10;210;0;0;1169;7243;1;0;0;108;373;0;0
obj;2;75;1;11;11;110;0;0;1170;7244;1;0;0;153;366;0;0
obj;2;75;1;12;12;110;0;0;1171;7245;1;0;0;129;367;0;0
obj;2;75;1;13;13;110;0;0;1234;7246;1;0;0;142;398;0;0
obj;2;75;1;14;14;110;0;0;1235;7247;1;0;0;136;378;0;0
obj;2;75;1;15;15;210;0;0;767;10510;1;0;0;113;371;0;20
obj;2;75;1;16;16;210;0;0;768;10510;1;0;0;104;376;0;20
obj;2;76;1;0;0;73;0;0;0;1;0;0;0;5;3;0;0
obj;2;76;1;1;1;73;0;0;0;2;3;0;0;10;6;0;0
obj;2;76;1;2;2;73;0;0;0;3;2;0;0;2;6;0;0
obj;2;76;1;3;3;220;12;0;814;10;0;1;1;6;3;0;0
obj;2;76;1;4;4;218;5;0;812;8;1;1;1;9;6;0;0
obj;2;76;1;5;5;219;39;0;813;9;2;2;1;3;4;0;0
obj;2;76;1;6;6;74;0;0;0;4;0;0;0;7;3;0;0
obj;2;76;1;7;7;217;40;0;811;7;3;2;1;1;5;0;0
obj;2;77;1;0;0;8197;0;0;0;10000;1;0;0;3;15;0;0
obj;2;77;1;1;1;8197;0;0;0;10000;1;0;0;15;26;0;0
obj;2;77;1;2;2;8197;0;0;0;10000;1;0;0;9;8;0;0
obj;2;77;1;3;3;64;9;1;0;3256;1;0;0;20;8;0;2
obj;2;77;1;4;4;64;7;1;0;3255;0;0;0;10;26;0;3
obj;2;77;1;5;5;110;0;0;1254;7096;1;0;0;27;6;0;0
obj;2;77;1;6;6;110;0;0;1255;7097;1;0;0;9;3;0;0
obj;2;78;1;0;0;8197;0;1;0;10000;1;0;0;9;24;0;0
obj;2;78;1;1;1;8197;0;0;0;10000;1;0;0;14;17;0;0
obj;2;78;1;2;2;8197;0;0;0;10000;1;0;0;25;15;0;0
obj;2;78;1;3;3;110;0;0;1257;7098;1;0;0;4;3;0;0
obj;2;78;1;4;4;110;0;0;1259;7100;1;0;0;12;26;0;0
obj;2;78;1;5;5;110;0;0;1258;7099;1;0;0;12;9;0;0
obj;2;79;1;0;0;8197;0;0;0;10000;1;0;0;12;20;0;0
obj;2;79;1;1;1;8197;0;0;0;10000;1;0;0;15;15;0;0
obj;2;79;1;2;2;115;16;0;649;1;2;0;0;7;4;0;0
obj;2;79;1;3;3;110;0;0;1261;7102;1;0;0;6;27;0;0
obj;2;79;1;4;4;110;0;0;1260;7101;1;0;0;23;3;0;0
obj;2;79;1;5;5;110;0;0;1262;7103;1;0;0;8;9;0;0
obj;2;79;1;6;6;28;0;0;0;3;1;0;0;26;22;0;0
obj;2;80;1;0;0;28;0;0;0;1;3;0;0;2;5;0;0
obj;2;80;1;1;1;9;3;0;0;3;1;2;2;9;5;0;0
obj;2;80;1;2;2;26;0;0;0;2;2;2;2;4;5;0;0
obj;2;81;1;0;0;11;16;1;0;3142;2;0;0;118;272;0;2
obj;2;81;1;1;1;49;46;1;0;3155;3;0;0;113;251;0;2
obj;2;81;1;2;2;48;17;1;0;3154;3;0;0;100;274;0;2
obj;2;81;1;3;3;36;6;1;0;3183;2;0;0;115;242;0;4
obj;2;81;1;4;4;37;18;1;0;3187;1;0;0;109;246;0;4
obj;2;81;1;5;5;11;14;1;0;3143;0;0;0;112;270;0;4
obj;2;81;1;6;6;47;3;0;0;1;1;3;3;106;281;0;0
obj;2;81;1;7;7;110;0;0;1174;7239;1;0;0;116;268;0;0
obj;2;81;1;8;8;110;0;0;1175;7240;1;0;0;105;246;0;0
obj;2;81;1;9;9;110;0;0;1176;7241;1;0;0;155;244;0;0
obj;2;81;1;10;10;110;0;0;1177;7242;1;0;0;122;240;0;0
obj;2;81;1;11;11;54;33;1;0;3503;3;4;4;146;248;0;2
obj;2;81;1;12;12;54;42;1;0;3504;1;6;3;143;232;0;1
obj;2;81;1;13;13;47;0;0;0;5;0;3;3;114;277;0;0
obj;2;81;1;14;14;30;16;1;833;3607;2;0;0;119;259;0;4
obj;2;81;1;15;15;30;16;1;832;3606;2;0;0;119;259;0;4
obj;2;82;1;0;0;72;0;0;0;1;1;0;0;16;13;0;0
obj;2;82;1;1;1;65;0;0;0;2;0;0;0;18;22;0;0
obj;2;83;1;0;0;26;6;1;0;3139;0;0;0;10;15;0;3
obj;2;83;1;1;1;24;17;1;0;3138;3;0;0;14;15;0;3
obj;2;83;1;2;2;184;17;1;0;3120;2;0;0;11;18;0;2
obj;2;83;1;3;3;15;16;1;0;3190;2;0;0;22;18;0;3
obj;2;83;1;4;4;110;0;0;1227;7148;1;0;0;7;16;0;0
obj;2;83;1;5;5;110;0;0;1228;7149;1;0;0;24;16;0;0
obj;2;84;1;0;0;184;8;11;0;3263;1;0;0;23;13;0;3
obj;2;84;1;1;1;183;10;11;0;3118;0;0;0;16;15;0;2
obj;2;84;1;2;2;184;19;11;0;3121;0;0;0;11;13;0;3
obj;2;84;1;3;3;183;12;11;0;3119;2;0;0;20;17;0;1
obj;2;84;1;4;4;51;0;1;0;3152;1;0;0;17;21;0;0
obj;2;84;1;5;5;110;0;0;1229;7150;1;0;0;23;15;0;0
obj;2;85;1;0;0;30;12;11;0;3269;2;0;0;19;18;0;2
obj;2;85;1;1;1;31;12;11;0;3264;2;0;0;13;16;0;2
obj;2;85;1;2;2;110;0;0;1264;7151;1;0;0;8;16;0;0
obj;2;85;1;3;3;110;0;0;1265;7152;1;0;0;22;16;0;0
obj;2;86;1;0;0;90;0;0;676;2;0;0;0;16;14;0;0
obj;2;86;1;1;1;97;0;0;780;2000;0;0;0;16;11;0;0
obj;2;87;1;0;0;64;0;0;0;1;3;0;0;4;5;0;0
obj;2;87;1;1;1;15;0;0;0;2;3;0;0;7;5;0;0
obj;2;87;1;2;2;162;44;0;0;3;3;2;2;8;5;0;0
obj;2;88;1;0;0;29;0;0;0;2;2;0;0;2;3;0;0
obj;2;88;1;1;1;28;0;0;0;3;2;0;0;4;5;0;0
obj;2;88;1;2;2;10;0;0;0;5;3;0;0;2;5;0;0
obj;2;88;1;3;3;23;0;0;0;6;0;0;0;9;4;0;0
obj;2;89;1;0;0;84;2;0;0;1;1;0;0;224;185;0;0
obj;2;89;1;1;1;63;15;1;0;3148;1;0;0;228;181;0;0
obj;2;89;1;2;2;36;16;1;0;3184;2;0;0;198;175;0;2
obj;2;89;1;3;3;84;15;1;0;3164;1;0;6;233;178;0;0
obj;2;89;1;4;4;84;6;1;0;3163;2;0;0;214;176;0;0
obj;2;89;1;5;5;37;15;1;0;3188;1;0;0;229;168;0;3
obj;2;89;1;6;6;110;0;0;1185;7235;1;0;0;195;168;0;0
obj;2;89;1;7;7;110;0;0;1186;7236;1;0;0;221;175;0;0
obj;2;89;1;8;8;110;0;0;1268;7237;1;0;0;206;168;0;0
obj;2;89;1;9;9;98;0;0;739;6;1;2;2;243;180;0;0
obj;2;89;1;10;10;98;0;0;739;7;0;2;2;243;181;0;0
obj;2;89;1;11;11;110;0;0;1408;7238;1;0;0;241;166;0;0
obj;2;89;1;12;12;84;0;0;0;2;2;0;0;237;176;0;0
obj;2;90;1;0;0;122;0;0;696;2000;1;0;0;24;38;-32768;0
obj;2;90;1;1;1;115;0;0;693;2000;1;0;0;24;36;-32768;0
obj;2;90;1;2;2;116;0;0;694;2000;1;0;0;22;38;-32768;0
obj;2;90;1;3;3;117;0;0;695;2000;1;0;0;26;38;-32768;0
obj;2;90;1;4;4;28;0;0;698;3;1;0;0;25;40;-32768;0
obj;2;90;1;5;5;8195;0;0;0;10000;1;0;0;16;37;0;0
obj;2;90;1;6;6;63;17;1;0;3584;3;0;0;41;52;0;0
obj;2;90;1;7;7;36;16;1;0;3583;1;0;0;33;20;0;1
obj;2;90;1;8;8;84;2;1;0;3585;1;0;0;20;53;0;0
obj;2;90;1;9;9;37;10;1;0;3582;1;0;0;55;41;0;1
obj;2;90;1;10;10;110;0;0;1303;7153;1;0;0;45;41;0;0
obj;2;90;1;11;11;110;0;0;1307;7154;1;0;0;15;53;0;0
obj;2;90;1;12;12;110;0;0;1311;7155;1;0;0;31;16;0;0
obj;2;90;1;13;13;110;0;0;1314;7156;1;0;0;42;11;8192;0
obj;2;90;1;14;14;110;0;0;1315;7157;1;0;0;6;44;0;0
obj;2;91;1;0;0;61;3;0;0;1;1;2;2;5;13;0;0
obj;2;91;1;1;1;73;0;0;0;2;1;0;0;8;3;0;0
obj;2;91;1;2;2;48;0;0;0;3;1;0;0;7;3;0;0
obj;2;92;1;0;0;62;20;13;0;3180;2;5;0;349;176;0;2
obj;2;92;1;1;1;62;36;13;0;3181;1;4;3;362;173;0;2
obj;2;92;1;2;2;62;15;1;0;3157;1;0;0;351;173;0;1
obj;2;92;1;3;3;61;16;1;0;3134;2;0;0;371;169;0;2
obj;2;92;1;4;4;61;15;1;0;3135;1;0;0;347;168;0;3
obj;2;92;1;5;5;61;15;1;0;5157;1;0;0;352;173;0;1
obj;2;92;1;6;6;110;0;0;1187;7233;1;0;0;347;182;0;0
obj;2;92;1;7;7;110;0;0;1188;7234;1;0;0;357;188;0;0
obj;2;92;1;8;8;57;0;0;0;5;1;0;0;337;171;0;0
obj;2;92;1;9;9;46;0;0;0;8;1;0;0;346;186;0;0
obj;2;93;1;0;0;11;3;0;0;1;1;1;1;10;13;0;0
obj;2;93;1;1;1;22;20;0;0;2;3;2;0;5;10;0;0
obj;2;94;1;0;0;12;3;0;0;1;1;1;1;11;24;0;0
obj;2;94;1;1;1;26;3;0;0;3;1;1;1;17;25;0;0
obj;2;94;1;2;2;34;3;0;0;2;1;0;0;19;10;0;0
obj;2;94;1;3;3;23;0;0;0;4;0;0;1;8;6;0;0
obj;2;94;1;4;4;8;20;0;0;6;3;5;0;12;12;0;0
obj;2;94;1;5;5;76;15;0;0;7;1;0;0;15;22;0;0
obj;2;94;1;6;6;66;0;0;0;8;1;5;0;5;12;0;0
obj;2;94;1;7;7;67;0;0;0;9;1;0;0;13;2;0;0
obj;2;94;1;8;8;17;0;1;0;3107;0;0;0;22;3;0;0
obj;2;94;1;9;9;42;3;1;0;3097;3;1;1;17;5;0;0
obj;2;94;1;10;10;43;5;1;0;3098;2;1;0;21;18;0;0
obj;2;94;1;11;11;13;14;1;0;3108;0;0;0;22;10;0;0
obj;2;94;1;12;12;77;0;0;0;11;1;0;0;7;14;0;0
obj;2;94;1;13;13;77;0;0;0;12;1;0;0;21;8;0;0
obj;2;94;1;14;14;77;0;0;0;13;1;0;0;9;8;0;0
obj;2;94;1;15;15;77;0;0;0;14;1;0;0;7;1;0;0
obj;2;94;1;16;16;77;0;0;0;15;1;0;0;9;1;0;0
obj;2;94;1;17;17;30;3;0;0;5;1;1;1;6;18;0;0
obj;2;95;1;0;0;69;0;0;0;1;1;0;0;6;2;0;0
obj;2;95;1;1;1;110;0;0;1322;7173;1;0;0;11;2;0;0
obj;2;96;1;0;0;48;15;1;0;3578;1;0;0;12;20;0;1
obj;2;97;1;0;0;30;8;1;0;3262;1;0;0;12;27;0;3
obj;2;97;1;1;1;31;20;6;0;3261;0;0;9;23;18;0;2
obj;2;97;1;2;2;110;0;0;1269;7084;1;0;0;15;23;0;0
obj;2;97;1;3;3;110;0;0;1271;7085;1;0;0;10;3;0;0
obj;2;98;1;0;0;33;16;1;0;3260;2;0;0;20;44;0;0
obj;2;98;1;1;1;32;10;1;0;3259;3;0;0;51;29;0;3
obj;2;98;1;2;2;110;0;0;1272;7086;1;0;0;4;36;0;0
obj;2;98;1;3;3;110;0;0;1274;7088;1;0;0;26;24;0;0
obj;2;98;1;4;4;110;0;0;1278;7090;1;0;0;59;48;0;0
obj;2;98;1;5;5;110;0;0;1276;7089;1;0;0;44;40;0;0
obj;2;98;1;6;6;110;0;0;1273;7087;1;0;0;11;34;0;0
obj;2;99;1;0;0;7;0;0;594;2000;3;0;0;467;118;0;0
obj;2;99;1;1;1;47;15;1;0;3158;1;0;0;436;118;0;4
obj;2;99;1;2;2;46;38;4;0;3109;1;6;0;456;102;0;2
obj;2;99;1;3;3;64;46;1;0;3193;3;0;0;447;106;0;2
obj;2;99;1;4;4;30;16;1;0;3103;2;0;0;457;119;0;6
obj;2;99;1;5;5;31;7;1;0;3099;0;0;0;491;118;0;2
obj;2;99;1;6;6;32;8;1;0;3178;2;0;0;496;116;0;4
obj;2;99;1;7;7;33;45;1;0;3179;1;0;0;466;117;0;4
obj;2;99;1;8;8;134;0;0;594;2000;3;0;0;467;119;0;0
obj;2;99;1;9;9;210;0;0;771;10510;1;0;0;435;115;0;30
obj;2;99;1;10;10;216;0;0;1190;7302;1;0;0;454;99;0;0
obj;2;99;1;11;11;110;0;0;1281;7304;1;0;0;492;121;0;0
obj;2;99;1;12;12;32;0;0;0;4;3;0;0;442;110;0;0
obj;2;99;1;13;13;110;0;0;1189;7301;1;0;0;456;113;0;0
obj;2;99;1;14;14;216;0;0;769;10511;1;0;0;469;104;0;40
obj;2;99;1;15;15;216;0;0;770;10511;1;0;0;463;100;0;40
obj;2;99;1;16;16;216;0;0;1385;7305;1;0;0;457;100;0;0
obj;2;99;1;17;17;210;0;0;1191;7303;1;0;0;437;114;0;0
obj;2;99;1;18;18;210;0;0;772;10510;1;0;0;430;114;0;30
obj;2;100;1;0;0;32;15;0;0;1;1;1;1;19;8;0;0
obj;2;101;1;0;0;32;15;0;0;1;1;1;1;19;8;0;0
obj;2;102;1;0;0;32;15;0;0;1;1;1;1;19;8;0;0
obj;2;103;1;0;0;32;15;0;0;1;1;1;1;19;8;0;0
obj;2;104;1;0;0;32;15;0;0;1;1;1;1;19;8;0;0
obj;2;104;1;1;1;30;0;0;0;6;0;0;0;14;10;0;0
obj;2;105;1;0;0;32;15;0;0;1;1;1;1;19;8;0;0
obj;2;106;1;0;0;32;15;0;0;1;1;1;1;19;8;0;0
obj;2;107;1;0;0;32;15;0;0;1;1;1;1;19;8;0;0
obj;2;109;1;0;0;48;8;1;0;3440;1;0;0;464;173;0;4
obj;2;109;1;1;1;49;45;1;0;3437;1;0;0;493;175;0;2
obj;2;109;1;2;2;36;8;1;0;3455;1;0;0;496;175;0;4
obj;2;109;1;3;3;37;14;1;0;3453;0;0;0;475;177;0;4
obj;2;109;1;4;4;110;0;0;1201;7298;1;0;0;456;168;0;0
obj;2;109;1;5;5;110;0;0;1202;7299;1;0;0;483;166;0;0
obj;2;109;1;6;6;110;0;0;1203;7300;1;0;0;502;165;0;0
obj;2;110;1;0;0;76;0;0;0;2;1;0;0;13;2;0;0
obj;2;110;1;1;1;20;0;0;0;3;1;0;0;12;7;0;0
obj;2;111;1;0;0;37;7;0;0;1;3;0;0;7;3;0;0
obj;2;112;1;0;0;22;15;1;0;3448;1;0;0;605;182;0;3
obj;2;112;1;1;1;22;15;1;0;5448;1;0;0;604;182;0;3
obj;2;112;1;2;2;12;18;1;0;3427;1;0;0;616;175;0;1
obj;2;112;1;3;3;16;20;4;0;3428;3;8;0;616;186;0;1
obj;2;112;1;4;4;34;6;1;0;3451;1;0;0;629;179;0;4
obj;2;112;1;5;5;35;2;1;0;3452;1;0;0;606;169;0;1
obj;2;112;1;6;6;110;0;0;1204;7295;1;0;0;589;180;0;0
obj;2;112;1;7;7;110;0;0;1205;7296;1;0;0;610;170;0;0
obj;2;112;1;8;8;110;0;0;1206;7297;1;0;0;633;167;0;0
obj;2;113;1;0;0;21;0;0;0;2;1;0;0;13;2;0;0
obj;2;113;1;1;1;28;0;0;0;3;1;0;0;3;3;0;0
obj;2;113;1;2;2;9;0;0;0;4;1;0;0;4;3;0;0
obj;2;114;1;0;0;8195;0;0;0;10000;1;0;0;688;175;0;0
obj;2;114;1;1;1;8195;0;0;0;10000;1;0;0;688;254;0;0
obj;2;114;1;2;2;108;0;0;0;10004;1;0;0;680;186;0;0
obj;2;114;1;3;3;108;0;0;0;10004;1;0;0;681;187;0;0
obj;2;114;1;4;4;15;46;1;0;3457;2;0;0;682;181;0;3
obj;2;114;1;5;5;11;63;1;0;3430;1;5;5;683;201;0;2
obj;2;114;1;6;6;84;2;1;0;3446;1;0;0;699;234;0;1
obj;2;114;1;7;7;46;64;1;0;3414;3;5;4;749;266;0;1
obj;2;114;1;8;8;9;43;1;0;3449;2;7;5;713;265;0;2
obj;2;114;1;9;9;9;50;1;0;5449;2;0;0;714;265;0;2
obj;2;114;1;10;10;44;16;1;0;3425;1;0;0;720;264;0;5
obj;2;114;1;11;11;45;17;1;0;3426;1;0;0;724;271;0;4
obj;2;114;1;12;12;28;17;1;0;3416;1;0;0;688;226;0;0
obj;2;114;1;13;13;63;15;1;0;3433;1;0;0;679;211;-32768;0
obj;2;114;1;14;14;63;17;1;0;3434;3;0;0;698;224;-32768;0
obj;2;114;1;15;15;63;17;1;0;3436;3;0;0;696;254;-32768;0
obj;2;114;1;16;16;83;3;0;0;1;1;2;0;684;239;0;0
obj;2;114;1;17;17;110;0;0;1207;7290;1;0;0;682;191;0;0
obj;2;114;1;18;18;110;0;0;1209;7292;1;0;0;688;232;0;0
obj;2;114;1;19;19;110;0;0;1208;7291;1;0;0;724;233;-32768;0
obj;2;114;1;20;20;110;0;0;1210;7293;1;0;0;692;245;0;0
obj;2;114;1;21;21;110;0;0;1200;7289;1;0;0;700;177;0;0
obj;2;114;1;22;22;63;15;1;0;3435;1;0;0;728;243;-32768;0
obj;2;114;1;23;23;15;0;0;0;5;1;0;0;683;212;0;0
obj;2;114;1;24;24;4407;2;0;762;6;3;0;0;683;213;0;0
obj;2;114;1;25;25;110;0;0;763;9;1;0;0;691;233;0;0
obj;2;114;1;26;26;84;3;0;0;7;1;1;1;699;245;0;0
obj;2;114;1;27;27;28;2;0;0;8;1;0;0;692;206;0;0
obj;2;114;1;28;28;110;0;0;1381;7294;1;0;0;703;277;0;0
obj;2;114;1;29;29;108;0;0;0;10004;1;0;0;699;270;0;0
obj;2;115;1;0;0;32;3;0;0;1;2;1;1;4;4;0;0
obj;2;116;1;0;0;76;0;0;0;1;2;0;0;9;11;0;0
obj;2;116;1;1;1;55;3;0;0;3;2;1;1;8;6;0;0
obj;2;117;1;0;0;28;0;0;0;2281;1;0;0;3;3;0;0
obj;2;117;1;1;1;29;3;0;0;1;1;1;1;10;7;0;0
obj;2;118;1;0;0;64;6;1;0;3458;0;0;0;695;354;0;2
obj;2;118;1;1;1;46;46;1;0;3415;2;0;0;728;359;0;2
obj;2;118;1;2;2;63;17;1;0;3431;3;0;0;748;340;0;0
obj;2;118;1;3;3;30;45;1;0;3411;0;0;0;702;362;0;3
obj;2;118;1;4;4;31;15;1;0;3410;1;0;0;704;370;0;4
obj;2;118;1;5;5;101;0;0;705;1;3;0;0;706;350;0;0
obj;2;118;1;6;6;110;0;0;1212;7287;1;0;0;724;337;0;0
obj;2;118;1;7;7;110;0;0;1213;7288;1;0;0;715;355;0;0
obj;2;118;1;8;8;49;46;1;0;3577;1;0;0;726;369;0;3
obj;2;119;1;0;0;76;0;0;0;3;2;0;0;9;11;0;0
obj;2;119;1;1;1;18;0;0;0;4;3;0;0;2;5;0;0
obj;2;120;1;0;0;11;0;0;749;2000;0;0;0;22;13;0;0
obj;2;120;1;1;1;10;0;0;749;2000;2;0;0;23;14;0;0
obj;2;120;1;2;2;14;0;0;749;2000;0;0;0;21;15;0;0
obj;2;120;1;3;3;120;0;0;750;5;1;0;0;22;0;0;0
obj;2;120;1;4;4;110;0;0;1382;7091;1;0;0;50;21;0;0
obj;2;120;1;5;5;110;0;0;1384;7092;1;0;0;31;30;0;0
obj;2;120;1;6;6;110;0;0;1386;7093;1;0;0;9;41;0;0
obj;2;120;1;7;7;110;0;0;1387;7094;1;0;0;25;49;0;0
obj;2;120;1;8;8;110;0;0;1389;7095;1;0;0;51;35;0;0
obj;2;120;1;9;9;11;9;1;0;3576;1;0;0;21;26;0;3
obj;2;120;1;10;10;11;32;1;0;3575;1;8;5;31;35;0;1
obj;2;120;1;11;11;15;14;1;0;3581;0;0;0;45;24;0;0
obj;2;120;1;12;12;15;15;1;0;3574;1;0;0;13;35;0;3
obj;2;121;1;0;0;69;3;0;0;1;1;2;2;3;5;0;0
obj;2;122;1;0;0;8195;0;0;0;10000;1;0;0;620;437;0;0
obj;2;122;1;1;1;8195;0;0;0;10000;1;0;0;628;440;0;0
obj;2;122;1;2;2;37;17;1;0;3454;3;0;0;602;441;0;3
obj;2;122;1;3;3;47;20;4;0;3444;3;6;0;611;439;0;1
obj;2;122;1;4;4;36;45;1;0;3456;0;6;0;625;440;0;2
obj;2;122;1;5;5;64;17;1;0;3459;3;0;0;617;426;0;4
obj;2;122;1;6;6;24;46;1;0;3429;2;0;0;590;440;0;2
obj;2;122;1;7;7;110;0;0;1215;7285;1;0;0;632;444;0;0
obj;2;122;1;8;8;110;0;0;1216;7286;1;0;0;619;421;0;0
obj;2;123;1;0;0;76;0;0;0;2;1;0;0;13;2;0;0
obj;2;123;1;1;1;49;0;0;0;3;1;0;0;3;3;0;0
obj;2;123;1;2;2;24;3;0;0;4;0;3;1;10;7;0;0
obj;2;124;1;0;0;33;3;0;0;1;1;1;3;17;4;0;0
obj;2;124;1;1;1;73;0;0;0;3;3;0;0;7;4;0;0
obj;2;124;1;2;2;29;0;0;0;2;1;0;0;1;3;0;0
obj;2;124;1;3;3;31;0;0;0;4;0;1;3;15;10;0;0
obj;2;125;1;0;0;73;0;0;0;10290;1;0;0;10;7;0;0
obj;2;125;1;1;1;74;0;0;0;10292;1;0;0;13;20;0;0
obj;2;125;1;2;2;73;6;0;0;10294;0;0;0;5;20;0;0
obj;2;125;1;3;3;74;17;0;0;10293;3;0;0;6;15;0;0
obj;2;126;1;0;0;74;0;0;0;1;0;0;0;7;3;0;0
obj;2;127;1;0;0;48;45;1;0;3442;0;0;0;482;443;0;2
obj;2;127;1;1;1;48;19;1;0;3443;1;0;0;473;436;0;3
obj;2;127;1;2;2;49;8;1;0;3438;2;0;0;493;428;0;3
obj;2;127;1;3;3;38;33;13;0;3408;3;6;12;493;443;0;3
obj;2;127;1;4;4;39;38;13;0;3409;1;12;2;466;442;0;2
obj;2;127;1;5;5;72;45;1;0;3412;1;0;0;465;437;0;3
obj;2;127;1;6;6;108;0;0;0;10004;1;0;0;474;425;0;0
obj;2;127;1;7;7;110;0;0;1219;7283;1;0;0;476;418;0;0
obj;2;127;1;8;8;67;0;0;740;3;2;0;0;502;431;0;0
obj;2;127;1;9;9;110;0;0;1218;7282;1;0;0;492;420;0;0
obj;2;127;1;10;10;8195;0;0;0;10000;1;0;0;482;439;0;0
obj;2;127;1;11;11;110;0;0;1393;7284;1;0;0;502;426;0;0
obj;2;127;1;12;12;67;0;0;740;3;2;0;0;502;432;0;0
obj;2;128;1;0;0;61;0;0;0;3;1;0;0;12;7;0;0
obj;2;128;1;1;1;84;0;0;0;2;1;0;0;22;8;0;0
obj;2;128;1;2;2;21;3;0;0;1;2;1;3;7;12;0;0
obj;2;129;1;0;0;23;0;0;734;2000;1;0;0;16;16;-32768;0
obj;2;129;1;1;1;48;0;0;733;1;0;0;0;14;20;0;0
obj;2;129;1;2;2;210;0;0;1391;7050;1;0;0;12;41;0;0
obj;2;129;1;3;3;216;0;0;1242;7049;1;0;0;27;48;0;0
obj;2;130;1;0;0;23;0;0;0;1;0;0;0;7;3;0;0
obj;2;131;1;0;0;8195;0;0;0;10000;1;0;0;632;752;0;0
obj;2;131;1;1;1;8195;0;0;0;10000;1;0;0;624;746;0;0
obj;2;131;1;2;2;48;16;1;0;3441;2;0;0;645;744;0;3
obj;2;131;1;3;3;47;44;6;0;3445;3;6;2;640;722;0;2
obj;2;131;1;4;4;32;18;1;0;3450;1;0;0;630;713;0;2
obj;2;131;1;5;5;64;17;1;0;3460;3;0;0;650;746;0;3
obj;2;131;1;6;6;49;45;1;0;3439;0;0;0;629;741;0;3
obj;2;131;1;7;7;110;0;0;1223;7275;1;0;0;634;710;0;0
obj;2;131;1;8;8;110;0;0;1224;7276;1;0;0;642;741;0;0
obj;2;131;1;9;9;191;0;0;708;1;1;0;0;616;758;-16384;0
obj;2;131;1;10;10;110;0;0;1225;7277;1;0;0;642;761;0;0
obj;2;131;1;11;11;110;0;0;1226;7278;1;0;0;613;753;0;0
obj;2;131;1;12;12;110;0;0;1366;7279;1;0;0;656;744;0;0
obj;2;132;1;0;0;36;0;0;0;1;1;0;0;3;5;0;0
obj;2;132;1;1;1;83;0;0;0;10473;1;0;0;7;2;0;0
obj;2;132;1;2;2;31;3;0;0;2;3;1;1;6;7;0;0
obj;2;133;1;0;0;20;3;0;0;1;1;2;0;783;760;0;0
obj;2;133;1;1;1;22;3;0;0;2;1;2;1;774;749;0;0
obj;2;133;1;2;2;9;3;0;0;4;1;0;3;788;745;0;0
obj;2;133;1;3;3;134;15;0;514;6;1;0;0;776;741;0;0
obj;2;133;1;4;4;7;15;0;513;3;1;0;0;777;741;0;0
obj;2;133;1;5;5;147;0;0;679;2000;0;0;0;777;744;0;0
obj;2;134;1;0;0;147;0;0;0;2;0;0;0;6;5;0;0
obj;2;134;1;1;1;134;17;0;535;2000;3;0;0;3;4;0;0
obj;2;134;1;2;2;7;17;0;535;2000;3;0;0;4;5;0;0
obj;2;134;1;3;3;147;0;0;736;2;0;0;0;6;6;0;0
obj;2;135;1;0;0;7;0;0;500;7;1;0;0;6;5;0;0
obj;2;135;1;1;1;134;0;0;501;8;2;0;0;9;2;0;0
obj;2;135;1;2;2;208;0;0;680;9;1;0;0;5;8;-32768;0
obj;2;135;1;3;3;200;0;0;681;10;1;0;0;5;2;-32768;0
obj;2;135;1;4;4;201;0;0;682;11;1;0;0;6;2;-32768;0
obj;2;135;1;5;5;197;0;0;683;12;1;0;0;4;8;-32768;0
obj;2;135;1;6;6;198;0;0;684;13;1;0;0;5;8;-32768;0
obj;2;135;1;7;7;199;0;0;685;14;1;0;0;6;8;-32768;0
obj;2;136;1;0;0;24;0;0;0;1;1;0;0;8;4;0;0
obj;2;136;1;1;1;26;0;0;0;2;3;0;0;2;3;0;0
obj;2;136;1;2;2;134;0;0;512;5;2;0;0;5;6;0;0
obj;2;138;1;0;0;25;3;0;0;1;1;2;1;9;6;0;0
obj;2;138;1;1;1;27;0;0;0;2;1;0;0;4;4;0;0
obj;2;140;1;0;0;105;15;0;505;2;1;0;0;4;5;0;0
obj;2;140;1;1;1;134;0;0;507;11;1;0;0;3;9;0;0
obj;2;140;1;2;2;7;0;0;506;10;1;0;0;5;9;0;0
obj;2;140;1;3;3;104;0;0;656;4;2;0;0;12;7;0;0
obj;2;140;1;4;4;128;3;0;675;9;1;5;2;8;7;0;0
obj;2;140;1;5;5;134;3;0;817;12;3;5;1;6;6;0;0
obj;2;141;1;0;0;20;14;0;0;4;0;0;0;798;642;0;0
obj;2;141;1;1;1;21;3;0;638;1;1;2;2;773;666;0;0
obj;2;141;1;2;2;29;3;0;638;3;1;1;1;779;648;0;0
obj;2;141;1;3;3;28;2;0;638;2;1;1;1;783;648;0;0
obj;2;141;1;4;4;98;0;0;522;5;3;0;0;770;647;0;0
obj;2;141;1;5;5;99;0;0;522;6;3;0;0;770;649;0;0
obj;2;141;1;6;6;105;0;0;520;8;1;0;0;796;658;0;0
obj;2;141;1;7;7;7;2;0;521;9;3;0;0;781;654;0;0
obj;2;141;1;8;8;100;0;0;523;2000;3;0;0;778;656;0;0
obj;2;141;1;9;9;24;0;0;637;2000;2;0;0;792;660;0;0
obj;2;141;1;10;10;7;0;0;528;2000;2;0;0;785;658;0;0
obj;2;141;1;11;11;103;0;0;524;2000;2;0;0;785;654;0;0
obj;2;141;1;12;12;18;0;0;637;2000;2;0;0;792;658;0;0
obj;2;141;1;13;13;98;0;0;523;2000;3;0;0;780;656;0;0
obj;2;141;1;14;14;99;0;0;523;2000;3;0;0;780;653;0;0
obj;2;141;1;15;15;99;0;0;523;2000;3;0;0;780;659;0;0
obj;2;141;1;16;16;98;0;0;523;2000;3;0;0;780;655;0;0
obj;2;141;1;17;17;98;0;0;523;2000;3;0;0;780;654;0;0
obj;2;141;1;18;18;98;0;0;523;2000;3;0;0;780;657;0;0
obj;2;141;1;19;19;98;0;0;523;2000;3;0;0;780;658;0;0
obj;2;141;1;20;20;20;0;0;525;2000;2;0;0;785;655;0;0
obj;2;141;1;21;21;26;0;0;525;2000;2;0;0;786;656;0;0
obj;2;141;1;22;22;19;0;0;525;2000;2;0;0;786;655;0;0
obj;2;141;1;23;23;45;0;0;525;2000;2;0;0;787;656;0;0
obj;2;141;1;24;24;25;0;0;525;2000;2;0;0;786;653;0;0
obj;2;141;1;25;25;27;0;0;525;2000;2;0;0;787;654;0;0
obj;2;141;1;26;26;18;0;0;525;2000;2;0;0;785;656;0;0
obj;2;141;1;27;27;24;0;0;525;2000;2;0;0;785;657;0;0
obj;2;141;1;28;28;14;3;0;0;15;2;1;1;798;661;0;0
obj;2;141;1;29;29;110;0;0;1106;2000;0;0;0;794;632;0;0
obj;2;141;1;30;30;110;0;0;1114;2000;0;0;0;796;633;0;0
obj;2;141;1;31;31;204;0;0;523;2000;0;0;0;781;660;0;0
obj;2;141;1;32;32;204;0;0;523;2000;0;0;0;781;652;0;0
obj;2;142;1;0;0;77;16;0;0;5;2;0;0;11;18;0;0
obj;2;142;1;1;1;78;15;0;0;2100;1;0;0;7;10;0;0
obj;2;142;1;2;2;105;0;0;511;9;1;0;0;7;18;0;0
obj;2;142;1;3;3;21;3;0;0;2;1;0;0;3;15;0;0
obj;2;142;1;4;4;134;0;0;518;3;0;0;0;9;13;0;0
obj;2;142;1;5;5;77;16;0;0;4;2;0;0;11;16;0;0
obj;2;142;1;6;6;79;0;0;0;2101;1;0;0;4;4;0;0
obj;2;142;1;7;7;81;0;0;0;10105;1;0;0;10;4;0;0
obj;2;142;1;8;8;82;0;0;0;10100;1;0;0;7;4;0;0
obj;2;142;1;9;9;70;0;0;657;10397;3;0;0;5;18;0;0
obj;2;143;1;0;0;26;2;0;0;1;1;0;0;9;5;0;0
obj;2;143;1;1;1;21;17;0;0;2;1;2;0;4;4;0;0
obj;2;143;1;2;2;8;0;0;0;3;1;0;0;3;7;0;0
obj;2;144;1;0;0;21;0;0;0;2;2;0;0;7;7;0;0
obj;2;144;1;1;1;18;0;0;0;1;3;0;0;3;7;0;0
obj;2;145;1;0;0;26;2;0;0;1;1;0;0;8;7;0;0
obj;2;145;1;1;1;9;20;0;0;2;3;4;0;2;5;0;0
obj;2;146;1;0;0;21;3;0;0;2;1;2;2;12;7;0;0
obj;2;146;1;1;1;18;0;0;0;1;2;1;1;7;7;0;0
obj;2;147;1;0;0;27;3;0;0;2;1;1;1;9;6;0;0
obj;2;147;1;1;1;8;3;0;1;3;1;2;1;5;4;0;0
obj;2;147;1;2;2;18;4;0;0;1;1;0;0;4;5;0;0
obj;2;148;1;0;0;128;38;0;0;2;1;2;2;11;4;0;0
obj;2;148;1;1;1;24;0;0;0;1;0;0;0;10;7;0;0
obj;2;148;1;2;2;9;3;0;0;3;0;1;1;4;6;0;0
obj;2;149;1;0;0;17;0;0;0;1;0;0;0;3;5;0;0
obj;2;149;1;1;1;130;3;0;0;3;1;1;1;3;7;0;0
obj;2;149;1;2;2;19;15;0;0;2;1;0;0;8;5;0;0
obj;2;150;1;0;0;26;3;0;781;3;2;4;0;654;187;0;0
obj;2;150;1;1;1;29;0;0;781;4;1;0;0;670;167;0;0
obj;2;150;1;2;2;153;3;0;781;5;0;3;2;661;189;0;0
obj;2;150;1;3;3;63;3;0;781;6;3;3;1;670;188;0;0
obj;2;150;1;4;4;61;0;0;781;7;1;0;0;663;176;0;0
obj;2;150;1;5;5;22;0;0;781;8;1;0;0;653;178;0;0
obj;2;150;1;6;6;72;0;0;781;9;3;0;0;645;172;0;0
obj;2;150;1;7;7;130;3;0;781;11;1;0;3;641;170;0;0
obj;2;150;1;8;8;25;3;0;781;10;2;2;0;661;170;0;0
obj;2;150;1;9;9;110;0;0;1206;2000;1;0;0;633;167;0;0
obj;2;151;1;0;0;70;0;0;657;10397;3;0;0;5;18;0;0
obj;2;151;1;1;1;79;0;0;0;2101;1;0;0;4;4;0;0
obj;2;151;1;2;2;82;0;0;0;10100;1;0;0;7;4;0;0
obj;2;151;1;3;3;81;0;0;0;10105;1;0;0;10;4;0;0
obj;2;151;1;4;4;78;15;0;0;2100;1;0;0;7;10;0;0
obj;2;151;1;5;5;77;16;0;0;1;2;0;0;11;16;0;0
obj;2;151;1;6;6;77;16;0;0;2;2;0;0;11;18;0;0
obj;2;151;1;7;7;15;0;0;0;3;3;0;0;2;14;0;0
obj;2;151;1;8;8;72;0;0;786;5;1;0;0;9;14;0;0
obj;2;151;1;9;9;184;0;0;0;6;3;0;0;1;5;0;0
obj;2;152;1;0;0;25;0;0;787;2;1;0;0;9;3;0;0
obj;2;152;1;1;1;130;0;0;788;3;0;0;0;9;4;0;0
obj;2;152;1;2;2;26;0;0;782;4;3;0;0;3;8;0;0
obj;2;152;1;3;3;153;3;0;783;5;1;1;1;5;5;0;0
obj;2;153;1;0;0;61;0;0;785;3;3;0;0;3;6;0;0
obj;2;153;1;1;1;29;0;0;782;2;1;0;0;9;3;0;0
obj;2;154;1;0;0;63;0;0;784;2;1;0;0;6;3;0;0
obj;2;155;1;0;0;22;0;0;782;2;3;0;0;3;3;0;0
obj;2;155;1;1;1;153;0;0;783;3;2;0;0;4;3;0;0
obj;2;155;1;2;2;63;0;0;784;4;2;0;0;4;3;0;0
obj;2;155;1;3;3;61;0;0;785;5;2;0;0;4;3;0;0
obj;2;155;1;4;4;25;0;0;787;7;2;0;0;4;3;0;0
obj;2;155;1;5;5;130;0;0;788;8;2;0;0;4;3;0;0
obj;2;155;1;6;6;52;0;0;789;9;2;0;0;4;3;0;0
obj;2;155;1;7;7;72;0;0;786;6;2;0;0;4;3;0;0
obj;2;156;1;0;0;12;0;0;741;2;1;0;0;716;307;0;0
obj;2;156;1;1;1;17;0;0;0;5;1;0;0;746;303;0;0
obj;2;156;1;2;2;20;0;0;802;6;1;0;0;744;308;0;0
obj;2;156;1;3;3;30;3;0;802;7;1;1;1;734;306;0;0
obj;2;156;1;4;4;65;2;0;802;8;1;0;0;727;300;0;0
obj;2;156;1;5;5;84;0;0;802;9;3;0;0;742;293;0;0
obj;2;156;1;6;6;9;20;0;802;10;1;0;3;711;304;0;0
obj;2;156;1;7;7;110;0;0;1317;7172;1;0;0;725;291;0;0
obj;2;157;1;0;0;70;0;0;657;10397;3;0;0;5;18;0;0
obj;2;157;1;1;1;82;0;0;0;10100;1;0;0;7;4;0;0
obj;2;157;1;2;2;79;0;0;0;2101;1;0;0;4;4;0;0
obj;2;157;1;3;3;81;0;0;0;10105;1;0;0;10;4;0;0
obj;2;157;1;4;4;78;15;0;0;2100;1;0;0;7;10;0;0
obj;2;157;1;5;5;77;16;0;0;2;2;0;0;11;18;0;0
obj;2;157;1;6;6;77;16;0;0;1;2;0;0;11;16;0;0
obj;2;157;1;7;7;24;0;0;0;3;1;0;0;1;13;0;0
obj;2;158;1;0;0;46;0;0;0;10472;1;0;0;6;5;0;0
obj;2;158;1;1;1;12;0;0;742;3;0;0;0;18;18;0;0
obj;2;158;1;2;2;17;0;0;743;4;0;0;0;18;20;0;0
obj;2;158;1;3;3;44;0;0;745;6;0;0;0;18;20;0;0
obj;2;158;1;4;4;45;0;0;744;5;0;0;0;18;20;0;0
obj;2;158;1;5;5;33;0;0;746;7;0;0;0;18;20;0;0
obj;2;158;1;6;6;13;0;0;747;8;0;0;0;18;20;0;0
obj;2;159;1;0;0;44;17;0;802;1;3;0;0;2;5;0;0
obj;2;159;1;1;1;13;14;0;802;2;0;0;0;9;5;0;0
obj;2;159;1;2;2;162;0;0;802;4;2;0;0;4;5;0;0
obj;2;160;1;0;0;13;17;0;802;1;3;0;0;4;5;0;0
obj;2;160;1;1;1;17;3;0;802;2;0;2;1;9;6;0;0
obj;2;161;1;0;0;215;0;0;822;2;1;0;0;6;5;0;0
obj;2;161;1;1;1;96;0;0;823;3;1;0;0;7;6;0;0
obj;2;161;1;2;2;93;0;0;824;4;2;0;0;4;5;0;0
obj;2;161;1;3;3;92;44;0;825;5;2;2;2;5;4;0;0
obj;2;161;1;4;4;90;0;0;826;6;0;0;0;9;4;0;0
obj;2;161;1;5;5;88;0;0;827;7;0;0;0;10;5;0;0
obj;2;161;1;6;6;86;0;0;828;8;2;0;0;8;5;0;0
obj;2;162;1;0;0;155;0;0;0;1;0;0;0;26;38;0;0
obj;2;162;1;1;1;149;2;0;0;2;0;0;0;20;38;0;0
obj;2;162;1;2;2;68;0;0;0;8;2;0;0;22;52;0;0
obj;2;162;1;3;3;13;0;0;0;9;2;0;0;33;33;0;0
obj;2;162;1;4;4;12;0;0;818;10;0;0;0;23;38;0;0
obj;2;162;1;5;5;27;0;0;818;11;2;0;0;36;27;0;0
obj;2;162;1;6;6;20;3;0;819;12;0;1;1;15;48;0;0
obj;2;162;1;7;7;68;0;0;0;17;1;0;0;31;38;0;0
obj;2;162;1;8;8;64;3;0;819;14;1;1;1;16;38;0;0
obj;2;162;1;9;9;22;0;0;819;13;0;0;0;22;39;0;0
obj;2;162;1;10;10;21;0;0;819;15;0;0;0;29;38;0;0
obj;2;162;1;11;11;28;3;0;0;16;2;2;1;36;50;0;0
obj;2;162;1;12;12;48;3;0;819;18;3;1;0;28;39;0;0
obj;2;162;1;13;13;31;3;0;819;20;1;0;1;35;34;0;0
obj;2;162;1;14;14;52;3;0;819;19;0;1;0;33;39;0;0
obj;2;163;1;0;0;23;0;0;0;1;2;0;0;2;3;0;0
obj;2;163;1;1;1;15;0;0;0;2;0;1;1;6;5;0;0
obj;2;164;1;0;0;25;3;0;0;1;2;1;1;3;6;0;0
obj;2;164;1;1;1;29;0;0;0;2;0;1;0;6;4;0;0
obj;2;165;1;0;0;68;3;0;0;1;1;1;1;5;5;0;0
obj;2;166;1;0;0;80;15;0;0;2;1;0;0;4;2;0;0
obj;2;167;1;0;0;40;17;1;0;3389;3;0;0;684;757;-32768;0
obj;2;167;1;1;1;63;14;1;0;3432;0;0;0;716;754;-32768;0
obj;2;167;1;2;2;40;44;1;0;3413;3;6;1;687;723;-32768;1
obj;2;167;1;3;3;41;20;1;0;3390;0;0;5;704;757;-32768;3
obj;2;167;1;4;4;41;17;1;0;3447;3;0;0;683;729;-32768;1
obj;2;167;1;5;5;110;0;0;1220;7280;1;0;0;710;747;-32768;0
obj;2;167;1;6;6;110;0;0;1221;7281;1;0;0;691;748;-32768;0
obj;2;168;1;0;0;14;0;0;0;2;1;0;0;53;14;0;0
obj;2;168;1;1;1;24;0;0;0;3;1;0;0;7;25;0;0
obj;2;168;1;2;2;17;0;0;631;4;1;0;0;53;47;0;0
obj;2;168;1;3;3;20;0;0;631;5;1;0;0;13;50;0;0
obj;2;168;1;4;4;21;0;0;632;6;1;0;0;23;43;0;0
obj;2;168;1;5;5;16;0;0;632;7;1;0;0;57;43;0;0
obj;2;168;1;6;6;25;0;0;633;8;1;0;0;35;55;0;0
obj;2;168;1;7;7;29;0;0;634;9;1;0;0;39;9;0;0
obj;2;169;1;0;0;70;0;0;657;10397;3;0;0;5;18;0;0
obj;2;169;1;1;1;79;0;0;0;2101;1;0;0;4;4;0;0
obj;2;169;1;2;2;82;0;0;0;10100;1;0;0;7;4;0;0
obj;2;169;1;3;3;81;0;0;0;10105;1;0;0;10;4;0;0
obj;2;169;1;4;4;78;15;0;0;2100;1;0;0;7;10;0;0
obj;2;169;1;5;5;77;16;0;0;1;2;0;0;11;16;0;0
obj;2;169;1;6;6;77;16;0;0;2;2;0;0;11;18;0;0
obj;2;169;1;7;7;48;0;0;0;3;1;0;0;9;14;0;0
obj;2;170;1;0;0;28;0;0;0;1;1;0;0;5;5;0;0
obj;2;170;1;1;1;11;0;0;0;2;3;0;0;3;8;0;0
obj;2;170;1;2;2;26;0;0;0;4;3;0;0;2;5;0;0
obj;2;170;1;3;3;12;0;0;0;3;1;0;0;4;3;0;0
obj;2;170;1;4;4;12;0;0;0;5;2;0;0;9;4;0;0
obj;2;170;1;5;5;23;0;0;0;6;2;0;0;9;6;0;0
