# kind;region;bank;map;idx;fields... obj: id;sprite;movement;type;flag;script;facing;xRange;yRange;x;y;height | bg: script;type;x;y;height;dir | coord: script;x;y;w;h;height;val;var
obj;4;2;0;0;0;337;0;0;0;8;1;0;0;3;0;3
obj;4;2;0;1;1;3;0;0;0;4;1;0;0;3;0;12
obj;4;2;0;2;2;3;0;0;0;4;1;0;0;11;0;9
obj;4;2;0;3;3;3;0;0;0;4;1;0;0;5;0;9
obj;4;2;0;4;4;37;0;0;0;4;1;0;0;14;0;6
obj;4;2;0;5;5;31;0;0;0;4;1;0;0;6;0;4
obj;4;2;0;6;6;3;0;0;0;4;1;0;0;13;0;12
obj;4;2;0;7;7;3;0;0;0;4;1;0;0;2;0;6
obj;4;2;0;8;8;6;0;0;0;4;1;0;0;10;0;4
obj;4;2;0;9;9;3;0;0;0;4;1;0;0;8;0;7
obj;4;2;0;10;10;3;0;0;0;4;1;0;0;8;0;11
obj;4;2;0;11;11;3;0;0;0;7;2;0;0;4;0;12
obj;4;2;0;12;12;3;0;0;0;7;0;0;0;3;0;13
obj;4;2;0;13;13;3;0;0;0;7;3;0;0;2;0;12
obj;4;2;0;14;14;3;0;0;0;7;1;0;0;3;0;11
obj;4;2;0;15;15;3;0;0;0;7;2;0;0;12;0;9
obj;4;2;0;16;16;3;0;0;0;7;0;0;0;11;0;10
obj;4;2;0;17;17;3;0;0;0;7;3;0;0;10;0;9
obj;4;2;0;18;18;3;0;0;0;7;1;0;0;11;0;8
obj;4;2;0;19;19;3;0;0;0;7;2;0;0;6;0;9
obj;4;2;0;20;20;3;0;0;0;7;0;0;0;5;0;10
obj;4;2;0;21;21;3;0;0;0;7;3;0;0;4;0;9
obj;4;2;0;22;22;3;0;0;0;7;1;0;0;5;0;8
obj;4;2;0;23;23;14;0;0;0;7;2;0;0;15;0;6
obj;4;2;0;24;24;42;0;0;0;7;0;0;0;14;0;7
obj;4;2;0;25;25;63;0;0;0;7;3;0;0;13;0;6
obj;4;2;0;26;26;35;0;0;0;7;1;0;0;14;0;5
obj;4;2;0;27;27;5;0;0;0;7;2;0;0;7;0;4
obj;4;2;0;28;28;50;0;0;0;7;0;0;0;6;0;5
obj;4;2;0;29;29;51;0;0;0;7;3;0;0;5;0;4
obj;4;2;0;30;30;11;0;0;0;7;1;0;0;6;0;3
obj;4;2;0;31;31;3;0;0;0;7;2;0;0;14;0;12
obj;4;2;0;32;32;3;0;0;0;7;0;0;0;13;0;13
obj;4;2;0;33;33;3;0;0;0;7;3;0;0;12;0;12
obj;4;2;0;34;34;3;0;0;0;7;1;0;0;13;0;11
obj;4;2;0;35;35;3;0;0;0;7;2;0;0;3;0;6
obj;4;2;0;36;36;3;0;0;0;7;0;0;0;2;0;7
obj;4;2;0;37;37;3;0;0;0;7;3;0;0;1;0;6
obj;4;2;0;38;38;3;0;0;0;7;1;0;0;2;0;5
obj;4;2;0;39;39;62;0;0;0;7;2;0;0;11;0;4
obj;4;2;0;40;40;7;0;0;0;7;0;0;0;10;0;5
obj;4;2;0;41;41;13;0;0;0;7;3;0;0;9;0;4
obj;4;2;0;42;42;70;0;0;0;7;1;0;0;10;0;3
obj;4;2;0;43;43;3;0;0;0;7;2;0;0;9;0;7
obj;4;2;0;44;44;3;0;0;0;7;0;0;0;8;0;8
obj;4;2;0;45;45;3;0;0;0;7;3;0;0;7;0;7
obj;4;2;0;46;46;3;0;0;0;7;1;0;0;8;0;6
obj;4;2;0;47;47;3;0;0;0;7;2;0;0;9;0;11
obj;4;2;0;48;48;3;0;0;0;7;0;0;0;8;0;12
obj;4;2;0;49;49;3;0;0;0;7;3;0;0;7;0;11
obj;4;2;0;50;50;3;0;0;0;7;1;0;0;8;0;10
obj;4;4;0;0;0;337;16;0;0;9100;2;0;0;12;0;4
coord;4;4;0;0;9101;7;0;2;1;11;0;16399
obj;4;5;0;0;0;337;16;0;0;9100;2;0;0;12;0;4
bg;4;6;0;0;8125;2;33;0;10;4
bg;4;6;0;1;8126;2;39;0;20;4
bg;4;6;0;2;8128;2;14;0;7;4
bg;4;6;0;3;8127;2;23;0;7;4
bg;4;6;0;4;8129;2;17;0;7;4
obj;4;6;0;0;0;355;0;0;714;2;2;0;0;30;0;11
bg;4;7;0;0;8020;2;8;0;24;4
bg;4;7;0;1;8019;2;11;0;6;4
obj;4;7;0;0;0;148;14;0;454;0;0;0;0;23;0;14
obj;4;7;0;1;1;382;2;0;455;2;3;0;0;23;0;23
obj;4;7;0;2;2;355;3;0;460;3;3;1;0;23;0;26
obj;4;7;0;3;3;227;17;1;0;3280;3;0;0;6;0;9
obj;4;7;0;4;4;227;15;1;0;3281;1;0;0;22;0;8
obj;4;7;0;5;5;1039;15;0;480;0;1;0;0;15;0;16
obj;4;7;0;6;6;1037;15;0;478;0;1;0;0;14;0;15
obj;4;7;0;7;7;1038;15;0;479;0;1;0;0;16;0;15
obj;4;7;0;8;8;85;0;0;16;10001;0;0;0;5;0;22
obj;4;7;0;9;9;85;0;0;17;10001;0;0;0;6;0;23
obj;4;7;0;10;10;85;0;0;18;10001;0;0;0;7;0;25
obj;4;7;0;11;11;87;0;0;1073;7068;0;0;0;7;0;26
obj;4;7;0;12;12;87;0;0;1291;7067;0;0;0;15;0;9
obj;4;7;0;13;13;1039;15;0;782;0;1;0;0;14;0;7
coord;4;7;0;0;1;19;0;1;1;23;0;16546
coord;4;7;0;1;4;22;0;1;1;19;0;16550
bg;4;9;0;0;3;1;2061;288;338;4
obj;4;9;0;0;0;327;0;1;0;3361;1;0;0;2065;288;335
obj;4;9;0;1;1;324;4;1;0;3544;1;0;0;2061;288;325
obj;4;9;0;2;2;146;0;1;0;3326;2;0;0;2057;288;313
obj;4;9;0;3;3;146;0;1;0;3545;3;0;0;2063;288;307
obj;4;9;0;4;4;262;0;0;0;2800;0;0;0;2051;288;302
obj;4;9;0;5;5;328;14;0;638;1;0;0;0;2060;288;320
bg;4;10;0;0;1;1;2053;192;218;4
obj;4;10;0;0;0;318;15;1;0;3047;1;0;0;2062;192;210
obj;4;10;0;1;1;318;8;1;0;3139;2;0;0;2055;192;203
obj;4;10;0;2;2;86;0;0;16;10000;0;0;0;2065;192;218
obj;4;10;0;3;3;86;0;0;17;10000;0;0;0;2065;192;210
obj;4;10;0;4;4;86;0;0;18;10000;0;0;0;2065;192;200
obj;4;10;0;5;5;87;0;0;1233;7213;0;0;0;2069;192;212
bg;4;11;0;0;1;1;2256;96;121;4
bg;4;11;0;1;8145;2;2183;96;121;4
bg;4;11;0;2;8138;2;2188;96;116;4
bg;4;11;0;3;8139;2;2248;96;105;4
bg;4;11;0;4;5;0;2181;96;115;4
bg;4;11;0;5;3;0;2182;96;121;4
bg;4;11;0;6;4;0;2190;96;115;4
bg;4;11;0;7;2;0;2188;96;122;4
obj;4;11;0;0;0;317;0;1;0;3377;2;0;0;2198;96;99
obj;4;11;0;1;1;227;0;1;0;3014;0;0;0;2210;96;111
obj;4;11;0;2;2;317;0;1;0;3378;2;0;0;2202;96;98
obj;4;11;0;3;3;324;0;1;0;3548;1;0;0;2192;96;107
obj;4;11;0;4;4;327;0;1;0;5548;1;0;0;2193;96;107
obj;4;11;0;5;5;227;18;1;0;3317;1;0;0;2253;96;114
obj;4;11;0;6;6;333;8;1;0;3546;1;0;0;2222;96;113
obj;4;11;0;7;7;344;0;1;0;3547;3;0;0;2231;96;118
obj;4;11;0;8;8;344;0;1;0;3549;0;0;0;2246;96;123
obj;4;11;0;9;9;333;0;1;0;3550;2;0;0;2252;96;124
obj;4;11;0;10;10;317;0;1;0;3551;2;0;0;2191;96;103
obj;4;11;0;11;11;87;0;0;1309;7219;0;0;0;2220;96;120
obj;4;11;0;12;12;85;0;0;16;10001;0;0;0;2249;96;105
obj;4;11;0;13;13;85;0;0;17;10001;0;0;0;2248;96;104
obj;4;11;0;14;14;85;0;0;18;10001;0;0;0;2252;96;103
obj;4;11;0;15;15;85;0;0;19;10001;0;0;0;2250;96;109
obj;4;11;0;16;16;85;0;0;20;10001;0;0;0;2248;96;113
obj;4;11;0;17;17;85;0;0;21;10001;0;0;0;2262;96;113
obj;4;11;0;18;18;85;0;0;22;10001;0;0;0;2259;96;113
bg;4;12;0;0;1;1;2381;96;114;4
bg;4;12;0;1;8113;2;2403;96;109;4
bg;4;12;0;2;8194;2;2435;96;123;4
obj;4;12;0;0;0;346;0;1;0;3151;2;0;0;2398;96;115
obj;4;12;0;1;1;346;0;1;0;3152;3;0;0;2434;96;112
obj;4;12;0;2;2;323;0;1;0;3298;1;0;0;2420;96;116
obj;4;12;0;3;3;87;0;0;1240;7220;0;0;0;2438;96;107
bg;4;13;0;0;2;1;2588;160;186;4
obj;4;13;0;0;0;328;15;0;600;1;1;0;0;2586;160;186
bg;4;14;0;0;2;1;2591;256;266;4
obj;4;14;0;0;0;345;0;1;0;3598;3;0;0;2571;256;272
obj;4;14;0;1;1;346;0;1;0;3599;3;0;0;2575;256;285
obj;4;14;0;2;2;316;0;1;0;3597;0;0;0;2583;256;274
obj;4;14;0;3;3;316;0;1;0;5597;0;0;0;2584;256;274
obj;4;14;0;4;4;328;15;0;600;1;1;0;0;2589;256;266
obj;4;14;0;5;5;87;0;0;1299;7191;0;0;0;2571;256;282
bg;4;15;0;0;1;1;2508;224;248;4
bg;4;15;0;1;2;0;2509;224;247;0
obj;4;15;0;0;0;87;0;0;1197;7205;0;0;0;2511;224;226
bg;4;16;0;0;2;1;2700;224;238;4
bg;4;16;0;1;1;0;2698;224;237;4
obj;4;16;0;0;0;229;0;1;0;3308;2;0;0;2704;224;243
obj;4;16;0;1;1;229;0;1;0;3309;2;0;0;2704;224;244
obj;4;16;0;2;2;229;0;1;0;3310;2;0;0;2704;224;245
obj;4;16;0;3;3;338;8;1;0;3363;2;0;0;2716;224;240
obj;4;16;0;4;4;338;5;1;0;3364;3;0;0;2732;224;241
obj;4;16;0;5;5;323;0;1;0;3552;1;0;0;2723;224;233
obj;4;16;0;6;6;326;0;1;0;5552;1;0;0;2724;224;233
obj;4;16;0;7;7;341;0;1;0;3553;0;0;0;2739;224;249
obj;4;16;0;8;8;86;0;0;16;10000;0;0;0;2719;224;246
obj;4;16;0;9;9;86;0;0;17;10000;0;0;0;2728;224;242
obj;4;16;0;10;10;262;0;0;0;2800;0;0;0;2741;224;232
obj;4;16;0;11;11;87;0;0;1287;7192;0;0;0;2702;224;248
obj;4;16;0;12;1;146;2;0;53;65535;2;0;0;2758;224;244
bg;4;17;0;0;1;1;2711;128;143;4
bg;4;17;0;1;8105;2;2766;128;140;4
obj;4;17;0;0;0;345;0;1;0;3149;3;0;0;2699;128;140
obj;4;17;0;1;1;346;0;1;0;3332;0;0;0;2705;128;155
obj;4;17;0;2;2;345;0;1;0;3148;2;0;0;2731;128;150
obj;4;17;0;3;3;333;0;1;0;3356;1;0;0;2754;128;153
obj;4;17;0;4;4;333;5;1;0;3233;2;0;0;2746;128;137
obj;4;17;0;5;5;346;0;1;0;3331;3;0;0;2756;128;144
obj;4;17;0;6;6;86;0;0;16;10000;0;0;0;2766;128;148
obj;4;17;0;7;7;86;0;0;17;10000;0;0;0;2768;128;148
obj;4;17;0;8;8;86;0;0;18;10000;0;0;0;2770;128;148
obj;4;17;0;9;9;86;0;0;19;10000;0;0;0;2772;128;148
obj;4;17;0;10;10;86;0;0;20;10000;0;0;0;2752;128;134
obj;4;17;0;11;11;86;0;0;21;10000;0;0;0;2726;128;141
obj;4;17;0;12;12;86;0;0;22;10000;0;0;0;2760;128;148
obj;4;17;0;13;13;87;0;0;1301;7200;0;0;0;2759;128;136
obj;4;17;0;14;14;87;0;0;1302;7201;0;0;0;2757;128;154
obj;4;17;0;15;15;87;0;0;1303;7202;0;0;0;2720;128;143
obj;4;17;0;16;16;87;0;0;1304;7203;0;0;0;2700;128;154
bg;4;18;0;0;8197;2;2826;160;183;4
bg;4;18;0;1;6;1;2829;160;185;4
bg;4;18;0;2;7;1;2830;160;164;4
obj;4;18;0;0;0;368;3;0;612;3;1;0;0;2838;160;183
obj;4;18;0;1;1;1025;15;0;663;4;1;0;0;2827;160;184
coord;4;18;0;0;1;2831;160;1;1;184;0;16516
bg;4;19;0;0;4;1;2696;288;303;4
bg;4;19;0;1;8104;2;2715;288;292;4
bg;4;19;0;2;3;1;2741;288;304;4
obj;4;19;0;0;0;351;9;1;0;3316;3;0;0;2707;288;300
obj;4;19;0;1;1;351;44;1;0;3315;1;10;5;2724;288;301
obj;4;19;0;2;2;317;4;1;0;3379;0;0;0;2716;288;302
obj;4;19;0;3;3;317;20;1;0;3380;3;9;0;2716;288;295
obj;4;19;0;4;4;395;0;0;609;1;0;0;0;2698;288;304
obj;4;19;0;5;5;262;0;0;0;2800;0;0;0;2722;288;305
obj;4;19;0;6;6;87;0;0;1307;7211;0;0;0;2737;288;292
obj;4;19;0;7;7;315;53;0;609;1;0;0;0;2699;288;303
obj;4;19;0;8;8;315;53;0;609;1;0;0;0;2698;288;303
obj;4;19;0;9;9;315;53;0;609;1;0;0;0;2699;288;304
bg;4;20;0;0;4;1;2840;256;273;4
bg;4;20;0;1;3;1;2842;256;342;4
bg;4;20;0;2;8112;2;2823;256;302;4
obj;4;20;0;0;0;347;0;1;0;3058;1;0;0;2828;256;274
obj;4;20;0;1;1;347;0;1;0;3319;1;0;0;2836;256;287
obj;4;20;0;2;2;323;8;1;0;3554;1;0;0;2831;256;285
obj;4;20;0;3;3;323;0;1;0;3556;3;0;0;2834;256;300
obj;4;20;0;4;4;326;0;1;0;5556;3;0;0;2834;256;299
obj;4;20;0;5;5;347;0;1;0;3320;0;0;0;2841;256;300
obj;4;20;0;6;6;347;0;1;0;3321;3;0;0;2842;256;327
obj;4;20;0;7;7;323;4;1;0;3555;1;0;0;2832;256;318
obj;4;20;0;8;8;347;16;1;0;3557;2;0;0;2835;256;340
obj;4;20;0;9;9;87;0;0;1228;7207;0;0;0;2818;256;332
obj;4;20;0;10;10;87;0;0;1229;7208;0;0;0;2819;256;347
obj;4;20;0;11;11;86;0;0;16;10000;0;0;0;2822;256;334
obj;4;20;0;12;12;86;0;0;17;10000;0;0;0;2822;256;348
obj;4;20;0;13;13;328;14;0;638;1;0;0;0;2835;256;279
obj;4;20;0;14;0;325;2;0;53;65535;1;0;0;2824;256;252
obj;4;20;0;15;15;395;0;0;795;6;0;0;0;2819;256;306
obj;4;20;0;16;16;315;53;0;795;6;0;0;0;2819;256;305
obj;4;20;0;17;17;315;53;0;795;6;0;0;0;2820;256;305
obj;4;20;0;18;18;315;53;0;795;6;0;0;0;2820;256;306
bg;4;21;0;0;3;1;2702;352;375;4
bg;4;21;0;1;2;1;2754;352;375;4
bg;4;21;0;2;1;1;2729;352;377;4
bg;4;21;0;3;8111;2;2730;352;377;4
obj;4;21;0;0;0;333;5;1;0;3357;3;0;0;2694;352;374
obj;4;21;0;1;1;323;0;1;0;3558;1;0;0;2756;352;370
obj;4;21;0;2;2;326;0;1;0;5558;1;0;0;2757;352;370
obj;4;21;0;3;3;328;8;1;0;3348;1;0;0;2746;352;372
obj;4;21;0;4;4;328;0;1;0;3491;2;0;0;2731;352;370
obj;4;21;0;5;5;345;10;1;0;3559;1;0;0;2691;352;369
obj;4;21;0;6;6;345;5;1;0;3560;2;0;0;2716;352;374
obj;4;21;0;7;7;346;0;1;0;3561;3;0;0;2774;352;370
obj;4;21;0;8;8;346;0;1;0;3562;2;0;0;2703;352;370
obj;4;21;0;9;9;323;0;1;0;3420;0;0;0;2776;352;364
obj;4;21;0;10;10;323;0;1;0;3419;2;0;0;2768;352;374
obj;4;21;0;11;11;86;0;0;16;10000;0;0;0;2758;352;368
obj;4;21;0;12;17;325;2;0;22;65535;2;0;0;2692;352;387
obj;4;22;0;0;0;328;4;1;0;3350;1;0;0;2705;384;400
obj;4;22;0;1;1;329;16;1;0;3563;2;0;0;2694;384;406
obj;4;22;0;2;2;323;7;1;0;3299;3;0;0;2697;384;432
obj;4;22;0;3;3;328;16;1;0;3349;2;0;0;2703;384;422
obj;4;22;0;4;4;323;17;1;0;3564;3;0;0;2698;384;396
obj;4;22;0;5;5;146;0;1;0;3566;3;0;0;2689;384;406
obj;4;22;0;6;6;146;0;1;0;3565;3;0;0;2689;384;409
obj;4;22;0;7;7;146;0;1;0;3567;3;0;0;2689;384;403
obj;4;22;0;8;8;86;0;0;16;10000;0;0;0;2689;384;391
obj;4;22;0;9;9;86;0;0;17;10000;0;0;0;2696;384;411
obj;4;22;0;10;10;328;14;0;638;1;0;0;0;2701;384;393
obj;4;22;0;11;11;1039;0;0;672;0;2;0;0;2709;384;412
obj;4;22;0;12;12;382;0;0;677;4;0;0;0;2702;384;424
obj;4;22;0;13;13;382;0;1;684;5;3;0;0;2702;384;411
obj;4;22;0;14;14;86;0;0;18;10000;0;0;0;2697;384;412
obj;4;22;0;15;15;86;0;0;19;10000;0;0;0;2697;384;413
obj;4;22;0;16;16;86;0;0;20;10000;0;0;0;2696;384;414
obj;4;22;0;17;17;325;2;0;0;6;2;0;0;2692;384;387
coord;4;22;0;0;3;2702;384;4;7;409;1;16518
bg;4;23;0;0;1;1;2520;416;431;4
obj;4;23;0;0;0;146;0;1;0;3178;2;0;0;2514;416;432
obj;4;23;0;1;1;146;0;1;0;3327;0;0;0;2515;416;437
obj;4;23;0;2;2;329;0;1;0;3381;1;0;0;2528;416;432
obj;4;23;0;3;3;316;0;1;0;5568;1;0;0;2524;416;421
obj;4;23;0;4;4;316;0;1;0;3568;1;0;0;2525;416;421
obj;4;23;0;5;5;329;0;1;0;3570;3;0;0;2518;416;420
obj;4;23;0;6;6;328;0;1;0;3569;0;0;0;2551;416;437
obj;4;23;0;7;7;329;4;1;0;3037;1;0;0;2537;416;423
obj;4;23;0;8;8;146;0;1;0;3134;2;0;0;2566;416;433
obj;4;23;0;9;9;146;11;1;0;3330;3;0;0;2562;416;422
obj;4;23;0;10;10;86;0;0;16;10000;0;0;0;2581;416;427
obj;4;23;0;11;11;87;0;0;1230;7209;0;0;0;2511;416;423
obj;4;23;0;12;12;87;0;0;1306;7210;0;0;0;2538;416;434
bg;4;24;0;0;2;1;2252;256;283;4
bg;4;25;0;0;8109;2;2253;288;355;4
bg;4;25;0;1;8110;2;2249;288;390;4
obj;4;25;0;0;0;229;6;1;0;3312;0;0;0;2256;288;318
obj;4;25;0;1;1;229;0;1;0;3313;2;0;0;2265;288;326
obj;4;25;0;2;2;229;0;1;0;3576;0;0;0;2247;288;405
obj;4;25;0;3;3;229;0;1;0;3571;3;0;0;2258;288;309
obj;4;25;0;4;4;229;0;1;0;3572;3;0;0;2261;288;331
obj;4;25;0;5;5;229;20;1;0;3573;0;0;4;2248;288;335
obj;4;25;0;6;6;229;0;1;0;3574;3;0;0;2248;288;347
obj;4;25;0;7;7;229;0;1;0;3575;2;0;0;2255;288;347
obj;4;25;0;8;8;229;5;4;0;3314;3;0;0;2250;288;379
obj;4;25;0;9;9;229;0;1;0;3577;2;0;0;2253;288;402
obj;4;25;0;10;10;229;0;1;0;3578;3;0;0;2260;288;405
bg;4;26;0;0;2;1;2294;416;424;4
obj;4;26;0;0;0;323;0;1;0;3301;0;0;0;2287;416;434
obj;4;26;0;1;1;323;0;1;0;3300;3;0;0;2282;416;435
obj;4;26;0;2;2;229;0;1;0;3311;3;0;0;2255;416;424
bg;4;27;0;0;3;1;1866;256;264;4
obj;4;27;0;0;0;328;14;0;638;1;0;0;0;1880;256;271
obj;4;27;0;1;1;385;0;0;769;0;1;0;0;1868;256;270
obj;4;27;0;2;2;148;0;0;769;0;1;0;0;1872;256;270
obj;4;27;0;3;3;101;0;0;770;0;1;0;0;1876;256;275
obj;4;28;0;0;0;322;16;0;0;1;2;0;0;2637;196672;80
obj;4;28;0;1;1;326;16;0;0;2;2;0;0;2637;196672;81
obj;4;28;0;2;2;222;15;0;597;3;1;0;0;2640;196672;81
coord;4;28;0;0;4;2637;64;4;10;76;1;16519
bg;4;29;0;0;3;1;2717;32;38;4
bg;4;29;0;1;8107;2;2639;32;41;4
obj;4;29;0;0;0;146;0;1;0;3328;1;0;0;2647;32;46
obj;4;29;0;1;1;319;0;1;0;3418;0;0;0;2658;32;49
obj;4;29;0;2;2;146;0;1;0;3329;2;0;0;2676;32;46
obj;4;29;0;3;3;319;0;1;0;3353;3;0;0;2684;32;46
obj;4;29;0;4;4;319;0;1;0;3354;0;0;0;2688;32;49
obj;4;29;0;5;5;345;0;1;0;3147;1;0;0;2679;32;38
obj;4;29;0;6;6;338;0;1;0;3365;2;0;0;2696;32;43
obj;4;29;0;7;7;324;0;0;0;2;2;0;0;2704;32;45
obj;4;29;0;8;8;370;0;0;598;0;1;0;0;2733;32;47
obj;4;29;0;9;9;322;0;0;777;0;1;0;0;2732;32;47
obj;4;29;0;10;10;86;0;0;16;10000;0;0;0;2700;32;40
obj;4;29;0;11;11;87;0;0;1227;7204;0;0;0;2692;32;36
obj;4;29;0;12;12;1039;0;0;673;8;1;0;0;2733;32;37
obj;4;29;0;13;13;382;0;0;674;6;3;0;0;2721;32;42
obj;4;29;0;14;14;382;0;0;690;7;0;0;0;2734;32;40
obj;4;29;0;15;15;370;0;0;717;10;3;0;0;2734;32;46
coord;4;29;0;0;1;2730;32;1;3;40;1;16520
coord;4;29;0;1;5;2730;32;1;3;40;1;16521
bg;4;30;0;0;3;1;1807;288;298;4
bg;4;30;0;1;8183;2;1786;288;408;4
bg;4;30;0;2;8184;2;1819;288;316;4
bg;4;30;0;3;4;1;1812;288;341;4
obj;4;30;0;0;0;347;9;1;0;3412;1;0;0;1809;288;403
obj;4;30;0;1;1;351;16;1;0;3410;2;0;0;1819;288;374
obj;4;30;0;2;2;327;19;1;0;3035;1;0;0;1813;288;344
obj;4;30;0;3;3;324;16;1;0;3101;2;0;0;1822;288;330
obj;4;30;0;4;4;324;15;1;0;3027;1;0;0;1817;288;322
obj;4;30;0;5;5;327;15;1;0;3112;1;0;0;1809;288;302
obj;4;30;0;6;6;87;0;0;1115;7177;0;0;0;1806;288;314
obj;4;30;0;7;7;262;0;0;0;2800;0;0;0;1816;288;342
obj;4;30;0;8;8;328;14;0;638;1;0;0;0;1810;196896;390
bg;4;31;0;0;3;1;1443;384;399;4
bg;4;31;0;1;8181;2;1562;384;394;4
bg;4;31;0;2;8182;2;1586;384;396;4
bg;4;31;0;3;8183;2;1594;384;408;4
bg;4;31;0;4;5;1;1522;384;398;4
obj;4;31;0;0;0;332;16;0;0;1;2;0;0;1443;384;403
obj;4;31;0;1;1;327;16;1;0;3114;2;0;0;1461;384;396
obj;4;31;0;2;2;324;7;1;0;3102;0;0;0;1482;384;397
obj;4;31;0;3;3;323;17;1;0;3413;3;0;0;1493;384;408
obj;4;31;0;4;4;324;20;1;0;3103;3;7;0;1509;384;399
obj;4;31;0;5;5;351;18;1;0;3411;0;0;0;1558;384;400
obj;4;31;0;6;6;327;10;1;0;3113;0;0;0;1578;384;403
obj;4;31;0;7;7;87;0;0;1117;7174;0;0;0;1487;384;407
obj;4;31;0;8;8;87;0;0;1118;7175;0;0;0;1497;384;407
obj;4;31;0;9;9;87;0;0;1293;7176;0;0;0;1547;384;394
coord;4;31;0;0;2;1438;384;1;3;402;0;16522
bg;4;32;0;0;8115;2;1706;256;262;4
bg;4;32;0;1;2;1;1714;256;266;4
obj;4;32;0;0;0;87;0;0;1280;7230;0;0;0;1697;256;264
obj;4;32;0;1;1;86;0;0;17;10000;0;0;0;1672;256;267
bg;4;33;0;0;5;1;1157;384;397;4
bg;4;33;0;1;6;1;1238;384;397;4
bg;4;33;0;2;8001;2;1148;384;390;4
obj;4;33;0;0;0;317;4;0;0;7;1;0;1;1202;384;410
obj;4;33;0;1;1;332;15;0;0;8;1;0;0;1198;384;392
obj;4;33;0;2;2;322;15;0;0;3;1;0;0;1176;384;395
obj;4;33;0;3;3;326;5;0;0;9;3;1;0;1184;384;404
obj;4;33;0;4;4;86;0;0;16;10000;0;0;0;1205;384;401
obj;4;33;0;5;5;86;0;0;17;10000;0;0;0;1195;384;405
obj;4;33;0;6;6;102;0;0;420;0;2;0;0;1237;384;400
obj;4;33;0;7;7;1032;0;0;421;0;3;0;0;1236;384;400
obj;4;33;0;8;8;87;0;0;1081;7000;0;0;0;1230;384;386
obj;4;33;0;9;9;262;0;0;0;2800;0;0;0;1172;384;392
obj;4;33;0;10;10;326;2;0;519;4;1;0;0;1205;384;405
coord;4;33;0;0;2;1242;384;1;7;396;1;16523
bg;4;34;0;0;6;1;1098;288;363;4
bg;4;34;0;1;7;1;1105;288;332;4
bg;4;34;0;2;8;1;1093;288;319;4
bg;4;34;0;3;9;1;1110;288;294;4
bg;4;34;0;4;8002;2;1099;288;319;4
bg;4;34;0;5;8001;2;1116;288;390;4
obj;4;34;0;0;0;322;5;0;0;10;3;1;0;1098;288;335
obj;4;34;0;1;1;320;15;0;0;11;1;0;0;1092;288;306
obj;4;34;0;2;2;86;0;0;16;10000;0;0;0;1103;288;295
obj;4;34;0;3;3;318;17;1;0;3248;3;0;0;1094;288;298
obj;4;34;0;4;4;317;16;1;409;3007;2;0;0;1097;288;332
obj;4;34;0;5;5;317;15;1;0;3046;1;0;0;1096;288;325
obj;4;34;0;6;6;996;14;0;406;0;0;1;0;1096;288;327
obj;4;34;0;7;7;995;15;0;406;0;1;1;0;1096;288;326
obj;4;34;0;8;8;317;14;0;406;1;0;1;0;1096;288;329
obj;4;34;0;9;9;87;0;0;1056;7001;0;0;0;1098;288;342
obj;4;34;0;10;10;87;0;0;1088;7002;0;0;0;1108;288;369
obj;4;34;0;11;11;262;0;0;0;2800;0;0;0;1097;288;355
obj;4;34;0;12;12;262;0;0;0;2800;0;0;0;1106;288;293
obj;4;34;0;13;13;328;0;0;591;0;1;0;0;1099;288;355
obj;4;34;0;14;14;318;4;0;0;4;3;0;0;1101;288;366
coord;4;34;0;0;3;1102;288;4;1;354;0;16524
coord;4;34;0;1;5;1097;288;1;1;292;1;16533
bg;4;35;0;0;3;1;1034;256;268;4
bg;4;35;0;1;4;1;1075;256;270;4
obj;4;35;0;0;0;322;3;0;0;5;0;1;1;1076;256;273
obj;4;35;0;1;1;86;0;0;16;10000;0;0;0;1064;256;277
obj;4;35;0;2;2;332;15;0;0;2;0;0;0;1052;256;271
obj;4;35;0;3;3;86;0;0;17;10000;0;0;0;1045;256;268
obj;4;35;0;4;4;146;3;0;0;6;1;1;1;1040;256;268
obj;4;35;0;5;5;318;14;1;0;3003;0;0;0;1052;256;279
obj;4;35;0;6;6;87;0;0;1057;7003;0;0;0;1069;256;269
obj;4;35;0;7;7;87;0;0;1058;7004;0;0;0;1057;256;281
obj;4;35;0;8;8;262;0;0;0;2800;0;0;0;1050;256;271
bg;4;36;0;0;7;1;911;288;291;4
bg;4;36;0;1;8;1;917;288;300;4
bg;4;36;0;2;9;1;915;288;437;4
bg;4;36;0;3;8004;2;923;288;377;4
bg;4;36;0;4;8005;2;908;288;432;4
bg;4;36;0;5;8097;2;907;288;309;4
obj;4;36;0;0;0;332;17;0;0;1;3;0;0;919;288;312
obj;4;36;0;1;1;328;16;0;0;2;2;0;0;925;288;305
obj;4;36;0;2;2;86;0;0;16;10000;0;0;0;910;288;320
obj;4;36;0;3;3;317;14;1;0;3048;0;0;0;918;288;329
obj;4;36;0;4;4;346;16;1;0;3026;2;0;0;914;288;342
obj;4;36;0;5;5;347;16;1;0;3059;2;0;0;909;288;374
obj;4;36;0;6;6;347;15;1;0;3017;1;0;0;911;288;376
obj;4;36;0;7;7;347;14;1;0;3056;0;0;0;916;288;387
obj;4;36;0;8;8;345;14;1;0;3025;0;0;0;900;288;385
obj;4;36;0;9;9;317;18;1;0;3055;0;0;0;908;288;403
obj;4;36;0;10;10;332;5;0;426;4;2;1;0;910;288;416
obj;4;36;0;11;11;323;14;1;0;3382;0;0;0;916;288;433
obj;4;36;0;12;12;87;0;0;1065;7029;0;0;0;904;288;337
obj;4;36;0;13;13;87;0;0;1066;7030;0;0;0;907;288;382
obj;4;36;0;14;14;319;16;0;520;6;2;0;0;919;288;409
obj;4;36;0;15;15;85;0;0;16;10001;0;0;0;919;288;439
obj;4;36;0;16;16;87;0;0;1273;7031;0;0;0;899;288;401
obj;4;36;0;17;17;87;0;0;1239;7032;0;0;0;923;288;439
obj;4;36;0;18;18;328;14;0;638;10;0;0;0;916;288;399
coord;4;36;0;0;3;923;288;2;1;305;0;16525
bg;4;37;0;0;2;1;914;448;464;4
obj;4;37;0;0;0;333;4;1;0;3060;0;0;0;906;448;467
obj;4;37;0;1;1;262;0;0;0;2800;0;0;0;919;448;474
obj;4;37;0;2;2;262;0;0;0;2800;0;0;0;920;448;474
obj;4;37;0;3;3;319;3;0;0;1;3;1;1;917;448;473
bg;4;38;0;0;10;1;724;384;443;4
bg;4;38;0;1;11;1;718;384;410;4
bg;4;38;0;2;12;1;715;384;394;4
bg;4;38;0;3;8007;2;715;384;436;4
bg;4;38;0;4;8008;2;733;384;417;4
bg;4;38;0;5;8009;2;721;384;380;4
obj;4;38;0;0;0;317;2;1;0;3061;1;0;0;727;384;443
obj;4;38;0;1;1;346;17;1;0;3064;3;0;0;718;384;429
obj;4;38;0;2;2;317;15;1;0;3063;1;0;0;728;384;418
obj;4;38;0;3;3;34;16;1;466;3005;2;0;0;716;384;404
obj;4;38;0;4;4;345;16;1;0;3065;2;0;0;717;384;395
obj;4;38;0;5;5;327;0;0;0;7;2;0;0;727;384;472
obj;4;38;0;6;6;327;0;0;0;8;3;0;0;717;384;472
obj;4;38;0;7;7;327;0;0;0;9;0;0;0;722;384;476
obj;4;38;0;8;8;87;0;0;1087;7047;0;0;0;716;384;438
obj;4;38;0;9;9;34;16;0;465;3;2;0;0;716;384;404
obj;4;38;0;10;10;330;15;0;0;9500;1;0;0;717;384;410
obj;4;38;0;11;11;101;0;0;557;0;0;0;0;713;384;402
obj;4;38;0;12;12;1032;0;0;557;0;0;0;0;713;384;401
obj;4;38;0;13;13;328;16;1;0;3408;2;0;0;733;384;431
obj;4;38;0;14;14;87;0;0;1274;7048;0;0;0;724;384;390
obj;4;38;0;15;15;328;14;0;638;13;0;0;0;715;65920;414
coord;4;38;0;0;4;715;384;7;1;413;0;16526
coord;4;38;0;1;5;722;384;1;1;472;0;16535
coord;4;38;0;2;6;722;384;1;1;473;1;16535
bg;4;39;0;0;5;1;712;256;267;4
bg;4;39;0;1;1;1;713;256;310;4
bg;4;39;0;2;8010;2;709;256;278;4
obj;4;39;0;0;0;34;15;1;462;3079;1;0;0;717;256;267
obj;4;39;0;1;1;346;17;1;0;3076;3;0;0;708;256;307
obj;4;39;0;2;2;345;15;1;0;3074;1;0;0;720;256;287
obj;4;39;0;3;3;346;15;1;0;3075;1;0;0;719;256;287
obj;4;39;0;4;4;345;17;1;0;3073;3;0;0;713;256;286
obj;4;39;0;5;5;378;5;1;0;3006;2;0;0;716;256;279
obj;4;39;0;6;6;318;15;1;0;3077;1;0;0;730;256;266
obj;4;39;0;7;7;323;15;1;0;3071;1;0;0;719;256;313
obj;4;39;0;8;8;34;15;0;461;3;1;0;0;717;256;267
obj;4;39;0;9;9;87;0;0;1097;7061;0;0;0;732;256;317
obj;4;39;0;10;10;86;0;0;16;10000;0;0;0;732;256;265
obj;4;39;0;11;11;262;0;0;0;2800;0;0;0;710;256;293
obj;4;39;0;12;12;328;14;0;638;4;0;0;0;724;256;307
obj;4;39;0;13;13;227;5;1;0;3387;3;0;0;713;256;275
obj;4;39;0;14;14;87;0;0;1275;7062;0;0;0;727;256;277
bg;4;40;0;0;6;1;729;224;235;4
bg;4;40;0;1;5;1;779;224;248;4
bg;4;40;0;2;4;1;793;224;244;4
bg;4;40;0;3;7;1;746;224;223;4
bg;4;40;0;4;8011;2;743;224;243;4
obj;4;40;0;0;0;332;16;0;0;9;2;0;0;778;224;246
obj;4;40;0;1;1;319;5;0;0;10;2;2;0;787;224;245
obj;4;40;0;2;2;351;17;1;0;3394;3;0;0;732;224;244
obj;4;40;0;3;3;146;16;1;0;3023;2;0;0;753;224;248
obj;4;40;0;4;4;381;0;0;450;1;0;0;0;767;224;246
obj;4;40;0;5;5;319;0;0;463;8;0;0;0;767;224;249
obj;4;40;0;6;6;146;2;0;452;2;0;0;0;783;224;244
obj;4;40;0;7;7;262;0;0;0;2800;0;0;0;734;224;233
obj;4;40;0;8;8;87;0;0;1276;7066;0;0;0;745;224;237
bg;4;41;0;0;3;1;772;192;198;4
bg;4;41;0;1;4;1;778;192;223;4
obj;4;41;0;0;0;316;15;1;0;3080;1;0;0;774;192;211
obj;4;41;0;1;1;316;15;1;0;5080;1;0;0;775;192;211
obj;4;41;0;2;2;351;9;1;0;3385;1;0;0;786;192;210
obj;4;41;0;3;3;315;2;0;451;2;1;0;0;788;192;200
obj;4;41;0;4;4;262;0;0;0;2800;0;0;0;785;192;202
obj;4;41;0;5;5;262;0;0;0;2800;0;0;0;790;192;202
obj;4;41;0;6;6;262;0;0;0;2800;0;0;0;788;192;204
obj;4;41;0;7;7;326;17;1;0;3678;3;0;0;770;192;204
obj;4;41;0;8;8;326;16;1;0;3679;2;0;0;779;192;204
bg;4;42;0;0;2;1;634;160;165;4
bg;4;42;0;1;3;1;589;160;179;4
bg;4;42;0;2;8022;2;579;160;175;4
obj;4;42;0;0;0;146;17;1;0;3396;3;0;0;587;160;161
obj;4;42;0;1;1;323;17;1;0;3081;3;0;0;608;160;173
obj;4;42;0;2;2;319;13;1;0;3399;1;0;0;609;160;162
obj;4;42;0;3;3;326;15;1;0;3397;1;0;0;598;160;168
obj;4;42;0;4;4;348;5;1;0;3409;3;0;0;624;160;166
obj;4;42;0;5;5;262;0;0;0;2800;0;0;0;603;160;172
obj;4;42;0;6;6;87;0;0;1277;7082;0;0;0;617;160;177
obj;4;42;0;7;7;87;0;0;1278;7083;0;0;0;585;160;186
bg;4;43;0;0;4;1;534;160;170;4
bg;4;43;0;1;5;1;526;160;166;4
bg;4;43;0;2;6;1;534;160;210;4
bg;4;43;0;3;8098;2;522;160;191;4
bg;4;43;0;4;8135;2;515;160;176;4
bg;4;43;0;5;8136;2;527;160;180;4
bg;4;43;0;6;8137;2;541;160;231;4
obj;4;43;0;0;0;348;5;1;0;3038;2;0;0;529;160;200
obj;4;43;0;1;1;328;20;1;0;3043;2;10;0;534;160;203
obj;4;43;0;2;2;329;20;1;0;3044;3;8;0;525;160;206
obj;4;43;0;3;3;351;20;1;0;3388;1;0;5;533;160;177
obj;4;43;0;4;4;1035;15;0;550;1;1;1;1;520;160;175
obj;4;43;0;5;5;1035;17;0;550;1;1;0;0;528;160;177
obj;4;43;0;6;6;1035;15;0;550;1;1;0;0;518;160;181
obj;4;43;0;7;7;1035;15;0;550;1;1;1;0;524;160;178
obj;4;43;0;8;8;341;2;0;552;0;3;0;0;531;160;172
obj;4;43;0;9;9;262;0;0;0;2800;0;0;0;525;160;163
obj;4;43;0;10;10;87;0;0;1279;7084;0;0;0;513;160;187
obj;4;43;0;11;11;328;14;0;638;7;0;0;0;518;160;172
obj;4;43;0;12;12;368;0;0;788;8;0;0;0;519;160;188
coord;4;43;0;0;3;534;160;1;3;171;0;16527
bg;4;44;0;0;3;1;843;160;177;4
bg;4;44;0;1;4;1;848;160;171;4
bg;4;44;0;2;5;1;907;160;172;4
bg;4;44;0;3;6;1;920;160;172;4
bg;4;44;0;4;8042;2;896;160;182;4
obj;4;44;0;0;0;347;15;1;0;3122;1;0;0;899;160;175
obj;4;44;0;1;1;377;15;1;0;3128;1;0;0;911;160;172
obj;4;44;0;2;2;333;6;1;0;3133;2;0;0;917;160;177
obj;4;44;0;3;3;262;0;0;0;2800;0;0;0;880;160;184
obj;4;44;0;4;4;262;0;0;0;2800;0;0;0;881;160;184
obj;4;44;0;5;5;262;0;0;0;2800;0;0;0;882;160;184
obj;4;44;0;6;6;87;0;0;1172;7108;0;0;0;888;160;176
obj;4;44;0;7;7;87;0;0;1193;7109;0;0;0;893;160;166
obj;4;44;0;8;8;87;0;0;1285;7110;0;0;0;846;160;169
obj;4;44;0;9;9;86;0;0;16;10000;0;0;0;876;160;181
obj;4;44;0;10;10;333;0;0;669;0;1;0;0;852;160;171
obj;4;44;0;11;11;1039;0;0;670;0;2;0;0;882;160;182
obj;4;44;0;12;12;382;0;0;675;0;0;0;0;868;160;181
coord;4;44;0;0;1;850;160;1;5;172;0;16529
coord;4;44;0;1;2;876;160;1;1;181;1;16530
bg;4;45;0;0;2;1;1039;96;154;4
bg;4;45;0;1;3;1;1044;96;146;4
bg;4;45;0;2;4;1;1044;96;99;4
obj;4;45;0;0;0;345;16;1;0;3402;2;0;0;1038;96;149
obj;4;45;0;1;1;346;15;1;0;3401;1;0;0;1038;262240;127
obj;4;45;0;2;2;377;15;1;0;3130;1;0;0;1043;96;122
obj;4;45;0;3;3;377;4;1;0;3129;1;0;0;1049;96;111
obj;4;45;0;4;4;377;5;1;0;3131;3;0;0;1042;96;104
obj;4;45;0;5;5;347;17;1;0;3121;3;0;0;1032;96;113
obj;4;45;0;6;6;262;0;0;0;2800;0;0;0;1025;96;125
obj;4;45;0;7;7;87;0;0;1198;7142;0;0;0;1044;96;138
obj;4;45;0;8;8;86;0;0;16;10000;0;0;0;1027;96;128
bg;4;46;0;0;2;1;1178;160;171;4
bg;4;46;0;1;3;1;1096;160;178;4
bg;4;46;0;2;8100;2;1157;160;171;4
obj;4;46;0;0;0;351;2;1;0;3404;2;0;0;1102;160;177
obj;4;46;0;1;1;347;14;1;0;3124;0;0;0;1120;160;184
obj;4;46;0;2;2;347;15;1;0;3123;1;0;0;1139;160;164
obj;4;46;0;3;3;327;16;1;0;3407;2;0;0;1136;160;186
obj;4;46;0;4;4;324;16;1;0;3406;2;0;0;1148;160;185
obj;4;46;0;5;5;377;16;1;0;3405;2;0;0;1147;160;163
obj;4;46;0;6;6;323;16;1;0;3136;2;0;0;1173;160;173
obj;4;46;0;7;7;262;0;0;0;2800;0;0;0;1101;160;171
obj;4;46;0;8;8;87;0;0;1201;7146;0;0;0;1108;160;177
obj;4;46;0;9;9;87;0;0;1202;7147;0;0;0;1133;160;173
obj;4;46;0;10;10;87;0;0;1203;7148;0;0;0;1151;160;162
obj;4;46;0;11;0;328;15;0;87;65535;1;0;0;1084;160;175
bg;4;47;0;0;1;1;1304;192;199;4
bg;4;47;0;1;8101;2;1289;192;289;4
bg;4;47;0;2;5;1;1292;192;199;4
bg;4;47;0;3;8230;2;1280;192;341;4
obj;4;47;0;0;0;333;16;1;0;3142;2;0;0;1296;192;222
obj;4;47;0;1;1;324;17;1;0;3107;3;0;0;1305;192;224
obj;4;47;0;2;2;333;14;1;0;3144;0;0;0;1287;192;243
obj;4;47;0;3;3;327;5;1;0;3120;3;0;0;1297;192;253
obj;4;47;0;4;4;344;2;1;0;3016;0;0;0;1302;192;278
obj;4;47;0;5;5;333;16;1;0;3145;2;0;0;1297;192;300
obj;4;47;0;6;6;333;17;1;0;3143;3;0;0;1305;192;301
obj;4;47;0;7;7;262;0;0;0;2800;0;0;0;1306;192;332
obj;4;47;0;8;8;87;0;0;1212;7160;0;0;0;1285;192;226
obj;4;47;0;9;9;87;0;0;1213;7161;0;0;0;1302;192;242
obj;4;47;0;10;10;87;0;0;1214;7162;0;0;0;1293;192;269
obj;4;47;0;11;11;87;0;0;1215;7163;0;0;0;1287;192;282
obj;4;47;0;12;12;87;0;0;1216;7164;0;0;0;1285;192;302
obj;4;47;0;13;13;322;3;0;0;4;0;1;1;1288;192;319
obj;4;47;0;14;14;328;14;0;638;2;0;0;0;1288;192;258
bg;4;48;0;0;2;1;1236;320;370;4
bg;4;48;0;1;3;1;1238;320;330;4
bg;4;48;0;2;8230;2;1248;320;341;4
obj;4;48;0;0;0;333;16;1;0;3153;2;0;0;1236;320;353
obj;4;48;0;1;1;345;9;1;0;3146;3;0;0;1223;320;344
obj;4;48;0;2;2;346;6;1;0;3150;0;0;0;1223;320;348
obj;4;48;0;3;3;262;0;0;0;2800;0;0;0;1225;320;331
obj;4;48;0;4;4;262;0;0;0;2800;0;0;0;1224;320;332
obj;4;48;0;5;5;87;0;0;1217;7165;0;0;0;1219;320;344
obj;4;48;0;6;6;322;3;0;0;1;2;0;0;1226;320;366
bg;4;49;0;0;6;1;2066;352;363;4
bg;4;49;0;1;4;1;2055;352;363;4
bg;4;49;0;2;5;1;2069;352;378;4
bg;4;49;0;3;3;1;2060;352;369;4
obj;4;49;0;0;0;325;5;0;0;1;2;1;0;2064;352;367
obj;4;49;0;1;1;332;2;0;0;2;1;0;0;2068;352;380
obj;4;49;0;2;2;328;14;0;638;7;0;0;0;2055;352;371
bg;4;50;0;0;6;1;2033;224;239;4
bg;4;50;0;1;0;1;2017;224;221;4
bg;4;50;0;2;5;1;2016;224;256;4
bg;4;50;0;3;8;1;2030;224;254;4
bg;4;50;0;4;7;1;2021;224;230;4
bg;4;50;0;5;8200;2;2045;224;247;4
obj;4;50;0;0;0;330;0;0;760;2;0;0;0;2037;224;240
obj;4;50;0;1;1;330;3;0;0;1;1;1;1;2020;224;235
obj;4;50;0;2;2;332;2;0;0;3;1;0;0;2000;224;264
obj;4;50;0;3;3;146;3;0;0;4;1;2;3;2019;224;255
obj;4;50;0;4;4;86;0;0;16;10000;0;0;0;2011;224;235
obj;4;50;0;5;5;86;0;0;17;10000;0;0;0;2006;224;261
obj;4;50;0;6;6;328;14;0;638;10;0;0;0;2029;224;260
obj;4;50;0;7;7;330;0;0;761;11;1;0;0;2039;224;240
bg;4;51;0;0;7;1;2069;64;112;4
bg;4;51;0;1;5;1;2069;64;95;4
bg;4;51;0;2;4;1;2088;64;105;4
bg;4;51;0;3;6;1;2075;64;81;4
bg;4;51;0;4;8198;2;2059;64;101;4
bg;4;51;0;5;8199;2;2092;64;108;4
bg;4;51;0;6;8227;2;2062;64;119;4
obj;4;51;0;0;0;330;0;0;0;1;0;0;0;2093;64;94
obj;4;51;0;1;1;327;3;0;0;2;0;1;1;2080;64;89
obj;4;51;0;2;2;315;3;0;0;3;0;3;2;2074;64;111
obj;4;51;0;3;3;85;0;0;16;10001;0;0;0;2059;64;75
obj;4;51;0;4;4;262;0;0;0;2800;0;0;0;2096;64;77
obj;4;51;0;5;5;262;0;0;0;2800;0;0;0;2098;64;77
obj;4;51;0;6;6;87;0;0;1308;7218;0;0;0;2053;64;91
obj;4;51;0;7;7;328;14;0;638;8;0;0;0;2071;64;85
obj;4;51;0;8;8;421;0;0;780;10;2;0;0;2068;64;81
obj;4;51;0;9;9;1042;0;0;781;11;3;0;0;2063;64;83
obj;4;51;0;10;10;1041;0;0;786;11;3;0;0;2063;64;83
bg;4;52;0;0;11;1;2604;96;106;4
bg;4;52;0;1;8;1;2601;96;135;4
bg;4;52;0;2;7;1;2589;96;137;4
bg;4;52;0;3;10;1;2597;96;123;4
bg;4;52;0;4;9;1;2575;96;144;4
bg;4;52;0;5;8106;2;2578;96;110;4
obj;4;52;0;0;0;322;3;0;0;1;2;3;1;2587;96;119
obj;4;52;0;1;1;325;0;0;0;3;2;0;0;2577;96;127
obj;4;52;0;2;2;1016;2;0;0;4;2;0;0;2576;96;127
obj;4;52;0;3;3;332;3;0;0;5;1;2;1;2594;96;136
obj;4;52;0;4;4;323;3;0;0;2;2;2;3;2606;96;116
obj;4;52;0;5;5;146;2;0;0;6;2;0;0;2580;96;110
obj;4;52;0;6;6;328;14;0;638;12;0;0;0;2605;96;108
obj;4;52;0;7;7;322;0;0;783;14;1;0;0;2570;96;108
bg;4;53;0;0;5;1;2829;224;235;4
bg;4;53;0;1;6;1;2838;224;236;4
bg;4;53;0;2;8;1;2834;224;246;4
bg;4;53;0;3;7;1;2825;224;242;4
obj;4;53;0;0;0;325;2;0;0;2;1;0;0;2823;224;252
obj;4;53;0;1;1;146;2;0;0;4;2;0;0;2822;224;244
obj;4;53;0;2;2;330;0;0;0;3;1;0;0;2842;224;249
obj;4;53;0;3;3;328;3;0;0;1;1;1;1;2834;224;239
bg;4;54;0;0;7;1;2578;288;320;4
bg;4;54;0;1;8;1;2576;288;309;4
bg;4;54;0;2;9;1;2604;288;310;4
bg;4;54;0;3;6;1;2584;288;299;4
bg;4;54;0;4;8103;2;2604;288;306;4
bg;4;54;0;5;8168;2;2598;288;323;4
bg;4;54;0;6;8162;2;2592;288;336;4
bg;4;54;0;7;8163;2;2593;288;335;4
bg;4;54;0;8;8164;2;2595;288;335;4
obj;4;54;0;0;0;330;0;0;0;4;1;0;0;2596;288;296
obj;4;54;0;1;1;328;0;0;0;1;1;0;0;2606;288;309
obj;4;54;0;2;2;325;3;0;0;2;1;1;3;2587;288;306
obj;4;54;0;3;3;322;3;0;0;3;1;1;1;2581;288;315
obj;4;54;0;4;4;1013;38;0;0;5;1;2;2;2598;288;298
obj;4;54;0;5;5;85;0;0;16;10001;0;0;0;2600;288;306
obj;4;54;0;6;6;85;0;0;17;10001;0;0;0;2605;288;300
obj;4;54;0;7;7;85;0;0;18;10001;0;0;0;2606;288;301
obj;4;54;0;8;8;85;0;0;19;10001;0;0;0;2599;288;306
obj;4;54;0;9;9;85;0;0;20;10001;0;0;0;2604;288;305
obj;4;54;0;10;10;85;0;0;21;10001;0;0;0;2606;288;297
obj;4;54;0;11;11;86;0;0;22;10000;0;0;0;2580;288;319
obj;4;54;0;12;12;87;0;0;1294;7187;0;0;0;2601;288;328
obj;4;54;0;13;13;87;0;0;1295;7188;0;0;0;2616;288;327
obj;4;54;0;14;14;328;14;0;638;11;0;0;0;2603;288;305
obj;4;54;0;15;15;1039;0;0;671;0;2;0;0;2610;288;328
obj;4;54;0;16;16;382;0;0;676;0;0;0;0;2605;288;321
obj;4;54;0;17;17;382;0;0;692;0;0;0;0;2598;288;332
obj;4;54;0;18;18;421;0;0;765;0;2;1;1;2578;288;311
coord;4;54;0;0;12;2603;288;1;3;331;1;16496
coord;4;54;0;1;13;2604;288;3;1;323;1;16497
coord;4;54;0;2;12;2614;288;1;3;326;1;16496
bg;4;55;0;0;10;1;2388;224;245;4
bg;4;55;0;1;14;1;2403;224;252;4
bg;4;55;0;2;15;1;2413;224;252;4
bg;4;55;0;3;13;1;2404;224;237;4
bg;4;55;0;4;11;1;2388;224;268;4
bg;4;55;0;5;12;1;2387;224;238;4
bg;4;55;0;6;8122;2;2414;224;272;4
obj;4;55;0;0;0;332;0;0;0;1;1;0;0;2412;224;239
obj;4;55;0;1;1;1011;0;0;0;2;1;0;0;2413;224;239
obj;4;55;0;2;2;146;3;0;0;6;1;2;1;2403;224;241
obj;4;55;0;3;3;326;3;0;0;8;1;2;1;2382;224;242
obj;4;55;0;4;4;319;2;0;0;9;1;0;0;2391;224;254
obj;4;55;0;5;5;325;3;0;0;3;1;2;1;2402;224;254
obj;4;55;0;6;6;317;2;0;0;7;1;0;0;2407;224;266
obj;4;55;0;7;7;330;0;0;0;5;0;0;0;2383;224;268
obj;4;55;0;8;8;330;15;0;0;4;1;0;0;2395;224;250
obj;4;55;0;9;9;371;0;0;605;17;3;0;0;2384;224;251
obj;4;55;0;10;10;357;0;0;737;18;2;0;0;2385;224;251
obj;4;55;0;11;11;86;0;0;16;10000;0;0;0;2411;224;267
obj;4;55;0;12;12;87;0;0;1305;7206;0;0;0;2379;224;226
obj;4;55;0;13;13;328;14;0;638;19;0;0;0;2384;224;256
bg;4;56;0;0;5;1;2397;384;405;4
bg;4;56;0;1;6;1;2404;384;435;4
bg;4;56;0;2;4;1;2377;384;441;4
bg;4;56;0;3;10;1;2392;384;424;4
bg;4;56;0;4;8134;2;2416;384;413;4
obj;4;56;0;0;0;328;3;0;0;2;1;2;1;2382;384;441
obj;4;56;0;1;1;325;3;0;0;3;1;1;1;2397;384;426
obj;4;56;0;2;2;317;3;0;0;1;1;1;1;2396;384;413
obj;4;56;0;3;3;86;0;0;16;10000;0;0;0;2395;384;424
obj;4;56;0;4;4;262;0;0;0;2800;0;0;0;2390;384;421
obj;4;56;0;5;5;328;14;0;638;7;0;0;0;2385;384;445
obj;4;56;0;6;6;378;0;0;0;9;1;0;0;2404;384;411
bg;4;57;0;0;2;1;2060;480;502;4
bg;4;57;0;1;3;1;2057;480;496;4
bg;4;57;0;2;8114;2;2054;480;481;4
bg;4;57;0;3;8166;2;2068;480;506;4
bg;4;57;0;4;8167;2;2065;480;493;4
obj;4;57;0;0;0;375;2;0;602;1;3;0;0;2060;480;494
obj;4;57;0;1;1;374;2;0;637;5;2;0;0;2059;480;505
obj;4;57;0;2;2;87;0;0;1236;7221;0;0;0;2069;480;497
bg;4;58;0;0;1;1;1810;192;202;4
bg;4;58;0;1;8190;2;1806;192;209;4
bg;4;59;0;0;14;1;2601;192;242;4
bg;4;59;0;1;13;1;2586;192;234;4
bg;4;59;0;2;9;1;2572;192;210;4
bg;4;59;0;3;10;1;2583;192;210;4
bg;4;59;0;4;11;1;2603;192;208;4
bg;4;59;0;5;12;1;2610;192;208;4
obj;4;59;0;0;0;146;3;0;0;2;1;2;0;2605;192;211
obj;4;59;0;1;1;320;3;0;0;1;1;1;1;2579;192;212
obj;4;59;0;2;2;326;3;0;0;3;1;1;0;2573;192;220
obj;4;59;0;3;3;332;2;0;0;5;1;0;0;2604;192;220
obj;4;59;0;4;4;322;3;0;0;7;1;1;1;2612;192;236
obj;4;59;0;5;5;317;2;0;0;4;1;0;0;2581;192;224
obj;4;59;0;6;6;325;2;0;0;6;1;0;0;2591;192;234
obj;4;59;0;7;7;328;3;0;0;8;1;2;0;2593;192;243
obj;4;59;0;8;8;328;14;0;638;15;0;0;0;2567;192;215
obj;4;59;0;9;9;328;14;0;639;16;0;0;0;2587;192;236
bg;4;60;0;0;14;1;1354;384;393;4
bg;4;60;0;1;8;1;1365;384;396;4
bg;4;60;0;2;15;1;1357;384;400;4
bg;4;60;0;3;17;1;1360;384;407;4
bg;4;60;0;4;8000;2;1354;384;391;4
obj;4;60;0;0;0;148;0;0;400;1;3;0;0;1354;384;391
obj;4;60;0;1;1;325;2;0;0;2;2;0;0;1355;384;399
obj;4;60;0;2;2;332;3;0;0;16;1;1;1;1357;384;408
obj;4;60;0;3;3;1032;0;0;417;6;1;0;0;1367;384;406
obj;4;60;0;4;4;101;0;0;418;5;1;0;0;1360;384;392
obj;4;60;0;5;5;99;0;0;0;0;0;0;0;1375;384;384
obj;4;60;0;6;6;328;14;0;638;18;0;0;0;1367;384;403
obj;4;60;0;7;7;365;0;0;678;0;1;0;0;1367;384;396
obj;4;60;0;8;8;101;0;0;744;5;2;0;0;1366;384;400
obj;4;60;0;9;9;1032;0;0;744;6;3;0;0;1365;384;400
coord;4;60;0;0;3;1348;384;1;7;396;0;16510
coord;4;60;0;1;11;1360;384;1;1;392;0;16387
coord;4;60;0;2;12;1372;384;1;5;398;1;16513
coord;4;60;0;3;13;1372;384;1;5;398;2;16513
bg;4;61;0;0;6;0;1;0;10;0
bg;4;61;0;1;6;0;2;0;10;0
bg;4;61;0;2;7;0;7;0;10;0
bg;4;61;0;3;7;0;8;0;10;0
bg;4;61;0;4;8;0;9;0;10;0
bg;4;61;0;5;8;0;10;0;10;0
bg;4;61;0;6;9;0;11;0;10;0
bg;4;61;0;7;9;0;12;0;10;0
bg;4;61;0;8;10;0;6;0;3;4
bg;4;61;0;9;13;0;8;0;4;0
bg;4;61;0;10;14;0;4;0;3;0
obj;4;61;0;0;0;99;0;0;401;1;1;0;0;6;0;5
obj;4;61;0;1;1;34;0;0;413;0;3;0;0;3;0;6
obj;4;61;0;2;2;29;0;0;582;2;2;0;0;9;0;12
obj;4;61;0;3;3;101;0;0;422;0;0;0;0;4;0;14
coord;4;61;0;0;4;3;0;4;1;11;1;16648
coord;4;61;0;1;12;3;0;4;1;10;0;16648
obj;4;62;0;0;0;325;0;0;0;1;1;0;0;7;0;5
obj;4;62;0;1;1;317;3;0;0;2;2;1;2;3;0;9
bg;4;63;0;0;3;0;5;0;3;0
bg;4;63;0;1;3;0;6;0;3;0
bg;4;63;0;2;5;0;8;0;3;0
bg;4;63;0;3;4;0;9;0;3;0
bg;4;63;0;4;6;0;11;0;3;0
obj;4;63;0;0;0;365;0;0;0;2;3;0;0;6;0;7
bg;4;64;0;0;1;0;6;0;4;0
bg;4;64;0;1;2;0;8;0;4;4
obj;4;64;0;0;0;376;0;0;682;0;0;0;0;8;0;10
obj;4;64;0;1;1;350;0;0;683;0;0;0;0;9;0;10
obj;4;64;0;2;2;379;0;0;681;0;0;0;0;7;0;10
obj;4;65;0;0;0;327;17;0;0;1;3;0;0;5;0;5
obj;4;66;0;0;0;328;0;0;0;1;1;0;0;6;0;7
bg;4;67;0;0;6;1;1068;384;401;4
bg;4;67;0;1;7;1;1066;384;396;4
bg;4;67;0;2;8001;2;1084;384;390;4
bg;4;67;0;3;8225;2;1034;384;388;4
obj;4;67;0;0;0;330;15;0;408;1;1;0;0;1078;384;396
obj;4;67;0;1;1;146;3;0;0;8;2;0;1;1066;384;399
obj;4;67;0;2;2;325;5;0;0;9;3;1;0;1073;384;407
obj;4;67;0;3;3;332;17;0;0;5;3;0;0;1042;384;406
obj;4;67;0;4;4;148;0;0;412;0;1;0;0;1087;384;384
obj;4;67;0;5;5;328;14;0;638;10;0;0;0;1074;384;402
coord;4;67;0;0;2;1078;384;1;4;397;0;16499
coord;4;67;0;1;4;1087;384;1;4;398;3;16499
coord;4;67;0;2;3;1059;384;4;1;385;1;16499
obj;4;68;0;0;0;334;17;0;0;1;3;0;0;2;0;6
obj;4;68;0;1;1;146;8;0;0;2;1;0;0;7;0;9
obj;4;68;0;2;2;324;5;0;0;3;2;1;0;7;0;4
obj;4;68;0;3;3;334;17;0;404;4;3;0;0;2;0;4
obj;4;68;0;4;4;299;0;0;680;10202;1;0;0;3;0;8
obj;4;68;0;5;5;193;0;0;679;10201;1;0;0;2;0;8
bg;4;69;0;0;0;0;4;0;8;3
obj;4;69;0;0;0;335;15;0;0;1;1;0;0;8;0;11
obj;4;69;0;1;1;336;15;0;0;9017;1;0;0;2;0;4
obj;4;69;0;2;2;336;15;0;789;9003;1;0;0;6;0;4
obj;4;69;0;3;3;336;15;0;789;9001;1;0;0;11;0;4
obj;4;69;0;4;4;332;14;0;0;2;0;0;0;6;0;13
obj;4;69;0;5;5;341;5;0;0;3;2;1;0;11;0;16
obj;4;69;0;6;6;325;14;0;0;4;0;0;0;2;0;16
obj;4;69;0;7;7;335;0;0;403;2025;2;0;0;13;0;17
obj;4;69;0;8;8;336;15;0;790;5;1;0;0;6;0;4
obj;4;69;0;9;9;336;15;0;790;6;1;0;0;11;0;4
obj;4;70;0;0;0;328;17;0;0;2;3;0;0;5;0;5
obj;4;70;0;1;1;315;5;0;0;3;2;1;0;2;0;4
obj;4;71;0;0;0;330;15;0;0;2;0;0;0;4;0;4
obj;4;72;0;0;0;146;17;0;0;2;3;0;0;5;0;5
obj;4;72;0;1;1;319;16;0;0;3;3;0;0;8;0;5
bg;4;73;0;0;8;1;939;224;257;4
bg;4;73;0;1;9;1;936;224;263;4
bg;4;73;0;2;10;1;923;224;257;4
bg;4;73;0;3;11;1;933;224;230;4
bg;4;73;0;4;8003;2;953;224;254;4
bg;4;73;0;5;8108;2;929;224;241;4
obj;4;73;0;0;0;321;3;0;0;12;3;1;1;940;224;275
obj;4;73;0;1;1;322;3;0;0;13;1;1;2;937;224;254
obj;4;73;0;2;2;332;2;0;410;2;1;0;0;922;224;252
obj;4;73;0;3;3;331;5;0;0;14;3;1;0;927;224;263
obj;4;73;0;4;4;317;2;0;0;15;0;0;0;910;224;259
obj;4;73;0;5;5;87;0;0;1059;7005;0;0;0;952;224;237
obj;4;73;0;6;6;87;0;0;1060;7006;0;0;0;907;224;229
obj;4;73;0;7;7;232;0;0;568;0;2;0;0;922;224;261
obj;4;73;0;8;8;262;0;0;0;2800;0;0;0;920;224;275
obj;4;73;0;9;9;85;0;0;16;10001;0;0;0;951;224;261
obj;4;73;0;10;10;378;0;0;0;4;1;0;0;948;224;272
obj;4;73;0;11;11;327;3;0;0;6;1;1;1;954;224;268
obj;4;73;0;12;12;315;3;0;0;7;0;1;1;930;224;241
coord;4;73;0;0;3;934;224;3;1;234;0;16500
bg;4;74;0;0;9;1;785;448;460;4
bg;4;74;0;1;10;1;793;448;471;4
bg;4;74;0;2;11;1;801;448;468;4
bg;4;74;0;3;12;1;800;448;461;4
bg;4;74;0;4;13;1;816;448;461;4
bg;4;74;0;5;14;1;778;448;461;4
bg;4;74;0;6;8006;2;805;448;469;4
obj;4;74;0;0;0;222;15;0;415;1;1;0;0;818;448;461
obj;4;74;0;1;1;222;15;0;425;15;1;0;0;789;448;472
obj;4;74;0;2;2;330;3;0;0;8;3;1;1;803;448;460
obj;4;74;0;3;3;325;4;0;0;16;0;0;2;795;448;468
obj;4;74;0;4;4;322;5;0;0;17;2;1;0;781;448;461
obj;4;74;0;5;5;1015;15;0;427;2;1;0;0;815;448;461
obj;4;74;0;6;6;1015;14;0;427;2;0;0;0;798;448;461
obj;4;74;0;7;7;1015;17;0;427;2;3;0;0;795;448;472
obj;4;74;0;8;8;1015;15;0;427;2;1;0;0;781;448;474
obj;4;74;0;9;9;148;0;0;0;0;0;0;0;768;448;448
obj;4;74;0;10;10;262;0;0;0;2800;0;0;0;780;448;453
obj;4;74;0;11;11;328;5;0;0;7;3;1;0;791;448;464
obj;4;74;0;12;12;222;16;0;625;6;2;0;0;818;448;463
obj;4;74;0;13;13;328;17;0;626;0;3;0;0;817;448;463
coord;4;74;0;0;3;779;448;1;5;462;1;16501
coord;4;74;0;1;4;818;448;1;1;466;0;16512
bg;4;75;0;0;9;1;336;320;362;4
bg;4;75;0;1;10;1;335;320;358;4
bg;4;75;0;2;11;1;342;320;370;4
bg;4;75;0;3;12;1;339;320;354;4
bg;4;75;0;4;5;1;332;320;344;4
bg;4;75;0;5;8025;2;330;320;332;4
bg;4;75;0;6;8026;2;349;320;357;4
bg;4;75;0;7;8;0;345;320;354;4
obj;4;75;0;0;0;329;2;0;0;1;1;0;1;333;320;360
obj;4;75;0;1;1;146;4;0;0;13;3;0;1;338;320;352
obj;4;75;0;2;2;328;3;0;0;14;0;1;1;337;320;346
obj;4;75;0;3;3;319;5;0;0;15;3;1;0;333;320;371
obj;4;75;0;4;4;329;3;0;0;16;3;1;1;341;320;373
obj;4;75;0;5;5;1039;15;0;481;2;1;0;0;334;320;330
obj;4;75;0;6;6;382;14;0;482;4;0;0;0;336;320;343
obj;4;75;0;7;7;85;0;0;16;10001;0;0;0;330;320;333
obj;4;75;0;8;8;85;0;0;17;10001;0;0;0;329;320;341
obj;4;75;0;9;9;85;0;0;19;10001;0;0;0;331;320;335
obj;4;75;0;10;10;85;0;0;20;10001;0;0;0;326;320;338
obj;4;75;0;11;11;85;0;0;21;10001;0;0;0;330;320;342
coord;4;75;0;0;3;336;320;1;1;334;1;16502
bg;4;76;0;0;20;1;638;320;350;4
bg;4;76;0;1;21;1;628;320;350;4
bg;4;76;0;2;22;1;650;320;334;4
bg;4;76;0;3;23;1;650;320;356;4
bg;4;76;0;4;24;1;656;320;375;4
bg;4;76;0;5;25;1;641;320;361;4
bg;4;76;0;6;26;1;643;320;334;4
bg;4;76;0;7;27;1;634;320;336;4
bg;4;76;0;8;28;1;637;320;375;4
bg;4;76;0;9;29;1;602;320;350;4
bg;4;76;0;10;30;1;661;320;333;4
bg;4;76;0;11;8009;2;657;320;380;4
obj;4;76;0;0;0;326;5;0;440;3;2;1;0;651;320;372
obj;4;76;0;1;1;330;5;0;440;7;2;1;0;632;320;370
obj;4;76;0;2;2;146;3;0;440;5;3;1;1;658;320;352
obj;4;76;0;3;3;146;4;0;440;4;1;0;1;644;320;354
obj;4;76;0;4;4;222;14;0;441;8;0;0;0;629;320;351
obj;4;76;0;5;5;328;14;0;440;6;0;0;0;633;320;353
obj;4;76;0;6;6;326;16;0;440;2;2;0;0;640;320;351
obj;4;76;0;7;7;319;4;0;440;1;0;0;1;644;320;336
obj;4;76;0;8;8;222;0;0;443;15;1;0;0;646;320;326
obj;4;76;0;9;9;222;0;0;443;16;1;0;0;647;320;326
obj;4;76;0;10;10;222;0;0;439;13;1;0;0;659;320;333
obj;4;76;0;11;11;222;0;0;439;14;1;0;0;664;320;336
obj;4;76;0;12;12;222;0;0;439;9;0;0;0;656;320;358
obj;4;76;0;13;13;222;0;0;439;12;0;0;0;657;320;358
obj;4;76;0;14;14;222;0;0;442;11;3;0;0;642;320;361
obj;4;76;0;15;15;222;0;0;443;0;0;0;0;647;320;377
obj;4;76;0;16;16;222;0;0;439;17;1;0;0;604;320;349
obj;4;76;0;17;17;222;0;0;442;10;1;0;0;634;320;350
obj;4;76;0;18;18;222;0;0;439;32;0;0;0;654;320;336
obj;4;76;0;19;19;326;0;0;439;31;1;0;0;654;320;335
obj;4;76;0;20;20;326;0;0;792;33;1;0;0;654;320;335
coord;4;76;0;0;18;642;320;10;1;376;3;16503
bg;4;77;0;0;5;1;521;224;238;4
bg;4;77;0;1;6;1;535;224;247;4
bg;4;77;0;2;7;1;536;224;266;4
bg;4;77;0;3;8;1;558;224;264;4
bg;4;77;0;4;8023;2;565;224;256;4
bg;4;77;0;5;8137;2;541;224;231;4
obj;4;77;0;0;0;348;5;0;0;9;2;1;0;560;224;266
obj;4;77;0;1;1;146;3;0;0;10;0;1;1;536;224;242
obj;4;77;0;2;2;348;3;0;0;11;1;1;1;532;224;261
obj;4;77;0;3;3;148;0;0;470;1;1;2;1;525;224;238
obj;4;77;0;4;4;87;0;0;1310;7085;0;0;0;565;224;250
obj;4;77;0;5;5;348;15;0;0;0;1;0;0;529;224;284
obj;4;77;0;6;6;326;14;0;0;0;0;0;0;529;224;285
obj;4;77;0;7;7;328;14;0;638;12;0;0;0;534;224;257
obj;4;77;0;8;5;328;0;0;94;65535;0;0;0;508;224;271
coord;4;77;0;0;2;528;224;1;5;239;0;16504
bg;4;78;0;0;2;1;740;128;173;4
bg;4;78;0;1;3;1;730;128;184;4
bg;4;78;0;2;4;1;747;128;174;4
bg;4;78;0;3;5;1;730;128;153;4
bg;4;78;0;4;8012;2;737;128;170;4
bg;4;78;0;5;8013;2;731;128;146;4
bg;4;78;0;6;8132;2;758;128;163;4
bg;4;78;0;7;8133;2;717;128;164;4
bg;4;78;0;8;17;1;746;128;154;4
obj;4;78;0;0;0;319;14;0;0;7;0;0;0;731;128;155
obj;4;78;0;1;1;146;5;0;0;8;3;1;0;733;128;162
obj;4;78;0;2;2;332;5;0;0;9;2;1;0;730;128;176
obj;4;78;0;3;3;330;15;0;0;10;1;0;0;748;128;162
obj;4;78;0;4;4;330;16;0;0;11;2;0;0;744;128;171
obj;4;78;0;5;5;320;5;0;0;12;3;1;0;756;128;185
obj;4;78;0;6;6;148;0;0;575;0;0;0;0;749;128;173
obj;4;78;0;7;7;330;3;0;584;14;3;0;0;726;128;153
obj;4;78;0;8;8;328;14;0;638;15;0;0;0;742;128;160
coord;4;78;0;0;6;749;128;1;1;174;3;16505
obj;4;79;0;0;0;334;17;0;0;1;3;1;1;2;0;6
obj;4;79;0;1;1;334;17;0;0;2;3;1;1;2;0;4
obj;4;79;0;2;2;331;17;0;0;3;3;0;0;7;0;9
obj;4;79;0;3;3;322;5;0;0;4;2;1;0;9;0;4
obj;4;79;0;4;4;299;0;0;680;10202;1;0;0;3;0;8
obj;4;79;0;5;5;193;0;0;679;10201;1;0;0;2;0;8
bg;4;80;0;0;6;0;13;0;51;0
bg;4;80;0;1;6;0;19;0;51;0
obj;4;80;0;0;0;168;15;0;0;4;1;0;0;18;0;51
obj;4;80;0;1;1;355;15;1;749;2;1;0;0;10;0;8
obj;4;80;0;2;2;219;16;1;0;3493;2;0;0;17;0;39
obj;4;80;0;3;3;219;15;1;0;3088;1;0;0;19;0;30
obj;4;80;0;4;4;219;17;1;0;3492;3;0;0;9;0;29
obj;4;80;0;5;5;219;15;1;0;3045;1;0;0;11;0;19
obj;4;80;0;6;6;330;15;0;583;0;1;0;0;16;0;49
coord;4;80;0;0;3;11;0;2;7;12;0;16649
coord;4;80;0;1;3;9;0;1;9;12;0;16649
coord;4;80;0;2;3;9;0;2;8;21;0;16649
coord;4;80;0;3;3;8;0;1;1;29;0;16649
coord;4;80;0;4;3;9;0;3;1;30;0;16649
coord;4;80;0;5;3;12;0;3;1;31;0;16649
coord;4;80;0;6;3;15;0;4;8;30;0;16649
coord;4;80;0;7;3;13;0;3;11;38;0;16649
coord;4;80;0;8;3;12;0;2;1;19;0;16649
coord;4;80;0;9;3;12;0;1;2;21;0;16649
coord;4;80;0;10;3;14;0;1;4;20;0;16649
coord;4;80;0;11;3;12;0;9;5;24;0;16649
coord;4;80;0;12;3;21;0;1;3;29;0;16649
coord;4;80;0;13;3;20;0;1;8;32;0;16649
coord;4;80;0;14;3;17;0;3;9;40;0;16649
bg;4;81;0;0;0;0;4;0;8;3
obj;4;81;0;0;0;335;0;0;0;1;1;2;0;8;0;11
obj;4;81;0;1;1;336;0;0;0;9003;1;2;0;6;0;4
obj;4;81;0;2;2;336;0;0;0;9001;1;2;0;11;0;4
obj;4;81;0;3;3;336;0;0;0;9017;1;2;0;2;0;4
obj;4;81;0;4;4;235;0;0;453;0;0;0;0;2;0;11
obj;4;81;0;5;5;338;15;0;0;5;1;0;0;15;0;11
obj;4;81;0;6;6;327;2;0;0;4;3;0;0;4;0;18
obj;4;81;0;7;7;328;2;0;0;3;2;0;0;12;0;15
obj;4;83;0;0;0;220;15;0;0;1;1;0;0;15;0;7
obj;4;83;0;1;1;220;15;0;0;3;1;1;0;9;0;2
obj;4;83;0;2;2;220;15;0;0;2;1;1;1;3;0;2
obj;4;84;0;0;0;324;15;0;0;1;1;0;0;5;0;5
obj;4;84;0;1;1;183;0;0;0;2;0;0;0;6;0;5
obj;4;85;0;0;0;330;17;0;0;1;3;0;0;5;0;5
obj;4;85;0;1;1;146;16;0;0;2;2;0;0;8;0;5
bg;4;86;0;0;11;0;6;0;10;4
bg;4;86;0;1;11;0;7;0;10;4
obj;4;86;0;0;0;331;14;0;577;15;0;0;0;10;0;10
obj;4;86;0;1;1;322;17;0;577;3;3;0;0;4;0;12
obj;4;86;0;2;2;341;14;0;577;1;0;0;0;8;0;12
obj;4;86;0;3;3;1010;14;0;577;2;0;0;0;9;0;12
obj;4;86;0;4;4;232;0;0;572;6;1;0;0;2;0;6
obj;4;86;0;5;5;232;0;0;572;7;1;0;0;4;0;5
obj;4;86;0;6;6;232;0;0;571;5;2;0;0;10;0;6
obj;4;86;0;7;7;232;0;0;572;9;1;0;0;10;0;5
obj;4;86;0;8;8;232;0;0;572;10;1;0;0;12;0;6
obj;4;86;0;9;9;222;19;0;570;4;3;0;0;7;0;6
obj;4;86;0;10;10;232;0;0;572;8;1;0;0;7;0;6
obj;4;86;0;11;11;316;0;0;576;0;0;0;0;3;0;16
obj;4;86;0;12;12;222;0;0;570;0;1;0;0;29;0;29
coord;4;86;0;0;12;3;0;1;1;8;2;16652
coord;4;86;0;1;13;11;0;1;1;8;2;16652
bg;4;87;0;0;7;1;1028;160;172;4
bg;4;87;0;1;8;1;1038;160;174;4
bg;4;87;0;2;9;1;1032;160;184;4
obj;4;87;0;0;0;328;15;0;517;1;1;0;0;1052;160;175
obj;4;87;0;1;1;330;5;0;0;3;2;1;0;1035;160;175
obj;4;87;0;2;2;332;15;0;505;5;1;0;0;1035;160;184
obj;4;87;0;3;3;319;15;0;487;4;1;0;0;1042;160;175
coord;4;87;0;0;2;1052;160;1;2;176;0;16506
bg;4;88;0;0;8;1;1008;32;82;4
bg;4;88;0;1;7;1;1014;32;89;4
bg;4;88;0;2;8036;2;991;32;82;4
bg;4;88;0;3;8037;2;1027;32;79;4
bg;4;88;0;4;8102;2;1022;32;37;4
obj;4;88;0;0;0;330;14;0;0;5;0;0;0;1008;32;80
obj;4;88;0;1;1;325;5;0;0;9;2;0;0;1013;32;85
obj;4;88;0;2;2;322;16;0;0;10;2;0;0;1030;32;64
obj;4;88;0;3;3;237;3;0;483;2;1;1;1;1005;32;71
obj;4;88;0;4;4;347;14;1;511;3125;0;0;0;1015;32;80
obj;4;88;0;5;5;347;16;1;511;3126;2;0;0;1023;32;75
obj;4;88;0;6;6;324;17;1;510;3108;3;0;0;976;32;70
obj;4;88;0;7;7;327;16;1;650;3115;2;0;0;1030;32;55
obj;4;88;0;8;8;364;14;0;484;4;0;0;0;1008;32;83
obj;4;88;0;9;9;322;15;0;508;6;1;0;0;975;32;48
obj;4;88;0;10;10;1028;16;0;484;19;2;0;0;1009;32;83
obj;4;88;0;11;11;87;0;0;651;16;0;0;0;980;32;59
obj;4;88;0;12;12;87;0;0;652;17;0;0;0;1021;32;47
obj;4;88;0;13;13;87;0;0;649;15;0;0;0;1003;32;79
obj;4;88;0;14;14;87;0;0;1288;7143;0;0;0;986;32;34
obj;4;88;0;15;15;87;0;0;1290;7145;0;0;0;969;32;73
obj;4;88;0;16;16;86;0;0;17;10000;0;0;0;978;32;69
obj;4;88;0;17;17;86;0;0;19;10000;0;0;0;995;32;54
obj;4;88;0;18;18;86;0;0;20;10000;0;0;0;1002;32;50
obj;4;88;0;19;19;87;0;0;1289;7144;0;0;0;1020;32;37
obj;4;88;0;20;20;358;0;0;716;18;0;0;0;983;32;80
bg;4;89;0;0;9;1;1332;128;170;4
bg;4;89;0;1;10;1;1306;128;153;4
bg;4;89;0;2;11;1;1301;128;176;4
bg;4;89;0;3;12;1;1311;128;134;4
bg;4;89;0;4;13;1;1293;128;171;4
obj;4;89;0;0;0;322;15;0;512;1;1;0;0;1308;128;152
obj;4;89;0;1;1;330;15;0;514;3;1;0;0;1312;128;133
obj;4;89;0;2;2;344;5;0;0;5;3;2;0;1315;128;181
obj;4;89;0;3;3;327;4;0;0;14;1;0;1;1304;128;176
obj;4;89;0;4;4;146;3;0;0;15;0;1;1;1301;128;155
obj;4;89;0;5;5;327;14;0;0;16;0;0;0;1336;128;157
obj;4;89;0;6;6;322;15;0;513;2;1;0;0;1309;128;152
obj;4;89;0;7;7;330;15;0;515;4;1;0;0;1313;128;133
obj;4;89;0;8;8;317;15;0;516;7;1;0;0;1314;128;163
obj;4;89;0;9;9;328;14;0;638;17;0;0;0;1324;128;175
bg;4;90;0;0;8116;2;1627;256;263;4
bg;4;90;0;1;3;1;1610;256;262;4
obj;4;90;0;0;0;87;0;0;1231;7231;0;0;0;1608;256;277
obj;4;90;0;1;1;328;14;0;638;1;0;0;0;1620;256;271
bg;4;91;0;0;8180;2;2394;448;505;4
bg;4;91;0;1;8179;2;2382;448;468;4
bg;4;91;0;2;8178;2;2391;448;467;4
bg;4;91;0;3;8207;2;2394;448;456;4
bg;4;91;0;4;8208;2;2393;448;460;4
bg;4;91;0;5;6;1;2392;448;453;4
bg;4;91;0;6;5;1;2384;448;468;4
obj;4;91;0;0;0;342;2;1;0;3369;1;0;0;2382;448;474
obj;4;91;0;1;1;342;20;1;0;3251;1;0;5;2378;448;485
obj;4;91;0;2;2;342;20;1;0;3370;1;0;0;2384;448;497
obj;4;91;0;3;3;343;16;1;0;3290;2;0;0;2385;448;497
obj;4;91;0;4;4;349;0;0;613;0;0;0;0;2387;448;458
obj;4;91;0;5;5;349;0;0;613;0;0;0;0;2389;448;458
obj;4;91;0;6;6;349;0;0;613;0;0;0;0;2388;448;458
obj;4;91;0;7;7;349;0;0;613;0;0;0;0;2390;448;458
obj;4;91;0;8;8;85;0;0;16;10001;0;0;0;2393;448;456
obj;4;91;0;9;9;85;0;0;17;10001;0;0;0;2392;448;458
obj;4;91;0;10;10;85;0;0;18;10001;0;0;0;2394;448;455
obj;4;91;0;11;11;85;0;0;19;10001;0;0;0;2391;448;457
obj;4;91;0;12;12;85;0;0;20;10001;0;0;0;2385;448;456
obj;4;91;0;13;13;40;15;0;665;1;1;0;0;2387;448;457
obj;4;91;0;14;14;40;5;0;665;2;3;2;0;2390;448;457
obj;4;91;0;15;15;40;15;0;666;3;1;0;0;2385;448;468
obj;4;91;0;16;16;40;5;0;666;4;2;1;0;2388;448;468
obj;4;91;0;17;17;87;0;0;1199;7229;0;0;0;2394;448;505
bg;4;92;0;0;1;1;2181;480;502;4
bg;4;92;0;1;2;1;2171;480;496;4
bg;4;92;0;2;8174;2;2150;480;498;4
bg;4;92;0;3;8229;2;2163;480;485;4
bg;4;92;0;4;8038;2;2192;480;503;4
obj;4;92;0;0;0;342;0;1;0;3372;1;0;0;2123;480;493
obj;4;92;0;1;1;345;0;1;0;3579;0;0;0;2175;480;497
obj;4;92;0;2;2;346;0;1;0;3580;2;0;0;2185;480;503
obj;4;92;0;3;3;346;4;1;0;3581;0;0;0;2141;480;502
obj;4;92;0;4;4;323;6;1;0;3582;2;0;0;2133;480;502
obj;4;92;0;5;5;323;0;1;0;3583;2;0;0;2150;480;504
obj;4;92;0;6;6;343;10;1;0;3292;1;0;0;2230;480;493
obj;4;92;0;7;7;343;20;4;0;3293;3;9;0;2207;480;500
obj;4;92;0;8;8;342;4;1;0;3584;0;0;0;2198;480;491
obj;4;92;0;9;9;342;9;1;0;3585;3;0;0;2161;480;483
obj;4;92;0;10;10;343;0;1;0;3586;1;0;0;2167;480;504
obj;4;92;0;11;11;343;5;1;0;3587;2;0;0;2137;480;494
bg;4;93;0;0;8175;2;2068;384;412;4
bg;4;93;0;1;8176;2;2061;384;436;4
bg;4;93;0;2;8177;2;2066;384;439;4
bg;4;93;0;3;8114;2;2057;384;481;4
obj;4;93;0;0;0;347;17;1;0;3057;3;0;0;2072;384;412
obj;4;93;0;1;1;347;0;1;0;3588;1;0;0;2055;384;423
obj;4;93;0;2;2;347;0;1;0;3589;0;0;0;2057;384;444
obj;4;93;0;3;3;347;0;1;0;3590;2;0;0;2058;384;458
obj;4;93;0;4;4;343;0;1;0;3295;0;0;0;2062;384;406
obj;4;93;0;5;5;343;20;1;0;3591;2;8;0;2061;384;429
obj;4;93;0;6;6;343;0;1;0;3592;1;8;0;2071;384;477
obj;4;93;0;7;7;342;39;7;0;3373;2;4;4;2071;384;444
obj;4;93;0;8;8;342;0;1;0;3593;2;0;0;2063;384;465
obj;4;93;0;9;9;342;0;1;0;3594;0;0;0;2074;384;465
obj;4;93;0;10;10;323;0;1;0;3596;0;0;0;2053;384;471
obj;4;93;0;11;11;323;0;1;0;3595;3;0;0;2057;384;418
obj;4;93;0;12;12;328;14;0;638;1;0;0;0;2067;384;415
obj;4;93;0;13;1;332;0;0;49;65535;1;0;0;2068;384;380
bg;4;94;0;0;3;1;469;256;272;4
bg;4;94;0;1;8024;2;476;256;300;4
bg;4;94;0;2;10;1;464;256;267;4
obj;4;94;0;0;0;342;16;1;0;3015;2;0;0;465;256;283
obj;4;94;0;1;1;343;5;1;0;3008;3;0;0;471;256;292
obj;4;94;0;2;2;342;7;1;0;3085;0;0;0;463;256;305
obj;4;94;0;3;3;343;20;1;0;3084;3;11;0;460;256;309
obj;4;94;0;4;4;325;2;0;518;2;0;0;0;462;256;273
obj;4;94;0;5;5;328;0;0;0;8;0;0;0;476;256;271
obj;4;94;0;6;6;87;0;0;1266;7091;0;0;0;476;256;300
coord;4;94;0;0;9;476;256;4;1;265;0;16528
bg;4;95;0;0;8099;2;429;320;370;4
bg;4;95;0;1;8170;2;395;320;336;4
bg;4;95;0;2;8171;2;404;320;373;4
bg;4;95;0;3;8173;2;435;320;336;4
bg;4;95;0;4;8172;2;433;320;342;4
obj;4;95;0;0;0;342;17;1;0;3094;3;0;0;441;320;334
obj;4;95;0;1;1;342;20;1;0;3095;3;8;0;411;320;328
obj;4;95;0;2;2;342;19;1;0;3096;0;0;0;414;320;351
obj;4;95;0;3;3;342;15;1;0;3098;1;0;0;433;320;351
obj;4;95;0;4;4;342;39;1;0;3097;2;4;3;416;320;377
obj;4;95;0;5;5;343;14;1;0;3089;0;0;0;442;320;354
obj;4;95;0;6;6;343;4;1;0;3090;1;0;0;399;320;326
obj;4;95;0;7;7;343;15;1;0;3091;1;0;0;400;320;377
obj;4;95;0;8;8;343;16;1;0;3092;2;0;0;418;320;361
obj;4;95;0;9;9;343;20;1;0;3093;3;6;0;411;320;341
bg;4;96;0;0;2;1;44;0;81;4
bg;4;96;0;1;3;1;63;0;60;4
bg;4;96;0;2;4;1;43;0;16;4
bg;4;96;0;3;8034;2;41;0;62;4
bg;4;96;0;4;8035;2;53;0;78;4
obj;4;96;0;0;0;87;0;0;1145;7064;0;0;0;24;0;58
obj;4;96;0;1;1;87;0;0;1144;7063;0;0;0;77;0;33
obj;4;96;0;2;2;319;5;0;590;5;3;1;0;49;0;48
obj;4;96;0;3;3;329;15;0;590;6;1;0;0;45;0;16
obj;4;96;0;4;4;146;15;0;590;7;1;0;0;40;0;77
obj;4;96;0;5;5;146;16;0;590;8;2;0;0;41;0;77
obj;4;96;0;6;6;367;15;0;590;9;1;0;0;64;0;19
obj;4;96;0;7;7;325;15;0;590;1;1;0;0;62;0;76
obj;4;96;0;8;8;1009;15;0;590;11;1;0;0;61;0;76
obj;4;96;0;9;9;326;3;0;590;10;0;2;3;51;0;70
obj;4;96;0;10;10;318;0;0;0;10409;0;0;0;1;0;3
obj;4;96;0;11;11;318;0;0;0;10411;0;0;0;1;0;5
obj;4;96;0;12;12;327;0;0;0;10413;0;0;0;1;0;7
obj;4;96;0;13;13;328;0;0;0;10415;0;0;0;1;0;9
obj;4;96;0;14;14;318;0;0;0;10417;0;0;0;1;0;11
obj;4;96;0;15;15;345;0;0;0;10419;0;0;0;1;0;13
obj;4;96;0;16;16;346;0;0;0;10421;0;0;0;1;0;15
obj;4;96;0;17;17;318;0;0;0;10423;0;0;0;1;0;17
obj;4;96;0;18;18;317;0;0;0;10425;0;0;0;1;0;19
obj;4;96;0;19;19;146;0;0;0;10427;0;0;0;1;0;21
obj;4;96;0;20;20;394;0;0;0;10428;0;0;0;4;0;11
obj;4;96;0;21;21;329;2;1;590;3181;3;0;0;52;0;55
obj;4;96;0;22;22;319;2;1;590;3183;1;0;0;37;0;31
obj;4;96;0;23;23;328;2;1;590;3180;0;0;0;50;0;24
obj;4;96;0;24;24;146;2;1;590;3177;2;0;0;66;0;46
obj;4;96;0;25;25;87;0;0;1286;7065;0;0;0;81;0;16
obj;4;96;0;26;26;328;14;0;638;24;0;0;0;54;0;52
obj;4;96;0;27;27;328;14;0;639;25;0;0;0;52;0;82
obj;4;96;0;28;28;353;16;0;648;27;0;0;0;58;0;39
obj;4;97;0;0;0;394;15;0;0;3;1;0;0;6;0;4
obj;4;97;0;1;1;101;0;0;0;0;0;0;0;14;0;28
obj;4;97;0;2;2;1032;0;0;0;0;0;0;0;13;0;28
coord;4;97;0;0;1;5;0;1;3;6;0;16690
obj;4;98;0;0;0;394;15;0;0;2;1;0;0;6;0;4
obj;4;98;0;1;1;146;5;0;0;3;2;1;0;3;0;8
obj;4;98;0;2;2;328;0;0;0;4;1;0;0;9;0;5
bg;4;99;0;0;8154;2;3;0;74;4
bg;4;99;0;1;8151;2;30;0;58;4
bg;4;99;0;2;8152;2;18;0;76;4
obj;4;99;0;0;0;333;17;1;0;3383;3;0;0;5;0;48
obj;4;99;0;1;1;333;13;1;0;3024;2;0;0;20;0;51
obj;4;99;0;2;2;227;17;1;0;3318;3;0;0;23;0;69
obj;4;99;0;3;3;227;15;1;0;3389;1;0;0;8;0;26
obj;4;99;0;4;4;377;9;1;0;3022;3;0;0;12;0;80
obj;4;99;0;5;5;87;0;0;1067;7033;0;0;0;3;0;34
obj;4;99;0;6;6;87;0;0;1068;7034;0;0;0;29;0;72
obj;4;99;0;7;7;87;0;0;1069;7035;0;0;0;4;0;67
obj;4;99;0;8;8;87;0;0;1070;7036;0;0;0;23;0;93
obj;4;100;0;0;0;394;15;0;0;2;1;0;0;6;0;4
obj;4;100;0;1;1;331;15;0;0;3;1;0;0;2;0;5
obj;4;101;0;0;0;394;17;0;0;1;3;0;0;1;0;8
obj;4;101;0;1;1;329;0;0;0;2;1;0;2;6;0;7
bg;4;102;0;0;7;0;15;0;2;0
bg;4;102;0;1;7;0;11;0;2;0
bg;4;102;0;2;7;0;7;0;2;0
bg;4;102;0;3;8;0;13;0;2;0
bg;4;102;0;4;8;0;9;0;2;0
obj;4;102;0;0;0;317;3;0;0;6;2;1;1;27;0;5
obj;4;102;0;1;1;394;0;0;451;2;3;0;0;21;0;4
obj;4;102;0;2;2;40;0;0;548;1;3;0;0;19;0;9
obj;4;102;0;3;3;394;0;0;547;3;1;0;0;19;0;5
obj;4;102;0;4;4;344;0;0;547;4;0;1;1;9;0;4
obj;4;102;0;5;5;319;3;0;547;5;1;1;1;6;0;8
obj;4;102;0;6;6;328;14;0;638;12;0;0;0;10;0;9
obj;4;102;0;7;7;394;0;0;452;2;1;0;0;24;0;3
coord;4;102;0;0;9;19;0;1;5;7;0;16602
obj;4;103;0;0;0;330;3;0;0;2;2;1;1;7;0;9
obj;4;103;0;1;1;394;17;0;0;3;3;0;0;1;0;7
obj;4;104;0;0;0;394;0;0;451;2;1;0;0;5;0;4
obj;4;104;0;1;1;394;0;0;452;2;1;0;0;1;0;6
bg;4;106;0;0;8056;2;28;0;60;4
bg;4;106;0;1;8224;2;3;0;44;4
obj;4;106;0;0;0;328;0;0;0;3;1;0;0;3;0;2
obj;4;106;0;1;1;373;3;0;610;2;1;0;0;36;0;4
obj;4;106;0;2;2;87;0;0;1297;7189;0;0;0;10;0;58
obj;4;106;0;3;3;87;0;0;1298;7190;0;0;0;23;0;75
bg;4;107;0;0;8195;2;24;0;7;4
obj;4;107;0;0;0;148;16;0;604;0;2;0;0;10;0;4
bg;4;108;0;0;8060;2;38;0;31;4
bg;4;108;0;1;8059;2;16;0;8;4
obj;4;108;0;0;0;87;0;0;1222;7194;0;0;0;7;0;27
obj;4;108;0;1;1;87;0;0;1223;7195;0;0;0;24;0;20
obj;4;109;0;0;0;333;16;0;0;6;2;0;0;28;0;48
coord;4;109;0;0;5;22;0;6;1;48;1;16676
obj;4;110;0;0;0;331;16;0;0;2;2;0;0;17;0;24
obj;4;110;0;1;1;325;14;0;0;3;0;0;0;15;0;20
obj;4;110;0;2;2;220;16;0;0;4;2;0;0;11;0;19
obj;4;110;0;3;3;220;15;0;0;5;1;0;0;11;0;15
obj;4;110;0;4;4;220;17;1;0;3042;3;0;0;5;0;10
obj;4;110;0;5;5;87;0;0;1061;7007;0;0;0;24;0;16
obj;4;111;0;0;0;220;0;0;0;1;1;0;0;8;0;8
coord;4;111;0;0;2;7;0;3;1;12;0;16627
coord;4;111;0;1;2;12;0;1;4;7;0;16627
bg;4;112;0;0;7;0;3;0;4;0
bg;4;112;0;1;8;0;21;0;4;0
obj;4;112;0;0;0;427;0;0;0;1;2;0;0;5;0;12
obj;4;112;0;1;1;427;14;0;440;2;0;0;0;8;0;12
obj;4;112;0;2;2;427;14;0;440;3;0;0;0;13;0;12
obj;4;112;0;3;3;322;17;0;440;5;3;0;0;18;0;8
obj;4;112;0;4;4;320;16;0;440;4;2;0;0;21;0;8
obj;4;112;0;5;5;148;0;0;445;0;3;0;0;26;0;25
obj;4;112;0;6;6;222;16;0;444;6;2;0;0;23;0;5
obj;4;112;0;7;7;354;0;0;792;11;2;0;0;15;0;12
coord;4;112;0;0;10;23;0;1;1;5;3;16503
bg;4;113;0;0;3;1;845;256;266;4
bg;4;113;0;1;1;1;845;256;286;4
bg;4;113;0;2;2;1;856;256;287;4
bg;4;113;0;3;4;1;859;256;292;4
bg;4;113;0;4;8146;2;858;256;296;4
bg;4;113;0;5;8149;2;838;256;263;4
bg;4;113;0;6;8148;2;840;256;278;4
bg;4;113;0;7;8147;2;834;256;314;4
bg;4;113;0;8;8150;2;839;256;311;4
obj;4;113;0;0;0;351;17;1;0;3041;3;0;0;838;256;290
obj;4;113;0;1;1;87;0;0;1146;7011;0;0;0;851;256;274
obj;4;113;0;2;2;85;0;0;16;10001;0;0;0;840;256;262
obj;4;113;0;3;3;85;0;0;17;10001;0;0;0;839;256;263
obj;4;113;0;4;4;85;0;0;19;10001;0;0;0;842;256;264
obj;4;113;0;5;5;85;0;0;21;10001;0;0;0;833;256;272
obj;4;113;0;6;6;85;0;0;22;10001;0;0;0;832;256;273
obj;4;113;0;7;7;87;0;0;1147;7012;0;0;0;834;256;273
obj;4;113;0;8;8;328;14;0;638;5;0;0;0;851;256;284
obj;4;113;0;9;9;386;0;0;742;0;1;0;0;857;256;285
coord;4;113;0;0;8;857;256;1;1;286;1;16635
bg;4;114;0;0;8027;2;17;0;8;4
obj;4;114;0;0;0;233;15;0;426;1;1;0;0;17;0;8
obj;4;114;0;1;1;328;14;0;638;2;0;0;0;16;0;10
obj;4;115;0;0;0;329;2;0;0;2;2;0;0;9;0;12
obj;4;115;0;1;1;348;2;0;0;1;2;3;0;4;0;5
bg;4;116;0;0;10;0;1;0;3;4
obj;4;116;0;0;0;288;0;0;0;0;0;2;0;8;65536;3
obj;4;116;0;1;1;349;0;0;0;0;0;0;0;7;65536;3
obj;4;116;0;2;2;349;0;0;0;1;0;0;0;8;65536;4
obj;4;116;0;3;3;349;0;0;0;0;0;0;0;7;65536;4
obj;4;116;0;4;4;344;0;0;498;4;0;0;0;3;0;8
obj;4;116;0;5;5;168;0;0;498;3;1;0;0;6;0;3
obj;4;116;0;6;6;331;0;0;487;5;3;0;0;2;0;4
obj;4;116;0;7;7;364;0;0;504;6;3;0;0;5;0;7
obj;4;116;0;8;8;1028;0;0;504;8;3;0;0;6;0;7
bg;4;117;0;0;13;0;16;0;55;0
bg;4;117;0;1;14;1;14;0;43;4
bg;4;117;0;2;8030;2;15;0;37;4
bg;4;117;0;3;8031;2;36;0;26;4
bg;4;117;0;4;8032;2;39;0;12;4
bg;4;117;0;5;8033;2;33;0;14;4
bg;4;117;0;6;8211;2;50;0;30;4
bg;4;117;0;7;8212;2;28;0;26;4
bg;4;117;0;8;8213;2;10;0;32;4
bg;4;117;0;9;8214;2;53;0;48;4
bg;4;117;0;10;8215;2;42;0;17;4
obj;4;117;0;0;0;1017;17;0;423;2;3;0;0;25;0;62
obj;4;117;0;1;1;332;0;0;0;3;0;0;0;36;0;37
obj;4;117;0;2;2;1017;15;0;424;6;1;0;0;41;0;54
obj;4;117;0;3;3;146;15;0;429;11;1;0;0;15;0;64
obj;4;117;0;4;4;344;14;0;431;12;0;0;0;11;0;75
obj;4;117;0;5;5;86;0;0;16;10000;0;0;0;16;0;62
obj;4;117;0;6;6;87;0;0;1077;7043;0;0;0;42;0;73
obj;4;117;0;7;7;87;0;0;1084;7044;0;0;0;27;0;42
obj;4;117;0;8;8;87;0;0;1085;7045;0;0;0;20;0;30
obj;4;117;0;9;9;87;0;0;1086;7046;0;0;0;47;0;16
obj;4;117;0;10;10;1017;15;0;467;15;1;0;0;14;0;64
obj;4;117;0;11;11;1017;15;0;468;15;1;0;0;13;0;64
obj;4;117;0;12;12;232;2;0;573;0;1;0;0;38;0;16
obj;4;117;0;13;13;328;14;0;638;19;0;0;0;11;0;24
obj;4;117;0;14;14;1046;0;0;667;20;1;0;0;16;0;52
obj;4;117;0;15;15;330;0;0;668;21;1;0;0;11;0;48
obj;4;117;0;16;16;101;0;0;784;0;1;0;0;10;0;47
obj;4;117;0;17;17;1032;0;0;784;0;1;0;0;10;0;46
coord;4;117;0;0;4;25;0;2;2;66;1;16537
coord;4;117;0;1;5;28;0;2;2;63;1;16539
coord;4;117;0;2;9;46;0;2;2;64;1;16541
coord;4;117;0;3;7;50;0;2;2;49;1;16538
coord;4;117;0;4;8;52;0;2;2;53;1;16540
coord;4;117;0;5;10;45;0;2;2;53;1;16542
coord;4;117;0;6;16;40;0;2;1;20;0;16617
coord;4;117;0;7;17;37;0;1;1;42;0;16618
coord;4;117;0;8;18;15;0;1;2;65;1;16628
obj;4;118;0;0;0;325;3;0;0;2;1;1;1;3;0;25
obj;4;118;0;1;1;322;5;0;0;1;1;1;0;9;0;8
obj;4;118;0;2;2;101;0;0;712;0;2;0;0;9;0;4
obj;4;118;0;3;3;1032;0;0;712;0;2;0;0;9;0;4
bg;4;119;0;0;8043;2;27;0;42;4
bg;4;119;0;1;8044;2;58;0;46;4
obj;4;119;0;0;0;87;0;0;1173;7111;0;0;0;34;0;20
obj;4;119;0;1;1;87;0;0;1174;7112;0;0;0;67;0;30
bg;4;120;0;0;8070;2;17;0;18;4
bg;4;120;0;1;8072;2;48;0;5;4
obj;4;120;0;0;0;87;0;0;1111;7149;0;0;0;47;0;10
obj;4;120;0;1;1;328;15;0;0;1;1;0;0;47;0;7
obj;4;120;0;2;2;232;15;0;569;3;1;0;0;55;0;29
obj;4;120;0;3;3;87;0;0;1204;7150;0;0;0;53;0;15
obj;4;120;0;4;4;87;0;0;1205;7151;0;0;0;53;0;35
obj;4;120;0;5;5;328;14;0;638;4;0;0;0;38;0;21
coord;4;120;0;0;5;47;0;1;1;6;0;16640
bg;4;121;0;0;8073;2;47;0;44;4
obj;4;121;0;0;0;87;0;0;1162;7093;0;0;0;22;0;47
obj;4;121;0;1;1;87;0;0;1161;7092;0;0;0;48;0;21
bg;4;122;0;0;8076;2;45;0;45;4
bg;4;122;0;1;8077;2;10;0;39;4
bg;4;122;0;2;8201;2;45;0;17;4
obj;4;122;0;0;0;87;0;0;1241;7232;0;0;0;54;0;15
obj;4;122;0;1;1;328;14;0;638;1;0;0;0;12;0;40
bg;4;123;0;0;8016;2;14;0;9;4
bg;4;123;0;1;8017;2;9;0;52;4
bg;4;123;0;2;8018;2;48;0;16;4
obj;4;123;0;0;0;168;2;0;0;1;1;0;0;16;0;12
obj;4;123;0;1;1;87;0;0;1113;7166;0;0;0;14;0;49
obj;4;123;0;2;2;87;0;0;1114;7167;0;0;0;42;0;44
bg;4;124;0;0;8080;2;26;0;35;4
bg;4;124;0;1;8079;2;18;0;33;4
obj;4;124;0;0;0;87;0;0;1119;7178;0;0;0;34;0;14
obj;4;124;0;1;1;87;0;0;1120;7179;0;0;0;35;0;33
obj;4;124;0;2;2;87;0;0;1121;7180;0;0;0;42;0;40
obj;4;124;0;3;3;84;0;0;0;10002;0;0;0;43;0;52
obj;4;124;0;4;4;84;0;0;0;10002;0;0;0;25;0;17
obj;4;124;0;5;5;84;0;0;0;10002;0;0;0;24;0;15
obj;4;126;0;0;0;349;0;0;0;0;0;0;0;27;589824;11
obj;4;126;0;1;1;87;0;0;1116;7173;0;0;0;23;0;12
obj;4;127;0;0;0;328;15;0;0;1;1;0;0;5;0;5
coord;4;128;0;0;0;8;0;1;1;14;1;16385
obj;4;131;0;0;0;286;15;0;0;9203;1;0;0;4;0;4
obj;4;131;0;1;1;336;15;0;0;9202;1;0;0;8;0;4
obj;4;131;0;2;2;336;15;0;0;9201;1;0;0;12;0;4
obj;4;132;0;0;0;394;15;0;0;2;1;0;0;5;0;4
obj;4;133;0;0;0;344;17;0;0;1;3;0;0;5;0;5
obj;4;133;0;1;1;325;4;0;0;2;1;0;1;9;0;5
obj;4;134;0;0;0;394;17;0;0;2;3;0;0;1;0;8
obj;4;134;0;1;1;146;3;0;0;3;0;1;1;7;0;6
bg;4;135;0;0;4;0;12;0;26;0
bg;4;135;0;1;4;0;18;0;26;0
obj;4;135;0;0;0;352;15;0;745;2;1;0;0;15;0;4
obj;4;135;0;1;1;323;0;1;0;3049;3;0;0;12;0;15
obj;4;135;0;2;2;323;0;1;0;3028;2;0;0;18;0;11
obj;4;135;0;3;3;168;15;0;740;3;1;0;0;17;0;26
obj;4;135;0;4;4;168;15;0;739;6;1;0;0;15;0;20
coord;4;135;0;0;5;15;0;1;1;20;0;16384
bg;4;136;0;0;2;0;10;0;9;0
bg;4;136;0;1;2;0;4;0;9;0
obj;4;136;0;0;0;168;15;0;0;1;1;0;0;9;0;9
bg;4;137;0;0;4;0;2;0;24;0
bg;4;137;0;1;4;0;8;0;24;0
obj;4;137;0;0;0;354;15;0;748;1;1;0;0;13;0;4
obj;4;137;0;1;1;319;16;1;0;3070;2;0;0;14;0;15
obj;4;137;0;2;2;319;17;1;0;3021;3;0;0;9;0;18
obj;4;137;0;3;3;326;17;1;0;3004;3;0;0;6;196608;11
obj;4;137;0;4;4;326;16;1;0;3069;2;0;0;24;0;18
obj;4;137;0;5;5;168;0;0;0;3;1;0;0;7;196608;23
coord;4;137;0;0;2;13;0;1;1;11;1;16650
bg;4;138;0;0;7;0;4;0;25;0
bg;4;138;0;1;7;0;8;0;25;0
obj;4;138;0;0;0;357;15;0;473;1;1;0;0;6;0;5
obj;4;138;0;1;1;319;0;0;477;5;2;0;0;9;0;15
obj;4;138;0;2;2;341;0;0;476;4;3;0;0;3;0;23
obj;4;138;0;3;3;168;0;0;0;6;1;0;0;9;0;25
coord;4;138;0;0;3;5;0;3;1;15;2;16654
coord;4;138;0;1;2;5;0;3;1;23;1;16654
bg;4;139;0;0;3;0;10;0;2;4
bg;4;139;0;1;4;0;11;0;18;0
bg;4;139;0;2;4;0;15;0;18;0
obj;4;139;0;0;0;356;15;0;747;1;1;0;0;13;0;10
obj;4;139;0;1;1;344;20;1;0;3155;2;3;0;6;0;9
obj;4;139;0;2;2;344;17;1;0;3156;3;0;0;18;0;7
obj;4;139;0;3;3;344;16;1;0;3250;2;0;0;7;0;5
obj;4;139;0;4;4;344;20;1;0;3158;3;4;0;15;0;3
obj;4;140;0;0;0;358;15;0;750;1;1;0;0;7;0;4
obj;4;140;0;1;1;406;15;0;0;0;1;0;0;4;0;13
obj;4;140;0;2;2;406;15;0;0;0;1;0;0;6;0;13
obj;4;140;0;3;3;225;4;1;0;3481;1;0;0;2;0;16
obj;4;140;0;4;4;225;15;1;0;3483;1;0;0;9;0;12
obj;4;140;0;5;5;406;15;0;0;0;1;0;0;9;0;16
obj;4;140;0;6;6;33;17;1;0;3480;3;0;0;3;0;9
bg;4;141;0;0;6;0;11;0;86;0
bg;4;141;0;1;6;0;15;0;86;0
obj;4;141;0;0;0;359;15;0;751;1;1;0;0;12;0;3
obj;4;141;0;1;1;324;7;1;0;3109;3;0;0;11;0;66
obj;4;141;0;2;2;327;16;1;0;3116;2;0;0;8;0;61
obj;4;141;0;3;3;324;4;1;0;3111;1;0;0;20;0;54
obj;4;141;0;4;4;327;8;1;0;3118;2;0;0;21;0;45
obj;4;141;0;5;5;324;17;1;0;3110;1;0;0;13;0;40
obj;4;141;0;6;6;168;15;0;0;4;1;0;0;15;0;82
coord;4;141;0;0;3;5;0;1;1;9;0;16657
coord;4;141;0;1;3;23;0;1;1;41;0;16657
coord;4;141;0;2;3;3;0;1;1;62;0;16657
coord;4;141;0;3;5;12;0;3;1;82;0;16672
obj;4;142;0;0;0;394;17;0;0;1;3;0;0;1;0;8
obj;4;143;0;0;0;341;0;0;0;1;2;0;0;9;0;7
obj;4;143;0;1;1;366;0;0;405;0;3;0;0;8;0;7
obj;4;144;0;0;0;286;15;0;0;9203;1;0;0;4;0;4
obj;4;144;0;1;1;336;15;0;0;9202;1;0;0;8;0;4
obj;4;144;0;2;2;336;15;0;0;9201;1;0;0;12;0;4
bg;4;145;0;0;8093;2;4;0;40;4
bg;4;145;0;1;8094;2;60;0;44;4
bg;4;145;0;2;8095;2;24;0;36;4
obj;4;145;0;0;0;87;0;0;1257;7242;0;0;0;43;0;18
obj;4;145;0;1;1;87;0;0;1260;7244;0;0;0;9;0;18
obj;4;145;0;2;2;87;0;0;1259;7243;0;0;0;21;0;43
obj;4;145;0;3;3;87;0;0;1261;7245;0;0;0;24;0;6
obj;4;145;0;4;4;85;0;0;16;10001;0;0;0;6;0;40
obj;4;145;0;5;5;85;0;0;17;10001;0;0;0;5;0;41
obj;4;145;0;6;6;85;0;0;18;10001;0;0;0;5;0;39
obj;4;145;0;7;7;85;0;0;19;10001;0;0;0;7;0;42
obj;4;145;0;8;8;85;0;0;20;10001;0;0;0;11;0;39
obj;4;145;0;9;9;85;0;0;21;10001;0;0;0;10;0;42
obj;4;145;0;10;10;85;0;0;16;10001;0;0;0;11;0;37
bg;4;146;0;0;8088;2;56;0;19;4
bg;4;147;0;0;8085;2;11;0;71;4
bg;4;147;0;1;8087;2;26;0;41;4
bg;4;147;0;2;8216;2;12;0;46;4
bg;4;147;0;3;8217;2;47;0;46;4
bg;4;147;0;4;8218;2;49;0;18;4
bg;4;147;0;5;8219;2;32;0;57;4
bg;4;147;0;6;8220;2;50;0;58;4
obj;4;147;0;0;0;353;0;0;611;1;1;0;0;25;0;71
obj;4;147;0;1;1;87;0;0;1234;7214;0;0;0;23;0;17
obj;4;147;0;2;2;87;0;0;1235;7215;0;0;0;42;0;32
obj;4;147;0;3;3;87;0;0;1237;7216;0;0;0;20;0;49
obj;4;147;0;4;4;87;0;0;1238;7217;0;0;0;50;0;60
obj;4;147;0;5;5;86;0;0;16;10000;0;0;0;23;0;70
obj;4;147;0;6;6;86;0;0;17;10000;0;0;0;42;0;70
obj;4;147;0;7;7;318;16;1;0;3694;2;0;0;48;0;73
obj;4;147;0;8;8;318;15;1;0;3695;1;0;0;47;0;54
obj;4;147;0;9;9;318;17;1;0;3696;3;0;0;47;0;39
obj;4;147;0;10;10;318;41;1;0;3697;0;5;1;37;0;17
obj;4;147;0;11;11;318;17;1;0;3698;3;0;0;14;0;28
obj;4;149;0;0;0;394;15;0;0;1;1;0;0;6;0;4
obj;4;149;0;1;1;146;5;0;0;2;2;1;0;4;0;8
bg;4;151;0;0;8039;2;144;352;396;4
bg;4;151;0;1;8040;2;176;352;395;4
obj;4;151;0;0;0;87;0;0;1267;7103;0;0;0;181;352;395
obj;4;151;0;1;1;87;0;0;1281;7104;0;0;0;172;352;385
obj;4;151;0;2;2;87;0;0;1282;7105;0;0;0;142;352;399
obj;4;151;0;3;3;87;0;0;1283;7106;0;0;0;142;352;363
obj;4;151;0;4;4;333;0;0;719;2;3;0;0;150;352;390
obj;4;151;0;5;5;128;0;0;735;4;0;0;0;163;852320;390
obj;4;151;0;6;6;324;0;1;0;3729;2;0;0;195;852320;384
obj;4;151;0;7;7;327;0;1;0;5729;2;0;0;195;852320;383
obj;4;151;0;8;8;345;17;1;0;3731;3;0;0;181;352;390
obj;4;151;0;9;9;323;0;1;0;3728;1;0;0;164;352;364
obj;4;151;0;10;10;326;0;1;0;5728;1;0;0;165;352;364
obj;4;151;0;11;11;333;8;1;0;3730;1;0;0;199;352;392
obj;4;151;0;12;12;356;0;0;772;5;0;0;0;144;352;371
bg;4;152;0;0;3;1;167;320;336;4
obj;4;152;0;0;0;87;0;0;1284;7107;0;0;0;139;320;336
obj;4;152;0;1;1;328;14;0;638;1;0;0;0;165;320;343
obj;4;152;0;2;0;322;2;0;174;65535;1;0;0;149;320;313
obj;4;152;0;3;8;326;16;0;174;65535;2;0;0;161;320;314
obj;4;152;0;4;10;1015;16;0;174;65535;2;0;0;162;320;314
obj;4;152;0;5;6;330;15;0;174;65535;1;0;0;159;320;311
bg;4;153;0;0;8153;2;20;0;43;4
bg;4;153;0;1;8155;2;24;0;15;4
obj;4;153;0;0;0;333;7;1;0;3202;3;0;0;13;0;4
obj;4;153;0;1;1;333;9;1;0;3203;1;0;0;21;0;19
obj;4;153;0;2;2;377;16;1;0;3200;2;0;0;7;0;59
obj;4;153;0;3;3;377;16;1;0;3201;2;0;0;26;0;58
obj;4;153;0;4;4;84;0;0;16;10002;0;0;0;6;0;13
obj;4;153;0;5;5;87;0;0;1072;7038;0;0;0;11;0;42
obj;4;153;0;6;6;87;0;0;1071;7037;0;0;0;27;0;30
bg;4;154;0;0;8156;2;3;0;81;4
bg;4;154;0;1;8157;2;4;0;59;4
obj;4;154;0;0;0;324;16;1;0;3204;2;0;0;24;0;77
obj;4;154;0;1;1;327;8;1;0;3205;1;0;0;6;0;62
obj;4;154;0;2;2;327;15;1;0;3362;1;0;0;4;0;83
obj;4;154;0;3;3;390;3;0;778;1;3;2;2;18;0;88
obj;4;154;0;4;4;87;0;0;1082;7039;0;0;0;25;0;43
obj;4;154;0;5;5;87;0;0;1083;7040;0;0;0;17;0;73
obj;4;155;0;0;0;220;15;1;0;3050;1;0;0;20;0;13
obj;4;155;0;1;1;220;16;1;0;3051;2;0;0;13;0;27
obj;4;155;0;2;2;87;0;0;1062;7008;0;0;0;6;0;9
obj;4;156;0;0;0;220;16;1;0;3052;2;0;0;18;0;25
obj;4;156;0;1;1;220;17;1;0;3054;3;0;0;13;0;22
obj;4;156;0;2;2;220;15;1;0;3053;1;0;0;17;0;19
obj;4;156;0;3;3;387;15;0;0;3;1;0;0;12;0;9
obj;4;156;0;4;4;87;0;0;1063;7009;0;0;0;11;0;27
obj;4;156;0;5;5;87;0;0;1064;7010;0;0;0;19;0;8
obj;4;156;0;6;6;148;14;0;419;0;0;0;0;12;0;12
coord;4;156;0;0;2;13;0;1;1;17;0;16548
obj;4;157;0;0;0;331;5;0;0;4;2;1;0;7;0;4
obj;4;157;0;1;1;324;4;0;0;5;2;0;1;10;0;10
obj;4;157;0;2;2;334;17;0;0;1;3;0;0;2;0;6
obj;4;157;0;3;3;334;17;0;0;2;3;0;0;2;0;4
obj;4;157;0;4;4;29;0;0;407;3;1;0;0;6;0;8
obj;4;157;0;5;5;299;0;0;680;10202;1;0;1;3;0;8
obj;4;157;0;6;6;193;0;0;679;10201;1;0;1;2;0;8
bg;4;158;0;0;0;0;4;0;8;3
obj;4;158;0;0;0;322;5;0;0;2;2;1;0;14;0;13
obj;4;158;0;1;1;341;15;0;0;3;1;0;0;6;0;14
obj;4;158;0;2;2;146;3;0;0;4;3;1;1;3;0;17
obj;4;158;0;3;3;335;15;0;0;1;1;0;0;8;0;11
obj;4;158;0;4;4;336;15;0;0;9017;1;0;0;2;0;4
obj;4;158;0;5;5;336;15;0;0;9003;1;0;0;6;0;4
obj;4;158;0;6;6;336;15;0;0;9001;1;0;0;11;0;4
obj;4;158;0;7;7;335;0;0;403;2025;2;0;0;13;0;17
obj;4;158;0;8;8;384;2;0;0;5;1;1;0;12;0;11
obj;4;158;0;9;9;324;2;0;0;6;1;1;0;1;0;10
bg;4;159;0;0;2;0;6;0;2;0
bg;4;159;0;1;2;0;5;0;2;0
bg;4;159;0;2;2;0;7;0;2;0
bg;4;159;0;3;3;0;9;0;6;4
obj;4;159;0;0;0;332;15;0;411;1;1;0;0;4;0;4
obj;4;159;0;1;1;146;0;0;0;5;0;0;0;9;0;7
obj;4;159;0;2;2;146;0;0;0;6;0;0;0;4;0;7
obj;4;159;0;3;3;367;0;0;0;7;2;0;0;8;0;9
obj;4;159;0;4;4;367;0;0;0;8;3;0;0;7;0;9
obj;4;159;0;5;5;323;2;0;0;9300;1;0;0;13;0;8
obj;4;159;0;6;6;320;0;0;0;4;0;0;0;3;0;9
obj;4;160;0;0;0;325;14;0;0;2;0;0;0;5;0;5
obj;4;160;0;1;1;319;16;0;0;3;2;0;0;7;0;3
obj;4;160;0;2;2;995;5;0;0;4;2;1;0;5;0;3
obj;4;162;0;0;0;328;15;0;0;3;1;0;0;8;0;6
obj;4;162;0;1;1;146;3;0;0;2;1;1;1;2;0;5
obj;4;163;0;0;0;344;9;0;430;1;3;0;0;2;0;6
obj;4;163;0;1;1;146;2;0;428;2;2;0;0;5;0;5
obj;4;163;0;2;2;1017;3;0;428;3;0;1;1;8;0;7
obj;4;163;0;3;3;1017;2;0;428;3;0;0;0;9;0;5
bg;4;164;0;0;5;0;9;0;2;0
bg;4;164;0;1;7;0;6;0;3;4
obj;4;164;0;0;0;233;15;0;414;2;1;0;0;4;0;4
obj;4;164;0;1;1;316;2;0;0;3;2;0;0;6;0;5
obj;4;164;0;2;2;1015;14;0;427;4;0;0;0;7;0;5
obj;4;165;0;0;0;334;17;0;0;1;3;0;0;2;0;6
obj;4;165;0;1;1;324;14;0;0;3;0;0;0;10;0;3
obj;4;165;0;2;2;315;5;0;0;4;2;1;0;6;0;8
obj;4;165;0;3;3;334;17;0;0;2;3;0;0;2;0;4
obj;4;165;0;4;4;299;0;0;680;10202;1;1;0;3;0;8
obj;4;165;0;5;5;193;0;0;679;10201;1;1;0;2;0;8
bg;4;166;0;0;0;0;4;0;8;3
obj;4;166;0;0;0;329;3;0;0;2;3;1;1;5;0;16
obj;4;166;0;1;1;347;15;0;0;3;1;0;0;12;0;12
obj;4;166;0;2;2;341;2;0;0;4;0;0;0;10;0;15
obj;4;166;0;3;3;336;15;0;0;9017;1;0;0;2;0;4
obj;4;166;0;4;4;336;15;0;0;9003;1;0;0;6;0;4
obj;4;166;0;5;5;336;15;0;0;9001;1;0;0;11;0;4
obj;4;166;0;6;6;335;15;0;0;1;1;0;0;8;0;11
obj;4;167;0;0;0;286;15;0;0;9203;1;0;0;4;0;4
obj;4;167;0;1;1;336;15;0;0;9202;1;0;0;8;0;4
obj;4;167;0;2;2;336;15;0;0;9201;1;0;0;12;0;4
obj;4;168;0;0;0;286;15;0;0;9203;1;0;0;4;0;4
obj;4;168;0;1;1;336;15;0;0;9202;1;0;0;8;0;4
obj;4;168;0;2;2;336;15;0;0;9201;1;0;0;12;0;4
bg;4;169;0;0;0;0;4;0;8;3
obj;4;169;0;0;0;336;15;0;0;9017;1;0;0;2;0;4
obj;4;169;0;1;1;336;15;0;0;9003;1;0;0;6;0;4
obj;4;169;0;2;2;336;15;0;0;9001;1;0;0;11;0;4
obj;4;169;0;3;3;335;15;0;0;1;1;0;0;8;0;11
obj;4;169;0;4;4;347;15;0;0;2;1;0;0;4;0;15
obj;4;169;0;5;5;327;15;0;0;4;1;0;0;12;0;12
obj;4;169;0;6;6;328;0;0;0;3;3;0;0;1;0;18
obj;4;170;0;0;0;286;15;0;0;9203;1;0;0;4;0;4
obj;4;170;0;1;1;336;15;0;0;9202;1;0;0;8;0;4
obj;4;170;0;2;2;336;15;0;0;9201;1;0;0;12;0;4
obj;4;171;0;0;0;319;4;0;0;3;1;0;2;4;0;7
obj;4;171;0;1;1;325;16;0;0;1;2;0;0;9;0;7
obj;4;171;0;2;2;994;16;0;0;2;2;0;0;9;0;8
obj;4;172;0;0;0;394;15;0;0;2;1;0;0;6;0;4
bg;4;173;0;0;6;0;9;0;6;0
obj;4;173;0;0;0;394;17;0;0;1;3;0;0;1;0;12
obj;4;173;0;1;1;394;15;0;0;3;1;0;0;10;0;7
obj;4;173;0;2;2;394;15;0;0;2;1;0;0;4;0;4
obj;4;173;0;3;3;394;15;0;0;4;1;0;0;21;0;4
obj;4;173;0;4;4;394;15;0;0;5;1;0;0;18;0;4
obj;4;173;0;5;5;341;15;0;0;11;1;0;0;7;0;12
obj;4;173;0;6;6;394;16;0;0;12;2;0;0;22;0;8
bg;4;174;0;0;12;1;155;256;294;4
bg;4;174;0;1;8041;2;142;256;305;4
bg;4;174;0;2;8130;2;150;256;300;4
bg;4;174;0;3;8131;2;164;256;299;4
obj;4;174;0;0;0;322;2;0;0;1;1;0;0;149;256;313
obj;4;174;0;1;1;341;2;0;0;4;1;0;0;143;256;295
obj;4;174;0;2;2;1004;2;0;0;5;1;0;0;142;256;295
obj;4;174;0;3;3;1022;0;0;0;3;1;0;0;161;256;299
obj;4;174;0;4;4;329;0;0;0;2;1;0;0;160;256;299
obj;4;174;0;5;5;315;0;0;0;6;1;0;0;159;256;305
obj;4;174;0;6;6;330;15;0;0;7;1;0;0;159;256;311
obj;4;174;0;7;7;325;0;0;0;8;1;0;0;146;256;310
obj;4;174;0;8;8;326;16;0;0;10;2;0;0;161;256;314
obj;4;174;0;9;9;994;0;0;0;9;1;0;0;145;256;310
obj;4;174;0;10;10;1015;16;0;0;11;2;0;0;162;256;314
obj;4;174;0;11;11;316;3;0;0;13;1;2;1;150;256;303
obj;4;174;0;12;12;328;14;0;638;14;0;0;0;151;256;300
obj;4;174;0;13;13;40;0;0;793;16;1;0;0;158;256;294
obj;4;174;0;14;14;40;0;0;793;17;1;0;0;159;256;294
bg;4;176;0;0;8014;2;12;0;11;4
bg;4;176;0;1;8015;2;59;0;26;4
obj;4;176;0;0;0;84;0;0;0;10002;0;0;0;28;0;20
obj;4;176;0;1;1;85;0;0;17;10001;0;0;0;17;0;17
obj;4;176;0;2;2;85;0;0;18;10001;0;0;0;40;0;13
obj;4;176;0;3;3;85;0;0;19;10001;0;0;0;55;0;53
obj;4;176;0;4;4;87;0;0;1218;7168;0;0;0;10;0;13
obj;4;176;0;5;5;87;0;0;1219;7169;0;0;0;51;0;15
obj;4;176;0;6;6;87;0;0;1220;7170;0;0;0;56;0;43
obj;4;176;0;7;7;87;0;0;1221;7171;0;0;0;46;0;51
obj;4;176;0;8;8;87;0;0;1292;7172;0;0;0;17;0;25
obj;4;176;0;9;9;85;0;0;16;10001;0;0;0;17;0;18
bg;4;177;0;0;8028;2;38;0;15;4
bg;4;177;0;1;8029;2;36;0;19;4
obj;4;177;0;0;0;84;0;0;0;10002;0;0;0;23;0;3
obj;4;177;0;1;1;222;15;1;425;3100;1;0;0;42;0;11
obj;4;177;0;2;2;222;17;1;425;3011;3;0;0;27;0;9
obj;4;177;0;3;3;221;16;1;425;3012;2;0;0;37;0;7
obj;4;177;0;4;4;294;15;0;425;3;1;0;0;27;0;3
obj;4;177;0;5;5;414;15;0;469;2;1;0;0;31;0;6
obj;4;177;0;6;6;414;15;0;469;1;1;0;0;29;0;3
obj;4;177;0;7;7;233;15;0;426;0;1;0;0;21;0;26
obj;4;177;0;8;8;87;0;0;1075;7041;0;0;0;34;0;5
bg;4;178;0;0;8185;2;15;0;27;4
bg;4;178;0;1;8186;2;28;0;38;4
bg;4;178;0;2;8189;2;57;0;42;4
obj;4;178;0;0;0;87;0;0;1122;7181;0;0;0;13;0;24
obj;4;178;0;1;1;87;0;0;1123;7182;0;0;0;31;0;36
obj;4;178;0;2;2;87;0;0;1124;7183;0;0;0;44;0;24
obj;4;178;0;3;3;84;0;0;0;10002;0;0;0;9;0;25
obj;4;178;0;4;4;84;0;0;0;10002;0;0;0;50;0;28
bg;4;179;0;0;8187;2;59;0;40;4
bg;4;179;0;1;8188;2;43;0;18;4
obj;4;179;0;0;0;148;0;0;522;2;0;0;0;33;0;29
obj;4;179;0;1;1;87;0;0;1125;7184;0;0;0;46;0;19
obj;4;179;0;2;2;87;0;0;1126;7185;0;0;0;33;0;36
obj;4;179;0;3;3;87;0;0;1127;7186;0;0;0;25;0;15
obj;4;179;0;4;4;85;0;0;16;10001;0;0;0;33;0;31
obj;4;179;0;5;5;85;0;0;17;10001;0;0;0;33;0;32
obj;4;179;0;6;6;85;0;0;18;10001;0;0;0;33;0;33
obj;4;179;0;7;7;85;0;0;19;10001;0;0;0;43;0;19
obj;4;179;0;8;8;85;0;0;20;10001;0;0;0;45;0;21
obj;4;179;0;9;9;85;0;0;21;10001;0;0;0;47;0;20
obj;4;179;0;10;10;85;0;0;22;10001;0;0;0;42;0;21
coord;4;179;0;0;1;37;0;3;1;21;0;16581
coord;4;179;0;1;3;55;0;1;1;42;0;16585
coord;4;179;0;2;4;26;0;1;1;38;0;16585
coord;4;179;0;3;5;29;0;1;1;44;0;16585
coord;4;179;0;4;6;20;0;1;1;18;0;16585
coord;4;179;0;5;7;56;0;1;1;28;0;16585
bg;4;180;0;0;15;0;4;0;7;4
bg;4;180;0;1;15;0;11;0;8;4
bg;4;180;0;2;15;0;11;0;18;4
bg;4;180;0;3;16;0;2;0;18;4
obj;4;180;0;0;0;318;0;1;0;3067;1;0;0;15;0;22
obj;4;180;0;1;1;318;0;1;0;3066;3;0;0;7;0;20
obj;4;180;0;2;2;316;0;1;0;5009;1;0;0;3;0;7
obj;4;180;0;3;3;316;0;1;0;3009;1;0;0;2;0;7
obj;4;180;0;4;4;318;0;1;0;3068;1;0;0;15;0;7
obj;4;180;0;5;5;353;0;0;746;2;1;0;0;9;0;5
coord;4;180;0;0;3;3;0;1;1;32;0;16384
coord;4;180;0;1;4;9;0;1;1;32;0;16384
coord;4;180;0;2;5;15;0;1;1;32;0;16384
coord;4;180;0;3;6;3;0;1;1;24;0;16384
coord;4;180;0;4;7;9;0;1;1;24;0;16384
coord;4;180;0;5;8;15;0;1;1;24;0;16384
coord;4;180;0;6;9;3;0;1;1;17;0;16384
coord;4;180;0;7;10;9;0;1;1;17;0;16384
coord;4;180;0;8;11;15;0;1;1;17;0;16384
coord;4;180;0;9;12;3;0;1;1;9;0;16384
coord;4;180;0;10;13;9;0;1;1;9;0;16384
coord;4;180;0;11;14;15;0;1;1;9;0;16384
obj;4;181;0;0;0;338;3;0;0;1;2;1;1;10;0;7
obj;4;181;0;1;1;87;0;0;1076;7042;0;0;0;25;0;9
bg;4;182;0;0;2;0;1;0;5;4
bg;4;182;0;1;2;0;2;0;5;4
bg;4;182;0;2;2;0;1;0;7;4
bg;4;182;0;3;2;0;2;0;7;4
bg;4;182;0;4;2;0;1;0;9;4
bg;4;182;0;5;2;0;2;0;9;4
bg;4;182;0;6;2;0;1;0;11;4
bg;4;182;0;7;2;0;2;0;11;4
bg;4;182;0;8;2;0;4;0;4;4
bg;4;182;0;9;2;0;4;0;3;4
bg;4;182;0;10;2;0;6;0;3;4
bg;4;182;0;11;2;0;6;0;4;4
bg;4;182;0;12;2;0;8;0;3;4
bg;4;182;0;13;2;0;8;0;4;4
bg;4;182;0;14;2;0;11;0;11;4
bg;4;182;0;15;2;0;12;0;11;4
obj;4;182;0;0;0;328;0;0;0;1;1;0;0;8;0;6
bg;4;183;0;0;13;0;4;0;10;1
bg;4;183;0;1;12;0;4;0;8;1
bg;4;183;0;2;11;0;4;0;7;1
bg;4;183;0;3;26;0;14;0;8;1
bg;4;183;0;4;24;0;10;0;10;2
bg;4;183;0;5;19;0;9;0;9;1
bg;4;183;0;6;18;0;9;0;8;1
bg;4;183;0;7;17;0;9;0;7;1
bg;4;183;0;8;16;0;5;0;10;2
bg;4;183;0;9;20;0;9;0;10;1
bg;4;183;0;10;15;0;5;0;9;2
bg;4;183;0;11;14;0;5;0;8;2
bg;4;183;0;12;25;0;14;0;7;1
bg;4;183;0;13;23;0;10;0;9;2
bg;4;183;0;14;22;0;10;0;8;2
bg;4;183;0;15;21;0;10;0;7;2
bg;4;183;0;16;27;0;14;0;9;1
bg;4;183;0;17;28;0;14;0;10;1
bg;4;183;0;18;29;0;15;0;7;2
bg;4;183;0;19;30;0;15;0;8;2
bg;4;183;0;20;31;0;15;0;9;2
bg;4;183;0;21;32;0;15;0;10;2
obj;4;183;0;0;0;334;0;0;0;1;1;0;0;7;0;3
obj;4;183;0;1;1;427;0;0;0;2;2;0;0;19;0;4
obj;4;183;0;2;2;427;0;0;0;3;2;0;0;19;0;6
obj;4;183;0;3;3;323;0;0;0;6;3;0;0;13;0;8
obj;4;183;0;4;4;327;0;0;0;7;2;0;0;16;0;10
obj;4;183;0;5;5;341;0;0;730;4;2;0;0;11;0;9
obj;4;183;0;6;6;341;0;0;0;9;1;0;0;15;0;4
obj;4;183;0;7;7;328;0;0;0;5;3;0;0;3;0;9
obj;4;183;0;8;8;332;0;0;0;10;1;0;0;10;0;15
obj;4;183;0;9;9;329;0;0;0;8;2;0;0;6;0;7
obj;4;183;0;10;10;87;0;0;1200;7059;0;0;0;2;0;15
obj;4;184;0;0;0;325;16;0;0;1;2;0;0;3;0;5
obj;4;184;0;1;1;319;0;0;464;2;1;1;0;7;0;8
bg;4;185;0;0;0;0;4;0;8;3
obj;4;185;0;0;0;335;15;0;0;1;1;0;0;8;0;11
obj;4;185;0;1;1;336;15;0;0;9017;1;0;0;2;0;4
obj;4;185;0;2;2;336;15;0;0;9003;1;0;0;6;0;4
obj;4;185;0;3;3;336;15;0;0;9001;1;0;0;11;0;4
obj;4;185;0;4;4;367;0;0;0;2;1;0;0;15;0;12
obj;4;185;0;5;5;332;2;0;0;4;2;0;0;5;0;14
obj;4;185;0;6;6;316;0;0;0;3;3;0;0;3;0;17
bg;4;186;0;0;3;0;15;0;12;0
bg;4;186;0;1;2;0;21;0;4;0
bg;4;186;0;2;1;0;8;0;4;0
obj;4;186;0;0;0;322;2;0;440;6;3;0;0;5;0;10
obj;4;186;0;1;1;326;0;0;0;5;2;0;0;24;0;7
obj;4;186;0;2;2;1004;0;0;0;4;1;0;0;20;0;5
obj;4;186;0;3;3;34;0;0;440;7;3;0;0;3;0;5
obj;4;186;0;4;4;222;0;1;439;3186;1;0;0;13;0;5
obj;4;186;0;5;5;221;0;1;439;3197;0;0;0;14;0;12
obj;4;186;0;6;6;222;18;1;439;3187;1;0;0;7;0;10
obj;4;186;0;7;7;222;0;1;439;3185;3;0;0;3;0;14
obj;4;186;0;8;8;326;0;0;0;11;1;0;0;18;0;12
obj;4;186;0;9;9;325;0;0;0;10;2;0;0;24;0;11
bg;4;187;0;0;2;0;5;0;4;0
bg;4;187;0;1;3;0;10;0;4;0
bg;4;187;0;2;8;0;22;0;11;0
obj;4;187;0;0;0;222;0;1;439;3188;1;0;0;9;0;5
obj;4;187;0;1;1;222;0;1;439;3189;1;0;0;17;0;12
obj;4;187;0;2;2;29;0;1;439;3470;0;0;0;13;0;14
obj;4;187;0;3;3;322;0;0;0;4;0;0;0;3;0;9
obj;4;187;0;4;4;326;0;0;0;6;2;0;0;24;0;14
obj;4;187;0;5;5;322;0;0;440;5;0;0;0;7;0;13
obj;4;187;0;6;6;222;0;1;439;3190;0;0;0;21;0;7
obj;4;187;0;7;7;257;0;0;447;7;0;0;0;23;0;11
obj;4;187;0;8;8;257;0;0;447;7;0;0;0;24;0;11
bg;4;188;0;0;2;0;10;0;4;0
bg;4;188;0;1;3;0;15;0;12;0
obj;4;188;0;0;0;29;0;1;439;3471;0;0;0;4;0;9
obj;4;188;0;1;1;222;0;1;439;3191;1;0;0;8;0;5
obj;4;188;0;2;2;221;0;1;439;8;0;0;0;24;0;11
obj;4;188;0;3;3;294;0;1;439;3705;0;0;0;23;0;8
obj;4;188;0;4;4;389;0;0;0;5;3;0;0;21;0;11
obj;4;188;0;5;5;1008;0;0;0;6;3;0;0;21;0;12
obj;4;188;0;6;6;332;0;0;440;4;0;0;0;9;0;11
obj;4;188;0;7;7;323;0;0;0;7;2;0;0;24;0;12
obj;4;188;0;8;8;87;0;0;1089;7060;0;0;0;25;0;7
bg;4;189;0;0;2;0;5;0;4;0
bg;4;189;0;1;4;0;17;0;4;0
obj;4;189;0;0;0;341;0;0;710;3;0;0;0;5;0;13
obj;4;189;0;1;1;223;0;1;439;3477;3;0;0;11;0;4
obj;4;189;0;2;2;293;0;0;711;3;0;0;0;5;0;13
obj;4;190;0;0;0;224;0;0;439;2;0;0;0;8;0;3
obj;4;190;0;1;1;341;0;0;440;0;1;0;0;25;0;1
bg;4;191;0;0;5;0;17;0;2;0
obj;4;191;0;0;0;427;0;0;0;1;3;0;0;7;0;7
obj;4;191;0;1;1;341;2;0;0;2;1;0;0;11;0;4
obj;4;191;0;2;2;329;0;0;0;3;2;0;0;22;0;6
obj;4;191;0;3;3;146;4;0;0;4;2;0;0;20;0;9
obj;4;191;0;4;4;299;0;0;680;10202;3;0;0;5;0;10
obj;4;191;0;5;5;193;0;0;679;10201;3;0;0;5;0;9
bg;4;192;0;0;6;0;17;0;2;0
obj;4;192;0;0;0;334;0;0;0;1;2;0;0;23;0;7
obj;4;192;0;1;1;334;0;0;0;2;2;0;0;23;0;5
obj;4;192;0;2;2;345;3;0;0;3;1;0;0;18;0;10
obj;4;192;0;3;3;319;3;0;0;4;1;0;0;10;0;4
obj;4;192;0;4;4;341;45;0;0;5;3;0;0;6;0;7
bg;4;193;0;0;4;0;17;0;2;0
obj;4;193;0;0;0;334;0;0;0;1;2;0;0;23;0;7
obj;4;193;0;1;1;377;3;0;0;2;2;1;0;10;0;5
obj;4;193;0;2;2;323;45;0;0;3;3;0;0;5;0;10
bg;4;194;0;0;5;0;17;0;2;0
obj;4;194;0;0;0;334;0;0;0;1;2;0;0;23;0;7
obj;4;194;0;1;1;323;3;0;0;2;0;0;0;19;0;11
obj;4;194;0;2;2;146;3;0;0;3;1;0;1;9;0;9
obj;4;194;0;3;3;367;0;0;0;4;3;0;0;1;0;4
bg;4;195;0;0;5;0;17;0;2;0
obj;4;195;0;0;0;334;0;0;0;1;2;0;0;23;0;7
obj;4;195;0;1;1;328;3;0;0;2;0;0;0;19;0;11
obj;4;195;0;2;2;332;0;0;0;4;3;0;0;2;0;6
obj;4;195;0;3;3;321;3;0;0;3;3;2;0;12;0;3
obj;4;195;0;4;4;325;0;0;446;7;2;0;0;23;0;5
bg;4;196;0;0;3;0;17;0;2;0
bg;4;196;0;1;4;0;11;0;3;0
bg;4;196;0;2;4;0;12;0;3;0
bg;4;196;0;3;4;0;13;0;3;0
obj;4;196;0;0;0;322;4;0;0;1;0;0;0;10;0;4
obj;4;196;0;1;1;320;3;0;0;2;2;0;0;17;0;9
obj;4;196;0;2;2;427;16;0;0;5;2;0;0;23;0;7
obj;4;196;0;3;3;354;0;0;623;8;1;0;0;3;0;6
obj;4;196;0;4;4;427;16;0;0;6;2;0;0;23;0;6
bg;4;197;0;0;8;0;14;0;8;0
obj;4;197;0;0;0;34;0;0;0;1;1;0;0;6;0;8
coord;4;197;0;0;5;4;0;2;3;3;2;16394
coord;4;197;0;1;3;4;0;2;3;9;2;16394
coord;4;197;0;2;3;6;0;3;3;11;2;16394
coord;4;197;0;3;4;6;0;1;2;4;3;16394
coord;4;197;0;4;2;6;0;1;1;6;0;16651
coord;4;197;0;5;4;6;0;1;2;7;1;16394
bg;4;199;0;0;8;0;23;0;30;0
bg;4;199;0;1;13;0;2;0;49;0
bg;4;199;0;2;14;0;5;0;49;0
bg;4;199;0;3;15;0;7;0;49;0
bg;4;199;0;4;16;0;9;0;49;0
bg;4;199;0;5;17;0;11;0;49;0
bg;4;199;0;6;18;0;13;0;49;0
bg;4;199;0;7;19;0;5;0;55;0
bg;4;199;0;8;20;0;7;0;55;0
bg;4;199;0;9;21;0;9;0;55;0
bg;4;199;0;10;22;0;11;0;55;0
bg;4;199;0;11;23;0;13;0;55;0
obj;4;199;0;0;0;330;0;0;432;4;2;0;0;10;0;17
obj;4;199;0;1;1;324;0;0;434;2;2;0;0;10;0;21
obj;4;199;0;2;2;323;0;0;435;3;2;0;0;10;0;22
obj;4;199;0;3;3;331;0;0;433;1;2;0;0;10;0;28
obj;4;199;0;4;4;377;0;1;440;3391;3;0;0;4;0;7
obj;4;199;0;5;5;338;0;1;440;3392;2;0;0;11;0;9
obj;4;199;0;6;6;377;0;1;440;3390;3;0;0;4;0;30
obj;4;199;0;7;7;338;0;1;440;3232;2;0;0;10;0;34
obj;4;199;0;8;8;222;0;0;436;10;1;0;0;15;0;6
obj;4;199;0;9;9;333;0;0;440;6;2;0;0;22;0;7
obj;4;199;0;10;10;328;0;0;440;7;2;0;0;22;0;8
obj;4;199;0;11;11;256;0;0;448;11;0;0;0;25;0;30
obj;4;199;0;12;12;232;0;0;567;0;3;0;0;19;0;31
obj;4;199;0;13;13;333;0;0;440;24;1;0;0;1;0;51
coord;4;199;0;0;5;15;0;1;7;7;2;16503
coord;4;199;0;1;12;16;0;1;2;31;2;16615
bg;4;200;0;0;8052;2;1;0;9;4
bg;4;200;0;1;8053;2;13;0;14;4
bg;4;200;0;2;8067;2;20;0;11;4
obj;4;200;0;0;0;344;17;0;0;1;3;0;0;17;0;14
obj;4;200;0;1;1;1014;15;0;0;3;1;0;0;19;0;14
obj;4;200;0;2;2;1014;16;0;0;3;2;0;0;5;0;14
obj;4;200;0;3;3;1014;17;0;0;3;3;0;0;5;0;17
obj;4;200;0;4;4;344;4;0;0;2;1;0;1;5;0;16
obj;4;200;0;5;5;253;0;0;0;0;0;0;0;6;0;18
obj;4;200;0;6;6;253;0;0;0;0;0;0;0;3;0;14
obj;4;200;0;7;7;253;0;0;0;0;0;0;0;19;0;16
obj;4;200;0;8;8;257;0;0;449;0;0;0;0;26;0;8
obj;4;200;0;9;9;349;0;0;0;0;0;0;0;19;0;15
obj;4;200;0;10;10;349;0;0;0;0;0;0;0;20;0;15
obj;4;200;0;11;11;349;0;0;0;0;0;0;0;20;0;16
obj;4;200;0;12;12;349;0;0;0;0;0;0;0;3;0;13
obj;4;200;0;13;13;349;0;0;0;0;0;0;0;4;0;13
obj;4;200;0;14;14;349;0;0;0;0;0;0;0;4;0;14
obj;4;200;0;15;15;349;0;0;0;0;0;0;0;6;0;17
obj;4;200;0;16;16;349;0;0;0;0;0;0;0;7;0;17
obj;4;200;0;17;17;349;0;0;0;0;0;0;0;7;0;18
obj;4;200;0;18;18;87;0;0;1091;7053;0;0;0;27;0;3
obj;4;200;0;19;19;87;0;0;1090;7052;0;0;0;12;0;4
obj;4;200;0;20;20;87;0;0;1092;7054;0;0;0;17;0;23
obj;4;200;0;21;21;87;0;0;1093;7055;0;0;0;24;0;22
bg;4;201;0;0;1;0;8;0;8;0
bg;4;201;0;1;2;0;9;0;8;0
bg;4;201;0;2;3;0;10;0;8;0
bg;4;201;0;3;4;0;23;0;14;0
obj;4;201;0;0;0;222;15;1;439;3192;1;0;0;17;0;4
obj;4;201;0;1;1;222;15;1;439;3227;1;0;0;3;0;4
obj;4;201;0;2;2;222;17;1;439;3194;3;0;0;19;0;9
obj;4;201;0;3;3;221;15;1;439;3198;1;0;0;24;0;15
obj;4;201;0;4;4;218;16;1;439;3282;2;0;0;5;0;9
obj;4;201;0;5;5;218;17;1;439;3013;3;0;0;7;0;15
obj;4;201;0;6;6;252;0;0;0;0;0;0;0;0;0;8
obj;4;201;0;7;7;251;0;0;0;0;0;0;0;6;0;8
obj;4;201;0;8;8;252;0;0;0;0;0;0;0;12;0;8
obj;4;201;0;9;9;251;0;0;0;0;0;0;0;18;0;8
obj;4;201;0;10;10;254;0;0;0;0;0;0;0;6;0;10
obj;4;201;0;11;11;255;0;0;0;0;0;0;0;6;0;12
obj;4;201;0;12;12;254;0;0;0;0;0;0;0;12;0;8
obj;4;201;0;13;13;255;0;0;0;0;0;0;0;12;0;14
obj;4;201;0;14;14;252;0;0;0;0;0;0;0;0;0;14
obj;4;201;0;15;15;251;0;0;0;0;0;0;0;6;0;14
obj;4;201;0;16;16;252;0;0;0;0;0;0;0;6;0;14
obj;4;201;0;17;17;251;0;0;0;0;0;0;0;12;0;14
obj;4;201;0;18;18;252;0;0;0;0;0;0;0;12;0;14
obj;4;201;0;19;19;251;0;0;0;0;0;0;0;18;0;14
obj;4;201;0;20;20;254;0;0;0;0;0;0;0;6;0;14
obj;4;201;0;21;21;255;0;0;0;0;0;0;0;6;0;20
obj;4;201;0;22;22;254;0;0;0;0;0;0;0;12;0;14
obj;4;201;0;23;23;255;0;0;0;0;0;0;0;12;0;20
obj;4;201;0;24;24;254;0;0;0;0;0;0;0;18;0;16
obj;4;201;0;25;25;255;0;0;0;0;0;0;0;18;0;18
obj;4;201;0;26;26;252;0;0;0;0;0;0;0;20;0;14
obj;4;201;0;27;27;251;0;0;0;0;0;0;0;22;0;14
obj;4;201;0;28;28;148;0;0;0;0;0;0;0;29;0;29
obj;4;201;0;29;29;349;0;0;0;0;0;0;0;1;0;14
obj;4;201;0;30;30;349;0;0;0;0;0;0;0;13;0;8
obj;4;201;0;31;31;349;0;0;0;0;0;0;0;1;0;8
obj;4;201;0;32;32;349;0;0;0;0;0;0;0;7;0;14
obj;4;201;0;33;33;349;0;0;0;0;0;0;0;13;0;14
obj;4;201;0;34;34;349;0;0;0;0;0;0;0;21;0;14
obj;4;201;0;35;35;87;0;0;1095;7056;0;0;0;7;0;4
obj;4;201;0;36;36;87;0;0;1096;7057;0;0;0;1;0;15
coord;4;201;0;0;5;19;0;1;1;5;0;16544
bg;4;202;0;0;8068;2;12;0;11;4
bg;4;202;0;1;8069;2;27;0;13;4
obj;4;202;0;0;0;222;16;1;439;3195;2;0;0;16;0;20
obj;4;202;0;1;1;222;44;1;439;3196;1;4;3;24;0;11
obj;4;202;0;2;2;222;17;1;439;3226;3;0;0;17;0;5
obj;4;202;0;3;3;341;0;0;440;2;1;0;0;20;0;13
obj;4;202;0;4;4;87;0;0;1078;7049;0;0;0;21;0;15
obj;4;202;0;5;5;87;0;0;1079;7050;0;0;0;28;0;23
obj;4;202;0;6;6;87;0;0;1094;7051;0;0;0;6;0;7
obj;4;203;0;0;0;235;0;0;574;1;2;0;0;8;0;5
obj;4;203;0;1;1;329;17;0;0;2;3;0;0;5;0;5
obj;4;203;0;2;2;316;3;0;0;3;3;1;1;2;0;6
obj;4;204;0;0;0;325;17;0;0;1;3;0;0;5;0;5
obj;4;204;0;1;1;316;3;0;0;3;1;1;1;2;0;6
obj;4;204;0;2;2;328;16;0;0;2;2;1;1;8;0;5
obj;4;205;0;0;0;332;16;0;0;1;2;1;1;8;0;6
obj;4;205;0;1;1;319;3;0;0;2;1;1;1;2;0;5
obj;4;206;0;0;0;330;15;0;0;1;1;0;0;5;0;3
bg;4;207;0;0;2015;0;9;0;10;0
bg;4;207;0;1;2015;0;10;0;10;0
bg;4;207;0;2;12;0;18;0;9;4
bg;4;207;0;3;12;0;18;0;10;4
bg;4;207;0;4;13;0;18;0;14;4
bg;4;207;0;5;13;0;18;0;15;4
bg;4;207;0;6;12;0;21;0;9;4
bg;4;207;0;7;12;0;21;0;10;4
bg;4;207;0;8;13;0;21;0;15;4
bg;4;207;0;9;13;0;21;0;14;4
bg;4;207;0;10;18;0;18;0;2;0
obj;4;207;0;0;0;337;0;0;0;1;1;0;0;7;0;3
obj;4;207;0;1;1;332;0;0;0;4;3;1;0;3;0;9
obj;4;207;0;2;2;318;3;0;0;5;3;0;1;6;0;7
obj;4;207;0;3;3;323;2;0;0;6;0;2;2;3;0;13
obj;4;207;0;4;4;330;3;0;0;7;3;0;1;24;0;7
obj;4;207;0;5;5;324;3;0;0;8;0;1;1;6;0;12
obj;4;207;0;6;6;326;3;0;0;9;3;0;1;12;0;7
obj;4;207;0;7;7;337;0;0;0;14;3;0;0;9;0;15
obj;4;207;0;8;8;337;0;0;0;15;3;0;0;9;0;16
obj;4;207;0;9;9;320;2;0;0;10;0;0;0;25;0;12
obj;4;207;0;10;10;317;0;0;0;11;2;0;0;16;0;16
obj;4;207;0;11;11;325;2;0;0;16;0;0;0;13;0;3
obj;4;207;0;12;12;322;0;0;0;17;1;0;0;12;0;13
obj;4;214;0;0;0;328;15;0;0;1;1;0;0;6;0;4
obj;4;214;0;1;1;329;16;0;0;2;2;0;0;9;0;5
obj;4;215;0;0;0;316;17;0;0;1;3;0;0;6;0;5
obj;4;215;0;1;1;1035;15;0;0;3;1;0;0;7;0;5
obj;4;215;0;2;2;316;16;0;0;2;2;0;0;8;0;5
obj;4;215;0;3;3;1035;14;0;550;4;1;0;0;3;0;3
obj;4;215;0;4;4;1035;15;0;550;4;1;0;1;2;0;5
obj;4;215;0;5;5;1035;15;0;550;4;1;0;0;13;0;4
obj;4;215;0;6;6;1035;16;0;550;4;1;0;0;12;0;3
bg;4;217;0;0;8021;2;15;0;24;4
bg;4;217;0;1;8065;2;10;0;7;4
obj;4;217;0;0;0;1039;15;0;459;0;1;0;0;15;0;16
obj;4;217;0;1;1;1038;15;0;458;0;1;0;0;16;0;14
obj;4;217;0;2;2;1037;15;0;457;0;1;0;0;14;0;14
obj;4;217;0;3;3;382;16;0;456;0;2;0;0;23;0;16
obj;4;217;0;4;4;84;0;0;0;10002;0;0;0;14;0;20
obj;4;217;0;5;5;84;0;0;0;10002;0;0;0;14;0;19
obj;4;217;0;6;6;84;0;0;0;10002;0;0;0;18;0;23
obj;4;217;0;7;7;84;0;0;0;10002;0;0;0;19;0;22
obj;4;217;0;8;8;85;0;0;16;10001;0;0;0;18;0;22
obj;4;217;0;9;9;85;0;0;17;10001;0;0;0;17;0;23
obj;4;217;0;10;10;84;0;0;0;10002;0;0;0;12;0;20
obj;4;217;0;11;11;87;0;0;1074;7069;0;0;0;5;0;6
obj;4;217;0;12;12;1039;15;0;782;2;1;0;0;14;0;6
coord;4;217;0;0;1;20;0;1;2;16;0;16545
obj;4;219;0;0;0;286;15;0;0;9203;1;0;0;4;0;4
obj;4;219;0;1;1;336;15;0;0;9202;1;0;0;8;0;4
obj;4;219;0;2;2;336;15;0;0;9201;1;0;0;12;0;4
obj;4;220;0;0;0;341;0;1;0;3400;3;0;0;1;0;8
obj;4;220;0;1;1;348;0;1;0;3210;2;0;0;15;0;13
obj;4;221;0;0;0;87;0;0;1160;7086;0;0;0;2;0;2
bg;4;222;0;0;8066;2;5;0;14;4
obj;4;222;0;0;0;348;0;1;0;3212;1;0;0;11;0;13
obj;4;222;0;1;1;323;9;1;0;3216;3;0;0;1;0;8
obj;4;222;0;2;2;323;8;1;0;3072;2;0;0;12;0;4
obj;4;222;0;3;3;87;0;0;1098;7087;0;0;0;14;0;13
obj;4;223;0;0;0;319;0;1;475;3214;1;0;0;9;0;13
obj;4;223;0;1;1;341;0;1;474;3036;1;0;0;14;0;6
obj;4;223;0;2;2;87;0;0;1099;7088;0;0;0;2;0;13
coord;4;223;0;0;1;16;0;1;1;9;0;16547
obj;4;224;0;0;0;348;0;1;0;3211;2;0;0;6;0;9
obj;4;224;0;1;1;348;2;1;0;3213;1;0;0;13;0;7
obj;4;224;0;2;2;87;0;0;1100;7089;0;0;0;11;0;3
obj;4;224;0;3;3;328;14;0;638;1;0;0;0;2;0;14
obj;4;225;0;0;0;256;0;0;472;3;1;0;0;8;0;13
obj;4;225;0;1;1;357;0;0;471;1;3;0;0;7;0;8
obj;4;225;0;2;2;1031;0;0;0;2;1;0;0;8;0;8
obj;4;225;0;3;3;87;0;0;1101;7090;0;0;0;15;0;8
obj;4;225;0;4;4;349;0;0;472;0;1;0;0;8;0;12
bg;4;226;0;0;0;0;4;0;8;3
obj;4;226;0;0;0;335;15;0;0;1;1;0;0;8;0;11
obj;4;226;0;1;1;336;15;0;0;9017;1;0;0;2;0;4
obj;4;226;0;2;2;336;15;0;0;9003;1;0;0;6;0;4
obj;4;226;0;3;3;336;15;0;0;9001;1;0;0;11;0;4
obj;4;226;0;4;4;332;0;0;0;3;1;0;0;6;0;13
obj;4;226;0;5;5;347;2;0;0;2;2;1;0;5;0;18
obj;4;226;0;6;6;325;46;0;0;4;3;2;0;4;0;14
obj;4;226;0;7;7;326;0;0;0;5;0;0;0;12;0;12
obj;4;227;0;0;0;334;0;0;0;1;3;0;0;2;0;6
obj;4;227;0;1;1;321;3;0;0;2;2;0;1;11;0;6
obj;4;227;0;2;2;319;5;0;0;3;3;1;0;7;0;10
obj;4;227;0;3;3;299;0;0;680;10202;1;1;0;3;0;8
obj;4;227;0;4;4;193;0;0;679;10201;1;1;0;2;0;8
obj;4;227;0;5;5;334;0;0;0;4;3;0;0;2;0;4
obj;4;228;0;0;0;347;0;0;0;1;0;0;0;5;0;5
obj;4;229;0;0;0;319;0;0;0;2;3;1;0;5;0;5
obj;4;229;0;1;1;328;0;0;0;1;2;0;0;8;0;5
obj;4;229;0;2;2;316;2;0;0;3;1;1;0;2;0;6
obj;4;230;0;0;0;347;0;0;0;1;1;0;0;5;0;5
obj;4;231;0;0;0;347;3;0;0;3;2;0;2;11;0;4
obj;4;231;0;1;1;348;0;0;0;1;3;0;0;2;0;6
obj;4;231;0;2;2;348;0;0;0;2;0;0;0;3;0;8
obj;4;231;0;3;3;328;14;0;638;4;0;0;0;6;0;7
obj;4;231;0;4;4;357;0;0;715;6;3;0;0;9;0;5
obj;4;231;0;5;5;348;0;0;0;7;0;0;0;11;0;9
obj;4;232;0;0;0;323;15;0;0;1;1;0;0;5;0;5
obj;4;233;0;0;0;168;14;0;0;1;0;0;0;5;0;5
obj;4;234;0;0;0;347;15;0;0;1;1;0;0;4;0;4
obj;4;235;0;0;0;325;15;0;0;1;1;0;0;5;0;5
obj;4;235;0;1;1;316;14;0;0;3;0;0;0;1;0;4
obj;4;235;0;2;2;319;5;0;0;2;2;1;0;8;0;7
bg;4;236;0;0;0;0;4;0;8;3
obj;4;236;0;0;0;336;15;0;0;9017;1;0;0;2;0;4
obj;4;236;0;1;1;336;15;0;0;9003;1;0;0;6;0;4
obj;4;236;0;2;2;336;15;0;0;9001;1;0;0;11;0;4
obj;4;236;0;3;3;335;15;0;0;1;1;0;0;8;0;11
obj;4;236;0;4;4;322;5;0;0;3;2;1;0;11;0;18
obj;4;236;0;5;5;319;0;0;0;2;1;0;0;4;0;17
obj;4;236;0;6;6;168;15;0;0;4;1;0;0;10;0;13
bg;4;237;0;0;8228;2;15;0;47;4
obj;4;237;0;0;0;84;0;0;490;10002;0;0;0;10;0;13
obj;4;237;0;1;1;84;0;0;491;10002;0;0;0;13;0;14
obj;4;237;0;2;2;84;0;0;492;10002;0;0;0;18;0;12
obj;4;237;0;3;3;84;0;0;493;10002;0;0;0;25;0;12
obj;4;237;0;4;4;84;0;0;0;10002;0;0;0;12;0;44
obj;4;237;0;5;5;87;0;0;1209;7156;0;0;0;13;0;48
coord;4;237;0;0;1;11;0;1;1;10;0;16554
coord;4;237;0;1;2;10;0;1;1;18;0;16554
coord;4;237;0;2;3;18;0;1;1;7;0;16554
coord;4;237;0;3;4;19;0;1;1;19;0;16554
bg;4;238;0;0;8071;2;26;0;26;4
obj;4;238;0;0;0;84;0;0;494;3;0;0;0;12;0;13
obj;4;238;0;1;1;84;0;0;495;3;0;0;0;11;0;21
obj;4;238;0;2;2;84;0;0;496;3;0;0;0;19;0;10
obj;4;238;0;3;3;84;0;0;497;3;0;0;0;20;0;22
obj;4;238;0;4;4;87;0;0;1110;7155;0;0;0;57;0;24
obj;4;238;0;5;5;87;0;0;1206;7152;0;0;0;15;0;15
obj;4;238;0;6;6;87;0;0;1207;7153;0;0;0;5;0;12
obj;4;239;0;0;0;85;0;0;16;10001;0;0;0;10;0;12
obj;4;239;0;1;1;87;0;0;1208;7154;0;0;0;12;0;13
obj;4;240;0;0;0;348;0;0;0;1;0;0;0;7;0;9
obj;4;240;0;1;1;366;0;0;593;0;0;0;0;11;0;7
obj;4;240;0;2;2;327;17;0;0;5;3;0;0;2;0;5
obj;4;240;0;3;3;317;2;0;0;4;1;0;0;12;0;4
obj;4;241;0;0;0;286;15;0;0;9203;1;0;0;4;0;4
obj;4;241;0;1;1;336;15;0;0;9202;1;0;0;8;0;4
obj;4;241;0;2;2;336;15;0;0;9201;1;0;0;12;0;4
bg;4;242;0;0;8074;2;63;0;45;4
bg;4;242;0;1;8191;2;67;0;8;4
bg;4;242;0;2;8192;2;28;0;10;4
bg;4;242;0;3;8193;2;72;0;20;4
obj;4;242;0;0;0;84;0;0;0;10002;0;0;0;50;0;48
obj;4;242;0;1;1;87;0;0;1163;7094;0;0;0;42;0;49
obj;4;242;0;2;2;87;0;0;1164;7095;0;0;0;19;0;36
obj;4;242;0;3;3;87;0;0;1165;7096;0;0;0;26;0;27
obj;4;242;0;4;4;87;0;0;1166;7097;0;0;0;41;0;14
obj;4;242;0;5;5;87;0;0;1167;7098;0;0;0;70;0;39
bg;4;243;0;0;8075;2;29;0;11;4
obj;4;243;0;0;0;220;0;0;0;1;0;0;0;36;0;30
obj;4;243;0;1;1;87;0;0;1168;7099;0;0;0;25;0;17
obj;4;243;0;2;2;87;0;0;1169;7100;0;0;0;29;0;25
obj;4;243;0;3;3;87;0;0;1170;7101;0;0;0;25;0;30
obj;4;244;0;0;0;232;0;0;581;4;1;0;0;17;0;33
obj;4;244;0;1;1;232;0;0;581;4;1;0;0;18;0;33
obj;4;244;0;2;2;232;0;0;581;4;1;0;0;15;0;33
obj;4;244;0;3;3;232;0;0;581;4;1;0;0;14;0;33
obj;4;244;0;4;4;232;0;0;581;2;1;0;0;16;0;33
obj;4;244;0;5;5;426;0;0;579;1;1;0;0;16;0;17
obj;4;244;0;6;6;349;0;0;579;0;0;0;0;15;0;17
obj;4;244;0;7;7;349;0;0;579;0;0;0;0;17;0;17
obj;4;244;0;8;8;349;0;0;579;0;0;0;0;15;0;16
obj;4;244;0;9;9;349;0;0;579;0;0;0;0;16;0;16
obj;4;244;0;10;10;349;0;0;579;0;0;0;0;17;0;16
coord;4;244;0;0;6;16;0;1;1;36;1;16634
obj;4;245;0;0;0;222;15;0;506;1;1;0;0;3;0;8
obj;4;245;0;1;1;222;14;0;506;1;0;0;0;7;0;8
obj;4;245;0;2;2;394;17;0;507;4;3;0;0;1;0;8
bg;4;246;0;0;0;0;4;0;8;3
obj;4;246;0;0;0;146;17;0;0;3;3;0;0;5;0;13
obj;4;246;0;1;1;327;16;0;0;4;2;0;0;6;0;13
obj;4;246;0;2;2;335;15;0;0;1;0;0;0;8;0;11
obj;4;246;0;3;3;336;15;0;0;9017;0;0;0;2;0;4
obj;4;246;0;4;4;336;15;0;0;9003;0;0;0;6;0;4
obj;4;246;0;5;5;336;15;0;0;9001;0;0;0;11;0;4
obj;4;246;0;6;6;328;4;0;0;2;0;0;1;12;0;15
bg;4;247;0;0;5;0;37;0;21;4
bg;4;247;0;1;8051;2;53;0;16;4
obj;4;247;0;0;0;287;0;0;0;2;0;0;0;44;131072;3
obj;4;247;0;1;1;222;0;0;488;3;3;0;0;34;0;1
obj;4;247;0;2;2;287;0;0;0;10;0;0;0;18;131072;3
obj;4;247;0;3;3;287;0;0;0;11;0;0;0;44;131072;10
obj;4;247;0;4;4;287;0;0;0;12;0;0;0;44;131072;28
obj;4;247;0;5;5;287;0;0;0;13;0;0;0;18;131072;28
obj;4;247;0;6;6;222;0;1;498;3215;3;0;0;12;0;5
obj;4;247;0;7;7;29;0;1;498;3469;2;0;0;36;0;22
obj;4;247;0;8;8;87;0;0;1102;7133;0;0;0;52;0;11
obj;4;247;0;9;9;87;0;0;1103;7134;0;0;0;40;0;22
obj;4;247;0;10;10;87;0;0;1104;7135;0;0;0;30;0;28
coord;4;247;0;0;1;44;0;1;2;4;0;16557
coord;4;247;0;1;6;18;0;1;2;4;0;16558
coord;4;247;0;2;7;44;0;1;2;11;0;16559
coord;4;247;0;3;8;44;0;1;2;29;0;16560
coord;4;247;0;4;9;18;0;1;2;29;0;16561
coord;4;247;0;5;14;12;0;1;1;17;0;16562
coord;4;247;0;6;15;13;0;1;1;16;0;16563
coord;4;247;0;7;16;15;0;1;1;16;0;16564
coord;4;247;0;8;17;16;0;1;1;16;0;16565
coord;4;247;0;9;18;11;0;1;1;18;0;16566
coord;4;247;0;10;19;16;0;1;1;17;0;16567
coord;4;247;0;11;20;14;0;1;1;18;0;16568
coord;4;247;0;12;21;15;0;1;1;18;0;16569
coord;4;247;0;13;22;15;0;1;1;20;0;16570
coord;4;247;0;14;23;13;0;1;1;19;0;16571
coord;4;247;0;15;24;14;0;1;1;21;0;16572
coord;4;247;0;16;25;12;0;1;1;21;0;16573
coord;4;247;0;17;26;11;0;1;1;22;0;16574
coord;4;247;0;18;27;13;0;1;1;21;0;16575
coord;4;247;0;19;28;14;0;1;1;22;0;16576
coord;4;247;0;20;29;16;0;1;1;22;0;16577
coord;4;247;0;21;30;16;0;1;1;28;0;16578
bg;4;248;0;0;11;0;28;0;16;0
bg;4;248;0;1;11;0;29;0;16;0
bg;4;248;0;2;11;0;30;0;16;0
bg;4;248;0;3;11;0;31;0;16;0
bg;4;248;0;4;11;0;32;0;16;0
bg;4;248;0;5;11;0;33;0;16;0
bg;4;248;0;6;8054;2;20;0;29;4
bg;4;248;0;7;8055;2;48;0;14;4
obj;4;248;0;0;0;364;0;0;485;0;1;0;0;15;0;24
obj;4;248;0;1;1;1028;0;0;485;0;1;0;0;14;0;24
obj;4;248;0;2;2;222;0;1;498;3219;2;0;0;38;0;25
obj;4;248;0;3;3;222;0;1;498;3217;1;0;0;48;0;25
obj;4;248;0;4;4;222;0;1;498;3218;1;0;0;13;0;3
obj;4;248;0;5;5;257;0;0;0;2;0;0;0;31;0;22
obj;4;248;0;6;6;257;0;0;0;2;0;0;0;30;0;22
obj;4;248;0;7;7;222;0;0;499;0;0;0;0;30;0;30
obj;4;248;0;8;8;223;0;0;499;0;0;0;0;32;0;30
obj;4;248;0;9;9;1019;0;0;501;5;0;0;0;21;0;12
obj;4;248;0;10;10;1019;0;0;502;6;0;0;0;21;0;14
obj;4;248;0;11;11;1019;0;0;503;7;0;0;0;21;0;16
obj;4;248;0;12;12;1019;0;0;501;0;0;0;0;40;0;12
obj;4;248;0;13;13;1019;0;0;502;0;0;0;0;40;0;14
obj;4;248;0;14;14;1019;0;0;503;0;0;0;0;40;0;16
obj;4;248;0;15;15;87;0;0;1105;7136;0;0;0;12;0;18
obj;4;248;0;16;16;1034;0;0;587;0;2;0;0;16;0;4
obj;4;248;0;17;17;1034;0;0;589;0;3;0;0;48;0;29
obj;4;248;0;18;18;1034;0;0;594;0;0;0;0;30;0;24
coord;4;248;0;0;4;30;0;2;1;19;8;16556
coord;4;248;0;1;9;28;0;1;1;10;9;16556
coord;4;248;0;2;10;32;0;1;3;17;9;16556
coord;4;248;0;3;12;29;0;4;1;27;7;16556
coord;4;248;0;4;13;27;0;1;2;24;2;16553
coord;4;248;0;5;14;11;0;1;2;4;4;16556
coord;4;248;0;6;15;50;0;1;2;29;6;16556
obj;4;249;0;0;0;222;15;0;498;1;3;0;0;44;0;26
obj;4;249;0;1;1;29;14;1;498;3467;0;0;0;42;0;18
obj;4;249;0;2;2;29;17;1;498;3468;3;0;0;22;0;28
obj;4;249;0;3;3;222;0;1;498;3221;3;0;0;15;0;25
obj;4;249;0;4;4;221;0;1;498;3403;0;0;0;38;0;15
obj;4;249;0;5;5;364;0;0;486;0;2;0;0;46;0;26
obj;4;249;0;6;6;1028;0;0;486;0;2;0;0;47;0;26
obj;4;249;0;7;7;148;0;0;509;0;1;0;0;15;0;8
obj;4;249;0;8;8;293;0;0;500;0;1;0;0;21;0;7
obj;4;249;0;9;9;1034;0;0;586;6;1;0;0;19;0;4
obj;4;249;0;10;10;257;0;0;0;5;0;0;0;23;0;15
obj;4;249;0;11;11;257;0;0;0;5;0;0;0;24;0;15
obj;4;249;0;12;12;87;0;0;1108;7139;0;0;0;11;0;24
obj;4;249;0;13;13;87;0;0;1109;7140;0;0;0;13;0;24
obj;4;249;0;14;14;87;0;0;1106;7137;0;0;0;32;0;4
obj;4;249;0;15;15;87;0;0;1107;7138;0;0;0;49;0;15
obj;4;249;0;16;16;1034;0;0;588;0;3;0;0;49;0;4
obj;4;249;0;17;17;87;0;0;1196;7141;0;0;0;27;0;18
obj;4;249;0;18;18;385;0;0;640;0;1;0;0;21;0;7
coord;4;249;0;0;3;20;0;1;3;17;2;16556
coord;4;249;0;1;4;23;0;2;1;12;3;16556
coord;4;249;0;2;8;50;0;1;2;4;5;16556
bg;4;250;0;0;8045;2;54;0;68;4
bg;4;250;0;1;8046;2;43;0;20;4
bg;4;250;0;2;8140;2;34;0;74;4
bg;4;250;0;3;8141;2;60;0;37;4
bg;4;250;0;4;8142;2;61;0;71;4
obj;4;250;0;0;0;84;0;0;16;10002;0;0;0;51;0;72
obj;4;250;0;1;1;87;0;0;1175;7113;0;0;0;67;0;54
obj;4;250;0;2;2;87;0;0;1176;7114;0;0;0;67;0;28
obj;4;250;0;3;3;87;0;0;1177;7115;0;0;0;51;0;31
obj;4;250;0;4;4;87;0;0;1178;7116;0;0;0;51;0;43
obj;4;250;0;5;5;87;0;0;1179;7117;0;0;0;29;0;20
obj;4;250;0;6;6;87;0;0;1180;7118;0;0;0;23;0;36
obj;4;250;0;7;7;87;0;0;1181;7119;0;0;0;37;0;52
obj;4;250;0;8;8;377;15;1;0;3536;1;0;0;62;0;79
obj;4;250;0;9;9;338;2;1;0;3538;2;0;0;52;0;50
obj;4;250;0;10;10;87;0;0;1194;7120;0;0;0;73;0;47
obj;4;250;0;11;11;87;0;0;1195;7121;0;0;0;38;0;75
bg;4;251;0;0;8047;2;53;0;29;4
bg;4;251;0;1;8048;2;34;0;38;4
bg;4;251;0;2;8143;2;42;0;48;4
bg;4;251;0;3;8144;2;16;0;18;4
obj;4;251;0;0;0;87;0;0;1182;7122;0;0;0;6;0;55
obj;4;251;0;1;1;87;0;0;1183;7123;0;0;0;45;0;38
obj;4;251;0;2;2;87;0;0;1184;7124;0;0;0;29;0;34
obj;4;251;0;3;3;87;0;0;1185;7125;0;0;0;16;0;24
obj;4;251;0;4;4;87;0;0;1186;7126;0;0;0;27;0;14
obj;4;251;0;5;5;87;0;0;1187;7127;0;0;0;45;0;15
obj;4;251;0;6;6;338;2;1;0;3537;1;0;0;19;0;46
bg;4;252;0;0;8049;2;33;0;15;4
bg;4;252;0;1;8050;2;17;0;73;4
obj;4;252;0;0;0;84;0;0;16;10002;0;0;0;26;0;38
obj;4;252;0;1;1;344;15;0;0;1;1;0;0;41;0;18
obj;4;252;0;2;2;87;0;0;1188;7128;0;0;0;11;0;58
obj;4;252;0;3;3;87;0;0;1189;7129;0;0;0;36;0;66
obj;4;252;0;4;4;87;0;0;1190;7130;0;0;0;52;0;64
obj;4;252;0;5;5;87;0;0;1191;7131;0;0;0;46;0;45
obj;4;252;0;6;6;87;0;0;1192;7132;0;0;0;40;0;39
bg;4;253;0;0;8081;2;14;0;12;4
bg;4;253;0;1;8083;2;32;0;49;4
bg;4;253;0;2;8082;2;8;0;22;4
bg;4;253;0;3;6;1;31;0;41;4
obj;4;253;0;0;0;359;17;0;521;4;3;0;0;24;0;14
obj;4;253;0;1;1;324;0;1;0;3499;2;0;0;30;0;10
obj;4;253;0;2;2;327;0;1;0;3500;3;0;0;12;0;20
obj;4;253;0;3;3;316;0;1;0;3501;3;0;0;6;0;30
obj;4;253;0;4;4;316;0;1;0;5501;3;0;0;6;0;31
obj;4;253;0;5;5;87;0;0;1112;7159;0;0;0;50;0;34
obj;4;253;0;6;6;148;15;0;527;2;1;0;0;25;131072;41
obj;4;253;0;7;7;87;0;0;1210;7157;0;0;0;42;0;16
obj;4;253;0;8;8;87;0;0;1211;7158;0;0;0;7;0;33
obj;4;253;0;9;9;148;15;0;736;0;1;0;0;24;131072;47
obj;4;253;0;10;10;101;14;0;736;0;0;0;0;24;131072;49
obj;4;253;0;11;11;364;0;0;0;0;1;0;0;51;0;2
obj;4;253;0;12;12;359;0;0;0;0;1;0;0;53;0;2
coord;4;253;0;0;1;27;0;3;1;14;1;16580
coord;4;253;0;1;5;24;0;2;1;43;1;16636
bg;4;9;1;0;10450;0;13;0;5;0
bg;4;9;1;1;12;0;17;0;5;0
bg;4;9;1;2;13;0;21;0;5;0
obj;4;9;1;0;0;282;0;0;0;1;1;0;0;15;0;5
obj;4;9;1;1;1;283;0;0;0;2;1;0;0;11;0;5
obj;4;9;1;2;2;286;0;0;0;3;1;0;0;19;0;5
obj;4;9;1;3;3;336;0;0;559;7;1;0;0;16;0;6
obj;4;9;1;4;4;328;3;0;0;19;1;1;2;2;0;14
obj;4;9;1;5;5;335;3;0;0;15;2;1;1;13;0;14
obj;4;9;1;6;6;35;7;0;0;16;0;1;1;6;0;10
obj;4;9;1;7;7;62;0;0;0;17;1;1;1;25;0;13
obj;4;9;1;8;8;999;13;0;0;18;2;1;1;25;0;14
obj;4;9;1;9;9;999;0;0;0;21;3;1;1;19;0;16
obj;4;9;1;10;10;146;0;0;0;20;2;1;1;20;0;16
obj;4;9;1;11;11;338;3;0;0;14;1;2;2;9;0;13
obj;4;9;1;12;12;146;8;0;0;2023;2;0;0;20;0;11
obj;4;9;1;13;13;338;0;0;0;24;1;0;0;24;0;7
obj;4;10;1;0;0;111;0;0;0;0;1;0;0;4;0;4
obj;4;15;1;0;0;283;0;0;0;1;3;0;0;8;0;1
obj;4;15;1;1;1;141;2;0;685;2;2;0;0;13;0;10
obj;4;15;1;2;2;145;2;0;686;3;3;0;0;4;0;6
obj;4;15;1;3;3;142;2;0;687;4;1;0;0;11;0;8
obj;4;15;1;4;4;143;2;0;688;5;3;0;0;2;0;10
obj;4;15;1;5;5;144;2;0;689;6;0;0;0;7;0;9
bg;4;16;1;0;31;0;46;0;49;4
bg;4;16;1;1;32;0;50;0;49;4
bg;4;16;1;2;31;0;46;0;48;4
bg;4;16;1;3;31;0;47;0;48;4
bg;4;16;1;4;31;0;47;0;49;4
bg;4;16;1;5;32;0;50;0;48;4
bg;4;16;1;6;32;0;51;0;49;4
bg;4;16;1;7;32;0;51;0;48;4
bg;4;16;1;8;33;0;50;0;39;4
bg;4;16;1;9;33;0;51;0;39;0
bg;4;16;1;10;33;0;50;0;38;1
bg;4;16;1;11;33;0;50;0;37;1
bg;4;16;1;12;33;0;50;0;36;4
bg;4;16;1;13;33;0;51;0;36;3
bg;4;16;1;14;33;0;52;0;39;0
bg;4;16;1;15;33;0;52;0;36;3
bg;4;16;1;16;33;0;53;0;36;4
bg;4;16;1;17;33;0;53;0;37;2
bg;4;16;1;18;33;0;53;0;38;2
bg;4;16;1;19;33;0;53;0;39;4
bg;4;16;1;20;26;1;47;0;19;4
bg;4;16;1;21;30;1;72;0;32;4
bg;4;16;1;22;27;1;25;0;32;4
bg;4;16;1;23;28;1;35;0;57;4
bg;4;16;1;24;29;1;62;0;57;4
obj;4;16;1;0;0;325;3;0;0;18;1;1;1;44;0;50
obj;4;16;1;1;1;331;0;0;0;9;1;0;0;49;0;64
obj;4;16;1;2;2;330;0;0;0;8;1;0;0;48;0;64
obj;4;16;1;3;3;316;3;0;0;6;1;3;0;41;0;57
obj;4;16;1;4;4;146;6;0;0;20;2;0;0;59;0;45
obj;4;16;1;5;5;315;0;0;0;2;0;0;0;50;0;19
obj;4;16;1;6;6;35;10;0;0;4;0;0;1;26;0;30
obj;4;16;1;7;7;31;2;0;0;12;3;0;1;67;0;39
obj;4;16;1;8;8;344;3;0;0;3;1;3;3;38;0;23
obj;4;16;1;9;9;284;0;0;0;23;3;0;0;45;0;43
obj;4;16;1;10;10;284;0;0;0;10490;3;0;0;45;0;37
obj;4;16;1;11;11;284;0;0;0;25;2;0;0;52;0;43
obj;4;16;1;12;12;328;3;0;0;13;0;2;0;60;0;29
obj;4;16;1;13;13;332;0;0;0;14;1;0;0;59;0;18
obj;4;16;1;14;14;341;3;0;0;15;1;0;1;38;0;37
obj;4;16;1;15;15;315;0;0;0;22;3;0;0;55;0;38
obj;4;16;1;16;16;323;3;0;0;19;1;1;1;54;0;49
obj;4;16;1;17;17;42;3;0;0;11;3;2;0;66;0;50
obj;4;16;1;18;18;347;3;0;0;21;3;2;1;60;0;37
obj;4;16;1;19;19;346;3;0;0;17;3;2;0;45;0;46
obj;4;16;1;20;20;325;3;0;0;7;0;2;0;44;0;61
obj;4;16;1;21;21;325;3;0;0;10;0;0;2;54;0;59
obj;4;16;1;22;22;324;3;0;0;16;1;0;2;42;0;41
obj;4;16;1;23;23;347;10;0;0;5;1;0;1;31;0;40
obj;4;16;1;24;24;328;14;0;638;39;0;0;0;70;0;39
coord;4;16;1;0;34;22;0;1;2;34;0;16509
coord;4;16;1;1;35;35;0;1;2;62;0;16509
coord;4;16;1;2;36;61;0;1;2;62;0;16509
coord;4;16;1;3;37;74;0;1;2;34;0;16509
obj;4;17;1;0;0;322;3;0;0;10;0;2;0;4;0;6
obj;4;17;1;1;1;330;3;0;0;9;2;2;0;11;0;6
obj;4;17;1;2;2;50;8;0;0;8;2;0;0;3;0;4
obj;4;17;1;3;3;284;0;0;0;6;3;2;0;5;0;13
obj;4;17;1;4;4;284;0;0;0;4;3;2;0;5;0;15
obj;4;17;1;5;5;284;0;0;0;2;3;2;0;5;0;17
obj;4;17;1;6;6;284;0;0;0;7;2;2;0;9;0;13
obj;4;17;1;7;7;284;0;0;0;5;2;2;0;9;0;15
obj;4;17;1;8;8;284;0;0;0;3;2;2;0;9;0;17
obj;4;17;1;9;9;326;0;0;0;11;2;0;0;11;0;3
bg;4;19;1;0;10452;0;22;0;6;0
obj;4;19;1;0;0;282;15;0;0;1;1;0;0;21;0;6
obj;4;19;1;1;1;283;15;0;0;6;1;0;0;23;0;6
obj;4;19;1;2;2;317;7;0;0;10;3;0;0;16;0;5
obj;4;19;1;3;3;326;3;0;0;9;2;1;1;15;0;12
obj;4;19;1;4;4;34;3;0;0;13;0;1;1;25;0;9
obj;4;19;1;5;5;348;0;0;0;8;0;0;0;1;0;12
obj;4;19;1;6;6;325;0;0;0;7;1;0;0;1;0;11
obj;4;19;1;7;7;341;3;0;0;11;2;1;1;18;0;9
obj;4;19;1;8;8;63;7;0;0;12;2;0;0;22;0;11
bg;4;20;1;0;10453;0;7;0;8;0
obj;4;20;1;0;0;282;17;0;0;1;3;0;0;6;0;9
obj;4;20;1;1;1;283;17;0;0;6;3;0;0;6;0;10
obj;4;20;1;2;2;326;7;0;0;14;2;0;0;2;0;5
obj;4;20;1;3;3;329;3;0;0;13;3;2;0;3;0;7
obj;4;20;1;4;4;316;0;0;0;9;1;0;0;15;0;5
obj;4;20;1;5;5;1016;7;0;0;10;0;0;0;15;0;6
obj;4;20;1;6;6;319;3;0;0;8;2;0;1;20;0;4
obj;4;20;1;7;7;333;3;0;0;7;0;0;1;23;0;11
obj;4;20;1;8;8;330;0;0;0;11;1;1;1;10;0;3
obj;4;20;1;9;9;35;0;0;0;12;0;0;0;6;0;6
obj;4;20;1;10;10;318;0;0;0;15;2;0;0;25;0;4
obj;4;20;1;11;11;110;16;0;0;18;2;1;1;18;0;11
obj;4;20;1;12;12;102;15;0;564;20;1;1;1;4;0;6
obj;4;20;1;13;13;282;15;0;0;17;1;1;1;8;0;8
bg;4;21;1;0;10454;0;6;0;8;0
obj;4;21;1;0;0;282;17;0;0;1;3;0;0;5;0;9
obj;4;21;1;1;1;283;17;0;0;6;3;0;0;5;0;10
obj;4;21;1;2;2;31;0;0;0;11;3;0;0;14;0;13
obj;4;21;1;3;3;344;3;0;0;13;2;2;0;2;0;14
obj;4;21;1;4;4;341;3;0;0;12;0;1;1;8;0;12
obj;4;21;1;5;5;332;3;0;0;9;1;0;2;12;0;4
obj;4;21;1;6;6;328;3;0;0;7;2;0;1;20;0;5
obj;4;21;1;7;7;37;0;0;0;8;3;0;2;14;0;5
obj;4;21;1;8;8;325;3;0;0;10;1;2;0;9;0;7
bg;4;22;1;0;10455;0;16;0;5;0
obj;4;22;1;0;0;282;15;0;0;1;1;1;1;14;0;5
obj;4;22;1;1;1;283;15;0;0;6;1;0;0;15;0;5
obj;4;22;1;2;2;351;6;0;0;9;3;0;0;19;0;9
obj;4;22;1;3;3;326;9;0;0;11;1;3;0;2;0;12
obj;4;22;1;4;4;345;7;0;0;12;3;0;0;2;0;14
obj;4;22;1;5;5;326;6;0;0;13;3;0;0;4;0;14
obj;4;22;1;6;6;40;3;0;0;7;2;0;1;12;0;3
obj;4;22;1;7;7;318;3;0;0;10;2;3;0;7;0;11
obj;4;22;1;8;8;316;0;0;0;14;3;0;0;21;0;14
obj;4;22;1;9;9;327;7;0;0;8;3;1;0;19;0;6
obj;4;22;1;10;10;333;0;0;0;16;1;0;0;13;0;8
obj;4;22;1;11;11;333;0;0;0;17;0;0;0;13;0;9
bg;4;23;1;0;4;0;37;0;19;4
bg;4;23;1;1;4;0;38;0;19;4
bg;4;23;1;2;4;0;39;0;19;4
bg;4;23;1;3;8209;2;40;0;25;4
obj;4;23;1;0;0;40;17;0;585;2;3;0;0;30;0;21
obj;4;23;1;1;1;40;17;0;585;3;3;0;0;30;0;22
obj;4;23;1;2;2;329;15;0;0;1;1;0;0;34;0;19
obj;4;23;1;3;3;356;17;0;718;0;3;0;0;35;0;21
bg;4;24;1;0;8159;2;52;0;16;4
bg;4;24;1;1;8160;2;20;0;34;4
bg;4;24;1;2;20;0;19;0;24;0
bg;4;24;1;3;21;0;20;0;24;0
bg;4;24;1;4;22;0;21;0;24;0
bg;4;24;1;5;23;1;18;0;24;4
bg;4;24;1;6;24;1;46;0;25;4
obj;4;24;1;0;0;383;0;0;549;0;1;0;0;42;0;42
obj;4;24;1;1;1;1011;0;0;549;0;1;0;0;41;0;42
obj;4;24;1;2;2;317;0;0;0;2;2;3;4;36;0;23
obj;4;24;1;3;3;319;0;0;0;3;1;0;0;30;0;23
obj;4;24;1;4;4;1008;0;0;0;9;1;0;0;29;0;23
obj;4;24;1;5;5;324;0;0;0;7;1;0;0;20;0;10
obj;4;24;1;6;6;1010;20;0;0;15;3;4;0;18;0;14
obj;4;24;1;7;7;1015;20;0;0;13;3;5;0;18;0;12
obj;4;24;1;8;8;1006;0;0;0;8;3;0;0;35;0;23
obj;4;24;1;9;9;329;20;0;0;4;1;0;6;27;0;33
obj;4;24;1;10;10;995;20;0;0;10;1;0;6;26;0;33
obj;4;24;1;11;11;325;0;0;0;5;1;0;0;21;0;48
obj;4;24;1;12;12;1016;3;0;0;11;1;1;1;23;0;49
obj;4;24;1;13;13;324;0;0;0;6;3;0;0;11;0;40
obj;4;24;1;14;14;1013;0;0;0;12;3;0;0;11;0;41
obj;4;24;1;15;15;1017;20;0;0;14;2;4;0;22;0;13
obj;4;24;1;16;16;328;14;0;638;17;0;0;0;19;0;30
obj;4;24;1;17;17;328;14;0;639;18;0;0;0;41;0;28
obj;4;24;1;18;18;334;0;0;0;16;1;0;0;22;0;24
coord;4;24;1;0;1;39;0;7;1;47;0;16603
bg;4;25;1;0;15;0;5;0;7;0
bg;4;25;1;1;5;1;12;0;19;4
bg;4;25;1;2;6;1;14;0;16;4
bg;4;25;1;3;7;1;16;0;19;4
bg;4;25;1;4;8;1;18;0;16;4
bg;4;25;1;5;9;1;20;0;19;4
bg;4;25;1;6;10;1;26;0;19;4
bg;4;25;1;7;11;1;28;0;16;4
bg;4;25;1;8;12;1;30;0;19;4
bg;4;25;1;9;13;1;32;0;16;4
bg;4;25;1;10;14;1;34;0;19;4
bg;4;25;1;11;21;0;26;0;9;0
obj;4;25;1;0;0;335;0;0;0;9850;1;0;0;23;0;8
obj;4;25;1;1;1;354;0;0;551;0;0;0;0;23;0;22
obj;4;25;1;2;2;335;0;0;0;9852;1;0;0;11;0;8
obj;4;25;1;3;3;335;0;0;0;2;1;0;0;36;0;8
obj;4;25;1;4;4;335;0;0;0;3;1;0;0;25;0;8
obj;4;25;1;5;5;146;2;0;0;16;0;0;0;15;0;22
obj;4;25;1;6;6;328;3;0;0;18;3;2;1;33;0;13
obj;4;25;1;7;7;325;3;0;0;17;1;1;1;15;0;12
obj;4;25;1;8;8;322;0;0;0;19;2;4;1;32;0;9
obj;4;25;1;9;9;332;3;0;0;20;1;0;2;40;0;7
obj;4;25;1;10;10;335;0;0;691;9851;1;0;0;21;0;8
obj;4;25;1;11;11;330;0;0;0;22;1;0;0;5;0;14
obj;4;25;1;12;12;323;0;0;0;23;1;0;0;41;0;14
coord;4;25;1;0;1;23;0;1;1;10;0;16610
obj;4;26;1;0;0;383;0;0;0;0;0;0;0;38;0;12
obj;4;26;1;1;1;1011;0;0;0;0;0;0;0;39;0;12
obj;4;26;1;2;2;384;0;0;0;1;1;0;0;26;0;12
obj;4;26;1;3;3;322;3;0;0;4;0;1;0;14;0;14
obj;4;26;1;4;4;317;0;0;0;2;0;0;0;14;0;11
obj;4;26;1;5;5;316;0;0;0;12;0;0;0;22;0;11
obj;4;26;1;6;6;319;0;0;0;3;0;0;0;16;0;11
obj;4;26;1;7;7;326;14;0;0;9;0;0;0;19;0;11
obj;4;26;1;8;8;329;0;0;0;14;0;0;0;20;0;13
obj;4;26;1;9;9;316;0;0;0;13;0;0;0;23;0;11
obj;4;26;1;10;10;331;0;0;0;8;0;0;0;29;0;12
obj;4;26;1;11;11;330;0;0;0;7;0;0;0;30;0;12
obj;4;26;1;12;12;146;0;0;0;6;3;0;0;32;0;11
obj;4;26;1;13;13;328;0;0;0;10;0;0;0;10;0;12
obj;4;26;1;14;14;315;0;0;0;11;0;0;0;11;0;12
obj;4;26;1;15;15;996;0;0;0;15;3;0;0;13;0;11
obj;4;26;1;16;16;994;0;0;0;17;0;0;0;17;0;11
obj;4;26;1;17;17;1013;2;0;0;16;3;0;0;19;0;13
obj;4;26;1;18;18;324;0;0;0;5;0;0;0;27;0;14
bg;4;28;1;0;8;0;6;0;8;0
bg;4;28;1;1;8;0;7;0;8;0
bg;4;28;1;2;8;0;8;0;8;0
bg;4;28;1;3;8;0;9;0;8;0
bg;4;28;1;4;8;0;10;0;8;0
bg;4;28;1;5;9;0;12;0;3;0
bg;4;28;1;6;10;0;9;0;3;0
bg;4;28;1;7;9;0;14;0;3;0
bg;4;28;1;8;9;0;13;0;3;0
bg;4;28;1;9;11;0;6;0;3;0
bg;4;28;1;10;14;0;2;0;10;4
obj;4;28;1;0;0;322;0;0;0;3;1;0;0;2;0;9
obj;4;28;1;1;1;336;0;0;0;1;1;0;0;11;0;8
obj;4;28;1;2;2;336;0;0;0;2;1;0;0;3;0;3
obj;4;28;1;3;3;317;3;0;0;4;3;0;0;5;0;7
obj;4;28;1;4;4;996;0;0;0;6;3;0;0;5;0;8
obj;4;28;1;5;5;319;0;0;0;5;0;0;0;11;0;4
obj;4;28;1;6;6;1005;0;0;0;7;3;0;0;10;0;4
obj;4;28;1;7;7;396;0;0;0;0;0;0;0;6;0;8
obj;4;28;1;8;8;396;0;0;0;0;0;0;0;7;0;8
obj;4;28;1;9;9;396;0;0;0;0;0;0;0;8;0;8
obj;4;28;1;10;10;397;0;0;0;0;0;0;0;6;0;3
obj;4;28;1;11;11;397;0;0;0;0;0;0;0;9;0;3
obj;4;28;1;12;12;210;0;0;0;0;0;0;0;13;0;3
obj;4;28;1;13;13;396;0;0;0;0;0;0;0;9;0;8
obj;4;28;1;14;14;396;0;0;0;0;0;0;0;10;0;8
bg;4;29;1;0;9;0;10;0;3;0
bg;4;29;1;1;9;0;9;0;3;0
bg;4;29;1;2;10;0;13;0;3;0
bg;4;29;1;3;10;0;12;0;3;0
bg;4;29;1;4;11;0;6;0;3;0
bg;4;29;1;5;11;0;7;0;3;0
bg;4;29;1;6;10;0;14;0;3;0
bg;4;29;1;7;8;0;5;0;9;0
bg;4;29;1;8;8;0;6;0;9;0
bg;4;29;1;9;8;0;7;0;9;0
bg;4;29;1;10;8;0;8;0;9;0
bg;4;29;1;11;8;0;9;0;9;0
bg;4;29;1;12;14;0;11;0;9;0
obj;4;29;1;0;0;336;0;0;0;1;3;0;0;1;0;12
obj;4;29;1;1;1;336;0;0;0;2;1;0;0;3;0;3
obj;4;29;1;2;2;344;0;0;0;5;1;0;0;14;0;9
obj;4;29;1;3;3;324;0;0;0;4;0;0;0;14;0;4
obj;4;29;1;4;4;327;0;0;0;3;0;0;0;11;0;12
obj;4;29;1;5;5;1012;0;0;0;6;0;0;0;10;0;12
obj;4;29;1;6;6;1027;0;0;0;7;2;0;0;15;0;4
obj;4;29;1;7;7;398;0;0;725;0;0;0;0;13;0;3
obj;4;29;1;8;8;399;0;0;726;0;0;0;0;9;0;3
obj;4;29;1;9;9;400;0;0;727;0;0;0;0;6;0;3
bg;4;30;1;0;6;0;3;0;3;0
bg;4;30;1;1;7;0;10;0;3;0
bg;4;30;1;2;7;0;11;0;3;0
bg;4;30;1;3;5;0;6;0;11;0
bg;4;30;1;4;5;0;8;0;11;0
bg;4;30;1;5;5;0;7;0;11;0
obj;4;30;1;0;0;336;0;0;0;2;1;0;0;7;0;3
obj;4;30;1;1;1;336;0;0;0;1;3;0;0;1;0;14
obj;4;30;1;2;2;332;0;0;0;3;1;0;0;11;0;7
obj;4;30;1;3;3;1018;0;0;0;4;1;0;0;12;0;7
obj;4;30;1;4;4;401;0;0;728;0;0;0;0;3;0;3
obj;4;30;1;5;5;402;0;0;729;0;0;0;0;10;0;3
bg;4;31;1;0;2;0;7;0;8;0
bg;4;31;1;1;3;0;7;0;5;0
bg;4;31;1;2;4;0;10;0;10;0
bg;4;31;1;3;5;0;4;0;10;0
obj;4;31;1;0;0;383;0;0;0;1;0;0;0;7;0;10
obj;4;31;1;1;1;403;0;0;0;0;0;0;0;7;0;8
obj;4;31;1;2;2;404;0;0;0;0;0;0;0;7;0;8
obj;4;32;1;0;0;387;15;0;0;1;1;0;0;6;0;9
obj;4;32;1;1;1;330;17;0;0;2;3;0;0;3;0;13
obj;4;32;1;2;2;330;16;0;0;3;2;0;0;9;0;13
obj;4;32;1;3;3;359;17;0;0;0;3;0;0;1;0;1
obj;4;32;1;4;4;328;14;0;638;6;0;0;0;5;0;14
obj;4;33;1;0;0;331;16;0;0;1;2;0;0;5;0;5
obj;4;33;1;1;1;1027;15;0;0;2;1;0;0;8;0;6
obj;4;34;1;0;0;319;2;0;0;1;3;0;0;5;0;5
obj;4;34;1;1;1;325;0;0;0;2;2;0;0;8;0;5
obj;4;35;1;0;0;328;15;0;0;1;1;0;0;1;0;4
obj;4;35;1;1;1;332;15;0;0;2;1;0;0;3;0;4
obj;4;35;1;2;2;330;0;0;0;4;1;0;0;8;0;5
obj;4;35;1;3;3;331;0;0;0;3;1;0;0;5;0;5
obj;4;35;1;4;4;183;0;0;0;5;0;0;0;7;0;5
obj;4;36;1;0;0;334;17;0;0;1;3;0;0;2;0;6
obj;4;36;1;1;1;334;17;0;0;2;3;0;0;2;0;4
obj;4;36;1;2;2;344;15;0;0;4;1;0;0;10;0;3
obj;4;36;1;3;3;324;5;0;0;3;2;0;0;10;0;8
obj;4;36;1;4;4;299;0;0;680;10202;1;0;0;3;0;8
obj;4;36;1;5;5;193;0;0;679;10201;1;0;0;2;0;8
bg;4;37;1;0;0;0;4;0;8;3
obj;4;37;1;0;0;341;15;0;0;2;1;0;0;6;0;13
obj;4;37;1;1;1;316;3;0;0;3;3;1;1;4;0;17
obj;4;37;1;2;2;324;4;0;0;4;0;0;1;12;0;15
obj;4;37;1;3;3;335;15;0;0;1;1;0;1;8;0;11
obj;4;37;1;4;4;336;15;0;0;9017;1;0;1;2;0;4
obj;4;37;1;5;5;336;15;0;0;9003;1;0;1;6;0;4
obj;4;37;1;6;6;336;15;0;0;9001;1;0;1;11;0;4
obj;4;38;1;0;0;332;17;0;0;1;3;0;0;5;0;5
obj;4;39;1;0;0;347;15;0;0;1;1;0;0;5;0;5
obj;4;40;1;0;0;325;0;0;0;1;1;0;0;5;0;5
bg;4;41;1;0;1;0;7;0;10;0
bg;4;42;1;0;4;0;7;0;3;4
obj;4;42;1;0;0;85;0;0;16;10001;0;0;0;5;0;3
obj;4;42;1;1;1;85;0;0;17;10001;0;0;0;8;0;4
obj;4;42;1;2;2;85;0;0;18;10001;0;0;0;4;0;8
obj;4;42;1;3;3;85;0;0;19;10001;0;0;0;3;0;7
obj;4;42;1;4;4;385;0;0;771;0;0;0;0;12;0;3
obj;4;42;1;5;5;101;0;0;785;0;0;0;0;12;0;5
obj;4;43;1;0;0;34;0;0;0;4;3;0;0;9;0;16
obj;4;43;1;1;1;34;0;0;0;6;3;0;0;8;0;9
obj;4;43;1;2;2;34;0;0;0;5;2;0;0;14;0;9
obj;4;43;1;3;3;372;3;0;624;9;3;0;0;17;0;10
coord;4;43;1;0;1;11;0;1;1;16;0;16656
coord;4;43;1;1;3;8;0;1;4;8;1;16656
coord;4;43;1;2;2;14;0;1;4;8;0;16673
bg;4;44;1;0;8;0;15;0;12;4
bg;4;44;1;1;0;0;20;0;17;3
obj;4;44;1;0;0;335;15;0;0;1;1;0;0;6;0;19
obj;4;44;1;1;1;330;15;0;0;3;1;0;0;9;0;14
obj;4;44;1;2;2;344;2;0;0;2;2;0;0;15;0;23
obj;4;44;1;3;3;1012;15;0;0;4;1;0;0;8;0;14
obj;4;44;1;4;4;334;15;0;0;5;1;0;0;16;0;19
obj;4;44;1;5;5;148;0;0;592;0;1;0;0;10;0;24
obj;4;44;1;6;6;336;15;0;0;9003;1;0;0;3;0;13
obj;4;44;1;7;7;336;15;0;0;9001;1;0;0;19;0;13
obj;4;44;1;8;8;394;0;0;0;9;1;0;0;11;0;8
coord;4;44;1;0;7;10;0;3;1;14;1;16665
obj;4;45;1;0;0;360;15;0;0;2;1;0;0;6;0;10
obj;4;45;1;1;1;289;0;0;523;0;0;0;0;6;0;20
obj;4;45;1;2;2;290;0;0;529;0;0;0;0;6;0;2
obj;4;45;1;3;3;349;0;0;529;0;0;0;0;5;0;2
obj;4;45;1;4;4;349;0;0;529;0;0;0;0;7;0;2
obj;4;46;1;0;0;361;15;0;0;2;1;0;0;6;0;11
obj;4;46;1;1;1;289;0;0;524;0;0;0;0;6;0;20
obj;4;46;1;2;2;290;0;0;530;0;0;0;0;6;0;2
obj;4;46;1;3;3;349;0;0;530;0;0;0;0;5;0;2
obj;4;46;1;4;4;349;0;0;530;0;0;0;0;7;0;2
obj;4;47;1;0;0;362;15;0;0;2;1;0;0;6;0;10
obj;4;47;1;1;1;289;0;0;525;0;0;0;0;6;0;20
obj;4;47;1;2;2;290;0;0;531;0;0;0;0;6;0;2
obj;4;47;1;3;3;290;0;0;531;0;0;0;0;5;0;2
obj;4;47;1;4;4;290;0;0;531;0;0;0;0;7;0;2
obj;4;48;1;0;0;363;15;0;0;2;1;0;0;6;0;10
obj;4;48;1;1;1;289;0;0;526;0;0;0;0;6;0;20
obj;4;48;1;2;2;290;0;0;532;0;0;0;0;6;0;2
obj;4;48;1;3;3;290;0;0;532;0;0;0;0;5;0;2
obj;4;48;1;4;4;290;0;0;532;0;0;0;0;7;0;2
obj;4;49;1;0;0;364;15;0;0;0;1;0;0;6;0;6
obj;4;49;1;1;1;366;15;0;0;0;1;0;0;22;0;27
obj;4;49;1;2;2;389;15;0;0;0;1;0;0;21;0;27
obj;4;49;1;3;3;289;0;0;528;0;0;0;0;6;0;26
obj;4;49;1;4;4;290;0;0;0;0;0;0;0;6;0;2
coord;4;49;1;0;1;5;0;3;1;10;0;16583
obj;4;50;1;0;0;364;0;0;0;0;0;0;0;6;0;20
obj;4;51;1;0;0;348;5;0;0;3;3;1;0;16;0;10
obj;4;51;1;1;1;348;15;0;0;1;1;0;0;24;0;17
obj;4;51;1;2;2;348;16;0;0;2;2;0;0;37;0;13
obj;4;51;1;3;3;341;16;0;533;4;2;0;0;35;0;14
coord;4;51;1;0;5;22;0;5;1;14;0;16587
obj;4;52;1;0;0;236;15;0;0;1;1;0;0;9;0;4
obj;4;52;1;1;1;316;16;0;535;2;2;0;0;10;0;4
obj;4;53;1;0;0;348;0;0;538;1;1;0;0;7;0;10
obj;4;53;1;1;1;341;0;1;555;3230;3;0;0;1;0;9
obj;4;53;1;2;2;218;0;1;556;3283;0;0;0;9;0;7
coord;4;53;1;0;2;16;0;1;1;4;0;16658
obj;4;54;1;0;0;333;14;1;554;3234;0;0;0;21;0;8
obj;4;54;1;1;1;324;0;1;555;3235;3;0;0;5;0;4
obj;4;54;1;2;2;327;0;1;555;3236;0;0;0;10;0;8
obj;4;54;1;3;3;377;0;1;556;3132;2;0;0;10;0;9
obj;4;55;1;0;0;227;18;1;554;3398;2;0;0;24;0;6
obj;4;55;1;1;1;326;0;1;555;3208;1;0;0;9;0;6
obj;4;55;1;2;2;323;0;1;556;3040;1;0;0;7;0;6
obj;4;55;1;3;3;318;0;1;556;3078;3;0;0;19;0;7
bg;4;56;1;0;1;0;6;0;6;0
obj;4;56;1;0;0;291;0;0;539;2;0;0;0;6;0;2
obj;4;56;1;1;1;292;0;0;540;0;0;0;0;5;0;7
obj;4;56;1;2;2;427;15;0;0;4;1;0;0;8;0;10
coord;4;56;1;0;5;6;0;1;1;7;1;16605
coord;4;57;1;0;3;20;0;1;1;11;0;16591
bg;4;58;1;0;1;0;6;0;6;0
obj;4;58;1;0;0;291;0;0;541;2;0;0;0;6;0;2
obj;4;58;1;1;1;292;0;0;542;0;0;0;0;5;0;7
coord;4;58;1;0;4;6;0;1;1;7;1;16606
bg;4;59;1;0;3;0;3;0;6;4
bg;4;59;1;1;3;0;7;0;6;4
bg;4;59;1;2;3;0;11;0;6;4
bg;4;59;1;3;3;0;15;0;6;4
bg;4;59;1;4;3;0;19;0;6;4
bg;4;59;1;5;3;0;23;0;6;4
bg;4;59;1;6;3;0;27;0;6;4
bg;4;59;1;7;3;0;27;0;15;4
bg;4;59;1;8;3;0;23;0;15;4
bg;4;59;1;9;3;0;3;0;15;4
bg;4;59;1;10;3;0;7;0;15;4
bg;4;59;1;11;3;0;27;0;24;4
bg;4;59;1;12;3;0;11;0;15;4
bg;4;59;1;13;3;0;15;0;15;4
bg;4;59;1;14;3;0;19;0;15;4
bg;4;59;1;15;3;0;3;0;24;4
bg;4;59;1;16;3;0;27;0;33;4
bg;4;59;1;17;3;0;23;0;33;4
bg;4;59;1;18;3;0;19;0;33;4
bg;4;59;1;19;3;0;15;0;33;4
bg;4;59;1;20;3;0;11;0;33;4
bg;4;59;1;21;3;0;7;0;33;4
bg;4;59;1;22;3;0;3;0;33;4
bg;4;59;1;23;3;0;3;0;42;4
bg;4;59;1;24;3;0;7;0;42;4
bg;4;59;1;25;3;0;11;0;42;4
bg;4;59;1;26;3;0;15;0;42;4
bg;4;59;1;27;3;0;19;0;42;4
bg;4;59;1;28;3;0;23;0;42;4
bg;4;59;1;29;3;0;27;0;42;4
obj;4;59;1;0;0;325;3;0;566;5;0;1;1;23;0;24
obj;4;59;1;1;1;332;2;0;566;4;2;0;0;4;0;14
obj;4;59;1;2;2;330;14;0;566;6;0;0;0;15;0;34
obj;4;59;1;3;3;338;14;0;565;0;0;0;0;20;0;3
obj;4;59;1;4;4;338;14;0;565;0;0;0;0;20;0;39
obj;4;59;1;5;5;338;14;0;565;0;0;0;0;10;0;21
obj;4;59;1;6;6;338;14;0;565;0;0;0;0;10;0;39
obj;4;59;1;7;7;386;0;0;743;0;2;0;0;14;0;24
bg;4;60;1;0;1;0;6;0;6;0
obj;4;60;1;0;0;291;0;0;543;2;0;0;0;6;0;2
obj;4;60;1;1;1;292;0;0;544;0;0;0;0;5;0;7
coord;4;60;1;0;4;6;0;1;1;7;1;16607
coord;4;61;1;0;3;20;0;1;1;13;0;16598
bg;4;62;1;0;1;0;6;0;6;0
obj;4;62;1;0;0;291;0;0;545;2;0;0;0;6;0;2
obj;4;62;1;1;1;292;0;0;546;0;0;0;0;5;0;7
coord;4;62;1;0;3;6;0;1;1;7;1;16608
coord;4;63;1;0;3;20;0;1;1;21;0;16601
coord;4;64;1;0;3;19;0;1;1;11;0;16594
bg;4;65;1;0;4;0;3;0;3;4
bg;4;65;1;1;5;0;10;0;3;4
bg;4;65;1;2;5;0;11;0;3;4
obj;4;65;1;0;0;386;15;0;0;1;1;0;0;1;0;4
obj;4;65;1;1;1;338;17;0;0;3;3;0;0;9;0;7
obj;4;65;1;2;2;338;14;0;0;2;0;0;0;8;0;4
obj;4;66;1;0;0;331;0;0;0;1;1;0;0;5;0;5
bg;4;67;1;0;1;0;2;0;5;4
bg;4;67;1;1;1;0;2;0;10;4
bg;4;67;1;2;1;0;10;0;5;4
bg;4;67;1;3;1;0;10;0;10;4
bg;4;67;1;4;1;0;2;0;4;4
bg;4;67;1;5;1;0;10;0;4;4
bg;4;67;1;6;1;0;2;0;9;4
bg;4;67;1;7;1;0;10;0;9;4
bg;4;67;1;8;2;0;25;0;19;4
bg;4;67;1;9;1;0;29;0;27;4
bg;4;67;1;10;1;0;29;0;26;4
bg;4;67;1;11;1;0;29;0;22;4
bg;4;67;1;12;1;0;29;0;21;4
bg;4;67;1;13;1;0;21;0;27;4
bg;4;67;1;14;1;0;21;0;26;4
bg;4;67;1;15;1;0;21;0;22;4
bg;4;67;1;16;1;0;21;0;21;4
obj;4;67;1;0;0;338;0;0;0;0;0;0;0;1;0;30
obj;4;67;1;1;1;328;14;0;638;3;0;0;0;4;0;9
obj;4;67;1;2;2;328;14;0;638;5;0;0;0;23;0;26
bg;4;68;1;0;2;0;4;0;4;4
bg;4;68;1;1;2;0;8;0;4;4
bg;4;68;1;2;2;0;4;0;3;4
bg;4;68;1;3;2;0;8;0;3;4
obj;4;68;1;0;0;87;0;0;1128;7013;0;0;0;4;0;8
obj;4;68;1;1;1;87;0;0;1129;7014;0;0;0;8;655360;8
obj;4;68;1;2;2;87;0;0;1130;7015;0;0;0;4;0;12
obj;4;68;1;3;3;87;0;0;1131;7016;0;0;0;8;0;12
coord;4;68;1;0;1;6;0;1;1;3;0;16588
bg;4;69;1;0;2;0;4;0;4;4
bg;4;69;1;1;2;0;8;0;4;4
bg;4;69;1;2;2;0;4;0;3;4
bg;4;69;1;3;2;0;8;0;3;4
obj;4;69;1;0;0;87;0;0;1132;7017;0;0;0;4;0;8
obj;4;69;1;1;1;87;0;0;1133;7018;0;0;0;8;0;8
obj;4;69;1;2;2;87;0;0;1134;7019;0;0;0;4;0;12
obj;4;69;1;3;3;87;0;0;1135;7020;0;0;0;8;0;12
coord;4;69;1;0;1;6;0;1;1;3;0;16592
bg;4;70;1;0;2;0;4;0;4;4
bg;4;70;1;1;2;0;8;0;4;4
bg;4;70;1;2;2;0;4;0;3;4
bg;4;70;1;3;2;0;8;0;3;4
obj;4;70;1;0;0;87;0;0;1140;7025;0;0;0;4;0;8
obj;4;70;1;1;1;87;0;0;1141;7026;0;0;0;8;0;8
obj;4;70;1;2;2;87;0;0;1142;7027;0;0;0;4;0;12
obj;4;70;1;3;3;87;0;0;1143;7028;0;0;0;8;0;12
coord;4;70;1;0;1;6;0;1;1;3;0;16599
bg;4;71;1;0;2;0;4;0;4;4
bg;4;71;1;1;2;0;8;0;4;4
bg;4;71;1;2;2;0;4;0;3;4
bg;4;71;1;3;2;0;8;0;3;4
obj;4;71;1;0;0;87;0;0;1136;7021;0;0;0;4;0;8
obj;4;71;1;1;1;87;0;0;1137;7022;0;0;0;8;0;8
obj;4;71;1;2;2;87;0;0;1138;7023;0;0;0;4;0;12
obj;4;71;1;3;3;87;0;0;1139;7024;0;0;0;8;0;12
coord;4;71;1;0;1;6;0;1;1;3;0;16596
obj;4;72;1;0;0;341;0;0;534;1;1;0;0;9;0;8
obj;4;72;1;1;1;328;17;1;554;3423;3;0;0;17;0;10
obj;4;72;1;2;2;316;15;1;554;3424;1;0;0;24;0;7
obj;4;72;1;3;3;316;15;1;554;5424;1;0;0;25;0;7
obj;4;72;1;4;4;316;0;0;536;3;1;0;0;8;0;8
obj;4;72;1;5;5;338;0;1;555;3366;1;0;0;10;0;6
obj;4;72;1;6;6;351;0;1;555;3421;3;0;0;17;0;9
obj;4;72;1;7;7;329;0;1;556;3351;3;0;0;17;0;8
obj;4;72;1;8;8;328;0;1;556;3422;1;0;0;22;0;6
obj;4;73;1;0;0;316;17;0;537;4;3;0;0;1;0;13
obj;4;73;1;1;1;348;16;0;554;1;2;0;0;38;0;18
obj;4;73;1;2;2;346;3;1;554;3138;3;1;1;49;0;4
obj;4;73;1;3;3;348;15;1;554;3238;1;0;0;35;0;9
obj;4;73;1;4;4;378;14;1;554;3241;0;0;0;8;0;4
obj;4;73;1;5;5;347;0;1;555;3127;1;0;0;14;0;12
obj;4;73;1;6;6;348;0;1;555;3239;2;0;0;26;0;13
obj;4;73;1;7;7;344;0;1;555;3338;3;0;0;29;0;8
obj;4;73;1;8;8;348;0;1;556;3240;3;0;0;10;0;17
obj;4;73;1;9;9;146;0;1;556;3427;1;0;0;31;0;6
obj;4;73;1;10;10;146;0;1;556;3428;3;0;0;31;0;10
obj;4;73;1;11;11;329;0;1;556;3426;2;0;0;35;0;8
coord;4;73;1;0;2;38;0;1;3;17;2;16587
bg;4;74;1;0;8086;2;23;0;26;4
bg;4;74;1;1;8158;2;13;0;16;4
obj;4;74;1;0;0;348;0;0;0;1;1;0;0;27;0;22
obj;4;74;1;1;1;348;0;0;0;4;1;0;0;10;0;15
obj;4;74;1;2;2;326;0;0;0;5;0;0;0;10;0;16
obj;4;74;1;3;3;369;0;0;713;7;2;0;0;18;0;22
obj;4;75;1;0;0;331;0;0;0;9501;1;0;0;3;0;5
obj;4;75;1;1;1;101;0;0;557;0;1;0;0;3;0;10
obj;4;75;1;2;2;1032;0;0;557;0;1;0;0;4;0;10
bg;4;77;1;0;8062;2;16;0;8;4
obj;4;77;1;0;0;87;0;0;1148;7070;0;0;0;6;0;25
obj;4;78;1;0;0;87;0;0;1149;7071;0;0;0;6;0;21
obj;4;78;1;1;1;87;0;0;1150;7072;0;0;0;22;0;18
obj;4;78;1;2;2;87;0;0;1151;7073;0;0;0;25;0;24
bg;4;79;1;0;8063;2;24;0;20;4
obj;4;79;1;0;0;87;0;0;1152;7074;0;0;0;14;0;19
obj;4;80;1;0;0;87;0;0;1153;7075;0;0;0;13;0;16
obj;4;80;1;1;1;87;0;0;1154;7076;0;0;0;6;0;7
obj;4;81;1;0;0;87;0;0;1155;7077;0;0;0;23;0;7
bg;4;82;1;0;8064;2;21;0;6;4
obj;4;82;1;0;0;87;0;0;1156;7078;0;0;0;6;0;6
obj;4;82;1;1;1;87;0;0;1157;7079;0;0;0;17;0;14
obj;4;82;1;2;2;87;0;0;1158;7080;0;0;0;19;0;24
obj;4;83;1;0;0;87;0;0;1159;7081;0;0;0;15;0;6
obj;4;84;1;0;0;232;0;0;580;2;1;0;0;15;0;18
obj;4;84;1;1;1;232;0;0;580;5;1;0;0;14;0;18
obj;4;84;1;2;2;232;0;0;580;5;1;0;0;13;0;18
obj;4;84;1;3;3;232;0;0;580;5;1;0;0;16;0;18
obj;4;84;1;4;4;232;0;0;580;5;1;0;0;17;0;18
obj;4;84;1;5;5;425;0;0;578;1;1;0;0;15;0;16
coord;4;84;1;0;7;15;0;1;1;20;1;16634
bg;4;86;1;0;8226;2;9;0;30;4
obj;4;86;1;0;0;328;15;0;0;1;1;0;0;6;0;3
obj;4;86;1;1;1;85;0;0;16;10001;0;0;0;29;0;3
obj;4;86;1;2;2;85;0;0;17;10001;0;0;0;28;0;13
obj;4;86;1;3;3;85;0;0;18;10001;0;0;0;25;0;2
obj;4;86;1;4;4;85;0;0;19;10001;0;0;0;25;0;3
obj;4;86;1;5;5;85;0;0;20;10001;0;0;0;24;0;11
obj;4;86;1;6;6;85;0;0;23;10001;0;0;0;28;0;11
bg;4;102;1;0;0;0;4;0;8;3
obj;4;102;1;0;0;335;15;0;0;1;1;0;0;8;0;11
obj;4;102;1;1;1;336;15;0;0;9017;1;0;0;2;0;4
obj;4;102;1;2;2;336;15;0;0;9003;1;0;0;6;0;4
obj;4;102;1;3;3;336;15;0;0;9001;1;0;0;11;0;4
obj;4;102;1;4;4;347;2;0;0;2;3;0;0;4;0;17
obj;4;102;1;5;5;348;0;0;0;3;1;0;0;5;0;13
obj;4;102;1;6;6;315;3;0;0;4;1;0;1;15;0;12
obj;4;103;1;0;0;286;15;0;0;9203;1;0;0;4;0;4
obj;4;103;1;1;1;336;15;0;0;9202;1;0;0;8;0;4
obj;4;103;1;2;2;336;15;0;0;9201;1;0;0;12;0;4
obj;4;104;1;0;0;334;17;0;0;1;3;1;1;2;0;6
obj;4;104;1;1;1;334;17;0;0;2;3;1;1;2;0;4
obj;4;104;1;2;2;325;3;0;0;4;2;1;0;6;0;9
obj;4;104;1;3;3;322;5;0;0;3;2;1;0;9;0;4
obj;4;104;1;4;4;299;0;0;680;10202;1;1;0;3;0;8
obj;4;104;1;5;5;193;0;0;679;10201;1;1;0;2;0;8
obj;4;105;1;0;0;347;0;0;0;1;1;0;0;5;0;5
obj;4;105;1;1;1;183;0;0;0;2;0;0;0;7;0;5
bg;4;106;1;0;7;0;4;0;2;4
bg;4;106;1;1;6;0;10;0;2;4
bg;4;106;1;2;8;0;6;0;7;4
obj;4;106;1;0;0;341;0;0;0;1;1;0;0;14;0;5
obj;4;106;1;1;1;326;0;0;0;2;1;0;0;12;0;4
obj;4;106;1;2;2;325;0;0;0;4;1;0;0;3;0;5
obj;4;106;1;3;3;332;0;0;0;3;3;0;0;5;0;8
obj;4;106;1;4;4;1030;42;0;0;5;1;2;2;4;0;4
obj;4;106;1;5;5;234;0;0;764;0;1;1;1;6;0;7
obj;4;107;1;0;0;329;0;0;0;1;0;0;0;2;0;4
obj;4;107;1;1;1;146;20;0;0;2;3;0;0;3;0;4
obj;4;108;1;0;0;341;0;0;0;1;1;0;0;5;0;5
bg;4;109;1;0;1;0;2;0;13;4
bg;4;109;1;1;2;0;4;0;13;4
bg;4;109;1;2;3;0;6;0;13;4
bg;4;109;1;3;4;0;8;0;13;4
bg;4;109;1;4;5;0;10;0;13;4
bg;4;109;1;5;6;0;2;0;15;4
bg;4;109;1;6;7;0;4;0;15;4
bg;4;109;1;7;8;0;6;0;15;4
bg;4;109;1;8;9;0;8;0;15;4
bg;4;109;1;9;10;0;10;0;15;4
bg;4;109;1;10;11;0;2;0;17;4
bg;4;109;1;11;12;0;4;0;17;4
bg;4;109;1;12;13;0;6;0;17;4
bg;4;109;1;13;14;0;8;0;17;4
bg;4;109;1;14;15;0;10;0;17;4
bg;4;109;1;15;26;0;4;0;20;0
bg;4;109;1;16;26;0;8;0;20;0
obj;4;109;1;0;0;349;0;0;794;16;0;0;0;5;0;8
obj;4;109;1;1;1;349;0;0;794;17;0;0;0;6;0;8
obj;4;109;1;2;2;349;0;0;794;18;0;0;0;7;0;8
obj;4;109;1;3;3;349;0;0;794;19;0;0;0;5;0;10
obj;4;109;1;4;4;349;0;0;794;20;0;0;0;6;0;10
obj;4;109;1;5;5;349;0;0;794;21;0;0;0;7;0;10
obj;4;109;1;6;6;323;15;1;0;3231;1;0;0;5;0;13
obj;4;109;1;7;7;378;17;1;0;3395;3;0;0;3;0;16
obj;4;109;1;8;8;341;16;1;0;3336;2;0;0;10;0;14
obj;4;109;1;9;9;368;15;0;752;24;1;0;0;6;0;4
obj;4;109;1;10;10;168;15;0;0;25;1;0;0;9;0;20
obj;4;110;1;0;0;328;0;0;603;1;0;0;0;5;0;3
obj;4;110;1;1;1;394;17;0;0;3;3;0;0;1;0;8
obj;4;111;1;0;0;286;15;0;0;9203;1;0;0;4;0;4
obj;4;111;1;1;1;336;15;0;0;9202;1;0;0;8;0;4
obj;4;111;1;2;2;336;15;0;0;9201;1;0;0;12;0;4
obj;4;112;1;0;0;286;15;0;0;9203;1;0;0;4;0;4
obj;4;112;1;1;1;336;15;0;0;9202;1;0;0;8;0;4
obj;4;112;1;2;2;336;15;0;0;9201;1;0;0;12;0;4
obj;4;113;1;0;0;286;15;0;0;9203;1;0;0;4;0;4
obj;4;113;1;1;1;336;15;0;0;9202;1;0;0;8;0;4
obj;4;113;1;2;2;336;15;0;0;9201;1;0;0;12;0;4
bg;4;114;1;0;4;0;7;0;2;4
obj;4;114;1;0;0;427;16;0;0;1;2;0;0;17;0;8
obj;4;114;1;1;1;341;3;0;0;2;1;1;1;14;0;4
obj;4;114;1;2;2;327;3;0;0;3;3;1;1;3;0;5
obj;4;114;1;3;3;299;0;0;680;10202;2;1;1;19;0;11
obj;4;114;1;4;4;193;0;0;679;10201;2;1;1;19;0;10
bg;4;115;1;0;5;0;7;0;2;4
obj;4;115;1;0;0;334;16;0;0;1;2;0;0;16;0;8
obj;4;115;1;1;1;334;15;0;0;2;1;0;0;18;0;8
obj;4;115;1;2;2;328;14;0;0;3;0;0;0;13;0;4
obj;4;115;1;3;3;146;16;0;0;4;2;0;0;14;0;4
obj;4;115;1;4;4;328;14;0;638;6;0;0;0;3;0;10
obj;4;115;1;5;5;128;0;0;787;8;0;0;0;17;0;4
bg;4;116;1;0;6;0;7;0;2;4
obj;4;116;1;0;0;334;15;0;0;1;1;0;0;17;0;4
obj;4;116;1;1;1;367;15;0;0;4;1;0;0;13;0;3
obj;4;116;1;2;2;367;15;0;0;3;1;0;0;12;0;3
obj;4;116;1;3;3;146;3;0;0;2;1;0;1;17;0;8
obj;4;116;1;4;4;322;5;0;0;5;2;1;0;7;0;5
bg;4;117;1;0;4;0;7;0;2;4
obj;4;117;1;0;0;334;14;0;0;1;0;0;0;21;0;11
obj;4;117;1;1;1;146;14;0;0;3;0;0;0;14;0;10
obj;4;117;1;2;2;322;3;0;0;2;2;1;1;21;0;6
obj;4;117;1;3;3;352;0;0;608;6;2;1;1;16;0;3
obj;4;117;1;4;4;372;0;0;738;7;3;1;1;15;0;3
bg;4;118;1;0;6;0;7;0;2;0
obj;4;118;1;0;0;334;14;0;0;1;0;0;0;19;0;10
obj;4;118;1;1;1;334;14;0;0;2;0;0;0;17;0;10
obj;4;118;1;2;2;341;17;0;0;3;3;0;0;14;0;5
obj;4;118;1;3;3;348;5;0;0;4;2;2;0;9;0;11
obj;4;118;1;4;4;325;17;0;0;5;3;0;0;1;0;7
bg;4;119;1;0;3;0;7;0;2;4
bg;4;119;1;1;4;0;15;0;3;0
bg;4;119;1;2;4;0;19;0;3;0
bg;4;119;1;3;4;0;20;0;3;0
obj;4;119;1;0;0;322;14;0;0;1;0;0;0;16;0;4
obj;4;119;1;1;1;146;3;0;0;2;3;1;1;18;0;11
bg;4;120;1;0;5;0;5;0;2;4
obj;4;120;1;0;0;331;8;0;0;1;2;0;0;13;0;4
obj;4;120;1;1;1;1008;2;0;0;2;3;0;0;11;0;6
obj;4;120;1;2;2;1003;15;0;0;3;1;0;0;12;0;3
obj;4;120;1;3;3;1000;3;0;0;4;1;1;1;7;0;4
bg;4;121;1;0;1;0;5;0;2;4
bg;4;121;1;1;3;0;3;0;2;4
bg;4;122;1;0;5;0;5;0;2;4
bg;4;122;1;1;8;0;5;0;8;0
bg;4;122;1;2;8;0;5;0;12;0
bg;4;122;1;3;8;0;6;0;12;0
bg;4;122;1;4;8;0;10;0;12;0
bg;4;122;1;5;8;0;11;0;12;0
bg;4;122;1;6;8;0;10;0;8;0
bg;4;122;1;7;8;0;11;0;8;0
bg;4;122;1;8;6;0;1;0;9;0
bg;4;122;1;9;6;0;1;0;12;0
bg;4;122;1;10;7;0;14;0;9;4
bg;4;122;1;11;7;0;15;0;12;4
bg;4;122;1;12;7;0;15;0;9;4
bg;4;122;1;13;7;0;14;0;12;4
bg;4;122;1;14;14;0;7;0;2;4
obj;4;122;1;0;0;322;14;0;0;3;0;0;0;1;0;7
obj;4;122;1;1;1;168;14;0;0;2;0;0;0;14;0;10
obj;4;122;1;2;2;332;14;0;0;4;0;0;0;6;0;9
obj;4;122;1;3;3;324;5;0;0;1;2;2;0;8;0;5
obj;4;122;1;4;4;146;0;0;0;10;0;2;0;14;0;6
obj;4;122;1;5;5;101;0;0;0;0;2;0;0;15;0;30
obj;4;122;1;6;6;1032;0;0;0;0;2;0;0;16;0;30
obj;4;122;1;7;7;386;0;0;0;13;1;0;0;8;0;12
obj;4;123;1;0;0;332;17;0;0;1;3;0;0;14;0;11
obj;4;124;1;0;0;168;15;0;0;1;1;0;0;6;0;6
bg;4;125;1;0;10;0;4;0;6;2
bg;4;125;1;1;23;0;17;0;8;2
bg;4;125;1;2;9;0;5;0;14;4
bg;4;125;1;3;9;0;15;0;14;4
bg;4;125;1;4;14;0;3;0;10;1
bg;4;125;1;5;13;0;3;0;9;1
bg;4;125;1;6;12;0;3;0;7;1
bg;4;125;1;7;11;0;3;0;6;1
bg;4;125;1;8;20;0;16;0;10;1
bg;4;125;1;9;19;0;16;0;8;1
bg;4;125;1;10;18;0;16;0;7;1
bg;4;125;1;11;17;0;4;0;10;2
bg;4;125;1;12;16;0;4;0;8;2
bg;4;125;1;13;15;0;4;0;7;2
bg;4;125;1;14;24;0;17;0;10;2
bg;4;125;1;15;22;0;17;0;7;2
bg;4;125;1;16;21;0;17;0;6;2
obj;4;125;1;0;0;334;15;0;0;1;1;0;0;10;0;9
obj;4;125;1;1;1;427;17;0;0;2;3;0;0;11;0;7
obj;4;125;1;2;2;168;15;0;0;7;1;0;0;3;0;15
obj;4;125;1;3;3;332;16;0;0;6;2;0;0;5;0;9
obj;4;125;1;4;4;330;17;0;0;8;3;0;0;2;0;8
obj;4;125;1;5;5;347;17;0;0;5;3;0;0;15;0;6
obj;4;125;1;6;6;328;17;0;0;3;3;0;0;15;0;9
obj;4;125;1;7;7;325;16;0;0;4;2;0;0;18;0;9
bg;4;126;1;0;4;0;3;0;2;4
bg;4;126;1;1;5;0;6;0;2;4
obj;4;126;1;0;0;341;4;0;0;1;1;0;1;1;0;4
obj;4;126;1;1;1;168;8;0;0;2;2;0;0;6;0;6
obj;4;126;1;2;2;323;16;0;0;3;2;0;0;7;0;3
bg;4;127;1;0;0;0;2;0;2;4
obj;4;127;1;0;0;322;15;0;0;1;1;0;0;13;0;7
obj;4;127;1;1;1;325;15;0;0;5;1;0;0;8;0;4
obj;4;127;1;2;2;332;15;0;0;4;1;0;0;5;0;4
obj;4;127;1;3;3;129;17;0;0;6;3;0;0;2;0;6
obj;4;127;1;4;4;332;14;0;0;3;0;0;0;7;0;9
obj;4;127;1;5;5;332;14;0;0;2;0;0;0;10;0;9
bg;4;128;1;0;4;0;8;0;4;4
bg;4;128;1;1;5;0;6;0;4;0
obj;4;128;1;0;0;101;16;0;741;1;2;0;0;7;0;7
obj;4;128;1;1;1;1032;44;0;741;2;1;2;2;4;0;6
obj;4;129;1;0;0;329;15;0;0;1;1;0;0;5;0;5
obj;4;130;1;0;0;348;0;0;0;1;0;0;0;7;0;9
obj;4;130;1;1;1;322;16;0;0;3;2;1;1;12;0;5
bg;4;131;1;0;8084;2;26;0;20;4
obj;4;131;1;0;0;348;0;0;0;1;1;0;0;23;0;19
bg;4;132;1;0;1;1;2820;192;202;4
obj;4;132;1;0;0;333;20;1;0;3358;3;6;0;2824;192;201
obj;4;132;1;1;1;328;9;1;0;3347;3;0;0;2838;192;205
obj;4;132;1;2;2;84;0;0;16;10002;0;0;0;2827;192;210
obj;4;132;1;3;3;87;0;0;1300;7193;0;0;0;2825;192;206
obj;4;133;1;0;0;394;17;0;0;1;3;0;0;1;0;8
obj;4;134;1;0;0;394;15;0;0;1;1;0;0;5;0;4
obj;4;135;1;0;0;394;17;0;0;1;3;0;0;1;0;8
obj;4;136;1;0;0;394;15;0;0;1;1;0;0;5;0;4
bg;4;137;1;0;0;0;4;0;8;3
obj;4;137;1;0;0;335;15;0;0;1;1;0;0;8;0;11
obj;4;137;1;1;1;336;15;0;0;9017;1;0;0;2;0;4
obj;4;137;1;2;2;336;15;0;0;9003;1;0;0;6;0;4
obj;4;137;1;3;3;336;15;0;0;9001;1;0;0;11;0;4
obj;4;137;1;4;4;341;5;0;0;2;1;2;0;5;0;17
obj;4;137;1;5;5;168;15;0;0;4;1;0;0;5;0;13
obj;4;137;1;6;6;327;3;0;0;3;2;1;1;12;0;15
obj;4;138;1;0;0;286;15;0;0;9203;1;0;0;4;0;4
obj;4;138;1;1;1;336;15;0;0;9202;1;0;0;8;0;4
obj;4;138;1;2;2;336;15;0;0;9201;1;0;0;12;0;4
bg;4;139;1;0;2;0;5;0;44;0
bg;4;139;1;1;2;0;9;0;44;0
obj;4;139;1;0;0;86;0;0;16;10000;0;0;0;7;0;42
obj;4;139;1;1;1;86;0;0;17;10000;0;0;0;1;0;15
obj;4;139;1;2;2;86;0;0;18;10000;0;0;0;7;0;16
obj;4;139;1;3;3;316;15;1;0;3325;1;0;0;2;0;30
obj;4;139;1;4;4;316;15;1;0;5325;1;0;0;3;0;30
obj;4;139;1;5;5;319;15;1;0;3355;1;0;0;13;0;34
obj;4;139;1;6;6;346;17;1;0;3335;3;0;0;10;0;17
obj;4;139;1;7;7;326;15;1;0;3345;1;0;0;7;0;17
obj;4;139;1;8;8;371;15;0;754;1;1;0;0;7;0;3
obj;4;140;1;0;0;406;15;0;0;0;1;0;0;5;0;10
obj;4;140;1;1;1;406;15;0;0;0;1;0;0;8;0;10
obj;4;140;1;2;2;33;15;1;0;3479;1;0;0;2;0;12
obj;4;140;1;3;3;225;16;1;0;3482;2;0;0;11;0;12
bg;4;141;1;0;2;0;2;0;18;0
bg;4;141;1;1;2;0;6;0;18;0
obj;4;141;1;0;0;406;15;0;0;0;1;0;0;4;0;12
obj;4;141;1;1;1;406;15;0;0;0;1;0;0;4;0;8
obj;4;141;1;2;2;168;15;0;0;1;1;0;0;5;0;17
bg;4;142;1;0;2;0;6;131072;2;0
bg;4;142;1;1;3;0;8;0;2;0
obj;4;142;1;0;0;344;0;0;0;1;1;0;0;7;0;4
obj;4;142;1;1;1;354;0;0;693;5;3;0;0;3;0;7
obj;4;142;1;2;2;372;0;0;694;6;1;0;0;11;0;6
obj;4;142;1;3;3;359;0;0;695;7;3;0;0;5;0;11
obj;4;142;1;4;4;371;0;0;696;8;2;0;0;11;0;9
obj;4;142;1;5;5;370;0;0;697;9;1;0;0;8;0;8
obj;4;142;1;6;6;375;0;0;699;11;1;0;0;12;0;4
obj;4;142;1;7;7;356;0;0;700;12;1;0;0;6;0;8
obj;4;142;1;8;8;373;0;0;701;13;1;0;0;9;0;8
obj;4;142;1;9;9;353;0;0;702;14;1;0;0;4;0;9
obj;4;142;1;10;10;369;0;0;703;15;1;0;0;10;0;5
obj;4;142;1;11;11;352;0;0;704;16;3;0;0;2;0;12
obj;4;142;1;12;12;368;0;0;705;17;1;0;0;10;0;11
obj;4;142;1;13;13;355;0;0;706;18;1;0;0;5;0;5
obj;4;142;1;14;14;357;0;0;707;19;3;0;0;2;0;8
obj;4;142;1;15;15;358;0;0;708;20;1;0;0;3;0;4
obj;4;142;1;16;16;374;0;0;698;10;1;0;0;12;0;10
obj;4;143;1;0;0;347;16;0;0;1;2;0;0;8;0;5
bg;4;144;1;0;9;0;7;0;9;0
obj;4;144;1;0;0;34;0;0;0;1;1;0;0;14;0;9
obj;4;144;1;1;1;332;4;0;0;2;0;0;1;16;0;15
obj;4;144;1;2;2;325;3;0;0;3;3;1;1;8;0;18
obj;4;144;1;3;3;319;17;0;0;4;3;0;0;12;0;13
obj;4;144;1;4;4;368;14;0;759;8;0;0;0;19;0;10
coord;4;144;1;0;5;14;0;1;1;7;0;16669
bg;4;146;1;0;4;0;5;0;2;0
obj;4;146;1;0;0;427;0;0;642;1;2;0;0;22;0;5
obj;4;146;1;1;1;34;16;0;641;2;2;0;0;4;0;4
obj;4;146;1;2;2;421;0;0;762;5;1;0;0;14;0;8
bg;4;147;1;0;8;0;4;0;6;4
bg;4;147;1;1;8;0;6;0;6;4
bg;4;147;1;2;8;0;8;0;6;4
bg;4;147;1;3;8;0;10;0;6;4
bg;4;147;1;4;8;0;12;0;6;4
obj;4;147;1;0;0;409;0;0;643;2;0;0;0;4;0;6
obj;4;147;1;1;1;410;0;0;646;3;0;0;0;6;0;6
obj;4;147;1;2;2;411;0;0;645;4;0;0;0;8;0;6
obj;4;147;1;3;3;412;0;0;644;5;0;0;0;10;0;6
obj;4;147;1;4;4;413;0;0;647;6;0;0;0;12;0;6
obj;4;147;1;5;5;183;0;0;0;1;0;0;0;11;0;9
obj;4;148;1;0;0;328;15;0;0;1;1;0;0;5;0;7
obj;4;148;1;1;1;329;17;0;0;2;3;0;0;2;0;8
obj;4;148;1;2;2;1036;2;0;0;3;1;0;0;11;0;6
bg;4;149;1;0;2;0;9;0;4;4
bg;4;149;1;1;3;0;10;0;4;4
bg;4;149;1;2;7;0;4;0;7;4
obj;4;149;1;0;0;319;0;0;0;1;2;0;0;5;0;7
obj;4;149;1;1;1;234;0;0;763;0;1;0;0;4;0;7
obj;4;149;1;2;2;380;15;0;0;4;1;0;0;9;0;6
obj;4;149;1;3;3;101;0;0;0;1;0;0;0;5;0;7
bg;4;151;1;0;0;0;4;0;8;3
obj;4;151;1;0;0;335;15;0;0;1;1;0;0;8;0;11
obj;4;151;1;1;1;336;15;0;0;9017;1;0;0;2;0;4
obj;4;151;1;2;2;336;15;0;0;9003;1;0;0;6;0;4
obj;4;151;1;3;3;336;15;0;0;9001;1;0;0;11;0;4
obj;4;151;1;4;4;325;5;0;0;2;2;1;0;14;0;13
obj;4;151;1;5;5;333;17;0;0;3;3;0;0;5;0;14
obj;4;151;1;6;6;146;3;0;0;4;0;1;1;3;0;18
obj;4;152;1;0;0;286;15;0;0;9203;1;0;0;4;0;4
obj;4;152;1;1;1;336;15;0;0;9202;1;0;0;8;0;4
obj;4;152;1;2;2;336;15;0;0;9201;1;0;0;12;0;4
obj;4;153;1;0;0;334;17;0;0;1;3;0;0;2;0;6
obj;4;153;1;1;1;324;5;0;0;3;2;1;0;10;0;4
obj;4;153;1;2;2;327;17;0;0;4;3;0;0;7;0;9
obj;4;153;1;3;3;334;17;0;0;2;3;0;0;2;0;4
obj;4;153;1;4;4;299;0;0;680;10202;1;0;0;3;0;8
obj;4;153;1;5;5;193;0;0;679;10201;1;0;0;2;0;8
bg;4;154;1;0;3;0;13;0;23;0
bg;4;154;1;1;3;0;17;0;23;0
obj;4;154;1;0;0;219;2;1;0;3368;3;0;0;5;0;6
obj;4;154;1;1;1;351;2;1;0;3414;2;0;0;25;0;6
obj;4;154;1;2;2;219;2;1;0;3367;2;0;0;25;0;24
obj;4;154;1;3;3;351;2;1;0;3229;3;0;0;5;0;24
obj;4;154;1;4;4;168;15;0;0;2;1;0;0;16;0;23
obj;4;154;1;5;5;369;15;0;753;1;1;0;0;15;0;13
coord;4;154;1;0;4;12;0;1;1;17;0;16386
bg;4;155;1;0;8161;2;24;0;21;4
bg;4;155;1;1;9;1;12;0;10;4
obj;4;155;1;0;0;328;0;0;0;1;2;0;0;0;0;0
obj;4;155;1;1;1;328;14;0;638;4;0;0;0;13;0;16
obj;4;155;1;2;2;322;0;0;0;6;0;0;0;2;0;20
obj;4;155;1;3;3;333;3;0;0;7;2;1;1;22;0;21
obj;4;155;1;4;4;320;4;0;0;8;2;1;1;9;0;22
coord;4;155;1;0;2;12;0;6;1;28;0;16613
bg;4;156;1;0;10;0;15;0;3;0
bg;4;156;1;1;11;0;15;0;13;0
bg;4;156;1;2;12;0;6;0;7;4
bg;4;156;1;3;12;0;6;0;8;4
bg;4;156;1;4;13;0;9;0;14;4
bg;4;156;1;5;13;0;9;0;13;4
bg;4;156;1;6;13;0;6;0;13;4
bg;4;156;1;7;13;0;6;0;14;4
bg;4;156;1;8;12;0;9;0;8;4
bg;4;156;1;9;12;0;9;0;7;4
obj;4;156;1;0;0;320;0;0;0;3;2;0;0;10;0;6
obj;4;156;1;1;1;316;0;0;0;9;1;0;0;11;0;17
obj;4;156;1;2;2;329;2;0;0;6;2;0;0;13;0;10
obj;4;156;1;3;3;325;2;0;0;7;3;0;0;4;0;15
obj;4;156;1;4;4;319;0;0;0;8;2;0;0;13;0;15
obj;4;156;1;5;5;331;0;0;0;5;2;0;0;10;0;14
obj;4;156;1;6;6;333;0;0;0;2;3;0;0;5;0;8
obj;4;156;1;7;7;326;3;0;0;4;3;2;0;20;0;11
obj;4;156;1;8;8;351;2;0;0;1;1;2;0;7;0;4
bg;4;157;1;0;10;0;12;0;2;0
bg;4;157;1;1;11;0;12;0;12;0
bg;4;157;1;2;12;0;8;0;10;4
bg;4;157;1;3;12;0;8;0;11;4
bg;4;157;1;4;12;0;5;0;11;4
bg;4;157;1;5;12;0;5;0;10;4
obj;4;157;1;0;0;341;3;0;0;6;3;2;0;8;0;16
obj;4;157;1;1;1;333;0;0;0;9;2;0;0;18;0;10
obj;4;157;1;2;2;323;3;0;0;8;2;0;2;15;0;10
obj;4;157;1;3;3;321;6;0;0;2;0;0;0;6;0;6
obj;4;157;1;4;4;345;17;0;0;5;3;0;1;4;0;11
obj;4;157;1;5;5;317;8;0;0;1;1;0;0;6;0;5
obj;4;157;1;6;6;328;0;0;0;4;3;0;1;4;0;10
obj;4;157;1;7;7;378;3;0;0;7;2;0;1;11;0;10
obj;4;157;1;8;8;327;0;0;0;3;2;2;0;9;0;6
bg;4;158;1;0;1;1;2071;128;139;4
obj;4;158;1;0;0;318;8;1;0;3247;1;0;0;2053;128;131
obj;4;158;1;1;1;86;0;0;16;10000;0;0;0;2058;128;137
obj;4;158;1;2;2;87;0;0;1232;7212;0;0;0;2077;128;129
obj;4;158;1;3;3;262;0;0;0;2800;0;0;0;2076;128;157
obj;4;159;1;0;0;322;17;0;0;1;1;0;0;5;0;5
obj;4;159;1;1;1;330;16;0;0;2;2;0;0;8;0;5
obj;4;161;1;0;0;332;15;0;0;1;1;0;0;5;0;5
obj;4;162;1;0;0;29;16;0;0;1;2;0;0;6;0;7
obj;4;162;1;1;1;394;17;0;0;2;3;0;0;1;0;8
obj;4;163;1;0;0;394;17;0;0;1;3;0;0;1;0;8
obj;4;164;1;0;0;394;17;0;0;1;3;0;0;1;0;8
obj;4;165;1;0;0;394;15;0;0;1;1;0;0;5;0;4
coord;4;165;1;0;2;5;0;1;3;6;0;16681
coord;4;165;1;1;3;6;0;1;3;6;1;16682
obj;4;166;1;0;0;86;0;0;16;10000;0;0;0;2319;256;264
obj;4;167;1;0;0;394;15;0;0;1;1;0;0;5;0;4
coord;4;167;1;0;3;5;0;1;3;6;0;16681
coord;4;167;1;1;4;6;0;1;3;6;1;16682
obj;4;168;1;0;0;394;0;0;0;1;3;0;0;1;0;7
obj;4;169;1;0;0;394;15;0;0;2;1;0;0;5;0;4
obj;4;170;1;0;0;334;17;0;0;1;3;0;0;2;0;6
obj;4;170;1;1;1;334;17;0;0;2;3;0;0;2;0;4
obj;4;170;1;2;2;324;15;0;0;3;1;0;0;10;0;9
obj;4;170;1;3;3;327;15;0;0;4;2;0;0;10;0;4
obj;4;170;1;4;4;299;0;0;680;10202;1;0;0;3;0;8
obj;4;170;1;5;5;193;0;0;679;10201;1;0;0;2;0;8
bg;4;171;1;0;3;0;8;0;21;0
bg;4;171;1;1;4;0;12;0;21;0
obj;4;171;1;0;0;168;15;0;595;2;1;0;0;13;0;21
obj;4;171;1;1;1;343;20;1;595;3296;3;6;0;7;0;16
obj;4;171;1;2;2;343;20;4;595;3677;3;9;0;6;0;13
obj;4;171;1;3;3;343;20;1;595;3297;2;7;0;14;0;10
obj;4;171;1;4;4;348;8;1;595;3676;1;0;0;19;0;8
obj;4;171;1;5;5;348;5;1;595;3675;3;0;0;18;0;18
obj;4;171;1;6;6;370;0;0;595;1;1;0;0;10;0;1
obj;4;171;1;7;7;222;15;0;596;0;1;0;0;10;0;19
obj;4;171;1;8;8;349;0;0;599;6;0;0;0;3;0;10
obj;4;171;1;9;9;349;0;0;599;6;0;0;0;4;0;10
bg;4;172;1;0;0;0;4;0;8;3
obj;4;172;1;0;0;335;15;0;0;1;1;0;0;8;0;11
obj;4;172;1;1;1;336;15;0;0;9017;1;0;0;2;0;4
obj;4;172;1;2;2;336;15;0;0;9003;1;0;0;6;0;4
obj;4;172;1;3;3;336;15;0;0;9001;1;0;0;11;0;4
obj;4;172;1;4;4;322;5;0;0;2;1;1;0;11;0;16
obj;4;172;1;5;5;332;3;0;0;3;0;1;1;4;0;17
obj;4;173;1;0;0;328;17;0;0;1;3;0;0;5;0;5
obj;4;174;1;0;0;347;14;0;0;1;0;0;0;5;0;3
obj;4;174;1;1;1;329;16;0;0;2;2;0;0;8;0;6
obj;4;174;1;2;2;1007;15;0;0;3;1;0;0;6;0;7
obj;4;175;1;0;0;331;17;0;0;1;3;0;0;5;0;6
obj;4;175;1;1;1;330;16;0;0;2;2;0;0;8;0;6
obj;4;175;1;2;2;1005;3;0;0;4;0;1;1;2;0;6
obj;4;175;1;3;3;1022;5;0;0;3;3;1;0;5;0;3
obj;4;176;1;0;0;328;14;0;0;1;0;0;0;2;0;4
obj;4;177;1;0;0;334;17;0;0;1;3;0;0;2;0;6
obj;4;177;1;1;1;334;17;0;0;2;3;0;0;2;0;4
obj;4;177;1;2;2;323;14;0;0;4;0;0;0;10;0;3
obj;4;177;1;3;3;328;4;0;0;3;1;0;1;8;0;7
obj;4;177;1;4;4;299;0;0;680;10202;1;0;1;3;0;8
obj;4;177;1;5;5;193;0;0;679;10201;1;0;1;2;0;8
bg;4;178;1;0;0;0;4;0;8;3
obj;4;178;1;0;0;335;15;0;0;1;1;0;0;8;0;11
obj;4;178;1;1;1;336;15;0;0;9017;1;0;0;2;0;4
obj;4;178;1;2;2;336;15;0;0;9003;1;0;0;6;0;4
obj;4;178;1;3;3;336;15;0;0;9001;1;0;0;11;0;4
obj;4;178;1;4;4;325;15;0;0;3;1;0;0;12;0;11
obj;4;178;1;5;5;341;5;0;0;2;2;1;0;11;0;16
obj;4;178;1;6;6;146;4;0;0;4;1;0;1;4;0;17
obj;4;179;1;0;0;322;17;0;0;1;3;0;0;7;0;7
obj;4;179;1;1;1;319;16;0;0;2;2;0;0;5;0;5
obj;4;179;1;2;2;995;3;0;0;5;1;1;0;5;0;3
obj;4;179;1;3;3;1010;2;0;0;3;3;0;0;3;0;5
obj;4;179;1;4;4;1002;3;0;0;4;0;1;1;9;0;10
obj;4;180;1;0;0;329;17;0;0;1;3;0;0;5;0;5
obj;4;181;1;0;0;330;15;0;0;1;1;0;0;5;0;3
obj;4;182;1;0;0;330;15;0;0;1;1;0;0;4;0;4
obj;4;182;1;1;1;331;14;0;0;4;0;0;0;12;0;8
obj;4;182;1;2;2;319;14;0;0;3;0;0;0;7;0;12
obj;4;182;1;3;3;325;14;0;0;2;0;0;0;8;0;12
bg;4;183;1;0;6;0;12;0;2;4
bg;4;183;1;1;7;0;6;0;2;4
obj;4;183;1;0;0;427;14;0;0;1;0;0;0;7;0;10
obj;4;183;1;1;1;34;15;0;0;2;1;0;0;16;0;3
obj;4;183;1;2;2;341;20;0;600;4;3;2;0;9;0;3
obj;4;183;1;3;3;322;3;0;0;3;3;1;1;2;0;6
obj;4;183;1;4;4;322;17;0;0;5;3;0;0;15;0;10
obj;4;183;1;5;5;341;15;0;601;4;1;0;0;9;0;3
obj;4;184;1;0;0;330;15;0;0;1;1;0;0;7;0;7
obj;4;185;1;0;0;427;17;0;0;1;3;0;0;1;0;6
obj;4;186;1;0;0;427;17;0;0;1;3;0;0;1;0;6
bg;4;193;1;0;8196;2;36;0;2;4
bg;4;193;1;1;1;1;22;0;10;4
obj;4;193;1;0;0;349;0;0;0;2;0;0;0;19;0;4
bg;4;194;1;0;8096;2;44;0;23;4
bg;4;194;1;1;8117;2;55;0;40;4
bg;4;194;1;2;8118;2;45;0;39;4
bg;4;194;1;3;8119;2;53;0;30;4
bg;4;194;1;4;8120;2;56;0;24;4
bg;4;194;1;5;8221;2;6;0;18;4
obj;4;194;1;0;0;87;0;0;1262;7246;0;0;0;8;0;25
obj;4;194;1;1;1;87;0;0;1264;7248;0;0;0;56;0;17
obj;4;194;1;2;2;87;0;0;1263;7247;0;0;0;12;0;32
obj;4;194;1;3;3;87;0;0;1265;7249;0;0;0;39;0;33
obj;4;194;1;4;4;85;0;0;16;10001;0;0;0;53;0;17
obj;4;194;1;5;5;85;0;0;17;10001;0;0;0;54;0;17
obj;4;194;1;6;6;85;0;0;18;10001;0;0;0;26;0;19
obj;4;194;1;7;7;85;0;0;19;10001;0;0;0;15;0;32
obj;4;194;1;8;8;85;0;0;20;10001;0;0;0;5;0;22
obj;4;194;1;9;9;85;0;0;21;10001;0;0;0;20;0;41
obj;4;194;1;10;10;85;0;0;22;10001;0;0;0;28;0;45
obj;4;194;1;11;11;85;0;0;23;10001;0;0;0;31;0;45
bg;4;195;1;0;8121;2;14;0;12;4
bg;4;195;1;1;8123;2;26;0;19;4
bg;4;195;1;2;8124;2;39;0;11;4
obj;4;195;1;0;0;87;0;0;1268;7250;0;0;0;31;0;6
obj;4;195;1;1;1;87;0;0;1269;7251;0;0;0;5;0;32
obj;4;195;1;2;2;87;0;0;1270;7252;0;0;0;28;0;26
obj;4;195;1;3;3;87;0;0;1271;7253;0;0;0;58;0;8
obj;4;195;1;4;4;87;0;0;1272;7254;0;0;0;57;0;39
obj;4;195;1;5;5;85;0;0;16;10001;0;0;0;14;0;13
obj;4;195;1;6;6;85;0;0;17;10001;0;0;0;14;0;16
obj;4;195;1;7;7;85;0;0;18;10001;0;0;0;13;0;12
obj;4;195;1;8;8;85;0;0;19;10001;0;0;0;11;0;14
obj;4;195;1;9;9;85;0;0;20;10001;0;0;0;36;0;20
obj;4;195;1;10;10;85;0;0;21;10001;0;0;0;37;0;18
obj;4;195;1;11;11;85;0;0;26;10001;0;0;0;40;0;11
obj;4;195;1;12;12;85;0;0;23;10001;0;0;0;32;0;19
obj;4;195;1;13;13;85;0;0;24;10001;0;0;0;31;0;20
obj;4;195;1;14;14;1029;15;0;773;1;1;0;0;56;0;24
obj;4;195;1;15;15;85;0;0;22;10001;0;0;0;36;0;17
bg;4;196;1;0;8061;2;38;0;34;4
bg;4;196;1;1;8169;2;25;0;34;4
obj;4;196;1;0;0;87;0;0;1224;7196;0;0;0;33;0;33
obj;4;196;1;1;1;87;0;0;1225;7197;0;0;0;31;0;21
obj;4;196;1;2;2;87;0;0;1226;7198;0;0;0;24;0;5
obj;4;196;1;3;3;85;0;0;16;10001;0;0;0;43;0;32
obj;4;196;1;4;4;85;0;0;17;10001;0;0;0;39;0;30
obj;4;196;1;5;5;85;0;0;18;10001;0;0;0;40;0;34
obj;4;196;1;6;6;85;0;0;19;10001;0;0;0;39;0;34
obj;4;196;1;7;7;85;0;0;20;10001;0;0;0;44;0;33
obj;4;196;1;8;8;85;0;0;21;10001;0;0;0;5;0;23
obj;4;196;1;9;9;85;0;0;22;10001;0;0;0;7;0;23
obj;4;196;1;10;10;85;0;0;23;10001;0;0;0;5;0;21
obj;4;196;1;11;11;85;0;0;24;10001;0;0;0;8;0;22
obj;4;196;1;12;12;85;0;0;25;10001;0;0;0;10;0;23
obj;4;196;1;13;13;85;0;0;26;10001;0;0;0;5;0;37
obj;4;196;1;14;14;85;0;0;27;10001;0;0;0;5;0;36
obj;4;196;1;15;15;85;0;0;28;10001;0;0;0;6;0;37
obj;4;196;1;16;16;85;0;0;29;10001;0;0;0;10;0;37
obj;4;196;1;17;17;85;0;0;30;10001;0;0;0;5;0;34
obj;4;196;1;18;18;87;0;0;1296;7199;0;0;0;15;0;31
bg;4;197;1;0;8089;2;19;0;17;4
obj;4;197;1;0;0;84;0;0;0;10002;0;0;0;38;0;15
obj;4;197;1;1;1;84;0;0;0;10002;0;0;0;39;0;15
obj;4;197;1;2;2;84;0;0;0;10002;0;0;0;40;0;16
obj;4;197;1;3;3;84;0;0;0;10002;0;0;0;11;0;13
obj;4;197;1;4;4;84;0;0;0;10002;0;0;0;6;0;16
obj;4;197;1;5;5;84;0;0;0;10002;0;0;0;12;0;22
obj;4;197;1;6;6;87;0;0;1256;7223;0;0;0;22;0;4
obj;4;197;1;7;7;87;0;0;1251;7222;0;0;0;29;0;9
obj;4;197;1;8;8;328;14;0;638;1;0;0;0;33;0;13
bg;4;198;1;0;8090;2;5;0;7;4
bg;4;198;1;1;8091;2;42;0;18;4
obj;4;198;1;0;0;225;14;1;0;3685;0;0;0;33;0;14
obj;4;198;1;1;1;225;20;1;0;3686;2;4;0;25;0;8
obj;4;198;1;2;2;33;16;1;0;3687;2;0;0;17;0;7
obj;4;198;1;3;3;87;0;0;1252;7224;0;0;0;19;0;25
bg;4;199;1;0;8092;2;38;0;27;4
bg;4;199;1;1;8210;2;10;0;9;4
obj;4;199;1;0;0;84;0;0;16;10002;0;0;0;30;0;12
obj;4;199;1;1;1;406;15;0;0;0;1;0;0;28;0;23
obj;4;199;1;2;2;406;15;0;0;0;1;0;0;30;0;23
obj;4;199;1;3;3;406;15;0;0;0;1;0;0;32;0;23
obj;4;199;1;4;4;406;15;0;0;0;1;0;0;12;0;12
obj;4;199;1;5;5;406;15;0;0;0;1;0;0;15;0;12
obj;4;199;1;6;6;406;15;0;0;0;1;0;0;14;0;15
obj;4;199;1;7;7;87;0;0;1253;7225;0;0;0;21;0;22
obj;4;199;1;8;8;87;0;0;1254;7226;0;0;0;21;0;11
bg;4;200;1;0;8223;2;27;0;22;4
obj;4;200;1;0;0;87;0;0;1255;7227;0;0;0;29;0;4
obj;4;200;1;1;1;87;0;0;1258;7228;0;0;0;42;0;8
obj;4;200;1;2;2;1024;15;0;774;1;1;0;0;27;0;22
obj;4;201;1;0;0;374;15;0;757;1;1;0;0;13;0;12
obj;4;201;1;1;1;168;15;0;0;2;1;0;0;16;0;23
obj;4;201;1;2;2;29;15;0;0;6;1;0;0;15;0;17
obj;4;201;1;3;3;29;17;0;0;7;3;0;0;17;0;11
obj;4;201;1;4;4;29;17;0;0;8;3;0;0;8;0;17
obj;4;201;1;5;5;338;16;0;0;3;2;0;0;20;0;14
obj;4;201;1;6;6;338;14;0;0;4;0;0;0;13;0;8
obj;4;201;1;7;7;338;14;0;0;5;0;0;0;9;0;12
bg;4;203;1;0;8165;2;28;0;41;4
bg;4;203;1;1;8204;2;23;0;12;4
bg;4;203;1;2;8205;2;20;0;40;4
obj;4;203;1;0;0;87;0;0;1242;7233;0;0;0;31;0;40
obj;4;203;1;1;1;87;0;0;1243;7234;0;0;0;10;0;40
obj;4;204;1;0;0;87;0;0;1244;7235;0;0;0;27;0;46
obj;4;204;1;1;1;87;0;0;1245;7236;0;0;0;15;0;45
obj;4;205;1;0;0;87;0;0;1246;7237;0;0;0;5;0;4
bg;4;206;1;0;8202;2;18;0;1;4
bg;4;206;1;1;8203;2;2;0;1;4
obj;4;206;1;0;0;1026;15;0;775;1;1;0;0;10;0;9
bg;4;207;1;0;8078;2;2;0;19;4
bg;4;207;1;1;8222;2;38;0;2;4
obj;4;207;1;0;0;87;0;0;1247;7238;0;0;0;17;0;11
obj;4;207;1;1;1;87;0;0;1248;7239;0;0;0;17;0;37
obj;4;207;1;2;2;87;0;0;1249;7240;0;0;0;37;0;17
obj;4;207;1;3;3;87;0;0;1250;7241;0;0;0;25;0;7
obj;4;207;1;4;4;85;0;0;16;10001;0;0;0;38;0;3
obj;4;207;1;5;5;85;0;0;17;10001;0;0;0;37;0;2
obj;4;207;1;6;6;85;0;0;18;10001;0;0;0;3;0;18
obj;4;207;1;7;7;85;0;0;19;10001;0;0;0;3;0;19
obj;4;207;1;8;8;85;0;0;20;10001;0;0;0;2;0;20
bg;4;208;1;0;8206;2;24;0;2;4
obj;4;209;1;0;0;211;0;0;607;1;0;0;0;30;0;11
bg;4;210;1;0;0;0;4;0;8;3
obj;4;210;1;0;0;335;15;0;0;1;1;0;0;8;0;11
obj;4;210;1;1;1;336;15;0;0;9017;1;0;0;2;0;4
obj;4;210;1;2;2;336;15;0;0;9003;1;0;0;6;0;4
obj;4;210;1;3;3;336;15;0;0;9001;1;0;0;11;0;4
obj;4;210;1;4;4;341;5;0;0;2;3;1;0;4;0;18
obj;4;210;1;5;5;327;15;0;0;4;1;1;0;6;0;13
obj;4;210;1;6;6;338;2;0;0;3;1;0;0;12;0;14
bg;4;211;1;0;9;0;11;0;17;0
bg;4;211;1;1;8;0;17;0;2;0
obj;4;211;1;0;0;34;15;0;0;2;1;0;0;12;0;18
obj;4;211;1;1;1;338;17;0;0;4;3;0;0;19;0;13
obj;4;211;1;2;2;338;17;0;0;3;3;0;0;2;0;9
obj;4;211;1;3;3;34;15;0;0;5;1;0;0;15;0;3
obj;4;211;1;4;4;338;14;0;0;7;0;0;0;6;0;4
obj;4;211;1;5;5;338;17;0;0;6;3;0;2;19;0;8
obj;4;211;1;6;6;332;15;0;0;1;1;0;2;13;0;8
obj;4;213;1;0;0;325;3;0;0;1;1;1;1;3;0;5
bg;4;215;1;0;6;0;5;0;9;4
bg;4;215;1;1;6;0;5;0;10;4
bg;4;215;1;2;6;0;5;0;11;4
bg;4;215;1;3;6;0;6;0;11;4
bg;4;215;1;4;6;0;7;0;11;4
bg;4;215;1;5;7;0;5;0;8;4
bg;4;215;1;6;7;0;5;0;7;4
bg;4;215;1;7;7;0;5;0;6;4
bg;4;215;1;8;7;0;6;0;6;4
bg;4;215;1;9;7;0;7;0;6;4
bg;4;215;1;10;8;0;13;0;11;4
bg;4;215;1;11;8;0;14;0;11;4
bg;4;215;1;12;8;0;15;0;11;4
bg;4;215;1;13;8;0;15;0;10;4
bg;4;215;1;14;8;0;15;0;9;4
bg;4;215;1;15;9;0;15;0;8;4
bg;4;215;1;16;9;0;15;0;7;4
bg;4;215;1;17;9;0;15;0;6;4
bg;4;215;1;18;9;0;14;0;6;4
bg;4;215;1;19;9;0;13;0;6;4
bg;4;215;1;20;10;0;3;0;3;4
bg;4;215;1;21;10;0;4;0;3;4
bg;4;215;1;22;10;0;5;0;3;4
bg;4;215;1;23;10;0;6;0;3;4
bg;4;215;1;24;11;0;14;0;3;4
bg;4;215;1;25;11;0;15;0;3;4
bg;4;215;1;26;11;0;16;0;3;4
bg;4;215;1;27;11;0;17;0;3;4
bg;4;215;1;28;12;0;26;0;5;4
bg;4;215;1;29;12;0;27;0;5;0
bg;4;215;1;30;12;0;1;0;11;4
bg;4;215;1;31;12;0;2;0;11;0
bg;4;215;1;32;13;0;9;0;8;4
bg;4;215;1;33;13;0;9;0;9;4
bg;4;215;1;34;13;0;10;0;8;4
bg;4;215;1;35;13;0;10;0;9;4
bg;4;215;1;36;13;0;11;0;8;4
bg;4;215;1;37;13;0;11;0;9;4
bg;4;215;1;38;10;0;1;0;7;4
bg;4;215;1;39;10;0;2;0;7;4
bg;4;215;1;40;12;0;25;0;5;4
bg;4;215;1;41;12;0;24;0;5;0
obj;4;215;1;0;0;338;16;0;0;2;2;0;0;26;0;9
obj;4;215;1;1;1;427;16;0;0;1;2;0;0;12;0;15
obj;4;215;1;2;2;330;15;0;0;5;1;0;0;6;0;5
obj;4;215;1;3;3;377;4;0;0;4;1;0;2;17;0;8
obj;4;215;1;4;4;338;3;0;0;3;3;1;0;4;0;13
obj;4;215;1;5;5;328;14;0;638;14;0;0;0;8;0;8
obj;4;215;1;6;6;421;0;0;776;16;0;0;0;23;0;7
obj;4;215;1;7;7;421;0;0;791;20;0;0;0;16;0;4
coord;4;215;1;0;17;25;0;1;2;6;1;16515
obj;4;216;1;0;0;322;16;0;0;1;2;0;0;4;0;5
obj;4;216;1;1;1;1001;17;0;0;2;3;0;0;3;0;5
bg;4;217;1;0;3;0;4;0;25;0
bg;4;217;1;1;3;0;10;0;25;0
obj;4;217;1;0;0;168;15;0;0;2;1;0;0;11;0;25
obj;4;217;1;1;1;373;15;0;756;1;1;0;0;7;0;4
obj;4;217;1;2;2;345;17;1;0;3307;3;0;0;6;0;20
obj;4;217;1;3;3;333;16;1;0;3684;2;0;0;8;0;14
obj;4;218;1;0;0;334;17;0;0;1;3;0;0;2;0;4
obj;4;218;1;1;1;334;17;0;0;2;3;0;0;2;0;6
obj;4;218;1;2;2;146;4;0;0;3;1;0;1;6;0;9
obj;4;218;1;3;3;322;16;0;0;4;2;0;0;10;0;9
obj;4;218;1;4;4;299;0;0;680;10202;1;0;1;3;0;8
obj;4;218;1;5;5;193;0;0;679;10201;1;0;1;2;0;8
bg;4;219;1;0;0;0;4;0;8;3
obj;4;219;1;0;0;335;15;0;0;1;1;0;0;8;0;11
obj;4;219;1;1;1;336;15;0;0;9017;1;0;0;2;0;4
obj;4;219;1;2;2;336;15;0;0;9003;1;0;0;6;0;4
obj;4;219;1;3;3;336;15;0;0;9001;1;0;0;11;0;4
obj;4;219;1;4;4;315;15;0;0;5;1;0;0;6;0;13
obj;4;219;1;5;5;1004;15;0;0;4;1;0;0;5;0;13
obj;4;219;1;6;6;328;17;0;0;2;3;0;0;4;0;17
obj;4;219;1;7;7;325;5;0;0;3;3;1;0;11;0;15
obj;4;220;1;0;0;286;15;0;0;9203;1;0;0;4;0;4
obj;4;220;1;1;1;336;15;0;0;9202;1;0;0;8;0;4
obj;4;220;1;2;2;336;15;0;0;9201;1;0;0;12;0;4
obj;4;221;1;0;0;330;16;0;0;1;2;0;0;8;0;5
obj;4;222;1;0;0;334;17;0;0;1;3;0;0;2;0;4
obj;4;222;1;1;1;334;17;0;0;2;3;0;0;2;0;6
obj;4;222;1;2;2;332;16;0;0;3;2;0;0;8;0;6
obj;4;222;1;3;3;327;17;0;0;4;3;0;0;7;0;9
obj;4;222;1;4;4;299;0;0;680;10202;1;0;0;3;0;8
obj;4;222;1;5;5;193;0;0;679;10201;1;0;0;2;0;8
obj;4;223;1;0;0;63;14;0;0;10;0;0;0;14;0;4
obj;4;223;1;1;1;146;14;0;0;5;0;0;0;8;0;4
obj;4;223;1;2;2;329;14;0;0;6;0;0;0;9;0;4
obj;4;223;1;3;3;317;14;0;0;7;0;0;0;3;0;4
obj;4;223;1;4;4;326;5;0;0;8;2;1;0;12;0;17
obj;4;223;1;5;5;322;3;0;0;9;1;1;1;3;0;14
obj;4;223;1;6;6;40;15;0;0;4;1;0;0;7;0;11
bg;4;224;1;0;8;0;5;0;23;0
bg;4;224;1;1;8;0;9;0;23;0
obj;4;224;1;0;0;346;0;0;617;7;1;0;0;12;0;5
obj;4;224;1;1;1;319;0;0;614;4;1;0;0;3;0;18
obj;4;224;1;2;2;372;0;0;755;2;1;0;0;7;0;16
obj;4;224;1;3;3;168;15;0;0;3;0;0;0;10;0;23
obj;4;224;1;4;4;319;0;0;616;6;1;0;0;9;0;11
obj;4;224;1;5;5;345;0;0;615;5;1;0;0;3;0;10
obj;4;224;1;6;6;372;0;0;621;7;1;0;0;12;0;5
obj;4;224;1;7;7;372;0;0;619;5;1;0;0;3;0;10
obj;4;224;1;8;8;372;0;0;618;4;1;0;0;3;0;18
obj;4;224;1;9;9;372;0;0;620;6;1;0;0;9;0;11
obj;4;225;1;0;0;329;17;0;0;1;3;0;0;5;0;5
obj;4;225;1;1;1;146;4;0;0;2;0;0;1;9;0;5
bg;4;226;1;0;0;0;4;0;8;3
obj;4;226;1;0;0;335;15;0;0;1;1;0;0;8;0;11
obj;4;226;1;1;1;336;15;0;0;9017;1;0;0;2;0;4
obj;4;226;1;2;2;336;15;0;0;9003;1;0;0;6;0;4
obj;4;226;1;3;3;336;15;0;0;9001;1;0;0;11;0;4
obj;4;226;1;4;4;324;16;0;0;2;2;0;0;13;0;13
obj;4;226;1;5;5;327;3;0;0;3;1;0;0;4;0;17
obj;4;226;1;6;6;319;15;0;0;4;1;0;0;6;0;13
obj;4;227;1;0;0;319;17;0;0;1;3;0;0;5;0;5
obj;4;227;1;1;1;1033;3;0;0;2;1;1;1;2;0;5
obj;4;227;1;2;2;1033;16;0;0;3;2;0;0;6;0;3
obj;4;227;1;3;3;1033;3;0;0;4;0;0;1;9;0;6
obj;4;228;1;0;0;286;15;0;0;9203;1;0;0;4;0;4
obj;4;228;1;1;1;336;15;0;0;9202;1;0;0;8;0;4
obj;4;228;1;2;2;336;15;0;0;9201;1;0;0;12;0;4
obj;4;229;1;0;0;286;15;0;0;9203;1;0;0;4;0;4
obj;4;229;1;1;1;336;15;0;0;9202;1;0;0;8;0;4
obj;4;229;1;2;2;336;15;0;0;9201;1;0;0;12;0;4
obj;4;230;1;0;0;87;0;0;1171;7102;0;0;0;14;0;27
bg;4;231;1;0;1;1;44;0;81;4
bg;4;231;1;1;2;1;63;0;60;4
bg;4;231;1;2;3;1;43;0;16;4
bg;4;231;1;3;8034;2;41;0;62;4
bg;4;231;1;4;8035;2;53;0;78;4
obj;4;231;1;0;0;87;0;0;1145;7064;0;0;0;24;0;58
obj;4;231;1;1;1;87;0;0;1144;7063;0;0;0;77;0;33
obj;4;231;1;2;2;318;3;0;627;10408;2;3;3;51;0;55
obj;4;231;1;3;3;318;3;0;628;10410;1;1;2;49;0;24
obj;4;231;1;4;4;327;14;0;629;10412;0;0;0;38;0;38
obj;4;231;1;5;5;328;3;0;630;10414;2;1;1;40;0;29
obj;4;231;1;6;6;318;3;0;631;10416;0;1;1;66;0;32
obj;4;231;1;7;7;345;2;0;632;10418;3;0;0;59;0;26
obj;4;231;1;8;8;346;2;0;633;10420;0;0;0;41;0;51
obj;4;231;1;9;9;318;3;0;634;10422;0;1;1;36;0;46
obj;4;231;1;10;10;317;3;0;635;10424;3;1;1;60;0;52
obj;4;231;1;11;11;146;3;0;636;10426;1;2;1;66;0;46
obj;4;231;1;12;12;87;0;0;1286;7065;0;0;0;81;0;16
bg;4;233;1;0;10;0;11;0;17;0
bg;4;233;1;1;9;0;17;0;2;0
obj;4;233;1;0;0;34;15;0;0;1;1;0;0;12;0;18
obj;4;233;1;1;1;338;17;0;0;3;3;0;0;19;0;13
obj;4;233;1;2;2;338;17;0;0;2;3;0;0;2;0;9
obj;4;233;1;3;3;34;15;0;0;4;1;0;0;15;0;3
obj;4;233;1;4;4;338;14;0;0;6;0;0;0;6;0;4
obj;4;233;1;5;5;338;17;0;0;5;3;0;2;19;0;8
obj;4;233;1;6;6;332;15;0;0;7;1;0;2;13;0;8
coord;4;233;1;0;8;14;0;1;1;16;1;16667
bg;4;234;1;0;1;0;3;0;6;4
bg;4;234;1;1;1;0;7;0;6;4
bg;4;234;1;2;1;0;11;0;6;4
bg;4;234;1;3;1;0;15;0;6;4
bg;4;234;1;4;1;0;3;0;15;4
bg;4;234;1;5;1;0;7;0;15;4
bg;4;234;1;6;1;0;11;0;15;4
bg;4;234;1;7;1;0;27;0;15;4
bg;4;234;1;8;1;0;15;0;15;4
bg;4;234;1;9;1;0;19;0;6;4
bg;4;234;1;10;1;0;23;0;6;4
bg;4;234;1;11;1;0;27;0;24;4
bg;4;234;1;12;1;0;27;0;6;4
bg;4;234;1;13;1;0;19;0;15;4
bg;4;234;1;14;1;0;23;0;15;4
bg;4;234;1;15;1;0;3;0;24;4
bg;4;234;1;16;1;0;3;0;33;4
bg;4;234;1;17;1;0;7;0;33;4
bg;4;234;1;18;1;0;11;0;33;4
bg;4;234;1;19;1;0;15;0;33;4
bg;4;234;1;20;1;0;19;0;33;4
bg;4;234;1;21;1;0;23;0;33;4
bg;4;234;1;22;1;0;27;0;33;4
bg;4;234;1;23;1;0;27;0;42;4
bg;4;234;1;24;1;0;23;0;42;4
bg;4;234;1;25;1;0;19;0;42;4
bg;4;234;1;26;1;0;15;0;42;4
bg;4;234;1;27;1;0;11;0;42;4
bg;4;234;1;28;1;0;7;0;42;4
bg;4;234;1;29;1;0;3;0;42;4
obj;4;234;1;0;0;386;0;0;743;0;2;0;0;14;0;24
bg;4;235;1;0;1;0;21;0;22;4
bg;4;235;1;1;1;0;29;0;21;4
bg;4;235;1;2;1;0;29;0;22;4
bg;4;235;1;3;1;0;21;0;27;4
bg;4;235;1;4;1;0;21;0;26;4
bg;4;235;1;5;1;0;29;0;27;4
bg;4;235;1;6;1;0;29;0;26;4
bg;4;235;1;7;2;0;25;0;19;4
bg;4;235;1;8;1;0;21;0;21;4
obj;4;235;1;0;0;328;14;0;638;4;0;0;0;23;0;26
bg;4;236;1;0;1;0;3;0;6;4
bg;4;236;1;1;1;0;7;0;6;4
bg;4;236;1;2;1;0;11;0;6;4
bg;4;236;1;3;1;0;15;0;6;4
bg;4;236;1;4;1;0;19;0;6;4
bg;4;236;1;5;1;0;23;0;6;4
bg;4;236;1;6;1;0;27;0;6;4
bg;4;236;1;7;1;0;3;0;15;4
bg;4;236;1;8;1;0;7;0;15;4
bg;4;236;1;9;1;0;11;0;15;4
bg;4;236;1;10;1;0;15;0;15;4
bg;4;236;1;11;1;0;19;0;15;4
bg;4;236;1;12;1;0;23;0;15;4
bg;4;236;1;13;1;0;27;0;15;4
bg;4;236;1;14;1;0;27;0;24;4
bg;4;236;1;15;1;0;3;0;24;4
bg;4;236;1;16;1;0;3;0;33;4
bg;4;236;1;17;1;0;7;0;33;4
bg;4;236;1;18;1;0;11;0;33;4
bg;4;236;1;19;1;0;15;0;33;4
bg;4;236;1;20;1;0;19;0;33;4
bg;4;236;1;21;1;0;23;0;33;4
bg;4;236;1;22;1;0;27;0;33;4
bg;4;236;1;23;1;0;27;0;42;4
bg;4;236;1;24;1;0;23;0;42;4
bg;4;236;1;25;1;0;19;0;42;4
bg;4;236;1;26;1;0;15;0;42;4
bg;4;236;1;27;1;0;11;0;42;4
bg;4;236;1;28;1;0;7;0;42;4
bg;4;236;1;29;1;0;3;0;42;4
obj;4;236;1;0;0;386;0;0;743;0;2;0;0;14;0;24
obj;4;237;1;0;0;394;15;0;0;1;1;0;0;6;0;4
obj;4;238;1;0;0;286;15;0;0;9203;1;0;0;4;0;4
obj;4;238;1;1;1;336;15;0;0;9202;1;0;0;8;0;4
obj;4;238;1;2;2;336;15;0;0;9201;1;0;0;12;0;4
obj;4;239;1;0;0;286;15;0;0;9203;1;0;0;4;0;4
obj;4;239;1;1;1;336;15;0;0;9202;1;0;0;8;0;4
obj;4;239;1;2;2;336;15;0;0;9201;1;0;0;12;0;4
bg;4;240;1;0;5;0;3;0;45;0
bg;4;240;1;1;5;0;7;0;45;0
obj;4;240;1;0;0;324;15;1;758;3680;1;0;0;5;0;38
obj;4;240;1;1;1;324;17;1;0;3681;3;0;0;2;0;23
obj;4;240;1;2;2;327;17;1;0;3682;3;0;0;2;0;37
obj;4;240;1;3;3;327;15;1;0;3683;1;0;0;5;0;11
obj;4;240;1;4;4;168;15;0;0;2;1;0;0;7;0;46
obj;4;240;1;5;5;375;15;0;758;1;1;0;0;5;0;4
obj;4;240;1;6;6;324;15;1;0;5683;1;0;0;4;0;11
coord;4;240;1;0;4;1;0;9;1;46;0;16679
obj;4;241;1;0;0;328;17;0;0;1;3;0;0;5;0;6
obj;4;241;1;1;1;319;14;0;0;2;0;0;0;8;0;6
obj;4;241;1;2;2;996;3;0;0;4;1;1;0;8;0;4
obj;4;241;1;3;3;997;15;0;0;3;1;1;0;6;0;3
bg;4;242;1;0;6;0;6;0;2;0
bg;4;242;1;1;7;0;8;0;2;0
obj;4;242;1;0;0;427;17;0;0;1;3;0;0;2;0;13
obj;4;242;1;1;1;324;14;0;0;2;0;0;0;11;0;13
obj;4;242;1;2;2;146;5;0;0;4;2;1;0;7;0;11
obj;4;242;1;3;3;341;15;0;0;5;1;0;0;6;0;6
obj;4;242;1;4;4;327;15;0;0;3;1;0;0;10;0;4
obj;4;242;1;5;5;183;0;0;0;8;0;0;0;8;0;9
obj;4;243;1;0;0;427;17;0;0;0;3;0;0;5;0;4
obj;4;243;1;1;1;324;0;0;0;10351;1;0;0;8;0;11
obj;4;243;1;2;2;102;2;0;653;10352;3;0;0;4;0;10
obj;4;243;1;3;3;103;0;0;654;10353;2;0;0;12;0;9
obj;4;243;1;4;4;104;0;0;655;10354;0;0;0;4;0;15
obj;4;243;1;5;5;105;5;0;656;10355;0;0;0;11;0;13
obj;4;243;1;6;6;106;2;0;657;10356;3;0;0;9;0;8
obj;4;243;1;7;7;107;0;0;658;10357;3;0;0;2;0;13
obj;4;243;1;8;8;108;0;0;659;10358;0;0;0;9;0;15
obj;4;243;1;9;9;109;0;0;660;10359;1;0;0;3;0;7
obj;4;243;1;10;10;110;2;0;661;10360;3;0;0;6;0;13
obj;4;243;1;11;11;111;9;0;662;10361;2;0;0;6;0;9
coord;4;243;1;0;1;7;0;1;1;4;3;16686
coord;4;243;1;1;2;7;0;1;1;4;4;16686
obj;4;244;1;0;0;334;17;0;0;1;3;0;0;2;0;6
obj;4;244;1;1;1;334;17;0;0;2;3;0;0;2;0;4
obj;4;244;1;2;2;324;15;0;0;4;1;0;0;7;0;9
obj;4;244;1;3;3;319;5;0;0;3;2;0;0;10;0;4
obj;4;244;1;4;4;299;0;0;680;10202;1;0;0;3;0;8
obj;4;244;1;5;5;193;0;0;679;10201;1;0;0;2;0;8
bg;4;245;1;0;0;0;4;0;8;3
obj;4;245;1;0;0;335;15;0;0;1;1;0;0;8;0;11
obj;4;245;1;1;1;336;15;0;0;9017;1;0;0;2;0;4
obj;4;245;1;2;2;336;15;0;0;9003;1;0;0;6;0;4
obj;4;245;1;3;3;336;15;0;0;9001;1;0;0;11;0;4
obj;4;245;1;4;4;315;17;0;0;4;3;0;0;4;0;17
obj;4;245;1;5;5;327;14;0;0;3;0;0;0;6;0;13
obj;4;245;1;6;6;324;5;0;0;2;2;0;0;14;0;13
obj;4;246;1;0;0;286;15;0;0;9203;1;0;0;4;0;4
obj;4;246;1;1;1;336;15;0;0;9202;1;0;0;8;0;4
obj;4;246;1;2;2;336;15;0;0;9201;1;0;0;12;0;4
bg;4;247;1;0;2;0;6;0;3;0
bg;4;247;1;1;2;0;5;0;3;0
obj;4;247;1;0;0;393;14;0;0;1;0;0;0;6;0;6
obj;4;248;1;0;0;392;17;0;0;1;3;0;0;6;0;6
bg;4;249;1;0;6;0;5;0;3;0
bg;4;249;1;1;5;0;1;0;11;0
bg;4;249;1;2;5;0;2;0;11;0
bg;4;249;1;3;5;0;3;0;11;0
bg;4;249;1;4;5;0;4;0;11;0
bg;4;249;1;5;5;0;11;0;11;0
bg;4;249;1;6;5;0;12;0;11;0
bg;4;249;1;7;5;0;13;0;11;0
bg;4;249;1;8;5;0;14;0;11;0
bg;4;249;1;9;8;0;9;0;3;4
bg;4;249;1;10;10;0;7;0;3;4
bg;4;249;1;11;9;0;8;0;3;4
bg;4;249;1;12;5;0;11;0;3;0
bg;4;249;1;13;5;0;12;0;3;0
bg;4;249;1;14;5;0;13;0;3;0
bg;4;249;1;15;5;0;14;0;3;0
obj;4;249;1;0;0;366;15;0;0;1;1;0;0;8;0;6
obj;4;249;1;1;1;29;2;0;0;2;1;0;0;6;0;10
obj;4;249;1;2;2;29;16;0;0;3;2;0;0;11;0;8
obj;4;249;1;3;3;29;14;0;0;4;0;0;0;12;0;12
obj;4;249;1;4;4;87;0;0;768;0;0;0;0;7;0;3
obj;4;249;1;5;5;87;0;0;767;0;0;0;0;8;0;3
obj;4;249;1;6;6;87;0;0;766;0;0;0;0;9;0;3
bg;4;250;1;0;1;0;5;0;3;4
bg;4;250;1;1;2;0;6;0;3;4
bg;4;251;1;0;2;0;5;0;3;0
bg;4;251;1;1;1;0;7;0;3;4
bg;4;252;1;0;0;0;4;0;8;3
obj;4;252;1;0;0;335;15;0;0;1;1;0;0;8;0;11
obj;4;252;1;1;1;336;15;0;0;9017;1;0;0;2;0;4
obj;4;252;1;2;2;336;15;0;0;9003;1;0;0;6;0;4
obj;4;252;1;3;3;336;15;0;0;9001;1;0;0;11;0;4
obj;4;252;1;4;4;348;15;0;0;3;1;0;0;6;0;15
obj;4;252;1;5;5;327;5;0;0;2;2;1;0;11;0;18
obj;4;253;1;0;0;286;15;0;0;9203;1;0;0;4;0;4
obj;4;253;1;1;1;336;15;0;0;9202;1;0;0;8;0;4
obj;4;253;1;2;2;336;15;0;0;9201;1;0;0;12;0;4
obj;4;254;1;0;0;319;14;0;0;1;0;0;0;5;0;5
obj;4;254;1;1;1;998;9;0;0;2;3;0;0;2;0;5
bg;4;255;1;0;0;0;4;0;8;3
obj;4;255;1;0;0;335;15;0;0;1;1;0;0;8;0;11
obj;4;255;1;1;1;336;15;0;0;9017;1;0;0;2;0;4
obj;4;255;1;2;2;336;15;0;0;9003;1;0;0;6;0;4
obj;4;255;1;3;3;336;15;0;0;9001;1;0;0;11;0;4
obj;4;255;1;4;4;333;3;0;0;2;1;1;1;5;0;16
obj;4;255;1;5;5;345;2;0;0;3;2;0;0;12;0;14
obj;4;0;2;0;0;286;15;0;0;9203;1;0;0;4;0;4
obj;4;0;2;1;1;336;15;0;0;9202;1;0;0;8;0;4
obj;4;0;2;2;2;336;15;0;0;9201;1;0;0;12;0;4
bg;4;1;2;0;2;1;22;0;10;4
bg;4;1;2;1;8196;2;36;0;2;4
bg;4;1;2;2;5;0;18;0;10;4
obj;4;1;2;0;0;1003;14;0;622;0;0;0;0;9;0;12
obj;4;1;2;1;1;1003;16;0;622;0;2;0;0;12;0;9
obj;4;1;2;2;2;1003;15;0;622;0;1;0;0;9;0;6
obj;4;1;2;3;3;1003;17;0;622;0;3;0;0;6;0;9
obj;4;1;2;4;4;1003;16;0;622;0;2;0;0;14;0;9
obj;4;1;2;5;5;1003;17;0;622;0;3;0;0;4;0;9
obj;4;1;2;6;6;87;0;0;664;4;0;0;0;11;0;12
coord;4;1;2;0;3;8;0;3;1;16;0;16630
bg;4;2;2;0;0;0;4;0;8;3
obj;4;2;2;0;0;335;15;0;0;1;1;0;0;8;0;11
obj;4;2;2;1;1;336;15;0;0;9017;1;0;0;2;0;4
obj;4;2;2;2;2;336;15;0;0;9003;1;0;0;6;0;4
obj;4;2;2;3;3;336;15;0;0;9001;1;0;0;11;0;4
obj;4;3;2;0;0;286;15;0;0;9203;1;0;0;4;0;4
obj;4;3;2;1;1;336;15;0;0;9202;1;0;0;8;0;4
obj;4;3;2;2;2;336;15;0;0;9201;1;0;0;12;0;4
obj;4;4;2;0;0;286;0;0;0;0;1;0;0;20;0;10
obj;4;5;2;0;0;331;18;0;0;1;1;0;0;3;0;5
obj;4;5;2;1;1;325;16;0;0;2;2;0;0;8;0;5
obj;4;6;2;0;0;319;3;0;0;1;2;1;1;9;0;6
obj;4;6;2;1;1;330;15;0;0;2;1;1;1;5;0;5
bg;4;9;2;0;4;1;12;0;9;4
obj;4;9;2;0;0;333;0;0;731;2;3;0;0;14;0;11
obj;4;10;2;0;0;422;0;0;732;2;1;0;0;16;0;19
coord;4;10;2;0;4;20;0;1;1;15;1;16644
coord;4;10;2;1;5;12;0;1;1;15;1;16644
coord;4;10;2;2;6;16;0;1;1;8;1;16644
obj;4;11;2;0;0;422;0;0;733;1;2;0;0;8;0;6
obj;4;11;2;1;1;333;2;0;0;2;1;0;0;5;0;5
obj;4;11;2;2;2;330;0;0;0;3;1;0;0;2;0;3
obj;4;11;2;3;3;1012;0;0;0;4;1;0;0;3;0;3
obj;4;12;2;0;0;1044;0;0;720;1;1;0;0;16;0;11
obj;4;12;2;1;1;333;0;0;723;0;0;0;0;16;0;23
obj;4;13;2;0;0;1043;0;0;721;1;1;0;0;16;0;11
obj;4;13;2;1;1;333;0;0;724;0;0;0;0;16;0;23
obj;4;14;2;0;0;1045;0;0;722;1;1;0;0;16;0;11
obj;4;15;2;0;0;394;17;0;0;1;3;0;0;1;0;8
bg;4;16;2;0;0;0;4;0;8;3
obj;4;16;2;0;0;335;15;0;0;1;1;0;0;8;0;11
obj;4;16;2;1;1;336;15;0;0;9017;1;0;0;2;0;4
obj;4;16;2;2;2;336;15;0;0;9003;1;0;0;6;0;4
obj;4;16;2;3;3;336;15;0;0;9001;1;0;0;11;0;4
obj;4;16;2;4;4;344;3;0;0;2;3;1;1;4;0;17
obj;4;16;2;5;5;316;15;0;0;3;1;0;0;6;0;13
obj;4;16;2;6;6;331;2;0;0;4;1;0;0;11;0;16
obj;4;17;2;0;0;286;15;0;0;9203;1;0;0;4;0;4
obj;4;17;2;1;1;336;15;0;0;9202;1;0;0;8;0;4
obj;4;17;2;2;2;336;15;0;0;9201;1;0;0;12;0;4
obj;4;18;2;0;0;334;17;0;0;1;3;0;0;2;0;6
obj;4;18;2;1;1;334;17;0;0;2;3;0;0;2;0;4
obj;4;18;2;2;2;367;5;0;0;3;2;0;0;8;0;6
obj;4;18;2;3;3;333;17;0;0;4;3;0;0;7;0;9
obj;4;18;2;4;4;193;0;0;679;10201;1;0;0;2;0;8
obj;4;18;2;5;5;299;0;0;680;10202;1;0;0;3;0;8
obj;4;19;2;0;0;328;17;0;0;1;3;0;0;5;0;5
obj;4;19;2;1;1;328;16;0;0;2;2;0;0;8;0;5
obj;4;19;2;2;2;328;16;0;0;3;2;0;0;8;0;6
bg;4;20;2;0;8057;2;5;0;14;4
bg;4;20;2;1;8058;2;7;0;30;4
obj;4;20;2;0;0;328;2;0;0;1;2;0;0;7;0;27
obj;4;21;2;0;0;347;17;0;0;1;3;0;0;5;0;5
bg;4;22;2;0;0;0;4;0;8;3
obj;4;22;2;0;0;335;15;0;0;1;1;0;0;8;0;11
obj;4;22;2;1;1;336;15;0;0;9017;1;0;0;2;0;4
obj;4;22;2;2;2;336;15;0;0;9003;1;0;0;6;0;4
obj;4;22;2;3;3;336;15;0;0;9001;1;0;0;11;0;4
obj;4;22;2;4;4;320;9;0;0;2;1;0;0;6;0;13
obj;4;22;2;5;5;333;5;0;0;3;2;1;0;11;0;18
obj;4;23;2;0;0;286;15;0;0;9203;1;0;0;4;0;4
obj;4;23;2;1;1;336;15;0;0;9202;1;0;0;8;0;4
obj;4;23;2;2;2;336;15;0;0;9201;1;0;0;12;0;4
bg;4;24;2;0;1;0;7;0;7;0
bg;4;24;2;1;2;0;6;0;6;4
bg;4;24;2;2;2;0;6;0;7;4
bg;4;24;2;3;2;0;8;0;7;4
bg;4;24;2;4;2;0;8;0;6;4
obj;4;24;2;0;0;386;0;0;0;3;1;0;0;7;0;5
obj;4;24;2;1;1;341;0;0;0;4;2;0;0;13;0;5
obj;4;24;2;2;2;341;0;0;0;5;3;0;0;11;0;5
bg;4;25;2;0;1;0;7;0;7;0
bg;4;25;2;1;3;0;6;0;6;4
bg;4;25;2;2;3;0;6;0;7;4
bg;4;25;2;3;3;0;8;0;7;4
bg;4;25;2;4;3;0;8;0;6;4
obj;4;25;2;0;0;386;0;0;0;4;1;0;0;7;0;5
obj;4;25;2;1;1;168;4;0;0;2;1;0;1;4;0;9
obj;4;27;2;0;0;286;15;0;0;9203;1;0;0;4;0;4
obj;4;27;2;1;1;336;15;0;0;9202;1;0;0;8;0;4
obj;4;27;2;2;2;336;15;0;0;9201;1;0;0;12;0;4
