# kind;region;bank;map;idx;fields... obj: id;sprite;movement;type;flag;script;facing;xRange;yRange;x;y;height;param0;param1;param2 | bg: script;type;x;y;height;dir | coord: script;x;y;w;h;height;val;var
obj;3;2;0;0;0;20;0;0;0;3;1;0;0;311;358;0;0;0;0
obj;3;2;0;1;1;20;0;0;0;4;1;0;0;392;121;0;0;0;0
obj;3;2;0;2;2;20;0;0;0;4;1;0;0;73;133;0;0;0;0
obj;3;2;0;3;3;20;0;0;0;4;1;0;0;343;151;0;0;0;0
obj;3;2;0;4;4;20;0;0;0;4;1;0;0;200;185;0;0;0;0
obj;3;2;0;5;5;20;0;0;0;3;1;0;0;167;392;0;0;0;0
obj;3;2;0;6;6;20;0;0;0;3;1;0;0;437;400;0;0;0;0
obj;3;2;0;7;7;20;0;0;0;3;1;0;0;119;422;0;0;0;0
obj;3;2;0;8;8;20;0;0;0;4;1;0;0;247;249;0;0;0;0
obj;3;2;0;9;9;20;0;0;0;4;1;0;0;151;264;0;0;0;0
obj;3;2;0;10;10;20;0;0;0;4;1;0;0;360;279;0;0;0;0
obj;3;2;0;11;11;20;0;0;0;4;1;0;0;264;294;0;0;0;0
obj;3;2;0;12;12;20;0;0;0;3;1;0;0;247;264;0;0;0;0
obj;3;2;0;13;13;20;0;0;0;3;1;0;0;279;456;0;0;0;0
obj;3;2;0;14;14;20;0;0;0;3;1;0;0;232;87;0;0;0;0
obj;3;2;0;15;15;20;0;0;0;3;1;0;0;264;279;0;0;0;0
obj;3;2;0;16;16;126;15;0;423;6;1;0;0;1;1;0;0;0;0
obj;3;2;0;17;17;20;0;0;0;5;1;0;0;4;1;0;0;0;0
obj;3;2;0;18;18;20;0;0;0;5;1;0;0;4;2;0;0;0;0
obj;3;2;0;19;19;20;0;0;0;5;1;0;0;4;3;0;0;0;0
obj;3;2;0;20;20;20;0;0;0;5;1;0;0;4;4;0;0;0;0
bg;3;3;0;0;8161;2;168;795;0;4
obj;3;3;0;0;0;14;5;0;0;8;3;1;0;145;761;0;0;0;0
obj;3;3;0;1;1;11;5;0;0;10;2;1;0;174;757;65536;0;0;0
obj;3;3;0;2;2;3;2;0;0;6;0;0;0;145;791;65536;0;0;0
obj;3;3;0;3;3;2;3;0;0;7;1;1;1;161;754;65536;0;0;0
obj;3;3;0;4;4;17;2;0;0;11;1;0;0;172;780;65536;0;0;0
obj;3;3;0;5;5;3;4;0;0;9;1;0;1;179;770;65536;0;0;0
obj;3;3;0;6;6;17;3;0;0;12;2;1;1;169;766;65536;0;0;0
obj;3;3;0;7;7;101;15;0;378;0;1;1;0;174;788;65536;0;0;0
obj;3;3;0;8;8;91;0;0;0;22;0;0;0;176;744;0;8;0;0
obj;3;3;0;9;9;91;0;0;0;22;0;0;0;187;756;0;8;0;0
obj;3;3;0;10;10;91;0;0;0;22;0;0;0;132;756;0;8;0;0
obj;3;3;0;11;11;91;0;0;0;22;0;0;0;170;791;0;8;0;0
obj;3;3;0;12;12;93;0;0;0;23;0;0;0;177;755;0;0;0;0
obj;3;3;0;13;13;93;0;0;0;24;0;0;0;141;755;0;0;0;0
obj;3;3;0;14;14;93;0;0;0;26;0;0;0;167;755;0;0;0;0
obj;3;3;0;15;15;93;0;0;0;25;0;0;0;164;776;0;0;0;0
obj;3;3;0;16;16;99;16;0;413;0;2;1;0;175;740;65536;0;0;0
obj;3;3;0;17;17;124;17;0;412;0;3;1;0;174;739;65536;0;0;0
obj;3;3;0;18;18;124;17;0;412;0;3;1;0;174;740;65536;0;0;0
obj;3;3;0;19;5;94;0;0;343;65535;0;0;0;176;804;0;3;0;0
obj;3;3;0;20;6;94;0;0;344;65535;0;0;0;198;756;0;2;0;0
obj;3;3;0;21;21;11;12;0;0;9300;0;1;1;164;761;65536;0;0;0
obj;3;3;0;22;22;93;0;0;0;27;0;0;0;147;780;0;0;0;0
obj;3;3;0;23;23;82;13;0;502;18;2;1;1;174;771;65536;0;0;0
obj;3;3;0;24;24;43;3;0;501;14;1;1;0;183;769;65536;0;0;0
obj;3;3;0;25;25;43;3;0;501;15;1;1;0;143;754;65536;0;0;0
obj;3;3;0;26;26;11;9;0;0;13;3;1;1;154;778;65536;0;0;0
obj;3;3;0;27;27;43;9;0;568;16;1;0;0;164;752;0;0;0;0
obj;3;3;0;28;28;194;0;0;0;20;3;0;0;180;782;0;0;0;0
obj;3;3;0;29;29;194;0;0;0;21;2;0;0;182;782;0;0;0;0
obj;3;3;0;30;30;19;14;0;395;0;0;0;0;173;753;0;0;0;0
obj;3;3;0;31;31;213;15;0;385;5;1;0;0;186;756;65536;0;0;0
obj;3;3;0;32;32;87;0;0;1272;7257;0;0;0;142;766;0;0;0;0
coord;3;3;0;0;2;173;796;4;1;0;0;16503
coord;3;3;0;1;4;173;743;3;1;0;3;16503
coord;3;3;0;2;3;188;757;1;4;0;1;16503
coord;3;3;0;3;19;155;779;1;3;0;0;16624
coord;3;3;0;4;17;172;776;5;1;0;1;16615
coord;3;3;0;5;28;188;757;1;4;0;1;16502
obj;3;4;0;0;0;10;5;0;0;3;2;1;0;8;7;0;0;0;0
obj;3;4;0;1;1;16;14;0;0;4;0;0;0;7;3;0;0;0;0
obj;3;4;0;2;2;25;0;0;0;1;1;1;1;3;5;0;0;0;0
obj;3;4;0;3;3;24;0;0;0;2;1;1;1;2;5;0;0;0;0
obj;3;4;0;4;4;193;0;0;522;10201;1;0;0;4;7;0;0;0;0
obj;3;4;0;5;5;13;0;0;0;5;3;0;0;6;10;0;0;0;0
obj;3;6;0;0;0;14;4;0;0;4;0;0;1;14;6;0;0;0;0
obj;3;6;0;1;1;3;5;0;0;3;3;1;0;4;7;0;0;0;0
obj;3;6;0;2;2;2;2;0;0;2;1;0;0;10;8;0;0;0;0
obj;3;6;0;3;3;26;0;0;0;1;1;0;0;8;4;0;0;0;0
obj;3;6;0;4;4;27;0;0;575;2035;2;0;0;13;10;0;0;0;0
obj;3;6;0;5;5;111;15;0;387;10401;1;0;1;6;6;0;0;0;0
obj;3;6;0;6;6;112;15;0;388;10402;1;0;1;5;6;0;0;0;0
obj;3;7;0;0;0;27;0;0;0;9003;1;0;0;7;4;0;0;0;0
obj;3;7;0;1;1;27;0;0;0;9001;1;0;0;12;4;0;0;0;0
obj;3;7;0;2;2;27;0;0;0;9011;1;0;0;3;4;0;0;0;0
obj;3;8;0;0;0;29;0;0;0;2;1;1;1;15;8;0;0;0;0
obj;3;8;0;1;1;22;0;0;530;10155;3;0;0;2;6;0;0;0;0
obj;3;8;0;2;2;163;0;0;0;3;1;0;0;16;3;0;0;0;0
obj;3;8;0;3;3;82;0;0;503;1;1;0;0;18;5;0;0;0;0
obj;3;8;0;4;4;6;0;0;0;4;3;0;0;6;7;0;0;0;0
obj;3;9;0;0;0;15;5;0;0;1;3;1;0;12;6;0;0;0;0
obj;3;9;0;1;1;164;17;0;0;2;3;0;0;2;9;0;0;0;0
obj;3;9;0;2;2;72;17;0;0;3;3;0;0;3;10;0;0;0;0
obj;3;9;0;3;3;204;3;0;0;4;1;0;0;4;11;0;0;0;0
bg;3;10;0;0;4;0;1;11;0;0
bg;3;10;0;1;5;0;9;11;0;0
bg;3;10;0;2;6;0;15;11;0;0
bg;3;10;0;3;7;0;1;4;0;2
obj;3;10;0;0;0;1;3;0;0;1;3;2;0;7;5;0;0;0;0
obj;3;10;0;1;1;16;2;0;0;2;2;0;0;14;6;0;0;0;0
obj;3;10;0;2;2;18;10;0;0;3;2;0;0;3;6;0;0;0;0
obj;3;11;0;0;0;13;2;0;0;5;2;1;0;13;13;0;0;0;0
obj;3;11;0;1;1;168;16;0;0;2;2;1;0;13;7;0;0;0;0
obj;3;11;0;2;2;82;6;0;0;6;2;1;0;3;11;0;0;0;0
obj;3;11;0;3;3;69;0;0;0;4;1;1;0;9;7;0;0;0;0
obj;3;11;0;4;4;11;3;0;0;9;2;1;0;7;10;0;0;0;0
obj;3;12;0;0;0;35;3;0;0;1;1;2;2;11;14;0;0;0;0
obj;3;12;0;1;1;168;0;0;0;2;3;1;1;12;6;0;0;0;0
obj;3;12;0;2;2;22;0;0;533;10158;3;0;0;2;3;0;0;0;0
obj;3;12;0;3;3;31;0;0;0;3;0;0;0;3;6;0;0;0;0
obj;3;13;0;0;0;13;0;0;0;1;1;2;0;4;3;0;0;0;0
obj;3;13;0;1;1;13;0;0;0;2;0;0;1;11;15;0;0;0;0
obj;3;13;0;2;2;168;3;0;0;3;1;1;1;16;6;0;0;0;0
obj;3;13;0;3;3;168;7;0;0;4;0;0;0;10;15;0;0;0;0
obj;3;14;0;0;0;82;0;0;0;1;1;1;1;6;13;0;0;0;0
obj;3;14;0;1;1;163;3;0;0;2;1;1;1;14;5;0;0;0;0
obj;3;14;0;2;2;12;0;0;0;3;2;0;0;18;15;0;0;0;0
bg;3;15;0;0;2;0;5;4;0;0
bg;3;15;0;1;3;0;9;2;0;0
bg;3;15;0;2;4;0;11;2;0;0
bg;3;15;0;3;5;0;13;2;0;0
bg;3;15;0;4;6;0;15;2;0;0
bg;3;15;0;5;7;0;17;2;0;0
bg;3;15;0;6;8;0;10;8;0;0
bg;3;15;0;7;9;0;12;8;0;0
bg;3;15;0;8;10;0;14;8;0;0
bg;3;15;0;9;11;0;16;8;0;0
bg;3;15;0;10;12;0;18;8;0;0
obj;3;15;0;0;0;20;15;0;0;1;1;0;0;3;5;0;0;0;0
obj;3;15;0;1;1;9;3;0;0;13;0;1;0;15;10;0;0;0;0
obj;3;15;0;2;2;2;3;0;0;14;0;10;0;18;10;0;0;0;0
bg;3;16;0;0;1;0;8;5;0;0
bg;3;16;0;1;2;0;3;3;0;0
bg;3;16;0;2;3;0;13;3;0;0
obj;3;16;0;0;0;54;3;0;0;6;0;0;1;2;7;0;0;0;0
obj;3;16;0;1;1;14;6;0;0;4;0;0;0;6;7;0;0;0;0
obj;3;16;0;2;2;19;3;0;0;5;0;0;1;13;7;0;0;0;0
obj;3;16;0;3;3;40;0;0;656;7;1;0;1;8;6;0;0;0;0
bg;3;17;0;0;1;0;8;5;0;0
bg;3;17;0;1;2;0;3;3;0;0
bg;3;17;0;2;3;0;13;3;0;0
obj;3;17;0;0;0;4;0;0;0;4;2;2;0;4;9;0;0;0;0
obj;3;17;0;1;1;7;0;0;0;5;1;2;0;14;7;0;0;0;0
obj;3;17;0;2;2;40;0;0;657;6;1;0;0;8;6;0;0;0;0
bg;3;18;0;0;1;0;1;5;0;0
obj;3;18;0;0;0;163;0;0;0;1;3;0;0;1;6;0;0;0;0
obj;3;19;0;0;0;11;17;0;0;1;3;0;0;5;9;65536;0;0;0
obj;3;19;0;1;1;6;16;0;0;2;2;0;0;8;9;65536;0;0;0
obj;3;19;0;2;2;204;2;0;0;3;3;0;0;11;7;0;0;0;0
obj;3;20;0;0;0;4;0;0;0;1;1;1;1;8;8;65536;0;0;0
obj;3;20;0;1;1;16;0;0;0;2;1;1;1;13;9;65536;0;0;0
obj;3;20;0;2;2;12;2;0;0;3;2;0;0;16;8;0;0;0;0
obj;3;21;0;0;0;15;0;0;0;1;1;0;0;5;5;0;0;0;0
obj;3;24;0;0;0;18;16;1;0;1;2;1;1;15;8;65536;0;0;0
obj;3;24;0;1;1;204;4;1;0;3;1;1;1;9;6;65536;0;0;0
obj;3;24;0;2;2;71;0;1;0;2;2;1;1;10;6;65536;0;0;0
obj;3;24;0;3;3;13;15;1;0;4;1;1;1;8;6;65536;0;0;0
obj;3;25;0;0;0;5;3;0;0;1;0;1;1;11;11;65536;0;0;0
obj;3;25;0;1;1;9;16;0;0;2;2;1;1;8;8;65536;0;0;0
obj;3;26;0;0;0;6;0;0;0;2;1;1;1;6;12;65536;0;0;0
obj;3;26;0;1;1;19;0;0;0;1;1;1;1;8;12;65536;0;0;0
obj;3;27;0;0;0;13;0;0;0;1;1;0;0;7;6;0;0;0;0
bg;3;28;0;0;2025;0;9;10;0;0
bg;3;28;0;1;2025;0;10;10;0;0
bg;3;28;0;2;14;0;18;9;0;4
bg;3;28;0;3;14;0;18;10;0;4
bg;3;28;0;4;15;0;18;14;0;4
bg;3;28;0;5;15;0;18;15;0;4
bg;3;28;0;6;14;0;21;9;0;4
bg;3;28;0;7;14;0;21;10;0;4
bg;3;28;0;8;15;0;21;15;0;4
bg;3;28;0;9;15;0;21;14;0;4
bg;3;28;0;10;21;0;18;2;0;0
obj;3;28;0;0;0;163;0;0;0;3;1;0;0;7;3;0;0;0;0
obj;3;28;0;1;1;19;0;0;0;4;3;1;0;3;9;0;0;0;0
obj;3;28;0;2;2;5;3;0;0;5;3;0;1;6;7;0;0;0;0
obj;3;28;0;3;3;10;2;0;0;6;0;2;2;3;13;0;0;0;0
obj;3;28;0;4;4;17;3;0;0;7;3;0;1;24;7;0;0;0;0
obj;3;28;0;5;5;11;3;0;0;8;0;1;1;6;12;0;0;0;0
obj;3;28;0;6;6;13;3;0;0;9;3;0;1;12;7;0;0;0;0
obj;3;28;0;7;7;163;0;0;0;16;3;0;0;9;15;0;0;0;0
obj;3;28;0;8;8;163;0;0;0;17;3;0;0;9;16;0;0;0;0
obj;3;28;0;9;9;53;2;0;0;10;0;0;0;25;12;0;0;0;0
obj;3;28;0;10;10;4;0;0;0;11;2;0;0;16;16;0;0;0;0
obj;3;28;0;11;11;12;2;0;0;18;0;0;0;13;3;0;0;0;0
obj;3;28;0;12;12;9;0;0;0;19;1;0;0;12;13;0;0;0;0
obj;3;28;0;13;13;13;0;0;0;20;1;0;0;15;10;0;0;0;0
bg;3;29;0;0;11;0;5;2;0;0
bg;3;29;0;1;11;0;6;2;0;0
obj;3;29;0;0;0;14;0;0;0;2;1;0;0;5;4;0;0;0;0
obj;3;29;0;1;1;148;14;0;500;1;0;0;0;6;3;0;0;0;0
obj;3;29;0;2;2;4;0;0;0;4;3;0;0;14;9;0;0;0;0
obj;3;29;0;3;3;6;17;0;0;6;3;0;0;2;8;0;0;0;0
obj;3;29;0;4;4;4;16;0;0;5;2;0;0;5;8;0;0;0;0
obj;3;29;0;5;5;183;0;0;0;12;1;0;0;4;9;0;0;0;0
obj;3;29;0;6;6;3;0;0;0;9;1;0;0;12;4;0;0;0;0
obj;3;29;0;7;7;8;0;0;0;10;1;0;0;14;4;0;0;0;0
obj;3;29;0;8;8;87;0;0;1273;7258;0;0;0;1;4;0;0;0;0
obj;3;30;0;0;0;4;0;0;0;1;3;0;0;8;6;0;0;0;0
obj;3;30;0;1;1;71;2;0;0;2;1;0;0;9;6;0;0;0;0
obj;3;30;0;2;2;82;3;0;0;3;3;1;1;16;9;0;0;0;0
bg;3;33;0;0;21;0;59;712;0;0
bg;3;33;0;1;8218;2;36;753;0;4
obj;3;33;0;0;0;19;3;0;0;8;0;1;1;58;749;65536;0;0;0
obj;3;33;0;1;1;6;15;0;0;11;2;1;1;52;717;65536;0;0;0
obj;3;33;0;2;2;9;3;0;0;9;3;2;1;59;728;65536;0;0;0
obj;3;33;0;3;3;14;4;0;0;10;1;0;1;33;730;65536;0;0;0
obj;3;33;0;4;4;93;0;0;0;16;0;0;0;35;722;0;0;0;0
obj;3;33;0;5;5;95;0;0;0;15;0;0;0;36;732;0;0;0;0
obj;3;33;0;6;6;93;0;0;0;18;0;0;0;41;752;0;0;0;0
obj;3;33;0;7;7;91;0;0;0;14;0;0;0;54;754;0;9;0;0
obj;3;33;0;8;8;93;0;0;0;17;0;0;0;37;748;0;0;0;0
obj;3;33;0;9;9;74;0;0;0;12;1;1;1;52;718;65536;0;0;0
obj;3;33;0;10;10;164;5;0;0;13;2;1;1;41;735;65536;0;0;0
obj;3;33;0;11;11;148;14;0;434;3;0;1;1;37;723;65536;0;0;0
obj;3;33;0;12;12;101;15;0;437;7;1;1;1;39;720;65536;0;0;0
obj;3;33;0;13;13;99;15;0;435;6;1;1;1;38;720;65536;0;0;0
obj;3;33;0;14;14;56;16;0;436;0;0;1;1;43;725;65536;0;0;0
obj;3;33;0;15;15;87;0;0;1148;7134;0;0;0;34;762;0;0;0;0
obj;3;33;0;16;16;56;16;0;0;20;0;1;1;45;750;65536;0;0;0
obj;3;33;0;17;17;93;0;0;0;19;0;0;0;56;714;0;0;0;0
obj;3;33;0;18;18;148;15;0;716;25;1;1;1;37;719;65536;0;0;0
coord;3;33;0;0;2;47;723;1;4;0;0;16504
obj;3;34;0;0;0;63;2;0;0;3;1;0;0;2;8;0;0;0;0
obj;3;34;0;1;1;16;3;0;0;4;1;0;2;6;6;0;0;0;0
obj;3;34;0;2;2;25;0;0;0;1;1;0;0;3;5;0;0;0;0
obj;3;34;0;3;3;193;0;0;522;10201;1;0;0;4;7;0;0;0;0
obj;3;34;0;4;4;24;0;0;0;2;1;0;0;2;5;0;0;0;0
bg;3;35;0;0;4;0;14;25;0;0
bg;3;35;0;1;4;0;18;25;0;0
obj;3;35;0;0;0;51;15;1;0;3231;1;0;0;24;3;1310720;1;0;0
obj;3;35;0;1;1;168;0;0;0;3;1;0;0;15;25;0;0;0;0
obj;3;35;0;2;2;40;15;1;0;3255;1;0;0;14;3;655360;2;0;0
obj;3;35;0;3;3;40;45;1;0;3256;1;0;0;22;16;0;4;0;0
obj;3;35;0;4;4;132;15;0;0;2;1;0;0;16;3;1966080;0;0;0
obj;3;35;0;5;5;51;16;1;0;3313;2;0;0;9;17;0;3;0;0
obj;3;35;0;6;6;11;15;1;0;3278;1;0;0;27;25;0;2;0;0
obj;3;35;0;7;7;40;15;1;0;3366;1;0;0;8;3;1310720;1;0;0
obj;3;35;0;8;8;14;17;1;0;3282;3;0;0;27;5;655360;3;0;0
obj;3;36;0;0;0;6;4;0;0;3;1;0;1;11;9;0;0;0;0
obj;3;36;0;1;1;26;0;0;0;1;1;0;0;8;4;0;0;0;0
obj;3;36;0;2;2;12;3;0;0;2;1;1;0;2;6;0;0;0;0
obj;3;36;0;3;3;111;0;0;387;10401;1;0;0;6;6;0;0;0;0
obj;3;36;0;4;4;112;0;0;388;10402;1;0;0;5;6;0;0;0;0
obj;3;36;0;5;5;5;2;0;0;5;1;0;0;14;5;0;0;0;0
obj;3;36;0;6;6;29;0;0;0;4;1;0;0;15;5;0;0;0;0
obj;3;37;0;0;0;27;0;0;0;9003;1;0;0;7;4;0;0;0;0
obj;3;37;0;1;1;27;0;0;0;9001;1;0;0;12;4;0;0;0;0
obj;3;37;0;2;2;27;0;0;0;9011;1;0;0;3;4;0;0;0;0
bg;3;38;0;0;3;0;1;4;0;0
bg;3;38;0;1;4;0;3;9;0;4
bg;3;38;0;2;3;0;2;4;0;0
bg;3;38;0;3;3;0;3;4;0;0
bg;3;38;0;4;3;0;4;4;0;0
bg;3;38;0;5;3;0;5;4;0;0
bg;3;38;0;6;3;0;6;4;0;0
bg;3;38;0;7;4;0;2;9;0;4
bg;3;38;0;8;4;0;1;9;0;4
bg;3;38;0;9;4;0;4;9;0;4
bg;3;38;0;10;3;0;15;4;0;4
bg;3;38;0;11;3;0;16;4;0;0
bg;3;38;0;12;3;0;17;4;0;0
bg;3;38;0;13;3;0;18;4;0;0
bg;3;38;0;14;3;0;19;4;0;0
bg;3;38;0;15;3;0;20;4;0;0
bg;3;38;0;16;4;0;4;8;0;4
bg;3;38;0;17;4;0;4;7;0;4
bg;3;38;0;18;4;0;1;7;0;4
bg;3;38;0;19;4;0;2;7;0;4
bg;3;38;0;20;4;0;3;7;0;4
obj;3;38;0;0;0;163;0;0;0;1;2;0;1;14;9;0;0;0;0
obj;3;38;0;1;1;6;0;0;0;2;0;1;1;2;5;0;0;0;0
obj;3;38;0;2;2;137;14;0;390;5;0;0;1;16;5;0;0;0;0
bg;3;39;0;0;2;0;1;4;0;0
bg;3;39;0;1;2;0;2;4;0;4
bg;3;39;0;2;3;0;1;9;0;0
bg;3;39;0;3;3;0;2;9;0;0
bg;3;39;0;4;3;0;3;9;0;0
bg;3;39;0;5;3;0;4;9;0;4
bg;3;39;0;6;3;0;13;9;0;4
bg;3;39;0;7;3;0;14;9;0;0
bg;3;39;0;8;3;0;15;9;0;0
bg;3;39;0;9;3;0;16;9;0;0
bg;3;39;0;10;3;0;17;9;0;0
bg;3;39;0;11;3;0;18;9;0;0
bg;3;39;0;12;3;0;19;9;0;0
bg;3;39;0;13;3;0;20;9;0;0
bg;3;39;0;14;2;0;15;4;0;4
bg;3;39;0;15;2;0;16;4;0;0
bg;3;39;0;16;2;0;17;4;0;0
bg;3;39;0;17;2;0;18;4;0;0
bg;3;39;0;18;2;0;19;4;0;0
bg;3;39;0;19;2;0;20;4;0;0
bg;3;39;0;20;4;0;13;3;0;0
bg;3;39;0;21;3;0;4;8;0;4
bg;3;39;0;22;3;0;4;7;0;4
bg;3;39;0;23;3;0;3;7;0;4
bg;3;39;0;24;3;0;2;7;0;4
bg;3;39;0;25;3;0;1;7;0;4
bg;3;39;0;26;3;0;13;8;0;4
bg;3;39;0;27;3;0;13;7;0;4
bg;3;39;0;28;3;0;14;7;0;4
bg;3;39;0;29;3;0;15;7;0;4
bg;3;39;0;30;3;0;16;7;0;4
bg;3;39;0;31;3;0;17;7;0;4
bg;3;39;0;32;3;0;18;7;0;4
bg;3;39;0;33;3;0;19;7;0;4
bg;3;39;0;34;3;0;20;7;0;4
obj;3;39;0;0;0;3;3;0;0;1;1;1;1;11;10;0;0;0;0
obj;3;39;0;1;1;20;14;0;713;0;0;0;0;2;5;0;0;0;0
bg;3;40;0;0;5;0;9;3;0;0
bg;3;40;0;1;5;0;10;3;0;0
bg;3;40;0;2;6;0;11;3;0;0
bg;3;40;0;3;6;0;12;3;0;4
bg;3;40;0;4;7;0;17;3;0;4
bg;3;40;0;5;7;0;18;3;0;0
bg;3;40;0;6;8;0;19;3;0;0
bg;3;40;0;7;8;0;20;3;0;0
bg;3;40;0;8;9;0;15;9;0;4
bg;3;40;0;9;9;0;16;9;0;0
bg;3;40;0;10;10;0;17;9;0;0
bg;3;40;0;11;10;0;18;9;0;0
bg;3;40;0;12;11;0;19;9;0;0
bg;3;40;0;13;11;0;20;9;0;0
bg;3;40;0;14;12;0;14;2;0;0
bg;3;40;0;15;9;0;15;8;0;4
bg;3;40;0;16;9;0;15;7;0;4
bg;3;40;0;17;9;0;16;7;0;4
bg;3;40;0;18;10;0;17;7;0;4
bg;3;40;0;19;10;0;18;7;0;4
bg;3;40;0;20;11;0;19;7;0;4
bg;3;40;0;21;11;0;20;7;0;4
obj;3;40;0;0;0;30;3;0;0;3;1;1;1;15;5;0;0;0;0
obj;3;40;0;1;1;4;15;0;0;4;1;1;1;3;7;0;0;0;0
obj;3;40;0;2;2;99;14;0;439;0;0;1;1;8;10;0;0;0;0
obj;3;40;0;3;3;101;14;0;438;0;0;1;1;7;10;0;0;0;0
obj;3;40;0;4;4;148;17;0;440;0;3;1;1;2;3;0;0;0;0
obj;3;41;0;0;0;6;3;0;0;2;1;1;0;2;4;0;0;0;0
obj;3;41;0;1;1;14;3;0;0;1;1;1;1;8;7;0;0;0;0
obj;3;42;0;0;0;164;0;0;0;1;3;0;0;2;6;0;0;0;0
obj;3;43;0;0;0;168;0;0;577;0;1;0;0;4;7;0;0;0;0
obj;3;44;0;0;0;1;5;0;0;2;0;3;3;5;5;0;0;0;0
obj;3;44;0;1;1;16;0;0;0;3;0;0;0;8;4;0;0;0;0
obj;3;44;0;2;2;56;0;0;603;0;0;0;0;4;8;0;0;0;0
bg;3;45;0;0;3;0;267;808;0;0
bg;3;45;0;1;45;0;256;808;0;0
bg;3;45;0;2;8087;2;291;772;0;4
bg;3;45;0;3;8257;2;294;773;0;4
obj;3;45;0;0;0;20;3;0;0;5;0;1;1;303;762;196608;0;0;0
obj;3;45;0;1;1;8;3;0;0;11;1;0;2;288;754;327680;0;0;0
obj;3;45;0;2;2;16;3;0;0;13;3;0;1;301;774;196608;0;0;0
obj;3;45;0;3;3;148;3;0;380;1;1;0;0;282;757;196608;0;0;0
obj;3;45;0;4;4;4;14;0;0;2;0;1;1;266;752;196608;0;0;0
obj;3;45;0;5;5;91;0;0;0;15;0;0;0;260;747;0;10;0;0
obj;3;45;0;6;6;95;0;0;0;16;0;0;0;278;756;0;0;0;0
obj;3;45;0;7;7;93;0;0;0;17;0;0;0;301;748;0;0;0;0
obj;3;45;0;8;8;93;0;0;0;18;0;0;0;301;792;0;0;0;0
obj;3;45;0;9;9;91;0;0;0;15;0;0;0;300;737;0;10;0;0
obj;3;45;0;10;10;182;0;0;0;2027;0;0;0;267;762;0;0;0;0
obj;3;45;0;11;11;182;0;0;0;2027;0;0;0;265;762;0;0;0;0
obj;3;45;0;12;12;182;0;0;0;2027;0;0;0;269;762;0;0;0;0
obj;3;45;0;13;13;182;0;0;0;2027;0;0;0;316;789;0;0;0;0
obj;3;45;0;14;14;182;0;0;0;2027;0;0;0;316;788;0;0;0;0
obj;3;45;0;15;15;40;8;0;0;6;1;0;0;267;761;196608;0;0;0
obj;3;45;0;16;16;40;3;0;0;7;0;1;3;312;793;196608;0;0;0
obj;3;45;0;17;17;52;20;0;0;14;3;3;0;292;755;327680;0;0;0
obj;3;45;0;18;18;40;3;0;0;8;0;1;1;293;775;196608;0;0;0
obj;3;45;0;19;19;40;3;0;0;9;0;0;3;306;777;196608;0;0;0
obj;3;45;0;20;20;10;3;0;0;12;3;1;3;279;749;196608;0;0;0
obj;3;45;0;21;21;7;3;0;0;10;2;0;2;292;759;327680;0;0;0
obj;3;45;0;22;22;208;3;0;0;19;2;2;2;311;792;65536;0;0;0
obj;3;45;0;23;23;87;0;0;1274;7259;0;0;0;295;774;0;0;0;0
obj;3;45;0;24;24;87;0;0;1275;7260;0;0;0;291;773;0;0;0;0
obj;3;45;0;25;25;208;0;0;0;21;2;2;2;312;782;65536;0;0;0
obj;3;45;0;26;26;208;3;0;0;22;2;2;2;291;781;65536;0;0;0
obj;3;45;0;27;27;7;0;0;0;20;0;0;0;307;757;0;0;0;0
coord;3;45;0;0;3;266;748;1;4;0;0;16505
coord;3;45;0;1;4;262;748;1;4;0;2;16505
obj;3;46;0;0;0;20;4;0;0;3;1;0;1;6;6;0;0;0;0
obj;3;46;0;1;1;19;10;0;0;4;2;0;0;6;9;0;0;0;0
obj;3;46;0;2;2;25;0;0;0;1;1;0;0;3;5;0;0;0;0
obj;3;46;0;3;3;24;0;0;0;2;1;0;0;2;5;0;0;0;0
obj;3;46;0;4;4;193;0;0;522;10201;1;0;0;4;7;0;0;0;0
bg;3;47;0;0;3;0;3;23;0;0
bg;3;47;0;1;3;0;7;23;0;0
obj;3;47;0;0;0;126;15;0;0;1;1;0;0;5;3;0;0;0;0
obj;3;47;0;1;1;168;15;0;0;2;1;0;0;6;23;0;0;0;0
obj;3;47;0;2;2;4;17;1;0;3243;3;0;0;4;18;0;3;0;0
obj;3;47;0;3;3;4;16;1;0;3244;2;0;0;7;11;0;4;0;0
obj;3;48;0;0;0;70;17;0;0;4;3;0;0;5;9;0;0;0;0
obj;3;48;0;1;1;14;3;0;0;3;1;1;1;3;6;0;0;0;0
obj;3;48;0;2;2;1;5;0;0;2;2;1;0;11;8;0;0;0;0
obj;3;48;0;3;3;26;0;0;0;1;1;0;0;8;4;0;0;0;0
obj;3;48;0;4;4;36;14;0;0;5;2;1;0;12;12;0;0;0;0
obj;3;48;0;5;5;111;0;0;387;10401;1;0;0;6;6;0;0;0;0
obj;3;48;0;6;6;112;0;0;388;10402;1;0;0;5;6;0;0;0;0
obj;3;48;0;7;7;194;0;0;0;6;3;0;0;14;5;0;0;0;0
obj;3;48;0;8;8;194;0;0;0;7;2;0;0;15;5;0;0;0;0
obj;3;49;0;0;0;27;0;0;0;9003;1;0;0;7;4;0;0;0;0
obj;3;49;0;1;1;27;0;0;0;9001;1;0;0;12;4;0;0;0;0
obj;3;49;0;2;2;27;0;0;0;9011;1;0;0;3;4;0;0;0;0
obj;3;50;0;0;0;9;5;0;0;1;3;1;0;14;8;0;0;0;0
obj;3;50;0;1;1;4;17;0;0;2;3;0;0;5;5;0;0;0;0
obj;3;50;0;2;2;16;16;0;0;3;2;0;0;8;10;0;0;0;0
obj;3;51;0;0;0;40;17;0;0;1;3;0;0;10;8;65536;0;0;0
obj;3;51;0;1;1;8;16;0;0;2;2;0;0;12;8;65536;0;0;0
obj;3;51;0;2;2;6;3;0;0;3;2;1;0;5;5;65536;0;0;0
obj;3;51;0;3;3;74;15;0;0;4;1;1;0;11;8;65536;0;0;0
obj;3;52;0;0;0;74;0;0;0;2;1;1;1;4;11;65536;0;0;0
obj;3;52;0;1;1;6;0;0;0;1;2;1;1;4;12;65536;0;0;0
obj;3;53;0;0;0;1;3;0;0;2;0;3;3;13;8;65536;0;0;0
obj;3;53;0;1;1;3;3;0;0;1;0;3;3;13;10;65536;0;0;0
obj;3;53;0;2;2;16;0;0;0;3;3;0;0;6;8;65536;0;0;0
obj;3;54;0;0;0;18;16;0;0;2;2;0;0;15;8;0;0;0;0
obj;3;54;0;1;1;8;3;0;0;1;1;1;1;11;7;0;0;0;0
obj;3;54;0;2;2;9;16;0;0;3;2;0;0;8;10;0;0;0;0
obj;3;55;0;0;0;10;2;0;0;1;3;0;2;6;6;0;0;0;0
obj;3;55;0;1;1;12;3;0;0;2;2;1;1;11;10;0;0;0;0
obj;3;55;0;2;2;19;3;0;0;3;3;0;2;14;5;0;0;0;0
obj;3;56;0;0;0;40;0;0;0;2;1;1;1;2;11;65536;0;0;0
obj;3;56;0;1;1;16;0;0;0;1;1;1;1;13;11;65536;0;0;0
obj;3;56;0;2;2;2;3;0;0;3;1;3;1;3;5;65536;0;0;0
obj;3;57;0;0;0;19;0;0;0;1;0;0;0;10;11;0;0;0;0
obj;3;58;0;0;0;8;3;0;0;1;2;1;1;8;6;0;0;0;0
obj;3;58;0;1;1;20;9;0;0;2;1;1;0;2;4;0;0;0;0
bg;3;59;0;0;6;0;10;3;0;0
bg;3;59;0;1;6;0;11;3;0;0
bg;3;59;0;2;7;0;12;3;0;0
bg;3;59;0;3;7;0;13;3;0;0
bg;3;59;0;4;8;0;14;3;0;0
bg;3;59;0;5;8;0;15;3;0;0
bg;3;59;0;6;9;0;14;10;0;4
bg;3;59;0;7;9;0;15;10;0;4
bg;3;59;0;8;10;0;14;13;0;4
bg;3;59;0;9;10;0;15;13;0;4
bg;3;59;0;10;11;0;18;7;0;4
bg;3;59;0;11;11;0;19;7;0;4
bg;3;59;0;12;11;0;20;7;0;4
bg;3;59;0;13;12;0;18;10;0;4
bg;3;59;0;14;12;0;19;10;0;4
bg;3;59;0;15;12;0;20;10;0;4
bg;3;59;0;16;13;0;18;13;0;4
bg;3;59;0;17;13;0;19;13;0;4
bg;3;59;0;18;13;0;20;13;0;4
bg;3;59;0;19;9;0;14;9;0;4
bg;3;59;0;20;9;0;15;9;0;4
bg;3;59;0;21;11;0;18;6;0;4
bg;3;59;0;22;11;0;19;6;0;4
bg;3;59;0;23;11;0;20;6;0;4
bg;3;59;0;24;12;0;18;9;0;4
bg;3;59;0;25;12;0;19;9;0;4
bg;3;59;0;26;12;0;20;9;0;4
bg;3;59;0;27;13;0;18;12;0;4
bg;3;59;0;28;13;0;19;12;0;4
bg;3;59;0;29;13;0;20;12;0;4
bg;3;59;0;30;10;0;14;12;0;4
bg;3;59;0;31;10;0;15;12;0;4
obj;3;59;0;0;0;20;15;0;0;3;1;0;0;8;7;0;0;0;0
obj;3;59;0;1;1;2;15;0;0;4;1;0;0;9;7;0;0;0;0
obj;3;59;0;2;2;3;0;0;0;5;0;0;0;8;3;0;0;0;0
obj;3;59;0;3;3;29;0;0;0;2;1;0;0;6;3;0;0;0;0
obj;3;59;0;4;4;14;0;0;0;1;1;0;0;4;3;0;0;0;0
obj;3;59;0;5;5;12;4;0;0;14;1;0;0;3;7;0;0;0;0
obj;3;59;0;6;6;19;14;0;0;15;0;0;0;8;12;0;0;0;0
obj;3;59;0;7;7;17;5;0;0;16;1;0;0;16;15;0;0;0;0
obj;3;60;0;0;0;4;7;0;0;1;3;0;0;7;6;0;0;0;0
obj;3;60;0;1;1;16;8;0;0;2;2;0;0;5;5;0;0;0;0
obj;3;60;0;2;2;71;15;0;0;3;1;0;0;8;6;0;0;0;0
obj;3;61;0;0;0;15;4;0;0;1;1;0;1;16;10;65536;0;0;0
obj;3;61;0;1;1;20;5;0;0;2;2;1;0;14;7;65536;0;0;0
obj;3;61;0;2;2;11;3;0;0;3;3;1;1;10;8;65536;0;0;0
obj;3;62;0;0;0;4;0;0;0;2;3;1;0;5;8;65536;0;0;0
obj;3;62;0;1;1;36;3;0;0;1;0;1;1;10;11;65536;0;0;0
obj;3;62;0;2;2;29;3;0;0;4;1;1;1;16;5;65536;0;0;0
obj;3;63;0;0;0;29;3;0;0;1;1;1;1;6;7;65536;0;0;0
obj;3;63;0;1;1;11;3;0;0;2;1;1;1;15;4;65536;0;0;0
obj;3;64;0;0;0;40;9;0;0;1;3;0;2;5;5;0;0;0;0
bg;3;65;0;0;8002;2;327;521;0;4
bg;3;65;0;1;8150;2;285;520;0;4
bg;3;65;0;2;18;0;327;525;0;0
bg;3;65;0;3;8003;2;355;521;0;4
bg;3;65;0;4;8228;2;347;517;0;4
obj;3;65;0;0;0;9;2;0;0;5;0;0;0;303;561;458752;0;0;0
obj;3;65;0;1;1;17;3;0;0;10;2;1;1;300;550;458752;0;0;0
obj;3;65;0;2;2;1;0;0;0;11;0;0;0;330;527;458752;0;0;0
obj;3;65;0;3;3;124;2;0;509;2;1;1;0;331;539;458752;0;0;0
obj;3;65;0;4;4;124;2;0;509;3;3;1;0;301;529;458752;0;0;0
obj;3;65;0;5;5;95;0;0;0;13;0;0;0;308;562;0;1;0;0
obj;3;65;0;6;6;93;0;0;0;14;0;0;0;307;540;0;1;0;0
obj;3;65;0;7;7;91;0;0;0;12;0;0;0;293;530;0;11;0;0
obj;3;65;0;8;8;93;0;0;0;15;0;0;0;303;522;0;3;0;0
obj;3;65;0;9;9;91;0;0;0;12;0;0;0;344;530;0;11;0;0
obj;3;65;0;10;10;12;3;0;0;6;2;1;1;312;552;458752;0;0;0
obj;3;65;0;11;11;14;4;0;0;9;0;0;1;308;552;458752;0;0;0
obj;3;65;0;12;12;138;16;0;384;28;2;1;0;311;523;458752;0;0;0
obj;3;65;0;13;4;94;0;0;349;65535;0;0;0;281;532;0;1;0;0
obj;3;65;0;14;14;86;0;0;32;10000;0;0;0;304;521;0;0;0;0
obj;3;65;0;15;15;86;0;0;33;10000;0;0;0;305;521;0;0;0;0
obj;3;65;0;16;16;86;0;0;34;10000;0;0;0;306;521;0;0;0;0
obj;3;65;0;17;17;86;0;0;35;10000;0;0;0;313;515;0;0;0;0
obj;3;65;0;18;18;182;0;0;0;2027;0;0;0;339;523;0;0;0;0
obj;3;65;0;19;19;182;0;0;0;2027;0;0;0;319;538;0;0;0;0
obj;3;65;0;20;20;182;0;0;0;2027;0;0;0;319;540;0;0;0;0
obj;3;65;0;21;21;87;0;0;1038;7024;0;0;0;327;516;0;0;0;0
obj;3;65;0;22;22;87;0;0;1040;7026;0;0;0;317;558;0;0;0;0
obj;3;65;0;23;23;124;2;0;509;4;3;1;0;315;535;458752;0;0;0
obj;3;65;0;24;24;5;2;0;0;8;3;0;1;302;538;458752;0;0;0
obj;3;65;0;25;7;94;0;0;365;65535;0;0;0;353;531;0;2;0;0
obj;3;65;0;26;26;93;0;0;0;16;0;0;0;313;530;0;3;0;0
obj;3;65;0;27;27;93;0;0;0;17;0;0;0;313;549;0;3;0;0
obj;3;65;0;28;28;12;14;0;0;19;0;0;0;302;565;458752;0;0;0
obj;3;65;0;29;29;182;0;0;0;2027;0;0;0;339;524;0;0;0;0
obj;3;65;0;30;30;5;0;0;0;22;1;0;0;297;531;0;0;0;0
obj;3;65;0;31;31;127;15;0;536;24;1;1;1;312;563;458752;0;0;0
obj;3;65;0;32;32;120;14;0;393;0;0;0;0;327;526;458752;0;0;0
obj;3;65;0;33;33;148;14;0;396;0;0;1;0;299;531;458752;0;0;0
coord;3;65;0;0;25;303;523;1;4;0;0;16506
coord;3;65;0;1;20;303;565;5;1;0;1;16660
coord;3;65;0;2;23;297;532;1;3;0;1;16660
coord;3;65;0;3;1;304;522;3;1;0;1;16506
coord;3;65;0;4;26;308;541;1;5;0;3;16506
coord;3;65;0;5;27;309;540;1;6;0;4;16506
coord;3;65;0;6;1;304;523;1;3;0;1;16506
obj;3;66;0;0;0;10;3;0;0;3;0;1;0;8;3;0;0;0;0
obj;3;66;0;1;1;20;2;0;0;4;3;0;0;6;8;0;0;0;0
obj;3;66;0;2;2;25;0;0;0;1;1;0;0;3;5;0;0;0;0
obj;3;66;0;3;3;24;0;0;0;2;1;0;0;2;5;0;0;0;0
obj;3;66;0;4;4;193;0;0;522;10201;1;0;0;4;7;0;0;0;0
bg;3;67;0;0;3;0;8;25;0;0
bg;3;67;0;1;3;0;14;25;0;0
obj;3;67;0;0;0;168;0;0;0;2;1;0;0;9;25;0;0;0;0
obj;3;67;0;1;1;127;15;0;545;4;1;0;0;11;3;0;0;0;0
obj;3;67;0;2;2;6;16;0;0;5;2;0;0;14;22;0;0;0;0
obj;3;67;0;3;3;12;14;0;0;6;0;0;0;20;17;0;0;0;0
obj;3;67;0;4;4;12;15;0;0;7;1;0;0;2;7;0;0;0;0
obj;3;69;0;0;0;3;5;0;0;3;1;1;0;5;8;0;0;0;0
obj;3;69;0;1;1;7;4;0;0;2;1;0;2;14;6;0;0;0;0
obj;3;69;0;2;2;206;15;0;510;4;1;0;0;4;8;0;0;0;0
obj;3;69;0;3;3;26;0;0;0;1;1;0;0;8;4;0;0;0;0
obj;3;69;0;4;4;12;0;0;0;5;1;0;1;10;9;0;0;0;0
obj;3;69;0;5;5;111;0;0;387;10401;1;0;0;6;6;0;0;0;0
obj;3;69;0;6;6;112;0;0;388;10402;1;0;0;5;6;0;0;0;0
obj;3;70;0;0;0;27;0;0;0;9003;1;0;0;7;4;0;0;0;0
obj;3;70;0;1;1;27;0;0;0;9001;1;0;0;12;4;0;0;0;0
obj;3;70;0;2;2;27;0;0;0;9011;1;0;0;3;4;0;0;0;0
obj;3;70;0;3;3;3;3;0;0;1;2;1;0;10;10;0;0;0;0
bg;3;71;0;0;4;0;10;3;0;0
bg;3;71;0;1;4;0;11;3;0;0
bg;3;71;0;2;5;0;12;3;0;0
bg;3;71;0;3;5;0;13;3;0;0
obj;3;71;0;0;0;15;0;0;402;1;1;0;0;3;5;0;0;0;0
obj;3;71;0;1;1;4;16;0;0;3;2;0;0;5;10;0;0;0;0
obj;3;71;0;2;2;72;17;0;512;2;3;0;0;2;10;0;0;0;0
bg;3;72;0;0;3;0;22;5;0;0
obj;3;72;0;0;0;124;3;0;509;1;1;1;1;3;11;0;0;0;0
obj;3;72;0;1;1;124;15;0;509;2;1;0;0;10;11;0;0;0;0
obj;3;72;0;2;2;124;16;1;509;3409;2;0;0;16;8;0;3;0;0
obj;3;72;0;3;3;125;17;1;509;3420;3;0;0;12;8;0;3;0;0
obj;3;72;0;4;4;124;14;0;450;4;0;1;1;14;15;0;0;0;0
obj;3;72;0;5;5;213;14;0;443;4;0;1;1;14;15;0;0;0;0
obj;3;72;0;6;6;262;0;0;710;6;0;0;0;1;5;0;0;0;0
bg;3;73;0;0;3;0;16;2;0;0
obj;3;73;0;0;0;124;14;0;509;1;0;0;0;7;6;0;0;0;0
obj;3;73;0;1;1;125;0;0;509;2;2;0;0;19;8;0;0;0;0
obj;3;73;0;2;2;125;0;1;509;3421;2;0;0;13;8;0;0;0;0
obj;3;73;0;3;3;124;14;1;509;3411;0;0;0;3;6;0;0;0;0
obj;3;73;0;4;4;87;0;0;1277;7262;0;0;0;3;12;0;0;0;0
bg;3;74;0;0;2;0;16;2;0;0
obj;3;74;0;0;0;124;17;0;509;1;3;0;0;12;5;0;0;0;0
obj;3;74;0;1;1;125;14;1;509;3422;0;0;0;8;7;0;3;0;0
obj;3;74;0;2;2;29;17;1;509;3830;3;0;0;18;5;0;3;0;0
obj;3;74;0;3;3;87;0;0;1278;7263;0;0;0;10;8;0;0;0;0
bg;3;75;0;0;6;0;16;10;0;0
obj;3;75;0;0;0;123;15;0;509;2;1;0;0;14;6;0;0;0;0
obj;3;75;0;1;1;72;8;0;511;3;1;0;0;13;5;0;0;0;0
obj;3;75;0;2;2;15;14;0;511;5;0;0;0;14;9;0;0;0;0
obj;3;75;0;3;3;206;9;0;511;4;1;0;0;15;5;0;0;0;0
obj;3;75;0;4;4;87;0;0;1292;7277;0;0;0;9;6;0;0;0;0
obj;3;75;0;5;5;87;0;0;1279;7264;0;0;0;8;6;0;0;0;0
obj;3;75;0;6;6;87;0;0;1280;7265;0;0;0;21;5;0;0;0;0
obj;3;76;0;0;0;1;2;0;0;2;1;0;0;5;5;0;0;0;0
obj;3;76;0;1;1;15;3;0;0;3;1;1;1;15;8;0;0;0;0
obj;3;76;0;2;2;17;16;0;0;1;2;0;0;8;10;0;0;0;0
obj;3;77;0;0;0;18;0;0;0;1;2;0;0;17;11;0;0;0;0
obj;3;77;0;1;1;2;0;0;0;2;3;1;0;6;4;0;0;0;0
obj;3;77;0;2;2;17;0;0;0;3;0;0;0;6;11;0;0;0;0
obj;3;78;0;0;0;15;0;0;0;2;2;1;1;5;9;65536;0;0;0
obj;3;78;0;1;1;3;42;0;0;3;1;3;3;16;7;65536;0;0;0
obj;3;78;0;2;2;5;8;0;0;1;1;1;0;10;7;65536;0;0;0
obj;3;78;0;3;3;1;41;0;0;4;0;3;3;13;10;65536;0;0;0
obj;3;79;0;0;0;18;0;0;0;1;2;0;0;18;8;0;0;0;0
obj;3;80;0;0;0;24;16;0;0;2;2;0;0;10;7;0;0;0;0
obj;3;80;0;1;1;24;17;0;0;2;3;0;0;4;7;0;0;0;0
obj;3;80;0;2;2;29;0;0;546;5;1;0;0;6;4;0;0;0;0
coord;3;80;0;0;3;5;8;4;1;0;0;16386
coord;3;80;0;1;4;5;6;4;1;0;1;16386
obj;3;81;0;0;0;18;17;0;0;2;3;0;1;6;6;0;0;0;0
obj;3;81;0;1;1;25;15;0;0;1;1;0;0;3;4;0;0;0;0
obj;3;81;0;2;2;17;7;0;0;3;0;0;0;8;4;0;0;0;0
obj;3;82;0;0;0;166;15;0;578;1;1;0;0;4;5;0;0;0;0
obj;3;83;0;0;0;17;17;0;0;1;3;0;0;4;5;0;0;0;0
obj;3;83;0;1;1;18;16;0;0;2;2;0;0;7;5;0;0;0;0
obj;3;83;0;2;2;9;16;0;0;3;0;0;0;8;7;0;0;0;0
bg;3;84;0;0;4;0;5;2;0;4
bg;3;84;0;1;5;1;1;5;0;4
obj;3;84;0;0;0;4;6;0;0;2;2;0;0;8;7;0;0;0;0
obj;3;84;0;1;1;29;9;0;0;3;1;1;0;3;5;0;0;0;0
obj;3;84;0;2;2;17;15;0;0;1;1;1;0;6;5;0;0;0;0
obj;3;84;0;3;3;5;6;0;0;6;2;0;0;9;6;0;0;0;0
bg;3;86;0;0;8016;2;470;681;0;4
obj;3;86;0;0;0;54;0;0;0;11;1;0;0;487;714;458752;0;0;0
obj;3;86;0;1;1;15;3;0;0;5;1;1;2;477;723;458752;0;0;0
obj;3;86;0;2;2;12;17;0;0;12;3;0;0;499;710;458752;0;0;0
obj;3;86;0;3;3;81;17;0;0;14;3;2;0;500;710;458752;0;0;0
obj;3;86;0;4;4;9;3;0;0;6;1;1;2;491;694;458752;0;0;0
obj;3;86;0;5;5;16;3;0;0;13;1;2;0;491;704;458752;0;0;0
obj;3;86;0;6;6;44;3;0;0;15;1;2;0;470;705;458752;0;0;0
obj;3;86;0;7;7;7;2;0;0;7;1;2;1;476;704;458752;0;0;0
obj;3;86;0;8;8;7;3;0;0;8;1;2;0;463;714;458752;0;0;0
obj;3;86;0;9;9;20;0;0;0;9;1;2;0;458;694;458752;0;0;0
obj;3;86;0;10;10;204;0;0;0;10;1;2;0;458;695;458752;0;0;0
obj;3;86;0;11;11;94;0;0;0;26;0;0;0;461;724;0;16;0;0
obj;3;86;0;12;12;94;0;0;0;27;0;0;0;498;725;0;10;0;0
obj;3;86;0;13;13;93;0;0;0;28;0;0;0;461;687;0;0;0;0
obj;3;86;0;14;14;93;0;0;0;24;0;0;0;476;693;0;0;0;0
obj;3;86;0;15;15;93;0;0;0;29;0;0;0;498;687;0;0;0;0
obj;3;86;0;16;16;93;0;0;0;25;0;0;0;486;710;0;0;0;0
obj;3;86;0;17;17;95;0;0;0;23;0;0;0;495;697;0;0;0;0
obj;3;86;0;18;18;91;0;0;0;22;0;0;0;481;723;0;12;0;0
obj;3;86;0;19;19;15;16;0;518;2;2;2;0;505;726;458752;0;0;0
obj;3;86;0;20;20;20;16;0;518;3;2;2;0;505;727;458752;0;0;0
obj;3;86;0;21;21;20;15;0;544;4;1;2;0;501;725;458752;0;0;0
obj;3;86;0;22;22;192;0;0;0;0;0;0;0;472;687;0;0;0;0
obj;3;86;0;23;23;192;0;0;0;0;0;0;0;473;687;0;0;0;0
obj;3;86;0;24;24;192;0;0;0;0;0;0;0;485;687;0;0;0;0
obj;3;86;0;25;25;192;0;0;0;0;0;0;0;486;687;0;0;0;0
obj;3;86;0;26;26;12;3;0;0;20;3;1;0;463;701;0;0;0;0
obj;3;86;0;27;27;51;2;0;0;19;0;0;2;472;689;0;0;0;0
obj;3;86;0;28;28;81;16;0;0;18;2;2;0;473;715;458752;0;0;0
obj;3;86;0;29;29;9;16;0;0;17;2;2;0;474;715;458752;0;0;0
obj;3;86;0;30;30;93;0;0;0;30;0;0;0;470;711;0;0;0;0
obj;3;86;0;31;31;206;16;0;573;0;2;2;0;470;725;458752;0;0;0
obj;3;86;0;32;32;35;16;0;572;0;2;2;0;470;725;458752;0;0;0
obj;3;86;0;33;33;168;15;0;397;31;1;0;0;499;698;0;0;0;0
obj;3;86;0;34;34;44;14;0;0;16;0;2;0;483;708;458752;0;0;0
obj;3;86;0;35;35;51;0;0;0;32;1;0;0;502;699;0;0;0;0
coord;3;86;0;0;21;461;725;1;5;0;0;16630
obj;3;87;0;0;0;25;0;0;0;1;1;0;0;3;5;0;0;0;0
obj;3;87;0;1;1;20;0;0;0;3;3;1;1;5;8;0;0;0;0
obj;3;87;0;2;2;13;5;0;0;4;0;1;0;8;3;0;0;0;0
obj;3;87;0;3;3;24;0;0;0;2;1;0;0;2;5;0;0;0;0
obj;3;87;0;4;4;193;0;0;522;10201;1;0;0;4;7;0;0;0;0
bg;3;88;0;0;2;0;2;6;0;0
bg;3;88;0;1;2;0;6;6;0;0
obj;3;88;0;0;0;168;15;0;0;1;1;0;0;5;6;0;0;0;0
obj;3;89;0;0;0;4;3;1;0;3356;2;1;1;12;7;0;2;0;0
obj;3;89;0;1;1;6;3;1;0;3324;3;1;1;4;7;0;2;0;0
obj;3;90;0;0;0;8;3;1;0;3342;3;2;2;4;15;0;2;0;0
obj;3;90;0;1;1;11;3;1;0;3279;3;3;0;18;7;0;2;0;0
obj;3;90;0;2;2;3;3;1;0;3339;2;3;3;21;17;0;2;0;0
obj;3;90;0;3;3;14;3;1;0;3283;1;0;3;11;9;0;2;0;0
obj;3;91;0;0;0;130;15;0;0;1;1;0;0;4;10;0;0;0;0
obj;3;91;0;1;1;192;0;0;668;0;0;0;0;8;10;0;0;0;0
obj;3;91;0;2;2;192;0;0;668;0;0;0;0;8;9;0;0;0;0
obj;3;92;0;0;0;52;15;1;0;3265;1;0;0;7;6;0;4;0;0
bg;3;93;0;0;4;0;9;7;0;0
bg;3;93;0;1;3;0;9;18;0;0
coord;3;93;0;0;2;9;13;1;1;0;0;16384
obj;3;94;0;0;0;53;15;1;0;3329;1;0;0;7;6;0;4;0;0
bg;3;95;0;0;4;0;9;7;0;0
bg;3;95;0;1;3;0;9;18;0;0
coord;3;95;0;0;2;9;13;1;1;0;0;16384
obj;3;96;0;0;0;3;15;1;0;3339;1;0;0;7;6;0;4;0;0
obj;3;97;0;0;0;8;15;1;0;3342;1;0;0;7;6;0;4;0;0
obj;3;98;0;0;0;11;15;1;0;3279;1;0;0;7;6;0;4;0;0
obj;3;99;0;0;0;14;15;1;0;3283;1;0;0;7;6;0;4;0;0
obj;3;100;0;0;0;130;15;0;0;1;1;0;0;9;5;0;0;0;0
obj;3;101;0;0;0;26;0;0;0;1;1;0;0;8;4;0;0;0;0
obj;3;101;0;1;1;4;4;0;0;2;1;0;1;10;8;0;0;0;0
obj;3;101;0;2;2;37;5;0;0;3;3;0;0;5;9;0;0;0;0
obj;3;101;0;3;3;10;17;0;0;4;3;0;0;2;7;0;0;0;0
obj;3;101;0;4;4;111;0;0;387;10401;1;0;0;6;6;0;0;0;0
obj;3;101;0;5;5;112;0;0;388;10402;1;0;0;5;6;0;0;0;0
obj;3;102;0;0;0;27;0;0;0;9003;1;0;0;7;4;0;0;0;0
obj;3;102;0;1;1;27;0;0;0;9001;1;0;0;12;4;0;0;0;0
obj;3;102;0;2;2;27;0;0;0;9011;1;0;0;3;4;0;0;0;0
obj;3;103;0;0;0;82;3;0;0;1;1;0;2;12;9;0;0;0;0
obj;3;103;0;1;1;63;4;0;0;2;3;0;0;4;10;0;0;0;0
obj;3;103;0;2;2;205;0;0;0;4;2;0;0;20;7;0;0;0;0
obj;3;103;0;3;3;2;0;0;0;3;3;0;0;19;7;0;0;0;0
obj;3;104;0;0;0;14;0;0;0;1;2;0;0;11;8;0;0;0;0
obj;3;104;0;1;1;72;0;0;0;2;1;0;0;10;7;0;0;0;0
bg;3;105;0;0;1;0;1;5;0;0
obj;3;106;0;0;0;36;0;0;0;1;1;0;0;6;7;0;0;0;0
obj;3;106;0;1;1;13;0;0;0;2;1;0;0;2;4;0;0;0;0
obj;3;106;0;2;2;74;3;0;0;3;1;0;1;9;5;0;0;0;0
obj;3;106;0;3;3;206;3;0;0;4;1;1;1;7;13;0;0;0;0
obj;3;106;0;4;4;72;2;0;0;5;1;1;1;3;11;0;0;0;0
obj;3;106;0;5;5;22;0;0;528;10153;3;0;0;4;17;0;0;0;0
obj;3;107;0;0;0;163;0;0;0;1;1;0;0;6;3;0;0;0;0
obj;3;107;0;1;1;13;0;0;0;2;0;0;0;6;8;0;0;0;0
obj;3;107;0;2;2;71;2;0;0;3;1;0;0;6;7;0;0;0;0
obj;3;107;0;3;3;22;0;0;537;10162;2;0;0;7;12;0;0;0;0
obj;3;108;0;0;0;163;0;0;0;1;1;0;0;6;3;0;0;0;0
obj;3;108;0;1;1;51;3;0;0;2;1;1;3;6;7;0;0;0;0
obj;3;108;0;2;2;22;0;0;537;10162;2;0;0;7;12;0;0;0;0
obj;3;109;0;0;0;9;3;0;0;1;1;2;0;7;9;0;0;0;0
obj;3;109;0;1;1;83;9;0;0;2;1;1;0;5;6;0;0;0;0
obj;3;109;0;2;2;72;15;0;0;3;1;0;0;4;6;0;0;0;0
obj;3;110;0;0;0;7;2;0;0;1;1;0;0;9;4;0;0;0;0
obj;3;110;0;1;1;148;16;0;519;0;2;0;0;8;7;0;0;0;0
coord;3;110;0;0;2;5;5;1;5;0;1;16507
obj;3;111;0;0;0;19;3;0;0;3;0;0;1;4;4;0;0;0;0
obj;3;111;0;1;1;42;4;0;0;4;0;0;1;6;7;0;0;0;0
obj;3;111;0;2;2;22;16;0;382;1;2;1;2;5;12;0;0;0;0
obj;3;111;0;3;3;23;17;0;382;2;3;1;2;4;12;0;0;0;0
obj;3;112;0;0;0;16;0;0;0;1;2;0;0;6;10;0;0;0;0
obj;3;112;0;1;1;81;0;0;0;2;3;0;0;4;10;0;0;0;0
obj;3;112;0;2;2;71;3;0;0;9;3;1;0;4;11;0;0;0;0
obj;3;112;0;3;3;7;5;0;0;3;1;2;0;5;8;0;0;0;0
obj;3;112;0;4;4;1;4;0;0;4;2;1;1;12;9;0;0;0;0
obj;3;112;0;5;5;2;5;0;0;5;1;0;1;2;10;0;0;0;0
obj;3;112;0;6;6;6;5;0;0;7;2;1;2;15;10;0;0;0;0
obj;3;112;0;7;7;3;0;0;0;6;3;1;0;2;3;0;0;0;0
obj;3;113;0;0;0;17;0;0;0;3;3;0;0;8;8;0;0;0;0
obj;3;113;0;1;1;18;3;0;0;4;0;0;0;12;4;0;0;0;0
obj;3;113;0;2;2;164;0;0;0;1;2;3;0;11;8;0;0;0;0
obj;3;113;0;3;3;165;0;0;0;2;0;1;1;3;5;0;0;0;0
bg;3;114;0;0;1;0;1;5;0;0
obj;3;115;0;0;0;7;8;0;0;1;2;0;0;5;5;0;0;0;0
obj;3;116;0;0;0;35;3;0;0;1;1;2;1;6;5;0;0;0;0
obj;3;116;0;1;1;165;0;0;0;3;1;0;0;11;8;0;0;0;0
obj;3;116;0;2;2;164;0;0;0;2;0;0;0;11;9;0;0;0;0
obj;3;116;0;3;3;16;15;0;0;9400;1;1;1;5;10;0;0;0;0
obj;3;116;0;4;4;22;0;0;535;10160;2;0;0;10;13;0;0;0;0
obj;3;116;0;5;5;8;0;0;0;4;3;0;0;3;8;0;0;0;0
bg;3;117;0;0;9812;0;9;5;0;0
bg;3;117;0;1;2;0;2;11;0;0
bg;3;117;0;2;3;0;4;11;0;0
bg;3;117;0;3;4;0;6;11;0;0
bg;3;117;0;4;5;0;8;11;0;0
bg;3;117;0;5;6;0;10;11;0;0
obj;3;117;0;0;0;26;15;0;0;9806;1;0;0;16;4;0;0;0;0
obj;3;117;0;1;1;26;15;0;0;9807;1;0;0;5;4;0;0;0;0
obj;3;117;0;2;2;26;15;0;0;9808;1;0;0;27;4;0;0;0;0
obj;3;117;0;3;3;14;0;0;0;7;2;1;1;28;9;0;0;0;0
obj;3;117;0;4;4;43;13;0;0;8;1;0;0;25;10;0;0;0;0
obj;3;117;0;5;5;140;17;0;520;0;3;0;0;16;10;0;0;0;0
obj;3;117;0;6;6;35;16;0;521;0;2;0;0;17;10;0;0;0;0
obj;3;117;0;7;7;22;0;0;531;10156;2;0;0;18;13;0;0;0;0
obj;3;117;0;8;8;8;5;0;0;9;2;2;0;4;13;0;0;0;0
obj;3;117;0;9;9;62;0;0;0;10;0;0;2;16;6;0;0;0;0
obj;3;117;0;10;10;130;8;0;400;11;2;0;0;22;9;0;0;0;0
obj;3;118;0;0;0;36;15;0;0;0;1;0;0;29;5;0;0;0;0
obj;3;118;0;1;1;101;15;0;513;0;1;0;0;26;4;0;0;0;0
obj;3;118;0;2;2;102;15;0;514;0;1;0;0;28;4;0;0;0;0
obj;3;118;0;3;3;103;15;0;515;0;1;0;0;30;4;0;0;0;0
obj;3;118;0;4;4;104;15;0;516;0;1;0;0;32;4;0;0;0;0
obj;3;118;0;5;5;105;15;0;517;0;1;0;0;30;5;0;0;0;0
obj;3;118;0;6;6;10;7;0;0;0;0;0;0;29;13;0;0;0;0
obj;3;118;0;7;7;2;6;0;0;0;0;0;0;29;14;0;0;0;0
obj;3;118;0;8;8;4;14;0;0;0;0;0;0;28;13;0;0;0;0
obj;3;118;0;9;9;18;14;0;0;0;0;0;0;31;13;0;0;0;0
obj;3;118;0;10;10;9;12;0;0;0;0;0;0;27;13;0;0;0;0
obj;3;118;0;11;11;19;12;0;0;0;0;0;0;32;13;0;0;0;0
obj;3;118;0;12;12;13;12;0;0;0;0;0;0;35;11;0;0;0;0
obj;3;118;0;13;13;12;14;0;0;0;0;0;0;33;13;0;0;0;0
obj;3;118;0;14;14;1;12;0;0;0;0;0;0;25;13;0;0;0;0
obj;3;118;0;15;15;15;7;0;0;0;0;0;0;34;13;0;0;0;0
obj;3;118;0;16;16;7;12;0;0;0;0;0;0;23;11;0;0;0;0
obj;3;118;0;17;17;11;6;0;0;0;0;0;0;35;12;0;0;0;0
obj;3;118;0;18;18;8;12;0;0;0;0;0;0;26;13;0;0;0;0
obj;3;118;0;19;19;3;14;0;0;0;0;0;0;23;12;0;0;0;0
obj;3;118;0;20;20;6;6;0;0;0;0;0;0;30;13;0;0;0;0
obj;3;118;0;21;21;11;14;0;0;0;0;0;0;24;14;0;0;0;0
obj;3;118;0;22;22;4;14;0;0;0;0;0;0;34;14;0;0;0;0
obj;3;118;0;23;23;7;6;0;0;0;0;0;0;30;14;0;0;0;0
obj;3;118;0;24;24;8;14;0;0;0;0;0;0;36;11;0;0;0;0
obj;3;118;0;25;25;12;12;0;0;0;0;0;0;26;14;0;0;0;0
obj;3;118;0;26;26;1;7;0;0;0;0;0;0;28;14;0;0;0;0
obj;3;118;0;27;27;13;7;0;0;0;0;0;0;22;11;0;0;0;0
obj;3;118;0;28;28;5;14;0;0;0;0;0;0;24;13;0;0;0;0
obj;3;118;0;29;29;13;12;0;0;0;0;0;0;32;14;0;0;0;0
obj;3;118;0;30;30;6;6;0;0;0;0;0;0;35;13;0;0;0;0
obj;3;119;0;0;0;50;0;0;0;1;0;0;0;4;9;0;0;0;0
obj;3;119;0;1;1;164;0;0;0;2;2;0;0;13;9;0;0;0;0
obj;3;119;0;2;2;1;4;0;0;3;2;0;1;2;14;0;0;0;0
obj;3;119;0;3;3;165;0;0;0;4;0;0;0;5;12;0;0;0;0
obj;3;119;0;4;4;14;0;0;0;5;0;0;0;6;15;0;0;0;0
obj;3;119;0;5;5;16;0;0;0;6;0;0;0;11;18;0;0;0;0
obj;3;119;0;6;6;63;0;0;0;9;0;0;0;8;8;0;0;0;0
obj;3;119;0;7;7;70;0;0;0;8;3;0;0;2;19;0;0;0;0
obj;3;119;0;8;8;17;0;0;0;7;2;0;0;15;10;0;0;0;0
bg;3;120;0;0;8027;2;583;857;0;4
obj;3;120;0;0;0;182;0;0;0;2027;0;0;0;592;819;0;0;0;0
obj;3;120;0;1;1;182;0;0;0;2027;0;0;0;592;816;0;0;0;0
obj;3;120;0;2;2;182;0;0;0;2027;0;0;0;603;824;0;0;0;0
obj;3;120;0;3;3;182;0;0;0;2027;0;0;0;603;822;0;0;0;0
obj;3;120;0;4;4;91;0;0;0;13;0;0;0;604;828;0;13;0;0
obj;3;120;0;5;5;95;0;0;0;14;0;0;0;593;827;0;0;0;0
obj;3;120;0;6;6;93;0;0;0;15;0;0;0;613;810;0;0;0;0
obj;3;120;0;7;7;87;0;0;1088;7074;0;0;0;625;829;0;0;0;0
obj;3;120;0;8;8;93;0;0;0;16;0;0;0;609;841;0;0;0;0
obj;3;120;0;9;9;53;2;0;0;4;3;2;2;607;818;0;0;0;0
obj;3;120;0;10;10;51;3;0;0;6;2;2;0;599;828;0;0;0;0
obj;3;120;0;11;11;72;0;0;0;8;1;0;0;597;840;0;0;0;0
obj;3;120;0;12;12;11;3;0;0;7;1;1;0;596;840;0;0;0;0
obj;3;120;0;13;13;100;47;0;0;2800;0;0;0;608;828;0;58;0;0
obj;3;120;0;14;14;100;47;0;0;2800;0;0;0;611;828;0;59;0;0
obj;3;120;0;15;15;100;47;0;0;2800;0;0;0;609;828;0;60;0;0
obj;3;120;0;16;16;100;47;0;0;2800;0;0;0;610;828;0;61;0;0
obj;3;120;0;17;17;19;0;0;0;2;2;0;0;613;836;0;0;0;0
obj;3;120;0;18;18;29;3;0;0;3;1;1;1;595;847;0;0;0;0
obj;3;120;0;19;19;13;3;0;0;5;3;0;3;623;814;0;0;0;0
obj;3;120;0;20;9;94;0;0;371;65535;0;0;0;570;845;0;1;0;0
obj;3;120;0;21;21;124;14;0;524;9;0;2;2;614;810;0;0;0;0
obj;3;120;0;22;39;19;2;0;371;65535;1;0;0;570;852;0;0;0;0
obj;3;120;0;23;23;55;3;0;0;10;3;2;2;614;818;0;0;0;0
obj;3;120;0;24;24;19;3;0;0;11;3;2;0;607;833;0;0;0;0
obj;3;120;0;25;25;11;3;0;0;12;3;2;0;609;844;0;0;0;0
obj;3;120;0;26;26;148;17;0;425;17;3;2;0;589;828;0;0;0;0
obj;3;120;0;27;27;128;15;0;507;20;1;2;0;589;827;0;0;0;0
obj;3;120;0;28;28;229;14;0;669;0;0;2;2;611;821;0;0;0;0
coord;3;120;0;0;22;610;810;1;1;0;5;16508
coord;3;120;0;1;18;589;828;1;1;0;1;16508
coord;3;120;0;2;21;610;810;1;1;0;4;16508
coord;3;120;0;3;23;608;814;1;1;0;0;16583
bg;3;121;0;0;5;0;1;6;0;0
obj;3;121;0;0;0;25;0;0;0;1;1;0;0;3;5;0;0;0;0
obj;3;121;0;1;1;5;3;0;0;3;1;1;1;5;9;0;0;0;0
obj;3;121;0;2;2;8;0;0;0;4;0;1;1;8;7;0;0;0;0
obj;3;121;0;3;3;24;0;0;0;2;1;0;0;2;5;0;0;0;0
obj;3;121;0;4;4;193;0;0;522;10201;1;0;0;4;7;0;0;0;0
bg;3;122;0;0;7;0;11;38;0;0
bg;3;122;0;1;7;0;15;38;0;0
obj;3;122;0;0;0;128;15;0;527;5;1;0;0;13;4;0;0;0;0
obj;3;122;0;1;1;168;15;0;0;6;1;0;0;15;40;0;0;0;0
obj;3;122;0;2;2;49;15;1;0;3496;1;0;0;11;33;0;2;0;0
obj;3;122;0;3;3;56;15;1;0;3338;1;0;0;7;22;0;2;0;0
obj;3;122;0;4;4;48;16;1;0;3497;2;0;0;21;33;0;2;0;0
obj;3;122;0;5;5;56;16;1;0;3482;2;0;0;5;8;0;2;0;0
obj;3;122;0;6;6;54;16;1;0;3292;2;0;0;19;18;0;0;0;0
obj;3;122;0;7;7;54;15;1;0;3400;1;0;0;9;11;0;0;0;0
coord;3;122;0;0;2;3;6;1;1;0;0;16385
coord;3;122;0;1;3;19;24;1;1;0;0;16386
coord;3;122;0;2;2;9;24;1;1;0;0;16385
coord;3;122;0;3;3;17;9;1;1;0;0;16386
coord;3;122;0;4;3;10;30;1;1;0;0;16386
coord;3;122;0;5;3;19;13;1;1;0;0;16386
coord;3;122;0;6;4;9;14;1;1;0;0;16387
coord;3;122;0;7;4;23;31;1;1;0;0;16387
coord;3;122;0;8;4;19;22;1;1;0;0;16387
coord;3;122;0;9;4;3;34;1;1;0;0;16387
obj;3;123;0;0;0;26;0;0;0;1;1;0;0;8;4;0;0;0;0
obj;3;123;0;1;1;51;3;0;0;2;1;1;1;4;7;0;0;0;0
obj;3;123;0;2;2;8;3;0;0;3;1;1;1;11;8;0;0;0;0
obj;3;123;0;3;3;111;0;0;387;10401;1;0;0;6;6;0;0;0;0
obj;3;123;0;4;4;112;0;0;388;10402;1;0;0;5;6;0;0;0;0
obj;3;124;0;0;0;27;0;0;0;9003;1;0;0;7;4;0;0;0;0
obj;3;124;0;1;1;27;0;0;0;9001;1;0;0;12;4;0;0;0;0
obj;3;124;0;2;2;27;0;0;0;9011;1;0;0;3;4;0;0;0;0
obj;3;124;0;3;3;44;3;0;0;1;2;2;0;10;9;0;0;0;0
obj;3;125;0;0;0;25;0;0;0;5;1;0;0;2;7;0;0;0;0
obj;3;125;0;1;1;24;0;0;0;1;3;0;0;2;6;0;0;0;0
obj;3;125;0;2;2;42;0;0;0;6;3;0;0;1;9;0;0;0;0
coord;3;125;0;0;2;4;6;3;1;0;0;16599
bg;3;126;0;0;1;0;2;3;0;0
bg;3;126;0;1;1;0;6;3;0;0
bg;3;126;0;2;1;0;10;3;0;0
obj;3;126;0;0;0;14;3;0;0;2;2;1;0;5;10;0;0;0;0
obj;3;126;0;1;1;5;13;0;0;3;1;0;0;4;5;0;0;0;0
obj;3;126;0;2;2;15;6;0;0;4;0;0;0;3;9;0;0;0;0
obj;3;126;0;3;3;53;9;0;0;5;1;0;0;7;5;0;0;0;0
obj;3;127;0;0;0;12;9;0;0;1;3;0;0;5;5;0;0;0;0
obj;3;127;0;1;1;2;3;0;0;2;3;1;1;7;6;0;0;0;0
obj;3;128;0;0;0;164;0;0;0;1;2;2;0;7;6;0;0;0;0
obj;3;128;0;1;1;5;9;0;0;2;1;0;0;5;5;0;0;0;0
obj;3;129;0;0;0;19;0;0;0;1;1;3;0;8;4;0;0;0;0
obj;3;129;0;1;1;4;0;0;0;2;1;0;0;2;4;0;0;0;0
obj;3;130;0;0;0;29;0;0;0;1;1;0;0;5;6;0;0;0;0
obj;3;130;0;1;1;74;0;0;0;2;1;0;0;4;4;0;0;0;0
obj;3;130;0;2;2;194;2;0;0;3;2;0;0;8;5;0;0;0;0
obj;3;131;0;0;0;11;16;0;0;1;2;0;0;5;5;0;0;0;0
obj;3;131;0;1;1;7;4;0;0;2;1;0;1;8;6;0;0;0;0
obj;3;131;0;2;2;204;5;0;0;3;3;1;0;3;3;0;0;0;0
bg;3;132;0;0;8041;2;688;592;0;4
bg;3;132;0;1;8040;2;698;599;0;4
bg;3;132;0;2;25;0;729;616;0;4
bg;3;132;0;3;26;0;730;629;0;4
bg;3;132;0;4;27;0;732;628;0;4
bg;3;132;0;5;28;0;731;622;0;4
bg;3;132;0;6;8259;2;732;630;0;4
obj;3;132;0;0;0;10;3;0;0;2;1;0;3;722;614;458752;0;0;0
obj;3;132;0;1;1;15;3;0;0;4;1;0;2;706;614;458752;0;0;0
obj;3;132;0;2;2;7;3;0;0;5;1;2;0;701;618;458752;0;0;0
obj;3;132;0;3;3;63;3;0;0;8;1;2;0;699;606;458752;0;0;0
obj;3;132;0;4;4;7;3;0;0;9;1;2;0;710;605;458752;0;0;0
obj;3;132;0;5;5;31;3;0;0;6;1;2;0;709;612;458752;0;0;0
obj;3;132;0;6;6;101;17;0;424;16;3;2;0;682;614;458752;0;0;0
obj;3;132;0;7;7;124;16;0;447;11;2;2;0;697;595;458752;0;0;0
obj;3;132;0;8;8;91;0;0;0;17;0;0;0;697;612;0;14;0;0
obj;3;132;0;9;9;93;0;0;0;19;0;0;0;696;594;0;14;0;0
obj;3;132;0;10;10;93;0;0;0;20;0;0;0;719;593;0;14;0;0
obj;3;132;0;11;11;93;0;0;0;21;0;0;0;704;603;0;14;0;0
obj;3;132;0;12;12;95;0;0;0;18;0;0;0;688;611;0;14;0;0
obj;3;132;0;13;13;93;0;0;0;22;0;0;0;709;623;0;14;0;0
obj;3;132;0;14;14;93;0;0;0;23;0;0;0;714;623;0;14;0;0
obj;3;132;0;15;15;93;0;0;0;24;0;0;0;715;635;0;14;0;0
obj;3;132;0;16;16;182;0;0;0;2027;0;0;0;710;635;0;0;0;0
obj;3;132;0;17;17;182;0;0;0;2027;0;0;0;712;637;0;0;0;0
obj;3;132;0;18;18;87;0;0;1123;7109;0;0;0;690;613;0;0;0;0
obj;3;132;0;19;19;87;0;0;1124;7110;0;0;0;710;584;0;0;0;0
obj;3;132;0;20;20;124;16;0;447;12;2;2;0;697;597;458752;0;0;0
obj;3;132;0;21;21;10;3;0;0;3;3;1;0;711;625;0;0;0;0
obj;3;132;0;22;22;31;3;0;0;7;2;1;1;687;624;0;0;0;0
obj;3;132;0;23;23;124;17;0;547;13;3;2;0;721;593;458752;0;0;0
obj;3;132;0;24;24;124;16;0;447;14;2;1;2;720;632;458752;0;0;0
obj;3;132;0;25;25;128;15;0;401;0;1;2;0;684;611;458752;0;0;0
obj;3;132;0;26;26;213;17;0;650;30;3;2;0;692;603;458752;0;0;0
obj;3;132;0;27;27;87;0;0;1286;7271;0;0;0;693;584;0;0;0;0
obj;3;132;0;28;28;7;3;0;0;32;1;2;0;705;632;458752;0;0;0
obj;3;132;0;29;29;10;0;0;0;31;1;0;0;695;613;0;0;0;0
coord;3;132;0;0;10;697;596;1;1;0;0;16509
coord;3;132;0;1;15;681;616;4;1;0;0;16629
bg;3;133;0;0;4;0;10;29;0;0
bg;3;133;0;1;4;0;14;29;0;0
bg;3;133;0;2;7;0;12;2;0;0
bg;3;133;0;3;5;0;10;2;0;0
bg;3;133;0;4;6;0;14;2;0;0
obj;3;133;0;0;0;129;15;0;664;2;1;0;0;12;4;0;0;0;0
obj;3;133;0;1;1;168;15;0;0;3;1;0;0;13;29;0;0;0;0
obj;3;133;0;2;2;51;7;1;0;3308;3;0;0;15;23;0;3;0;0
obj;3;133;0;3;3;51;2;1;0;3309;2;0;0;16;14;0;2;0;0
obj;3;133;0;4;4;51;8;1;0;3311;1;0;0;2;9;0;2;0;0
obj;3;133;0;5;5;51;15;1;0;3310;2;0;0;11;13;0;4;0;0
obj;3;134;0;0;0;26;0;0;0;1;1;0;0;8;4;0;0;0;0
obj;3;134;0;1;1;37;3;0;0;2;1;1;1;3;6;0;0;0;0
obj;3;134;0;2;2;3;8;0;0;3;1;1;1;10;8;0;0;0;0
obj;3;134;0;3;3;111;0;0;387;10401;1;0;0;6;6;0;0;0;0
obj;3;134;0;4;4;112;0;0;388;10402;1;0;0;5;6;0;0;0;0
obj;3;135;0;0;0;27;0;0;0;9003;1;0;0;7;4;0;0;0;0
obj;3;135;0;1;1;27;0;0;0;9001;1;0;0;12;4;0;0;0;0
obj;3;135;0;2;2;27;0;0;0;9011;1;0;0;3;4;0;0;0;0
bg;3;136;0;0;1;0;12;6;0;1
bg;3;136;0;1;2;0;13;7;0;2
bg;3;136;0;2;3;0;7;7;0;1
bg;3;136;0;3;4;0;7;8;0;1
bg;3;136;0;4;5;0;13;9;0;2
bg;3;136;0;5;6;0;8;6;0;2
bg;3;136;0;6;7;0;8;7;0;2
bg;3;136;0;7;8;0;8;8;0;2
bg;3;136;0;8;9;0;8;9;0;2
bg;3;136;0;9;10;0;13;6;0;2
bg;3;136;0;10;11;0;12;8;0;1
bg;3;136;0;11;12;0;12;9;0;1
bg;3;136;0;12;21;0;10;2;0;0
obj;3;136;0;0;0;163;0;0;0;13;1;0;0;2;4;0;0;0;0
obj;3;136;0;1;1;13;3;0;0;14;2;1;0;10;11;0;0;0;0
obj;3;136;0;2;2;15;11;0;0;15;3;0;0;4;8;0;0;0;0
obj;3;136;0;3;3;19;0;0;0;16;3;1;0;6;6;0;0;0;0
obj;3;136;0;4;4;10;0;0;0;19;3;0;0;11;7;0;0;0;0
obj;3;136;0;5;5;40;8;0;0;17;2;1;0;7;3;0;0;0;0
obj;3;136;0;6;6;13;0;0;0;18;3;1;0;6;9;0;0;0;0
obj;3;136;0;7;7;15;0;0;0;20;2;0;0;14;8;0;0;0;0
obj;3;136;0;8;8;213;16;0;419;22;2;1;0;9;8;0;0;0;0
bg;3;137;0;0;6;0;10;9;0;0
bg;3;137;0;1;7;0;13;2;0;0
obj;3;137;0;0;0;163;0;0;0;1;2;0;0;16;8;0;0;0;0
obj;3;137;0;1;1;82;3;0;0;2;1;1;0;17;11;0;0;0;0
obj;3;137;0;2;2;63;3;0;0;3;3;1;0;2;9;0;0;0;0
obj;3;137;0;3;3;37;3;0;0;8;0;1;0;4;11;0;0;0;0
obj;3;137;0;4;4;25;0;0;0;4;3;0;0;3;5;0;0;0;0
obj;3;137;0;5;5;24;0;0;0;5;1;0;0;2;5;0;0;0;0
bg;3;138;0;0;8;0;13;2;0;0
obj;3;138;0;0;0;63;3;0;0;2;3;0;3;15;11;0;0;0;0
obj;3;138;0;1;1;5;3;0;0;3;3;0;1;5;11;0;0;0;0
obj;3;138;0;2;2;24;0;0;0;5;1;0;1;2;8;0;0;0;0
obj;3;138;0;3;3;163;0;0;0;1;2;0;1;18;6;0;0;0;0
obj;3;138;0;4;4;25;0;0;0;6;3;0;1;2;4;0;0;0;0
obj;3;138;0;5;5;25;0;0;0;7;3;0;1;2;6;0;0;0;0
obj;3;138;0;6;6;5;3;0;0;4;3;0;1;6;10;0;0;0;0
bg;3;139;0;0;7;0;13;2;0;0
obj;3;139;0;0;0;163;0;0;0;1;2;0;0;18;6;0;0;0;0
obj;3;139;0;1;1;2;0;0;0;2;1;0;0;9;10;0;0;0;0
obj;3;139;0;2;2;10;3;0;0;3;1;2;0;7;4;0;0;0;0
obj;3;139;0;3;3;25;0;0;0;5;1;0;0;3;4;0;0;0;0
obj;3;139;0;4;4;24;0;0;0;6;0;0;0;3;11;0;0;0;0
obj;3;139;0;5;5;12;0;0;0;4;1;0;0;18;10;0;0;0;0
bg;3;140;0;0;7;0;13;2;0;0
obj;3;140;0;0;0;1;3;0;0;2;2;0;2;15;10;0;0;0;0
obj;3;140;0;1;1;16;0;0;0;3;0;1;0;16;11;0;0;0;0
obj;3;140;0;2;2;163;0;0;0;1;2;0;0;18;5;0;0;0;0
obj;3;140;0;3;3;25;0;0;0;5;3;0;0;3;5;0;0;0;0
obj;3;140;0;4;4;24;0;0;0;6;1;0;0;2;8;0;0;0;0
obj;3;140;0;5;5;3;0;0;0;4;1;0;0;6;11;0;0;0;0
bg;3;141;0;0;6;0;5;3;0;0
bg;3;141;0;1;6;0;6;3;0;0
bg;3;141;0;2;5;0;13;2;0;0
obj;3;141;0;0;0;5;0;0;0;1;1;0;0;3;6;0;0;0;0
obj;3;141;0;1;1;83;3;0;0;2;0;1;2;14;8;0;0;0;0
obj;3;141;0;2;2;19;0;0;0;3;3;2;0;10;11;0;0;0;0
obj;3;141;0;3;3;19;0;0;0;4;3;2;0;9;11;0;0;0;0
obj;3;142;0;0;0;163;0;0;0;1;3;0;0;1;6;0;0;0;0
obj;3;143;0;0;0;87;0;0;1125;7111;0;0;0;7;4;0;0;0;0
obj;3;143;0;1;1;87;0;0;1250;7236;0;0;0;13;8;0;0;0;0
obj;3;143;0;2;2;202;0;0;552;1;0;0;0;8;7;0;0;0;0
obj;3;143;0;3;3;202;0;0;552;1;0;0;0;9;7;0;0;0;0
obj;3;143;0;4;4;213;15;0;525;3;1;0;0;12;8;0;0;0;0
coord;3;143;0;0;5;8;8;2;1;0;3;16671
obj;3;144;0;0;0;163;0;0;0;1;1;0;0;4;4;0;0;0;0
obj;3;144;0;1;1;10;7;0;0;2;0;0;0;2;7;0;0;0;0
obj;3;144;0;2;2;164;3;0;0;3;1;1;0;7;7;0;0;0;0
obj;3;145;0;0;0;43;0;0;0;1;1;0;0;6;6;0;0;0;0
obj;3;145;0;1;1;51;3;0;0;2;3;1;0;3;4;0;0;0;0
obj;3;146;0;0;0;14;0;0;0;1;1;0;0;4;3;0;0;0;0
obj;3;146;0;1;1;165;9;0;0;2;1;0;0;6;6;0;0;0;0
obj;3;146;0;2;2;206;9;0;0;3;1;0;0;3;5;0;0;0;0
obj;3;147;0;0;0;15;0;0;0;1;2;0;0;5;5;0;0;0;0
obj;3;147;0;1;1;16;0;0;0;2;1;0;0;4;4;0;0;0;0
obj;3;148;0;0;0;13;0;0;0;1;1;1;1;5;5;0;0;0;0
obj;3;148;0;1;1;4;0;0;0;2;1;1;0;3;3;0;0;0;0
obj;3;148;0;2;2;204;0;0;0;3;1;1;1;7;6;0;0;0;0
obj;3;149;0;0;0;50;3;0;0;1;3;1;1;7;8;0;0;0;0
bg;3;150;0;0;8111;2;855;759;0;4
bg;3;150;0;1;8110;2;889;792;0;4
obj;3;150;0;0;0;56;3;0;0;4;0;0;0;883;770;458752;0;0;0
obj;3;150;0;1;1;16;3;0;0;6;1;0;2;856;782;458752;0;0;0
obj;3;150;0;2;2;12;3;0;0;7;3;4;0;848;785;458752;0;0;0
obj;3;150;0;3;3;40;5;0;0;5;1;1;0;881;793;458752;0;0;0
obj;3;150;0;4;4;93;0;0;0;13;0;0;0;848;763;0;0;0;0
obj;3;150;0;5;5;91;0;0;0;10;0;0;0;841;788;0;15;0;0
obj;3;150;0;6;6;95;0;0;0;11;0;0;0;847;748;0;0;0;0
obj;3;150;0;7;7;56;3;0;0;3;1;0;5;854;754;458752;0;0;0
obj;3;150;0;8;8;93;0;0;0;12;0;0;0;882;790;0;0;0;0
obj;3;150;0;9;9;167;17;0;0;9;3;0;0;857;741;0;0;0;0
obj;3;150;0;10;10;182;0;0;0;2027;0;0;0;853;751;0;0;0;0
obj;3;150;0;11;11;182;0;0;0;2027;0;0;0;853;745;0;0;0;0
obj;3;150;0;12;12;182;0;0;0;2027;0;0;0;853;755;0;0;0;0
obj;3;150;0;13;13;93;0;0;0;14;0;0;0;885;744;0;0;0;0
obj;3;150;0;14;14;93;0;0;0;16;0;0;0;885;770;0;0;0;0
obj;3;150;0;15;15;93;0;0;0;15;0;0;0;858;759;0;0;0;0
obj;3;150;0;16;16;182;0;0;0;2027;0;0;0;884;794;0;0;0;0
obj;3;150;0;17;17;87;0;0;1191;7177;0;0;0;881;779;0;0;0;0
obj;3;150;0;18;18;136;15;0;569;18;1;4;0;845;748;458752;0;0;0
obj;3;150;0;19;19;182;0;0;0;2027;0;0;0;878;794;0;0;0;0
obj;3;150;0;20;20;148;14;0;597;0;0;0;0;855;747;0;0;0;0
coord;3;150;0;0;8;853;743;5;1;0;2;16510
obj;3;151;0;0;0;26;0;0;0;1;1;0;0;8;4;0;0;0;0
obj;3;151;0;1;1;164;3;0;0;2;1;1;1;6;10;0;0;0;0
obj;3;151;0;2;2;1;5;0;0;3;2;0;0;10;7;0;0;0;0
obj;3;151;0;3;3;82;5;0;0;4;3;1;0;3;6;0;0;0;0
obj;3;151;0;4;4;111;0;0;387;10401;1;0;0;6;6;0;0;0;0
obj;3;151;0;5;5;112;0;0;388;10402;1;0;0;5;6;0;0;0;0
obj;3;152;0;0;0;27;0;0;0;9003;1;0;0;7;4;0;0;0;0
obj;3;152;0;1;1;27;0;0;0;9001;1;0;0;12;4;0;0;0;0
obj;3;152;0;2;2;27;0;0;0;9011;1;0;0;3;4;0;0;0;0
obj;3;153;0;0;0;25;0;0;0;1;1;0;0;3;5;0;0;0;0
obj;3;153;0;1;1;50;4;0;0;3;1;1;0;6;8;0;0;0;0
obj;3;153;0;2;2;56;0;0;0;4;0;1;0;8;7;0;0;0;0
obj;3;153;0;3;3;193;0;0;522;10201;1;0;0;4;7;0;0;0;0
obj;3;153;0;4;4;25;0;0;0;2;1;0;0;2;5;0;0;0;0
bg;3;154;0;0;4;0;6;12;0;0
bg;3;154;0;1;4;0;10;12;0;0
obj;3;154;0;0;0;168;15;0;0;3;2;0;0;11;13;0;0;0;0
obj;3;154;0;1;1;8;17;1;0;3343;3;0;0;6;4;0;4;0;0
coord;3;154;0;0;2;3;8;1;1;0;0;16384
coord;3;154;0;1;2;13;8;1;1;0;0;16384
obj;3;155;0;0;0;3;14;1;0;3340;0;0;0;4;5;0;3;0;0
obj;3;155;0;1;1;10;15;1;0;3300;1;0;0;14;11;0;2;0;0
obj;3;155;0;2;2;71;45;1;0;3330;1;0;0;12;4;0;1;0;0
coord;3;155;0;0;2;6;13;1;1;0;0;16384
coord;3;155;0;1;3;6;8;1;1;0;0;16384
coord;3;155;0;2;3;11;8;1;1;0;0;16384
obj;3;156;0;0;0;133;15;0;0;4;1;0;0;11;3;0;0;0;0
obj;3;156;0;1;1;14;17;1;0;3284;3;0;0;4;23;0;3;0;0
obj;3;156;0;2;2;10;15;1;0;3301;1;0;0;3;3;0;2;0;0
obj;3;156;0;3;3;10;45;1;0;3302;1;0;0;16;23;0;2;0;0
obj;3;156;0;4;4;11;16;1;0;3280;2;0;0;21;10;0;1;0;0
coord;3;156;0;0;2;6;8;1;1;0;0;16384
coord;3;156;0;1;2;16;13;1;1;0;0;16384
coord;3;156;0;2;3;6;18;1;1;0;0;16384
coord;3;156;0;3;3;16;18;1;1;0;0;16384
obj;3;157;0;0;0;12;0;0;0;1;3;0;0;2;9;0;0;0;0
obj;3;157;0;1;1;15;2;0;0;4;3;0;0;5;8;0;0;0;0
obj;3;157;0;2;2;56;0;0;0;2;1;10;0;8;9;0;0;0;0
obj;3;157;0;3;3;168;0;0;0;3;3;0;0;1;5;0;0;0;0
obj;3;157;0;4;4;7;2;0;0;6;1;0;2;6;4;0;0;0;0
obj;3;158;0;0;0;13;0;0;0;1;1;0;0;3;5;0;0;0;0
obj;3;159;0;0;0;7;3;0;0;1;1;0;1;6;6;0;0;0;0
obj;3;159;0;1;1;43;0;0;0;2;0;0;0;5;3;0;0;0;0
obj;3;159;0;2;2;168;0;0;0;6;1;0;0;2;5;0;0;0;0
obj;3;159;0;3;3;12;0;0;0;7;1;1;0;2;7;0;0;0;0
obj;3;159;0;4;4;4;0;0;0;3;2;0;0;9;5;0;0;0;0
obj;3;159;0;5;5;4;0;0;0;4;2;0;0;9;6;0;0;0;0
obj;3;159;0;6;6;4;0;0;0;5;2;0;0;8;7;0;0;0;0
obj;3;160;0;0;0;164;0;0;0;1;2;0;0;3;5;0;0;0;0
obj;3;160;0;1;1;165;7;0;0;2;3;0;0;1;5;0;0;0;0
obj;3;161;0;0;0;164;0;0;0;0;3;0;0;1;5;0;0;0;0
obj;3;161;0;1;1;5;0;0;0;0;2;1;0;6;4;0;0;0;0
obj;3;162;0;0;0;56;3;0;0;0;2;1;0;6;7;0;0;0;0
obj;3;162;0;1;1;6;0;0;0;0;1;0;0;5;5;0;0;0;0
obj;3;163;0;0;0;29;3;0;0;1;0;1;1;5;5;0;0;0;0
bg;3;164;0;0;3;0;6;3;0;0
obj;3;164;0;0;0;56;0;0;0;1;0;0;0;9;3;0;0;0;0
obj;3;164;0;1;1;4;0;0;0;2;0;1;0;8;3;0;0;0;0
obj;3;164;0;2;2;133;14;0;641;4;0;1;0;6;4;0;0;0;0
bg;3;165;0;0;8178;2;381;220;0;4
obj;3;165;0;0;0;69;3;0;0;5;1;2;0;365;243;458752;0;0;0
obj;3;165;0;1;1;91;0;0;0;10;0;0;0;360;240;0;16;0;0
obj;3;165;0;2;2;95;0;0;0;11;0;0;0;363;222;0;0;0;0
obj;3;165;0;3;3;64;3;0;0;8;3;1;1;361;216;458752;0;0;0
obj;3;165;0;4;4;65;3;0;0;6;1;1;1;376;211;458752;0;0;0
obj;3;165;0;5;5;56;4;0;0;9;0;0;1;373;228;458752;0;0;0
obj;3;165;0;6;6;69;15;0;0;2;1;2;0;367;198;458752;0;0;0
obj;3;165;0;7;7;131;14;0;499;4;0;0;0;366;208;458752;0;0;0
obj;3;165;0;8;8;56;0;0;634;12;0;2;0;356;247;458752;0;0;0
obj;3;165;0;9;9;65;11;0;0;7;1;0;0;355;221;458752;0;0;0
obj;3;165;0;10;10;138;15;0;598;0;1;0;0;366;241;458752;0;0;0
obj;3;165;0;11;11;87;0;0;1325;7310;0;0;0;372;245;0;0;0;0
coord;3;165;0;0;3;366;198;1;1;0;0;16511
obj;3;166;0;0;0;25;0;0;0;1;1;0;0;3;5;0;0;0;0
obj;3;166;0;1;1;4;3;0;0;3;1;1;1;5;9;0;0;0;0
obj;3;166;0;2;2;65;2;0;0;4;1;1;1;9;8;0;0;0;0
obj;3;166;0;3;3;193;0;0;522;10201;1;0;0;4;7;0;0;0;0
obj;3;166;0;4;4;24;0;0;0;2;1;0;0;2;5;0;0;0;0
bg;3;167;0;0;4;0;9;27;0;0
bg;3;167;0;1;4;0;13;27;0;0
obj;3;167;0;0;0;131;15;0;0;2;1;0;0;11;3;0;0;0;0
obj;3;167;0;1;1;168;15;0;0;3;1;0;0;12;27;0;0;0;0
obj;3;167;0;2;2;68;9;1;0;3826;1;0;0;17;3;0;1;0;0
obj;3;167;0;3;3;69;10;1;0;3269;2;0;0;21;9;0;1;0;0
obj;3;167;0;4;4;69;17;1;0;3270;3;0;0;3;6;0;1;0;0
obj;3;167;0;5;5;68;15;1;0;3268;1;0;0;18;15;0;1;0;0
obj;3;167;0;6;6;69;14;1;0;3827;0;0;0;5;16;0;1;0;0
obj;3;167;0;7;7;68;15;1;0;3267;1;0;0;2;13;0;1;0;0
obj;3;167;0;8;8;118;0;0;0;2037;0;0;0;12;18;0;0;0;0
obj;3;167;0;9;9;118;0;0;0;2037;0;0;0;10;21;0;0;0;0
obj;3;167;0;10;10;118;0;0;0;2037;0;0;0;17;19;0;0;0;0
obj;3;167;0;11;11;118;0;0;0;2037;0;0;0;11;16;0;0;0;0
obj;3;167;0;12;12;118;0;0;0;2037;0;0;0;11;14;0;0;0;0
obj;3;167;0;13;13;118;0;0;0;2037;0;0;0;11;11;0;0;0;0
obj;3;167;0;14;14;118;0;0;0;2037;0;0;0;11;8;0;0;0;0
obj;3;167;0;15;15;118;0;0;0;2037;0;0;0;13;8;0;0;0;0
obj;3;167;0;16;16;118;0;0;0;2037;0;0;0;10;8;0;0;0;0
obj;3;167;0;17;17;118;0;0;0;2037;0;0;0;12;8;0;0;0;0
obj;3;167;0;18;18;118;0;0;0;2037;0;0;0;9;4;0;0;0;0
obj;3;167;0;19;19;118;0;0;0;2037;0;0;0;13;4;0;0;0;0
obj;3;167;0;20;20;118;0;0;0;2037;0;0;0;10;15;0;0;0;0
obj;3;167;0;21;21;118;0;0;0;2037;0;0;0;17;17;0;0;0;0
obj;3;167;0;22;22;118;0;0;0;2037;0;0;0;17;18;0;0;0;0
obj;3;167;0;23;23;118;0;0;0;2037;0;0;0;17;20;0;0;0;0
obj;3;167;0;24;24;118;0;0;0;2037;0;0;0;12;21;0;0;0;0
obj;3;167;0;25;25;118;0;0;0;2037;0;0;0;9;8;0;0;0;0
obj;3;167;0;26;26;118;0;0;0;2037;0;0;0;20;23;0;0;0;0
obj;3;168;0;0;0;26;0;0;0;1;1;0;0;8;4;0;0;0;0
obj;3;168;0;1;1;6;3;0;0;2;1;1;1;3;6;0;0;0;0
obj;3;168;0;2;2;7;5;0;0;3;2;1;0;12;11;0;0;0;0
obj;3;168;0;3;3;74;0;0;0;4;1;1;1;10;8;0;0;0;0
obj;3;168;0;4;4;129;14;0;564;5;0;1;1;7;6;0;0;0;0
obj;3;168;0;5;5;111;0;0;387;10401;1;0;0;6;6;0;0;0;0
obj;3;168;0;6;6;112;0;0;388;10402;1;0;0;5;6;0;0;0;0
obj;3;169;0;0;0;27;0;0;0;9003;1;0;0;7;4;0;0;0;0
obj;3;169;0;1;1;27;0;0;0;9001;1;0;0;12;4;0;0;0;0
obj;3;169;0;2;2;27;0;0;0;9011;1;0;0;3;4;0;0;0;0
obj;3;170;0;0;0;11;8;0;0;1;2;1;0;7;6;0;0;0;0
obj;3;170;0;1;1;13;8;0;0;2;1;0;0;5;5;0;0;0;0
bg;3;171;0;0;2053;0;4;2;0;0
obj;3;171;0;0;0;17;9;0;0;1;1;0;0;5;5;0;0;0;0
obj;3;171;0;1;1;20;0;0;0;2;1;0;0;2;4;0;0;0;0
bg;3;172;0;0;8120;2;842;580;0;4
bg;3;172;0;1;3;0;842;577;0;0
bg;3;172;0;2;3;0;843;577;0;0
bg;3;172;0;3;3;0;851;577;0;0
bg;3;172;0;4;3;0;852;577;0;0
bg;3;172;0;5;3;0;837;561;0;0
bg;3;172;0;6;3;0;838;561;0;0
bg;3;172;0;7;3;0;856;561;0;0
bg;3;172;0;8;3;0;857;561;0;0
obj;3;172;0;0;0;93;0;0;0;2;0;0;0;848;598;0;0;0;0
obj;3;172;0;1;1;94;0;0;0;1;0;0;0;849;580;0;3;0;0
obj;3;173;0;0;0;26;0;0;0;1;1;0;0;8;4;0;0;0;0
obj;3;173;0;1;1;15;8;0;0;5;0;0;0;3;6;0;0;0;0
obj;3;173;0;2;2;14;8;0;0;6;0;0;0;9;8;0;0;0;0
obj;3;174;0;0;0;27;0;0;0;9003;1;0;0;7;4;0;0;0;0
obj;3;174;0;1;1;27;0;0;0;9001;1;0;0;12;4;0;0;0;0
obj;3;174;0;2;2;27;0;0;0;9011;1;0;0;3;4;0;0;0;0
obj;3;175;0;0;0;11;15;0;0;1;1;0;0;11;3;0;0;0;0
obj;3;175;0;1;1;25;0;0;0;2;1;0;0;16;1;0;0;0;0
obj;3;175;0;2;2;24;0;0;0;3;1;0;0;17;1;0;0;0;0
obj;3;175;0;3;3;26;0;0;0;8;1;0;0;4;1;0;0;0;0
obj;3;175;0;4;4;14;11;0;0;6;3;0;0;6;9;0;0;0;0
obj;3;175;0;5;5;148;14;0;541;0;0;0;0;11;11;0;0;0;0
obj;3;175;0;6;6;10;0;0;0;7;0;0;0;17;8;0;0;0;0
coord;3;175;0;0;4;10;4;3;1;0;0;16623
coord;3;176;0;0;3;4;11;1;1;0;0;16384
obj;3;177;0;0;0;134;15;0;0;1;1;0;0;8;5;0;0;0;0
obj;3;177;0;1;1;209;0;0;642;2037;0;0;0;8;12;0;0;0;0
obj;3;177;0;2;2;209;0;0;646;2037;0;0;0;8;2;0;0;0;0
coord;3;178;0;0;3;4;11;1;1;0;0;16384
obj;3;179;0;0;0;135;15;0;0;1;1;0;0;8;5;0;0;0;0
obj;3;179;0;1;1;209;0;0;643;2037;0;0;0;8;12;0;0;0;0
obj;3;179;0;2;2;209;0;0;647;2037;0;0;0;8;2;0;0;0;0
coord;3;180;0;0;3;4;11;1;1;0;0;16384
obj;3;181;0;0;0;136;15;0;0;1;1;0;0;8;5;0;0;0;0
obj;3;181;0;1;1;209;0;0;648;2037;0;0;0;8;2;0;0;0;0
obj;3;181;0;2;2;209;0;0;644;2037;0;0;0;8;12;0;0;0;0
coord;3;182;0;0;3;4;11;1;1;0;0;16384
obj;3;183;0;0;0;137;15;0;0;1;1;0;0;8;5;0;0;0;0
obj;3;183;0;1;1;209;0;0;649;2037;0;0;0;8;2;0;0;0;0
obj;3;183;0;2;2;209;0;0;645;2037;0;0;0;8;12;0;0;0;0
coord;3;184;0;0;3;4;19;1;1;0;0;16384
obj;3;185;0;0;0;138;15;0;0;2;1;0;0;8;11;0;0;0;0
obj;3;186;0;0;0;138;14;0;570;0;0;0;0;5;22;0;0;0;0
obj;3;186;0;1;1;99;14;0;571;0;0;0;0;4;22;0;0;0;0
obj;3;187;0;0;0;138;16;0;0;0;2;0;0;9;6;0;0;0;0
obj;3;187;0;1;1;99;17;0;0;0;3;0;0;7;6;0;0;0;0
obj;3;188;0;0;0;91;0;0;0;9;0;0;0;633;433;0;18;0;0
obj;3;188;0;1;1;94;0;0;0;11;0;0;0;631;430;0;3;0;0
obj;3;188;0;2;2;94;0;0;0;10;0;0;0;652;426;0;3;0;0
obj;3;188;0;3;3;182;0;0;0;2027;0;0;0;648;438;0;0;0;0
obj;3;188;0;4;4;182;0;0;0;2027;0;0;0;648;437;0;0;0;0
obj;3;188;0;5;5;56;3;0;0;7;3;1;0;634;442;0;0;0;0
obj;3;188;0;6;6;54;8;0;0;8;1;0;0;628;423;0;0;0;0
obj;3;188;0;7;7;148;17;0;467;14;3;0;0;628;434;0;0;0;0
obj;3;188;0;8;8;144;16;0;468;25;2;0;0;657;426;0;0;0;0
obj;3;188;0;9;9;100;47;0;0;2800;0;0;0;639;429;0;90;0;0
obj;3;188;0;10;10;100;47;0;0;2800;0;0;0;640;429;0;91;0;0
obj;3;188;0;11;11;100;47;0;0;2800;0;0;0;641;429;0;92;0;0
obj;3;188;0;12;12;100;47;0;0;2800;0;0;0;642;429;0;93;0;0
obj;3;188;0;13;13;9;3;0;0;4;3;1;1;652;440;0;0;0;0
obj;3;188;0;14;14;11;3;0;0;2;3;1;2;658;428;0;0;0;0
obj;3;188;0;15;15;14;3;0;0;3;1;0;3;657;433;0;0;0;0
obj;3;188;0;16;16;2;3;0;0;5;3;1;2;650;431;0;0;0;0
obj;3;188;0;17;17;7;3;0;0;6;3;1;0;642;432;0;0;0;0
obj;3;188;0;18;18;56;0;0;0;12;3;1;0;619;435;0;0;0;0
obj;3;188;0;19;19;51;3;0;0;13;2;1;1;648;434;0;0;0;0
obj;3;188;0;20;20;192;0;0;0;0;0;0;0;617;434;0;0;0;0
obj;3;188;0;21;21;192;0;0;0;0;0;0;0;617;435;0;0;0;0
obj;3;188;0;22;22;11;0;0;660;16;1;0;0;629;429;0;0;0;0
obj;3;188;0;23;23;51;0;0;660;17;1;0;0;630;429;0;0;0;0
obj;3;188;0;24;24;133;15;0;482;19;1;0;0;655;424;0;0;0;0
obj;3;188;0;25;25;136;15;0;482;18;1;0;0;654;424;0;0;0;0
obj;3;188;0;26;26;169;15;0;483;0;1;0;0;655;423;0;0;0;0
obj;3;188;0;27;27;51;17;0;482;22;3;0;0;652;429;0;0;0;0
obj;3;188;0;28;28;14;17;0;482;21;3;0;0;651;428;0;0;0;0
obj;3;188;0;29;29;11;17;0;482;20;3;0;0;651;427;0;0;0;0
obj;3;188;0;30;30;7;16;0;482;23;2;0;0;657;428;0;0;0;0
obj;3;188;0;31;31;56;16;0;482;24;2;0;0;657;427;0;0;0;0
obj;3;189;0;0;0;26;0;0;0;1;1;0;0;8;4;0;0;0;0
obj;3;189;0;1;1;10;3;0;0;2;1;1;1;10;8;0;0;0;0
obj;3;189;0;2;2;60;2;0;0;3;3;0;0;6;9;0;0;0;0
obj;3;189;0;3;3;51;0;0;0;4;1;0;0;4;5;0;0;0;0
obj;3;189;0;4;4;111;0;0;387;10401;1;0;0;6;6;0;0;0;0
obj;3;189;0;5;5;112;0;0;388;10402;1;0;0;5;6;0;0;0;0
obj;3;190;0;0;0;27;0;0;0;9003;1;0;0;7;4;0;0;0;0
obj;3;190;0;1;1;27;0;0;0;9001;1;0;0;12;4;0;0;0;0
obj;3;190;0;2;2;27;0;0;0;9011;1;0;0;3;4;0;0;0;0
obj;3;191;0;0;0;43;3;0;0;4;2;1;0;7;8;0;0;0;0
obj;3;191;0;1;1;37;0;0;0;3;3;0;0;2;9;0;0;0;0
obj;3;191;0;2;2;25;0;0;0;1;1;1;1;3;5;0;0;0;0
obj;3;191;0;3;3;193;0;0;522;10201;1;0;0;4;7;0;0;0;0
obj;3;192;0;0;0;175;0;0;0;3;3;0;0;2;7;0;0;0;0
obj;3;192;0;1;1;175;0;0;0;2;3;0;0;2;8;0;0;0;0
obj;3;192;0;2;2;175;0;0;0;5;3;0;0;2;4;0;0;0;0
obj;3;192;0;3;3;175;0;0;0;5;2;0;0;8;4;0;0;0;0
obj;3;192;0;4;4;19;6;0;0;6;0;1;0;6;6;0;0;0;0
obj;3;192;0;5;5;175;0;0;0;4;2;0;0;8;8;0;0;0;0
obj;3;193;0;0;0;11;3;0;0;1;1;0;1;4;10;0;0;0;0
obj;3;193;0;1;1;62;6;0;0;2;2;0;1;6;5;0;0;0;0
obj;3;194;0;0;0;15;0;0;0;1;3;0;0;5;5;0;0;0;0
obj;3;194;0;1;1;3;0;0;0;2;2;1;1;8;6;0;0;0;0
obj;3;194;0;2;2;4;0;0;0;3;0;0;0;3;7;0;0;0;0
obj;3;195;0;0;0;164;0;0;0;1;2;0;0;6;5;0;0;0;0
obj;3;195;0;1;1;78;0;0;0;3;1;0;0;2;6;0;0;0;0
obj;3;195;0;2;2;165;0;0;0;2;3;0;0;2;5;0;0;0;0
obj;3;195;0;3;3;31;0;0;0;4;1;0;0;8;6;0;0;0;0
obj;3;198;0;0;0;40;0;0;0;2;3;0;0;7;4;0;0;0;0
obj;3;198;0;1;1;87;0;0;1249;7235;0;0;0;19;4;0;0;0;0
obj;3;198;0;2;2;2;2;0;0;3;3;0;0;6;3;0;0;0;0
obj;3;198;0;3;3;20;17;0;712;4;3;0;0;13;4;0;0;0;0
obj;3;199;0;0;0;126;17;0;394;1;3;0;0;18;28;65536;0;0;0
obj;3;199;0;1;1;85;0;0;32;10001;0;0;0;19;28;0;0;0;0
obj;3;199;0;2;2;85;0;0;33;10001;0;0;0;17;28;0;0;0;0
obj;3;199;0;3;3;87;0;0;1021;7007;0;0;0;4;28;0;0;0;0
obj;3;199;0;4;4;87;0;0;1022;7008;0;0;0;26;24;0;0;0;0
obj;3;199;0;5;5;40;14;1;0;3194;0;0;0;8;28;65536;0;0;0
obj;3;199;0;6;6;40;16;1;0;3195;2;0;0;26;20;65536;0;0;0
obj;3;199;0;7;7;40;14;0;0;5;1;0;0;21;15;65536;0;0;0
obj;3;199;0;8;8;208;3;0;0;2;2;1;0;12;28;65536;0;0;0
obj;3;199;0;9;9;208;9;0;0;4;0;0;0;20;15;65536;0;0;0
obj;3;199;0;10;10;208;14;0;0;3;0;0;0;27;15;65536;0;0;0
bg;3;200;0;0;8000;2;236;651;0;4
bg;3;200;0;1;4;0;243;654;0;0
obj;3;200;0;0;0;124;15;0;398;3;1;0;0;243;655;0;3;0;0
obj;3;200;0;1;1;93;0;0;0;5;0;0;0;240;659;0;0;0;0
obj;3;200;0;2;6;94;0;0;347;65535;0;0;0;215;659;0;2;0;0
obj;3;200;0;3;3;87;0;0;1029;7015;0;0;0;242;644;0;0;0;0
obj;3;200;0;4;4;185;0;0;523;6;1;0;0;241;660;0;3;0;0
obj;3;200;0;5;5;87;0;0;1266;7252;0;0;0;246;660;0;0;0;0
obj;3;200;0;6;6;213;14;0;506;0;0;0;0;242;659;0;3;0;0
obj;3;200;0;7;7;87;0;0;1333;7318;0;0;0;232;649;0;0;0;0
bg;3;201;0;0;7;0;19;9;0;1
bg;3;201;0;1;8;0;22;9;0;1
obj;3;201;0;0;0;124;15;0;420;0;1;0;0;12;14;0;0;0;0
obj;3;201;0;1;1;121;16;0;421;4;2;0;0;20;7;0;0;0;0
obj;3;201;0;2;2;29;15;0;0;5;1;0;0;21;3;0;0;0;0
obj;3;201;0;3;3;124;6;1;421;3297;2;0;0;3;8;0;2;0;0
obj;3;201;0;4;4;124;15;1;421;3298;1;0;0;12;3;0;2;0;0
obj;3;201;0;5;5;2;17;0;505;6;3;0;0;10;8;0;0;0;0
obj;3;201;0;6;6;124;15;0;421;3;1;0;0;18;8;0;0;0;0
obj;3;201;0;7;7;214;16;0;421;0;2;0;0;21;5;0;0;0;0
coord;3;201;0;0;4;19;6;1;2;0;1;16591
obj;3;202;0;0;0;100;47;0;0;2800;0;0;0;231;554;0;7;0;0
obj;3;202;0;1;1;100;47;0;0;2800;0;0;0;230;554;0;6;0;0
obj;3;202;0;2;2;100;47;0;0;2800;0;0;0;232;554;0;8;0;0
obj;3;202;0;3;3;100;47;0;0;2800;0;0;0;233;554;0;9;0;0
obj;3;202;0;4;4;86;0;0;32;10000;0;0;0;246;540;0;0;0;0
obj;3;202;0;5;5;86;0;0;33;10000;0;0;0;247;540;0;0;0;0
obj;3;202;0;6;6;86;0;0;34;10000;0;0;0;216;566;0;0;0;0
obj;3;202;0;7;7;86;0;0;34;10000;0;0;0;216;567;0;0;0;0
obj;3;202;0;8;8;87;0;0;1042;7028;0;0;0;243;569;0;0;0;0
obj;3;202;0;9;9;87;0;0;1043;7029;0;0;0;228;571;0;0;0;0
obj;3;202;0;10;10;12;3;0;0;4;2;2;0;232;560;0;0;0;0
bg;3;203;0;0;8001;2;80;9;0;4
obj;3;203;0;0;0;141;15;0;411;9702;1;0;0;28;83;0;0;0;0
obj;3;203;0;1;1;5;3;0;0;6;3;1;1;24;80;0;0;0;0
obj;3;203;0;2;2;5;17;1;0;3200;3;0;0;37;67;0;2;0;0
obj;3;203;0;3;3;5;14;1;0;3201;0;0;0;65;87;0;3;0;0
obj;3;203;0;4;4;70;17;1;0;3394;3;0;0;74;67;0;2;0;0
obj;3;203;0;5;5;70;17;1;0;3205;3;0;0;50;67;0;4;0;0
obj;3;203;0;6;6;6;16;1;0;3203;2;0;0;40;67;0;2;0;0
obj;3;203;0;7;7;5;15;1;0;3202;1;0;0;65;83;0;3;0;0
obj;3;203;0;8;8;87;0;0;1032;7018;0;0;0;15;81;0;0;0;0
obj;3;203;0;9;9;87;0;0;1033;7019;0;0;0;41;59;0;0;0;0
obj;3;203;0;10;10;87;0;0;1034;7020;0;0;0;50;85;0;0;0;0
obj;3;203;0;11;11;87;0;0;1035;7021;0;0;0;66;42;0;0;0;0
obj;3;203;0;12;12;93;0;0;0;8;0;0;0;29;82;0;0;0;0
obj;3;203;0;13;13;96;0;0;0;9;0;0;0;76;72;0;0;0;0
obj;3;203;0;14;14;70;16;1;0;3204;2;0;0;55;67;0;4;0;0
obj;3;203;0;15;15;70;16;1;0;3397;2;0;0;77;67;0;2;0;0
obj;3;203;0;16;16;190;0;0;0;10;0;0;0;17;66;0;0;0;0
obj;3;203;0;17;17;87;0;0;1099;7085;0;0;0;81;12;0;0;0;0
obj;3;203;0;18;18;87;0;0;1263;7249;0;0;0;84;82;0;0;0;0
obj;3;203;0;19;19;86;0;0;32;10000;0;0;0;74;33;0;0;0;0
obj;3;203;0;20;20;86;0;0;33;10000;0;0;0;75;33;0;0;0;0
obj;3;203;0;21;21;86;0;0;34;10000;0;0;0;77;33;0;0;0;0
obj;3;203;0;22;22;86;0;0;35;10000;0;0;0;36;64;0;0;0;0
obj;3;203;0;23;23;86;0;0;36;10000;0;0;0;36;65;0;0;0;0
obj;3;203;0;24;24;127;14;0;508;7;0;0;0;73;33;0;0;0;0
coord;3;203;0;0;1;28;85;2;1;0;0;16561
coord;3;203;0;1;2;28;86;2;1;0;1;16561
coord;3;203;0;2;3;82;34;1;6;0;1;16561
bg;3;204;0;0;8156;2;179;594;0;4
bg;3;204;0;1;8155;2;177;578;0;4
obj;3;204;0;0;0;100;47;0;0;2800;0;0;0;168;594;0;10;0;0
obj;3;204;0;1;1;100;47;0;0;2800;0;0;0;169;594;0;11;0;0
obj;3;204;0;2;2;100;47;0;0;2800;0;0;0;170;594;0;12;0;0
obj;3;204;0;3;3;100;47;0;0;2800;0;0;0;171;594;0;13;0;0
obj;3;204;0;4;4;93;0;0;0;1;0;0;0;172;588;0;0;0;0
bg;3;205;0;0;8047;2;44;15;0;4
bg;3;205;0;1;8046;2;22;3;0;4
obj;3;205;0;0;0;87;0;0;1134;7120;0;0;0;21;21;0;0;0;0
obj;3;205;0;1;1;87;0;0;1136;7122;0;0;0;11;7;0;0;0;0
obj;3;205;0;2;2;87;0;0;1135;7121;0;0;0;46;20;0;0;0;0
obj;3;205;0;3;3;87;0;0;1137;7123;0;0;0;51;6;0;0;0;0
obj;3;205;0;4;4;82;13;0;0;2;3;0;0;25;19;0;0;0;0
obj;3;205;0;5;5;40;9;1;0;3843;1;0;0;3;7;0;4;0;0
obj;3;205;0;6;6;40;45;1;0;3844;1;0;0;26;6;0;4;0;0
obj;3;205;0;7;7;40;17;1;0;3845;3;0;0;35;25;0;3;0;0
obj;3;205;0;8;8;87;0;0;1295;7280;0;0;0;40;18;0;0;0;0
obj;3;205;0;9;9;87;0;0;1296;7281;0;0;0;27;16;0;0;0;0
obj;3;205;0;10;10;87;0;0;1297;7282;0;0;0;44;6;0;0;0;0
obj;3;205;0;11;11;87;0;0;1298;7283;0;0;0;11;18;0;0;0;0
bg;3;207;0;0;8013;2;13;18;0;4
bg;3;207;0;1;8271;2;4;5;0;4
bg;3;207;0;2;8272;2;7;26;0;4
obj;3;207;0;0;0;85;0;0;32;10001;0;0;0;16;23;0;0;0;0
obj;3;207;0;1;1;85;0;0;33;10001;0;0;0;20;23;0;0;0;0
obj;3;207;0;2;2;85;0;0;34;10001;0;0;0;24;23;0;0;0;0
obj;3;207;0;3;3;85;0;0;35;10001;0;0;0;25;22;0;0;0;0
obj;3;207;0;4;4;87;0;0;1060;7046;0;0;0;13;9;0;0;0;0
obj;3;207;0;5;5;87;0;0;1061;7047;0;0;0;28;28;0;0;0;0
obj;3;207;0;6;6;120;15;0;427;0;1;0;0;15;17;0;0;0;0
coord;3;207;0;0;1;14;23;1;1;0;0;16534
bg;3;208;0;0;8082;2;25;11;0;4
bg;3;208;0;1;8081;2;16;35;0;4
obj;3;208;0;0;0;87;0;0;1184;7170;0;0;0;3;31;0;0;0;0
obj;3;208;0;1;1;87;0;0;1186;7172;0;0;0;23;37;0;0;0;0
obj;3;208;0;2;2;87;0;0;1185;7171;0;0;0;3;55;0;0;0;0
obj;3;208;0;3;3;87;0;0;1187;7173;0;0;0;13;60;0;0;0;0
obj;3;208;0;4;4;203;0;0;565;1;0;0;0;7;23;0;0;0;0
obj;3;208;0;5;5;213;16;0;671;3;2;0;0;10;26;0;0;0;0
obj;3;208;0;6;6;250;0;0;386;4;0;0;0;6;24;0;0;0;0
obj;3;208;0;7;7;251;0;0;386;4;0;0;0;8;24;0;0;0;0
obj;3;208;0;8;8;84;0;0;33;10002;0;0;0;14;45;0;0;0;0
coord;3;208;0;0;2;11;24;1;3;0;1;16553
bg;3;209;0;0;8083;2;3;15;0;4
obj;3;209;0;0;0;125;2;1;655;3522;1;0;0;15;15;0;2;0;0
obj;3;209;0;1;1;124;20;4;655;3514;3;1;0;2;20;0;2;0;0
bg;3;210;0;0;8084;2;41;44;0;4
bg;3;210;0;1;8092;2;44;47;0;4
bg;3;210;0;2;8085;2;33;9;0;4
bg;3;210;0;3;8086;2;19;12;0;4
bg;3;210;0;4;8088;2;43;17;0;4
bg;3;210;0;5;8262;2;32;14;0;4
bg;3;210;0;6;8270;2;10;20;0;4
obj;3;210;0;0;0;85;0;0;32;10001;0;0;0;42;44;0;0;0;0
obj;3;210;0;1;1;85;0;0;33;10001;0;0;0;43;42;0;0;0;0
obj;3;210;0;2;2;85;0;0;34;10001;0;0;0;45;43;0;0;0;0
obj;3;210;0;3;3;85;0;0;35;10001;0;0;0;45;39;0;0;0;0
obj;3;210;0;4;4;85;0;0;36;10001;0;0;0;42;37;0;0;0;0
obj;3;210;0;5;5;85;0;0;37;10001;0;0;0;39;20;0;0;0;0
obj;3;210;0;6;6;84;0;0;38;10002;0;0;0;35;17;0;0;0;0
bg;3;211;0;0;8084;2;41;7;0;4
bg;3;211;0;1;8092;2;44;10;0;4
bg;3;211;0;2;8089;2;13;29;0;4
bg;3;211;0;3;8090;2;31;33;0;4
bg;3;211;0;4;8260;2;15;22;0;4
bg;3;211;0;5;8269;2;34;13;0;4
obj;3;211;0;0;0;85;0;0;32;10001;0;0;0;13;31;0;0;0;0
obj;3;211;0;1;1;85;0;0;33;10001;0;0;0;42;7;0;0;0;0
obj;3;211;0;2;2;85;0;0;34;10001;0;0;0;43;5;0;0;0;0
obj;3;211;0;3;3;85;0;0;35;10001;0;0;0;45;6;0;0;0;0
obj;3;211;0;4;4;85;0;0;36;10001;0;0;0;45;2;0;0;0;0
obj;3;211;0;5;5;85;0;0;37;10001;0;0;0;42;0;0;0;0;0
obj;3;211;0;6;6;85;0;0;38;10001;0;0;0;47;0;0;0;0;0
obj;3;211;0;7;7;84;0;0;39;10002;0;0;0;25;29;0;0;0;0
bg;3;212;0;0;8093;2;5;6;0;4
bg;3;212;0;1;8094;2;19;3;0;4
bg;3;212;0;2;8095;2;29;12;0;4
bg;3;212;0;3;8098;2;26;18;0;4
bg;3;212;0;4;8097;2;29;24;0;4
bg;3;212;0;5;8096;2;38;14;0;4
bg;3;212;0;6;8099;2;59;3;0;4
bg;3;212;0;7;8261;2;37;9;0;4
obj;3;212;0;0;0;85;0;0;32;10001;0;0;0;6;6;0;0;0;0
obj;3;212;0;1;1;85;0;0;33;10001;0;0;0;8;8;0;0;0;0
obj;3;212;0;2;2;85;0;0;34;10001;0;0;0;5;9;0;0;0;0
obj;3;212;0;3;3;85;0;0;35;10001;0;0;0;26;19;0;0;0;0
obj;3;212;0;4;4;85;0;0;36;10001;0;0;0;29;23;0;0;0;0
obj;3;212;0;5;5;85;0;0;37;10001;0;0;0;30;24;0;0;0;0
obj;3;212;0;6;6;124;7;1;655;3516;0;0;0;23;5;0;2;5;0
obj;3;212;0;7;7;124;16;4;655;3515;2;0;0;10;7;0;4;0;0
obj;3;212;0;8;8;87;0;0;1051;7037;0;0;0;57;2;0;0;0;0
obj;3;212;0;9;9;87;0;0;1053;7039;0;0;0;61;2;0;0;0;0
bg;3;213;0;0;8100;2;11;8;0;4
bg;3;214;0;0;8102;2;27;16;0;4
bg;3;214;0;1;8101;2;27;23;0;4
obj;3;214;0;0;0;125;16;1;655;3524;2;0;0;26;16;0;5;0;0
obj;3;214;0;1;1;124;15;1;655;3519;1;0;0;20;22;0;3;0;0
obj;3;215;0;0;0;125;16;1;655;3525;2;0;0;10;15;0;6;0;0
bg;3;216;0;0;8105;2;6;23;0;4
bg;3;216;0;1;8103;2;18;30;0;4
bg;3;216;0;2;8104;2;16;35;0;4
bg;3;216;0;3;8107;2;16;19;0;4
bg;3;216;0;4;8106;2;24;38;0;4
bg;3;216;0;5;8108;2;20;58;0;4
obj;3;216;0;0;0;85;0;0;32;10001;0;0;0;6;7;0;0;0;0
obj;3;216;0;1;1;85;0;0;33;10001;0;0;0;7;23;0;0;0;0
obj;3;216;0;2;2;85;0;0;34;10001;0;0;0;25;6;0;0;0;0
obj;3;216;0;3;3;85;0;0;35;10001;0;0;0;18;29;0;0;0;0
obj;3;216;0;4;4;85;0;0;36;10001;0;0;0;17;30;0;0;0;0
obj;3;216;0;5;5;85;0;0;37;10001;0;0;0;13;34;0;0;0;0
obj;3;216;0;6;6;85;0;0;38;10001;0;0;0;15;35;0;0;0;0
obj;3;216;0;7;7;85;0;0;39;10001;0;0;0;14;38;0;0;0;0
obj;3;216;0;8;8;85;0;0;40;10001;0;0;0;15;41;0;0;0;0
obj;3;216;0;9;9;85;0;0;41;10001;0;0;0;14;43;0;0;0;0
obj;3;216;0;10;10;85;0;0;42;10001;0;0;0;26;54;0;0;0;0
obj;3;216;0;11;11;85;0;0;43;10001;0;0;0;25;55;0;0;0;0
obj;3;216;0;12;12;85;0;0;44;10001;0;0;0;6;57;0;0;0;0
obj;3;216;0;13;13;124;17;1;655;3517;3;0;0;20;7;0;4;0;0
obj;3;216;0;14;14;124;15;1;655;3518;1;0;0;3;48;0;4;0;0
obj;3;216;0;15;15;125;20;4;655;3523;1;0;10;25;31;0;1;2;0
obj;3;216;0;16;16;124;0;0;655;1;1;0;0;16;14;0;0;0;0
bg;3;217;0;0;8061;2;14;17;0;4
bg;3;218;0;0;8065;2;14;9;0;4
bg;3;218;0;1;8066;2;23;35;0;4
bg;3;218;0;2;8064;2;15;38;0;4
bg;3;218;0;3;8062;2;4;41;0;4
bg;3;218;0;4;8063;2;12;59;0;4
obj;3;218;0;0;0;85;0;0;32;10001;0;0;0;24;9;0;0;0;0
obj;3;218;0;1;1;85;0;0;33;10001;0;0;0;22;26;0;0;0;0
obj;3;218;0;2;2;85;0;0;34;10001;0;0;0;25;26;0;0;0;0
obj;3;218;0;3;3;85;0;0;35;10001;0;0;0;26;27;0;0;0;0
obj;3;218;0;4;4;85;0;0;36;10001;0;0;0;21;41;0;0;0;0
obj;3;218;0;5;5;85;0;0;37;10001;0;0;0;10;36;0;0;0;0
obj;3;218;0;6;6;85;0;0;38;10001;0;0;0;12;52;0;0;0;0
obj;3;218;0;7;7;84;0;0;39;10002;0;0;0;29;30;0;0;0;0
obj;3;218;0;8;8;84;0;0;40;10002;0;0;0;15;34;0;0;0;0
obj;3;218;0;9;9;84;0;0;41;10002;0;0;0;18;39;0;0;0;0
obj;3;218;0;10;10;84;0;0;42;10002;0;0;0;18;43;0;0;0;0
obj;3;218;0;11;11;87;0;0;1164;7150;0;0;0;14;26;0;0;0;0
obj;3;218;0;12;12;87;0;0;1162;7148;0;0;0;2;31;0;0;0;0
obj;3;218;0;13;13;87;0;0;1163;7149;0;0;0;28;43;0;0;0;0
obj;3;218;0;14;14;87;0;0;1188;7174;0;0;0;12;60;0;0;0;0
obj;3;218;0;15;15;125;9;0;661;1;1;0;0;19;41;0;0;0;0
obj;3;218;0;16;16;124;16;0;666;2;2;0;0;14;10;0;0;0;0
obj;3;218;0;17;17;124;16;0;666;2;2;0;0;14;11;0;0;0;0
obj;3;218;0;18;18;87;0;0;1276;7261;0;0;0;12;37;0;0;0;0
bg;3;219;0;0;8070;2;12;11;0;4
bg;3;219;0;1;8069;2;6;3;0;4
bg;3;219;0;2;8068;2;7;27;0;4
bg;3;219;0;3;8067;2;2;61;0;4
obj;3;219;0;0;0;85;0;0;32;10001;0;0;0;2;4;0;0;0;0
obj;3;219;0;1;1;85;0;0;33;10001;0;0;0;4;15;0;0;0;0
obj;3;219;0;2;2;85;0;0;34;10001;0;0;0;13;17;0;0;0;0
obj;3;219;0;3;3;85;0;0;35;10001;0;0;0;25;13;0;0;0;0
obj;3;219;0;4;4;85;0;0;36;10001;0;0;0;28;14;0;0;0;0
obj;3;219;0;5;5;85;0;0;37;10001;0;0;0;29;15;0;0;0;0
obj;3;219;0;6;6;85;0;0;38;10001;0;0;0;6;23;0;0;0;0
obj;3;219;0;7;7;85;0;0;39;10001;0;0;0;7;25;0;0;0;0
obj;3;219;0;8;8;85;0;0;40;10001;0;0;0;7;28;0;0;0;0
obj;3;219;0;9;9;85;0;0;41;10001;0;0;0;5;30;0;0;0;0
obj;3;219;0;10;10;85;0;0;42;10001;0;0;0;7;34;0;0;0;0
obj;3;219;0;11;11;85;0;0;43;10001;0;0;0;29;30;0;0;0;0
obj;3;219;0;12;12;85;0;0;45;10001;0;0;0;4;43;0;0;0;0
obj;3;219;0;13;13;85;0;0;46;10001;0;0;0;7;45;0;0;0;0
obj;3;219;0;14;14;85;0;0;47;10001;0;0;0;4;57;0;0;0;0
obj;3;219;0;15;15;85;0;0;48;10001;0;0;0;3;60;0;0;0;0
obj;3;219;0;16;16;84;0;0;49;10002;0;0;0;17;12;0;0;0;0
obj;3;219;0;17;17;84;0;0;50;10002;0;0;0;5;26;0;0;0;0
obj;3;219;0;18;18;87;0;0;1170;7156;0;0;0;17;11;0;0;0;0
obj;3;219;0;19;19;87;0;0;1165;7151;0;0;0;6;18;0;0;0;0
obj;3;219;0;20;20;87;0;0;1166;7152;0;0;0;22;36;0;0;0;0
obj;3;219;0;21;21;87;0;0;1169;7155;0;0;0;26;17;0;0;0;0
obj;3;219;0;22;22;87;0;0;1168;7154;0;0;0;29;32;0;0;0;0
obj;3;219;0;23;23;87;0;0;1167;7153;0;0;0;2;60;0;0;0;0
obj;3;220;0;0;0;125;15;0;456;6;1;0;0;30;48;0;0;0;0
obj;3;220;0;1;1;120;14;0;458;1;0;0;0;31;28;0;0;0;0
obj;3;220;0;2;2;121;15;0;457;8;1;0;0;33;32;0;0;0;0
obj;3;220;0;3;3;124;15;0;456;6;1;0;0;32;48;0;0;0;0
obj;3;220;0;4;4;123;15;0;457;7;1;0;0;29;32;0;0;0;0
obj;3;220;0;5;5;148;0;0;453;1;0;0;0;30;35;0;0;0;0
coord;3;220;0;0;3;31;48;1;1;0;0;16536
coord;3;220;0;1;5;30;32;3;1;0;1;16536
coord;3;220;0;2;2039;31;52;1;1;0;1;16664
bg;3;221;0;0;7;0;29;17;0;4
bg;3;221;0;1;8;0;33;17;0;4
obj;3;221;0;0;0;138;14;0;461;2;0;0;0;31;30;0;0;0;0
obj;3;221;0;1;1;152;15;0;698;0;1;0;0;31;28;0;0;0;0
obj;3;221;0;2;2;123;14;0;455;3;0;0;0;29;33;0;0;0;0
obj;3;221;0;3;3;121;14;0;455;4;0;0;0;33;33;0;0;0;0
obj;3;221;0;4;4;125;14;0;455;6;0;0;0;30;48;0;0;0;0
obj;3;221;0;5;5;124;14;0;455;5;0;0;0;32;48;0;0;0;0
bg;3;225;0;0;1;0;4;1;0;0
bg;3;225;0;1;1;0;5;1;0;0
bg;3;225;0;2;1;0;6;1;0;0
bg;3;226;0;0;2;0;4;1;0;0
bg;3;226;0;1;2;0;5;1;0;0
bg;3;226;0;2;2;0;6;1;0;0
bg;3;228;0;0;8036;2;3;3;0;4
obj;3;229;0;0;0;20;11;0;0;1;3;0;0;4;6;0;0;0;0
obj;3;231;0;0;0;50;2;1;0;3552;1;0;0;5;6;0;1;0;0
bg;3;236;0;0;8037;2;3;3;0;4
bg;3;240;0;0;1;0;4;1;0;0
bg;3;240;0;1;1;0;5;1;0;0
bg;3;240;0;2;1;0;6;1;0;0
obj;3;240;0;0;0;87;0;0;1109;7095;0;0;0;4;9;0;0;0;0
obj;3;240;0;1;1;87;0;0;1110;7096;0;0;0;6;9;0;0;0;0
obj;3;240;0;2;2;87;0;0;1111;7097;0;0;0;4;7;0;0;0;0
obj;3;240;0;3;3;87;0;0;1112;7098;0;0;0;6;7;0;0;0;0
bg;3;244;0;0;8114;2;36;41;0;4
bg;3;244;0;1;8115;2;20;32;0;4
bg;3;244;0;2;8113;2;10;26;0;4
obj;3;244;0;0;0;87;0;0;1197;7183;0;0;0;42;48;0;0;0;0
obj;3;244;0;1;1;87;0;0;1196;7182;0;0;0;28;46;0;0;0;0
obj;3;244;0;2;2;87;0;0;1195;7181;0;0;0;7;61;0;0;0;0
obj;3;244;0;3;3;87;0;0;1199;7185;0;0;0;13;38;0;0;0;0
obj;3;244;0;4;4;87;0;0;1198;7184;0;0;0;44;36;0;0;0;0
obj;3;244;0;5;5;70;7;1;0;3233;0;0;0;7;69;0;2;0;0
obj;3;244;0;6;6;51;15;4;0;3443;1;0;0;30;41;0;1;0;0
obj;3;244;0;7;7;14;16;1;0;3232;2;0;0;31;58;0;3;0;0
obj;3;244;0;8;8;14;15;1;0;3225;1;0;0;10;42;0;2;0;0
obj;3;244;0;9;9;17;17;1;0;3227;3;0;0;27;25;0;2;0;0
obj;3;244;0;10;10;11;16;1;0;3230;2;0;0;40;31;0;3;0;0
obj;3;244;0;11;11;19;0;0;638;2;2;0;0;45;33;0;0;0;0
bg;3;245;0;0;8116;2;45;34;0;4
bg;3;245;0;1;8117;2;11;23;0;4
obj;3;245;0;0;0;87;0;0;1202;7188;0;0;0;16;4;0;0;0;0
obj;3;245;0;1;1;87;0;0;1200;7186;0;0;0;4;5;0;0;0;0
obj;3;245;0;2;2;87;0;0;1201;7187;0;0;0;34;22;0;0;0;0
obj;3;245;0;3;3;87;0;0;1203;7189;0;0;0;43;12;0;0;0;0
obj;3;245;0;4;4;11;15;1;0;3223;1;0;0;5;27;0;4;0;0
obj;3;245;0;5;5;14;16;1;0;3226;2;0;0;15;37;0;4;0;0
obj;3;245;0;6;6;17;15;1;0;3228;1;0;0;23;29;0;4;0;0
obj;3;245;0;7;7;11;16;1;0;3236;2;0;0;57;20;0;2;0;0
obj;3;245;0;8;8;14;16;1;0;5236;2;0;0;57;19;0;2;0;0
obj;3;245;0;9;9;84;0;0;32;10002;0;0;0;18;3;0;0;0;0
obj;3;245;0;10;10;84;0;0;33;10002;0;0;0;18;4;0;0;0;0
obj;3;245;0;11;11;84;0;0;34;10002;0;0;0;18;5;0;0;0;0
obj;3;245;0;12;12;84;0;0;35;10002;0;0;0;9;16;0;0;0;0
obj;3;245;0;13;13;84;0;0;36;10002;0;0;0;14;16;0;0;0;0
obj;3;245;0;14;14;85;0;0;37;10001;0;0;0;9;36;0;0;0;0
obj;3;245;0;15;15;84;0;0;38;10002;0;0;0;16;28;0;0;0;0
obj;3;245;0;16;16;84;0;0;39;10002;0;0;0;17;28;0;0;0;0
obj;3;245;0;17;17;84;0;0;40;10002;0;0;0;16;29;0;0;0;0
obj;3;245;0;18;18;84;0;0;41;10002;0;0;0;6;32;0;0;0;0
obj;3;245;0;19;19;84;0;0;42;10002;0;0;0;5;32;0;0;0;0
obj;3;245;0;20;20;84;0;0;43;10002;0;0;0;22;38;0;0;0;0
obj;3;245;0;21;21;84;0;0;44;10002;0;0;0;23;37;0;0;0;0
obj;3;245;0;22;22;84;0;0;45;10002;0;0;0;24;38;0;0;0;0
obj;3;245;0;23;23;84;0;0;46;10002;0;0;0;41;34;0;0;0;0
obj;3;245;0;24;24;84;0;0;47;10002;0;0;0;41;32;0;0;0;0
obj;3;245;0;25;25;84;0;0;48;10002;0;0;0;42;30;0;0;0;0
obj;3;245;0;26;26;85;0;0;49;10001;0;0;0;15;16;0;0;0;0
obj;3;245;0;27;27;85;0;0;50;10001;0;0;0;16;19;0;0;0;0
obj;3;245;0;28;28;85;0;0;51;10001;0;0;0;17;19;0;0;0;0
obj;3;245;0;29;29;85;0;0;52;10001;0;0;0;5;34;0;0;0;0
obj;3;245;0;30;30;85;0;0;53;10001;0;0;0;41;31;0;0;0;0
obj;3;245;0;31;31;85;0;0;54;10001;0;0;0;9;10;0;0;0;0
bg;3;246;0;0;8118;2;24;35;0;4
bg;3;246;0;1;8119;2;5;24;0;4
obj;3;246;0;0;0;87;0;0;1204;7190;0;0;0;13;18;0;0;0;0
obj;3;246;0;1;1;11;50;1;0;3235;1;0;0;33;43;0;1;0;0
obj;3;246;0;2;2;14;43;1;0;5235;2;6;1;33;44;0;1;0;0
obj;3;246;0;3;3;11;14;1;0;3229;0;0;0;10;6;0;3;0;0
obj;3;246;0;4;4;70;16;1;0;3234;2;0;0;22;29;0;4;0;0
obj;3;246;0;5;5;11;20;1;0;3224;1;0;6;32;14;0;2;0;0
obj;3;246;0;6;6;87;0;0;1327;7312;0;0;0;33;16;0;0;0;0
obj;3;246;0;7;7;87;0;0;1328;7313;0;0;0;35;39;0;0;0;0
bg;3;247;0;0;8123;2;22;10;0;4
bg;3;247;0;1;8122;2;50;15;0;4
bg;3;247;0;2;8121;2;30;20;0;4
bg;3;247;0;3;8129;2;40;41;0;4
bg;3;247;0;4;8128;2;24;46;0;4
obj;3;247;0;0;0;87;0;0;1207;7193;0;0;0;44;9;65536;0;0;0
obj;3;247;0;1;1;87;0;0;1205;7191;0;0;0;14;7;65536;0;0;0
obj;3;247;0;2;2;87;0;0;1206;7192;0;0;0;14;4;65536;0;0;0
obj;3;247;0;3;3;87;0;0;1211;7197;0;0;0;27;60;65536;0;0;0
obj;3;247;0;4;4;11;16;1;0;3388;2;0;0;10;47;65536;3;0;0
obj;3;247;0;5;5;14;17;1;0;3392;3;0;0;6;47;65536;3;0;0
obj;3;247;0;6;6;70;15;1;0;3398;1;0;0;7;13;65536;4;0;0
obj;3;247;0;7;7;70;17;1;0;3395;3;0;0;6;17;65536;1;0;0
obj;3;247;0;8;8;51;14;1;0;3445;0;0;0;16;12;65536;1;0;0
obj;3;247;0;9;9;17;15;1;0;3498;1;0;0;16;10;65536;1;0;0
obj;3;247;0;10;10;11;16;1;0;3389;2;0;0;44;57;65536;1;0;0
obj;3;247;0;11;11;14;17;1;0;3393;3;0;0;42;57;65536;1;0;0
obj;3;247;0;12;12;70;16;1;0;3396;2;0;0;38;17;65536;1;0;0
obj;3;247;0;13;13;70;17;1;0;3399;3;0;0;36;17;65536;1;0;0
obj;3;247;0;14;14;14;14;1;0;3372;0;0;0;28;12;65536;1;0;0
obj;3;247;0;15;15;11;15;1;0;3385;1;0;0;28;10;65536;1;0;0
obj;3;247;0;16;16;51;14;1;0;3446;0;0;0;46;25;65536;1;0;0
obj;3;247;0;17;17;17;15;1;0;3499;1;0;0;46;23;65536;1;0;0
obj;3;247;0;18;18;84;0;0;32;10002;0;0;0;6;51;0;0;0;0
obj;3;247;0;19;19;84;0;0;33;10002;0;0;0;7;31;65536;0;0;0
obj;3;247;0;20;20;84;0;0;34;10002;0;0;0;7;28;65536;0;0;0
obj;3;247;0;21;21;84;0;0;35;10002;0;0;0;7;25;65536;0;0;0
obj;3;247;0;22;22;84;0;0;36;10002;0;0;0;8;9;65536;0;0;0
obj;3;247;0;23;23;84;0;0;37;10002;0;0;0;10;7;65536;0;0;0
obj;3;247;0;24;24;84;0;0;38;10002;0;0;0;8;5;65536;0;0;0
obj;3;247;0;25;25;84;0;0;39;10002;0;0;0;12;32;65536;0;0;0
obj;3;247;0;26;26;84;0;0;40;10002;0;0;0;12;31;65536;0;0;0
obj;3;247;0;27;27;84;0;0;41;10002;0;0;0;21;11;65536;0;0;0
obj;3;247;0;28;28;143;17;0;486;9705;3;0;0;7;58;65536;0;0;0
coord;3;247;0;0;3;51;19;4;1;0;1;16528
coord;3;247;0;1;2;4;55;1;6;0;1;16528
coord;3;247;0;2;1;5;55;1;6;0;0;16528
obj;3;251;0;0;0;40;16;0;0;6;2;0;0;28;48;0;0;0;0
coord;3;251;0;0;5;22;48;6;1;0;1;16627
obj;3;253;0;0;0;163;0;0;0;7;3;0;0;10;46;0;0;0;0
obj;3;253;0;1;1;163;0;0;0;8;2;0;0;53;46;0;0;0;0
obj;3;253;0;2;2;87;0;0;1065;7051;0;0;0;37;20;0;0;0;0
obj;3;253;0;3;3;87;0;0;1066;7052;0;0;0;27;36;0;0;0;0
obj;3;253;0;4;4;87;0;0;1067;7053;0;0;0;45;42;0;0;0;0
obj;3;253;0;5;5;101;0;0;673;6;0;0;0;12;45;0;0;0;0
obj;3;253;0;6;6;9;0;0;0;9;0;0;0;40;26;0;0;0;0
obj;3;253;0;7;7;185;3;0;0;10;1;0;0;41;26;0;0;0;0
obj;3;253;0;8;8;207;0;0;0;12;1;0;0;37;12;0;0;0;0
obj;3;253;0;9;9;12;0;0;0;11;3;0;0;36;12;0;0;0;0
obj;3;253;0;10;10;19;0;0;0;13;2;0;0;17;33;0;0;0;0
obj;3;253;0;11;11;71;3;0;0;14;2;0;0;16;33;0;0;0;0
obj;3;253;0;12;12;2;0;0;0;15;3;0;0;47;30;0;0;0;0
obj;3;253;0;13;13;72;0;0;0;16;2;0;0;48;30;0;0;0;0
obj;3;253;0;14;14;87;0;0;1264;7250;0;0;0;41;9;0;0;0;0
obj;3;253;0;15;15;19;15;0;0;17;1;0;0;20;13;0;0;0;0
coord;3;253;0;0;2;12;46;1;1;0;0;16537
coord;3;253;0;1;3;12;47;1;1;0;1;16537
coord;3;253;0;2;4;51;46;1;1;0;0;16537
coord;3;253;0;3;5;51;47;1;1;0;1;16537
coord;3;253;0;4;18;17;17;1;1;0;0;16556
coord;3;253;0;5;19;16;18;1;1;0;0;16556
coord;3;253;0;6;20;18;18;1;1;0;0;16556
coord;3;253;0;7;21;35;16;1;1;0;0;16556
coord;3;253;0;8;22;34;17;1;1;0;0;16556
coord;3;253;0;9;23;36;17;1;1;0;0;16556
coord;3;253;0;10;24;52;26;1;1;0;0;16556
coord;3;253;0;11;25;51;27;1;1;0;0;16556
coord;3;253;0;12;26;53;27;1;1;0;0;16556
coord;3;253;0;13;27;47;9;1;1;0;0;16556
coord;3;253;0;14;28;46;10;1;1;0;0;16556
coord;3;253;0;15;29;48;10;1;1;0;0;16556
coord;3;253;0;16;30;15;11;1;1;0;0;16556
coord;3;253;0;17;31;14;12;1;1;0;0;16556
coord;3;253;0;18;32;16;12;1;1;0;0;16556
coord;3;253;0;19;33;33;8;1;1;0;0;16556
coord;3;253;0;20;34;32;9;1;1;0;0;16556
coord;3;253;0;21;35;34;9;1;1;0;0;16556
coord;3;253;0;22;36;26;10;1;1;0;0;16556
coord;3;253;0;23;37;25;11;1;1;0;0;16556
coord;3;253;0;24;38;27;11;1;1;0;0;16556
coord;3;253;0;25;39;41;17;1;1;0;0;16556
coord;3;253;0;26;40;40;18;1;1;0;0;16556
coord;3;253;0;27;41;42;18;1;1;0;0;16556
coord;3;253;0;28;42;47;35;1;1;0;0;16556
coord;3;253;0;29;43;46;36;1;1;0;0;16556
coord;3;253;0;30;44;48;36;1;1;0;0;16556
obj;3;254;0;0;0;85;0;0;32;10001;0;0;0;23;44;0;0;0;0
obj;3;254;0;1;1;85;0;0;33;10001;0;0;0;22;43;0;0;0;0
obj;3;254;0;2;2;85;0;0;34;10001;0;0;0;22;42;0;0;0;0
obj;3;254;0;3;3;85;0;0;35;10001;0;0;0;17;40;0;0;0;0
obj;3;254;0;4;4;85;0;0;36;10001;0;0;0;12;41;0;0;0;0
obj;3;254;0;5;5;85;0;0;37;10001;0;0;0;13;39;0;0;0;0
obj;3;254;0;6;6;85;0;0;38;10001;0;0;0;9;40;0;0;0;0
obj;3;254;0;7;7;85;0;0;39;10001;0;0;0;7;40;0;0;0;0
obj;3;254;0;8;8;85;0;0;40;10001;0;0;0;10;39;0;0;0;0
obj;3;254;0;9;9;85;0;0;41;10001;0;0;0;10;38;0;0;0;0
obj;3;254;0;10;10;85;0;0;42;10001;0;0;0;8;38;0;0;0;0
obj;3;254;0;11;11;85;0;0;43;10001;0;0;0;7;37;0;0;0;0
obj;3;254;0;12;12;85;0;0;44;10001;0;0;0;12;37;0;0;0;0
obj;3;254;0;13;13;85;0;0;45;10001;0;0;0;11;36;0;0;0;0
obj;3;254;0;14;14;85;0;0;46;10001;0;0;0;5;24;0;0;0;0
obj;3;254;0;15;15;85;0;0;47;10001;0;0;0;3;22;0;0;0;0
obj;3;254;0;16;16;85;0;0;48;10001;0;0;0;2;20;0;0;0;0
obj;3;254;0;17;17;85;0;0;49;10001;0;0;0;3;16;0;0;0;0
obj;3;254;0;18;18;85;0;0;50;10001;0;0;0;4;13;0;0;0;0
obj;3;254;0;19;19;85;0;0;51;10001;0;0;0;3;12;0;0;0;0
obj;3;254;0;20;20;85;0;0;52;10001;0;0;0;5;8;0;0;0;0
obj;3;254;0;21;21;85;0;0;53;10001;0;0;0;11;12;0;0;0;0
obj;3;254;0;22;22;85;0;0;54;10001;0;0;0;12;12;0;0;0;0
obj;3;254;0;23;23;85;0;0;55;10001;0;0;0;13;12;0;0;0;0
obj;3;254;0;24;24;85;0;0;56;10001;0;0;0;11;13;0;0;0;0
obj;3;254;0;25;25;85;0;0;57;10001;0;0;0;12;13;0;0;0;0
obj;3;254;0;26;26;85;0;0;58;10001;0;0;0;13;13;0;0;0;0
obj;3;254;0;27;27;87;0;0;1025;7011;0;0;0;7;38;0;0;0;0
obj;3;254;0;28;28;87;0;0;1026;7012;0;0;0;17;11;0;0;0;0
obj;3;254;0;29;29;87;0;0;1027;7013;0;0;0;28;5;0;0;0;0
obj;3;254;0;30;30;87;0;0;1265;7251;0;0;0;22;44;0;0;0;0
bg;3;0;1;0;8058;2;39;38;0;4
bg;3;0;1;1;8059;2;33;18;0;4
bg;3;0;1;2;8220;2;13;36;0;4
bg;3;0;1;3;8227;2;29;30;0;4
bg;3;0;1;4;8226;2;39;23;0;4
bg;3;0;1;5;8219;2;48;24;0;4
bg;3;0;1;6;8222;2;25;23;0;4
bg;3;0;1;7;8223;2;52;31;0;4
bg;3;0;1;8;8224;2;17;18;0;4
bg;3;0;1;9;8225;2;19;35;0;4
bg;3;0;1;10;8221;2;21;14;0;4
obj;3;0;1;0;0;124;14;0;415;3;0;0;0;12;47;0;0;0;0
obj;3;0;1;1;1;124;14;0;416;4;0;0;0;13;47;0;0;0;0
obj;3;0;1;2;2;15;16;0;0;5;1;0;0;12;46;0;0;0;0
obj;3;0;1;3;3;87;15;0;414;7;1;0;0;13;47;0;0;0;0
obj;3;0;1;4;4;87;0;0;1160;7146;0;0;0;14;15;0;0;0;0
obj;3;0;1;5;5;87;0;0;1248;7234;0;0;0;46;28;0;0;0;0
obj;3;0;1;6;6;87;0;0;1299;7284;0;0;0;20;27;0;0;0;0
obj;3;0;1;7;7;87;0;0;1300;7285;0;0;0;11;35;0;0;0;0
coord;3;0;1;0;2;12;48;2;1;0;0;16617
obj;3;1;1;0;0;20;14;0;0;1;0;0;1;5;3;0;0;0;0
obj;3;1;1;1;1;1;2;0;0;2;2;0;0;6;6;0;0;0;0
obj;3;2;1;0;0;53;15;1;0;3328;1;0;0;24;21;0;3;0;0
obj;3;2;1;1;1;52;14;1;0;3264;0;0;0;17;25;65536;3;0;0
obj;3;2;1;2;2;85;0;0;32;10001;0;0;0;19;6;0;0;0;0
obj;3;2;1;3;3;85;0;0;33;10001;0;0;0;14;4;0;0;0;0
obj;3;2;1;4;4;85;0;0;34;10001;0;0;0;12;10;0;0;0;0
obj;3;2;1;5;5;85;0;0;35;10001;0;0;0;11;11;0;0;0;0
obj;3;2;1;6;6;85;0;0;36;10001;0;0;0;11;25;0;0;0;0
obj;3;2;1;7;7;85;0;0;37;10001;0;0;0;13;26;0;0;0;0
obj;3;2;1;8;8;85;0;0;38;10001;0;0;0;15;26;0;0;0;0
obj;3;2;1;9;9;85;0;0;39;10001;0;0;0;25;24;0;0;0;0
obj;3;2;1;10;10;20;15;0;0;2;1;0;0;7;20;65536;0;0;0
coord;3;2;1;0;3;7;22;1;1;0;1;16531
obj;3;3;1;0;0;17;45;1;0;3239;1;0;0;13;17;65536;3;0;0
obj;3;3;1;1;1;85;0;0;32;10001;0;0;0;9;12;0;0;0;0
obj;3;3;1;2;2;84;0;0;33;10002;0;0;0;8;12;0;0;0;0
obj;3;3;1;3;3;84;0;0;34;10002;0;0;0;8;19;0;0;0;0
obj;3;3;1;4;4;85;0;0;35;10001;0;0;0;38;19;0;0;0;0
obj;3;3;1;5;5;85;0;0;36;10001;0;0;0;28;18;0;0;0;0
obj;3;3;1;6;6;85;0;0;37;10001;0;0;0;39;13;0;0;0;0
obj;3;3;1;7;7;85;0;0;38;10001;0;0;0;43;13;0;0;0;0
obj;3;3;1;8;8;85;0;0;39;10001;0;0;0;47;13;0;0;0;0
obj;3;3;1;9;9;85;0;0;40;10001;0;0;0;53;10;0;0;0;0
obj;3;3;1;10;10;85;0;0;41;10001;0;0;0;55;8;0;0;0;0
obj;3;3;1;11;11;87;0;0;1017;7003;0;0;0;8;9;0;0;0;0
obj;3;3;1;12;12;87;0;0;1020;7006;0;0;0;7;21;0;0;0;0
obj;3;3;1;13;13;87;0;0;1018;7004;0;0;0;23;10;0;0;0;0
obj;3;3;1;14;14;87;0;0;1019;7005;0;0;0;57;12;0;0;0;0
obj;3;3;1;15;15;39;3;0;0;1;1;1;0;37;12;0;0;0;0
obj;3;3;1;16;16;87;0;0;1183;7169;0;0;0;41;11;0;0;0;0
obj;3;4;1;0;0;56;0;0;0;2;2;0;0;40;277;0;0;0;0
obj;3;4;1;1;1;192;0;0;0;0;0;0;0;40;276;0;0;0;0
obj;3;4;1;2;2;192;0;0;0;0;0;0;0;40;275;0;0;0;0
obj;3;4;1;3;3;192;0;0;0;0;0;0;0;40;278;0;0;0;0
obj;3;5;1;0;0;159;0;0;591;2;1;0;0;16;15;65536;0;0;0
obj;3;5;1;1;1;87;0;0;1106;7092;0;0;0;16;15;65536;0;0;0
obj;3;6;1;0;0;87;0;0;1225;7211;0;0;0;740;248;0;0;0;0
obj;3;6;1;1;1;87;0;0;1224;7210;0;0;0;762;232;0;0;0;0
obj;3;6;1;2;2;11;46;1;0;3557;3;0;0;749;248;0;1;0;0
obj;3;6;1;3;3;93;0;0;0;2;0;0;0;748;232;0;0;0;0
obj;3;6;1;4;4;213;15;0;558;0;1;0;0;751;232;0;0;0;0
obj;3;6;1;5;5;144;17;0;557;0;3;0;0;750;233;0;0;0;0
obj;3;6;1;6;6;124;14;0;556;0;0;0;0;742;232;0;0;0;0
obj;3;6;1;7;7;124;14;0;556;0;0;0;0;742;233;0;0;0;0
coord;3;6;1;0;3;752;235;1;1;0;0;16544
bg;3;7;1;0;8138;2;25;4;0;4
obj;3;7;1;0;0;121;15;0;559;0;1;0;0;20;26;0;0;0;0
obj;3;7;1;1;1;85;0;0;33;10001;0;0;0;11;11;0;0;0;0
obj;3;7;1;2;2;84;0;0;36;10002;0;0;0;15;17;0;0;0;0
obj;3;7;1;3;3;84;0;0;34;10002;0;0;0;18;15;0;0;0;0
obj;3;7;1;4;4;123;15;0;559;0;1;0;0;21;26;0;0;0;0
obj;3;7;1;5;5;84;0;0;37;10002;0;0;0;26;15;0;0;0;0
obj;3;7;1;6;6;84;0;0;38;10002;0;0;0;26;16;0;0;0;0
obj;3;7;1;7;7;84;0;0;39;10002;0;0;0;26;17;0;0;0;0
obj;3;7;1;8;8;84;0;0;40;10002;0;0;0;27;13;0;0;0;0
obj;3;7;1;9;9;84;0;0;41;10002;0;0;0;18;9;0;0;0;0
obj;3;7;1;10;10;87;0;0;1226;7212;0;0;0;6;6;0;0;0;0
obj;3;7;1;11;11;87;0;0;1227;7213;0;0;0;8;23;0;0;0;0
obj;3;7;1;12;12;87;0;0;1228;7214;0;0;0;33;25;0;0;0;0
obj;3;7;1;13;13;87;0;0;1229;7215;0;0;0;25;7;0;0;0;0
obj;3;7;1;14;14;214;15;0;559;0;1;0;0;20;24;0;0;0;0
obj;3;7;1;15;15;124;15;0;559;0;1;0;0;19;24;0;0;0;0
obj;3;7;1;16;16;124;15;0;559;0;1;0;0;21;24;0;0;0;0
bg;3;8;1;0;8140;2;85;49;0;4
bg;3;8;1;1;8141;2;73;15;0;4
bg;3;8;1;2;8139;2;5;48;0;4
bg;3;8;1;3;8175;2;51;77;0;4
bg;3;8;1;4;8176;2;53;39;0;4
bg;3;8;1;5;8177;2;18;73;0;4
bg;3;8;1;6;8268;2;14;13;0;4
obj;3;8;1;0;0;85;0;0;33;10001;0;0;0;43;30;0;0;0;0
obj;3;8;1;1;1;84;0;0;55;10002;0;0;0;20;30;0;0;0;0
obj;3;8;1;2;2;84;0;0;54;10002;0;0;0;29;12;0;0;0;0
obj;3;8;1;3;3;84;0;0;56;10002;0;0;0;53;52;0;0;0;0
obj;3;8;1;4;4;85;0;0;37;10001;0;0;0;60;53;0;0;0;0
obj;3;8;1;5;5;85;0;0;51;10001;0;0;0;41;15;0;0;0;0
obj;3;8;1;6;6;87;0;0;1230;7216;0;0;0;11;44;0;0;0;0
obj;3;8;1;7;7;87;0;0;1237;7223;0;0;0;49;49;0;0;0;0
obj;3;8;1;8;8;87;0;0;1236;7222;0;0;0;54;3;0;0;0;0
obj;3;8;1;9;9;87;0;0;1234;7220;0;0;0;12;76;0;0;0;0
obj;3;8;1;10;10;87;0;0;1231;7217;0;0;0;56;77;0;0;0;0
obj;3;8;1;11;11;87;0;0;1232;7218;0;0;0;69;55;0;0;0;0
obj;3;8;1;12;12;87;0;0;1233;7219;0;0;0;92;3;0;0;0;0
obj;3;8;1;13;13;87;0;0;1235;7221;0;0;0;38;44;0;0;0;0
obj;3;8;1;14;14;144;14;0;474;9703;0;0;0;42;68;0;0;0;0
obj;3;8;1;15;15;11;15;1;0;3568;1;0;0;31;73;0;3;0;0
obj;3;8;1;16;16;14;16;1;0;3578;2;0;0;33;76;0;2;0;0
obj;3;8;1;17;17;11;17;1;0;3570;3;0;0;52;11;0;1;0;0
obj;3;8;1;18;18;14;16;1;0;3580;2;0;0;54;11;0;1;0;0
obj;3;8;1;19;19;70;16;1;0;3585;2;0;0;86;75;0;2;0;0
obj;3;8;1;20;20;70;17;1;0;3583;3;0;0;83;75;0;2;0;0
obj;3;8;1;21;21;14;15;1;0;3555;1;0;0;48;53;0;3;0;0
obj;3;8;1;22;22;51;14;1;0;3588;0;0;0;48;57;0;3;0;0
obj;3;8;1;23;23;11;16;1;0;3569;2;0;0;13;36;0;3;0;0
obj;3;8;1;24;24;14;17;1;0;3579;3;0;0;9;36;0;3;0;0
obj;3;8;1;25;25;11;17;1;0;3560;3;0;0;15;22;0;1;0;0
obj;3;8;1;26;26;51;16;1;0;3589;2;0;0;17;22;0;1;0;0
obj;3;8;1;27;27;11;15;1;0;3571;1;0;0;77;64;0;1;0;0
obj;3;8;1;28;28;14;14;1;0;3581;0;0;0;77;66;0;1;0;0
obj;3;8;1;29;29;17;17;1;0;3605;3;0;0;62;10;0;5;0;0
obj;3;8;1;30;30;11;14;1;0;3561;0;0;0;67;12;0;2;0;0
coord;3;8;1;0;1;42;69;1;1;0;0;16532
coord;3;8;1;1;2;42;70;1;1;0;1;16532
coord;3;8;1;2;3;47;3;1;1;0;1;16532
obj;3;9;1;0;0;229;16;0;562;0;2;0;0;9;13;0;0;0;0
obj;3;9;1;1;1;161;15;0;477;4;1;0;0;7;6;0;0;0;0
obj;3;9;1;2;2;144;14;0;475;0;0;0;0;6;16;0;0;0;0
obj;3;9;1;3;3;84;15;0;478;0;1;0;0;7;8;0;0;0;0
obj;3;9;1;4;4;213;16;0;561;0;2;0;0;10;13;0;0;0;0
obj;3;9;1;5;5;214;15;0;476;0;1;0;0;7;11;0;0;0;0
obj;3;9;1;6;6;85;16;0;563;0;2;0;0;10;13;0;0;0;0
obj;3;9;1;7;7;34;14;0;560;0;0;0;0;7;17;0;0;0;0
obj;3;9;1;8;8;34;14;0;560;0;0;0;0;7;17;0;0;0;0
obj;3;9;1;9;9;124;15;0;476;0;1;0;0;6;12;0;0;0;0
obj;3;9;1;10;10;124;15;0;476;0;1;0;0;8;12;0;0;0;0
obj;3;11;1;0;0;138;15;0;672;2;1;0;0;31;17;0;0;0;0
bg;3;12;1;0;2;0;10;14;0;0
bg;3;12;1;1;2;0;11;14;0;0
bg;3;12;1;2;2;0;12;14;0;0
bg;3;13;1;0;2;0;10;14;0;0
bg;3;13;1;1;2;0;11;14;0;0
bg;3;13;1;2;2;0;12;14;0;0
bg;3;14;1;0;4;0;11;12;0;0
bg;3;14;1;1;4;0;10;12;0;0
bg;3;14;1;2;4;0;12;12;0;0
bg;3;14;1;3;6;0;11;14;0;4
obj;3;14;1;0;0;160;0;0;592;2;1;0;0;11;14;0;0;0;0
obj;3;14;1;1;1;87;0;0;632;3;0;0;0;11;13;0;0;0;0
obj;3;15;1;0;0;85;0;0;35;10001;0;0;0;9;7;0;0;0;0
obj;3;15;1;1;1;85;0;0;36;10001;0;0;0;13;7;0;0;0;0
obj;3;15;1;2;2;85;0;0;37;10001;0;0;0;9;15;0;0;0;0
obj;3;15;1;3;3;85;0;0;34;10001;0;0;0;12;6;0;0;0;0
obj;3;15;1;4;4;85;0;0;33;10001;0;0;0;11;5;0;0;0;0
obj;3;15;1;5;5;85;0;0;32;10001;0;0;0;10;6;0;0;0;0
obj;3;15;1;6;6;85;0;0;38;10001;0;0;0;10;16;0;0;0;0
obj;3;15;1;7;7;85;0;0;39;10001;0;0;0;11;17;0;0;0;0
obj;3;15;1;8;8;85;0;0;40;10001;0;0;0;12;16;0;0;0;0
obj;3;15;1;9;9;85;0;0;41;10001;0;0;0;13;15;0;0;0;0
obj;3;15;1;10;10;85;0;0;43;10001;0;0;0;11;11;0;0;0;0
obj;3;16;1;0;0;85;0;0;35;10001;0;0;0;7;9;0;0;0;0
obj;3;16;1;1;1;85;0;0;36;10001;0;0;0;7;13;0;0;0;0
obj;3;16;1;2;2;85;0;0;37;10001;0;0;0;15;9;0;0;0;0
obj;3;16;1;3;3;85;0;0;34;10001;0;0;0;6;12;0;0;0;0
obj;3;16;1;4;4;85;0;0;33;10001;0;0;0;5;11;0;0;0;0
obj;3;16;1;5;5;85;0;0;32;10001;0;0;0;6;10;0;0;0;0
obj;3;16;1;6;6;85;0;0;38;10001;0;0;0;15;13;0;0;0;0
obj;3;16;1;7;7;85;0;0;39;10001;0;0;0;16;12;0;0;0;0
obj;3;16;1;8;8;85;0;0;40;10001;0;0;0;17;11;0;0;0;0
obj;3;16;1;9;9;85;0;0;41;10001;0;0;0;16;10;0;0;0;0
obj;3;16;1;10;10;85;0;0;42;10001;0;0;0;11;11;0;0;0;0
obj;3;17;1;0;0;85;0;0;32;10001;0;0;0;7;13;0;0;0;0
obj;3;17;1;1;1;85;0;0;33;10001;0;0;0;6;12;0;0;0;0
obj;3;17;1;2;2;85;0;0;34;10001;0;0;0;5;11;0;0;0;0
obj;3;17;1;3;3;85;0;0;35;10001;0;0;0;4;10;0;0;0;0
obj;3;17;1;4;4;85;0;0;36;10001;0;0;0;3;9;0;0;0;0
obj;3;17;1;5;5;85;0;0;37;10001;0;0;0;2;8;0;0;0;0
obj;3;17;1;6;6;85;0;0;38;10001;0;0;0;15;9;0;0;0;0
obj;3;17;1;7;7;85;0;0;39;10001;0;0;0;16;10;0;0;0;0
obj;3;17;1;8;8;85;0;0;40;10001;0;0;0;17;11;0;0;0;0
obj;3;17;1;9;9;85;0;0;41;10001;0;0;0;18;12;0;0;0;0
obj;3;17;1;10;10;85;0;0;42;10001;0;0;0;19;13;0;0;0;0
obj;3;17;1;11;11;85;0;0;43;10001;0;0;0;20;14;0;0;0;0
obj;3;17;1;12;12;85;0;0;44;10001;0;0;0;11;11;0;0;0;0
obj;3;18;1;0;0;158;0;0;593;3;1;0;0;911;203;0;0;0;0
bg;3;22;1;0;2;0;7;6;0;0
bg;3;22;1;1;2;0;8;6;0;0
bg;3;22;1;2;2;0;9;6;0;0
obj;3;23;1;0;0;87;0;0;1256;7242;0;0;0;12;13;0;0;0;0
obj;3;24;1;0;0;85;0;0;32;10001;0;0;0;4;9;0;0;0;0
obj;3;24;1;1;1;85;0;0;33;10001;0;0;0;9;12;0;0;0;0
bg;3;25;1;0;8179;2;10;8;0;4
obj;3;26;1;0;0;87;0;0;1257;7243;0;0;0;11;18;0;0;0;0
obj;3;26;1;1;1;84;0;0;32;10002;0;0;0;5;17;0;0;0;0
obj;3;27;1;0;0;184;0;0;579;2;1;0;0;11;12;0;0;0;0
bg;3;28;1;0;8006;2;72;15;0;4
bg;3;28;1;1;8009;2;74;34;0;4
bg;3;28;1;2;8008;2;17;43;0;4
bg;3;28;1;3;8162;2;43;29;0;4
bg;3;28;1;4;8208;2;55;41;0;4
bg;3;28;1;5;8209;2;92;51;0;4
obj;3;28;1;0;0;87;0;0;1052;7038;0;0;0;56;55;0;0;0;0
obj;3;28;1;1;1;87;0;0;1048;7034;0;0;0;8;44;0;0;0;0
obj;3;28;1;2;2;87;0;0;1049;7035;0;0;0;7;15;0;0;0;0
obj;3;28;1;3;3;87;0;0;1050;7036;0;0;0;44;15;0;0;0;0
obj;3;28;1;4;4;145;3;0;484;2;0;1;1;72;13;0;0;0;0
obj;3;28;1;5;5;52;17;1;0;3378;3;0;0;2;14;0;2;0;0
obj;3;28;1;6;6;53;16;1;0;3457;2;0;0;5;14;0;2;0;0
obj;3;28;1;7;7;6;17;1;0;3449;3;0;0;2;42;0;2;0;0
obj;3;28;1;8;8;4;16;1;0;3495;2;0;0;5;42;0;2;0;0
obj;3;28;1;9;9;20;17;1;0;3453;3;0;0;17;38;0;2;0;0
obj;3;28;1;10;10;19;17;1;0;3382;3;0;0;91;48;0;1;0;0
obj;3;28;1;11;11;53;17;1;0;3458;3;0;0;73;30;0;3;0;0
obj;3;28;1;12;12;52;16;1;0;3379;2;0;0;77;30;0;3;0;0
obj;3;28;1;13;13;50;16;1;0;3442;2;0;0;93;48;0;1;0;0
obj;3;28;1;14;14;20;16;1;0;3454;2;0;0;20;38;0;2;0;0
obj;3;28;1;15;15;85;0;0;32;10001;0;0;0;38;42;0;0;0;0
obj;3;28;1;16;16;85;0;0;33;10001;0;0;0;35;29;0;0;0;0
obj;3;28;1;17;17;85;0;0;34;10001;0;0;0;16;29;0;0;0;0
obj;3;28;1;18;18;85;0;0;35;10001;0;0;0;4;44;0;0;0;0
obj;3;28;1;19;19;85;0;0;36;10001;0;0;0;26;16;0;0;0;0
obj;3;28;1;20;20;85;0;0;37;10001;0;0;0;9;3;0;0;0;0
obj;3;28;1;21;21;85;0;0;38;10001;0;0;0;31;3;0;0;0;0
obj;3;28;1;22;22;85;0;0;39;10001;0;0;0;54;29;0;0;0;0
obj;3;28;1;23;23;85;0;0;40;10001;0;0;0;57;40;0;0;0;0
obj;3;28;1;24;24;85;0;0;41;10001;0;0;0;66;52;0;0;0;0
obj;3;28;1;25;25;85;0;0;42;10001;0;0;0;88;27;0;0;0;0
coord;3;28;1;0;4;41;53;1;1;0;1;16529
bg;3;29;1;0;8011;2;3;10;0;4
bg;3;29;1;1;8010;2;4;39;0;4
obj;3;29;1;0;0;87;0;0;1056;7042;0;0;0;22;9;0;0;0;0
obj;3;29;1;1;1;87;0;0;1054;7040;0;0;0;31;16;0;0;0;0
obj;3;29;1;2;2;87;0;0;1055;7041;0;0;0;33;8;0;0;0;0
obj;3;30;1;0;0;87;0;0;1130;7116;0;0;0;4;3;0;0;0;0
obj;3;30;1;1;1;19;16;0;0;2;2;0;0;3;7;0;0;0;0
bg;3;32;1;0;8051;2;114;504;0;4
obj;3;32;1;0;0;56;0;0;0;2;3;0;0;99;502;0;0;0;0
obj;3;32;1;1;1;142;15;0;532;3;1;0;0;117;490;0;0;0;0
obj;3;34;1;0;0;87;0;0;1149;7135;0;0;0;5;6;0;0;0;0
obj;3;34;1;1;1;52;9;1;0;3377;3;0;0;11;13;0;2;0;0
obj;3;34;1;2;2;87;0;0;1302;7287;0;0;0;7;8;0;0;0;0
bg;3;35;1;0;8052;2;11;9;0;4
obj;3;35;1;0;0;87;0;0;1151;7137;0;0;0;21;15;0;0;0;0
obj;3;35;1;1;1;87;0;0;1150;7136;0;0;0;2;17;0;0;0;0
obj;3;35;1;2;2;53;4;1;0;3456;0;0;0;17;16;0;3;0;0
obj;3;35;1;3;3;87;0;0;1304;7289;0;0;0;7;21;0;0;0;0
coord;3;35;1;0;2;11;23;1;1;0;0;16384
bg;3;36;1;0;8053;2;12;17;0;4
obj;3;36;1;0;0;87;0;0;1152;7138;0;0;0;16;2;0;0;0;0
obj;3;36;1;1;1;87;0;0;1153;7139;0;0;0;7;17;0;0;0;0
obj;3;36;1;2;2;40;40;1;0;3502;3;6;1;4;5;0;2;0;0
obj;3;36;1;3;3;40;21;1;0;3503;0;4;6;1;19;0;3;0;0
bg;3;37;1;0;8056;2;32;40;0;4
bg;3;37;1;1;8054;2;29;29;0;4
bg;3;37;1;2;8055;2;14;31;0;4
obj;3;37;1;0;0;87;0;0;1156;7142;0;0;0;38;15;0;0;0;0
obj;3;37;1;1;1;87;0;0;1154;7140;0;0;0;9;3;0;0;0;0
obj;3;37;1;2;2;87;0;0;1155;7141;0;0;0;5;16;0;0;0;0
obj;3;37;1;3;3;87;0;0;1157;7143;0;0;0;21;38;0;0;0;0
obj;3;37;1;4;4;142;14;0;485;8;0;0;0;34;3;0;0;0;0
obj;3;37;1;5;5;124;17;0;487;9;3;0;0;19;40;0;0;0;0
obj;3;37;1;6;6;124;17;0;487;9;3;0;0;19;41;0;0;0;0
obj;3;37;1;7;7;20;15;1;0;3451;1;0;0;26;2;0;2;0;0
obj;3;37;1;8;8;20;17;1;0;3452;3;0;0;21;4;0;5;0;0
obj;3;37;1;9;9;51;15;1;0;3444;1;0;0;36;18;0;2;0;0
obj;3;37;1;10;10;7;14;1;0;3371;0;0;0;36;21;0;2;0;0
obj;3;37;1;11;11;40;16;1;0;3504;2;0;0;15;25;0;1;0;0
obj;3;37;1;12;12;40;14;1;0;3505;0;0;0;14;28;0;3;0;0
obj;3;37;1;13;13;11;17;1;0;3387;3;0;0;23;31;0;3;0;0
obj;3;37;1;14;14;14;16;1;0;3391;2;0;0;27;31;0;3;0;0
obj;3;37;1;15;15;87;0;0;1301;7286;0;0;0;17;19;0;0;0;0
obj;3;37;1;16;16;87;0;0;1303;7288;0;0;0;1;23;0;0;0;0
coord;3;37;1;0;3;35;2;1;2;0;0;16530
coord;3;37;1;1;4;36;2;1;2;0;1;16530
coord;3;37;1;2;2;19;44;1;1;0;0;16384
coord;3;37;1;3;9;21;40;1;2;0;1;16530
obj;3;38;1;0;0;87;0;0;1158;7144;0;0;0;14;7;0;0;0;0
coord;3;38;1;0;2;9;11;1;1;0;0;16384
bg;3;39;1;0;2;0;7;6;0;4
bg;3;40;1;0;8167;2;2;11;0;4
obj;3;40;1;0;0;164;0;0;635;0;1;0;0;19;4;0;0;0;0
obj;3;40;1;1;1;87;0;0;1281;7266;0;0;0;5;3;0;0;0;0
obj;3;40;1;2;2;87;0;0;1282;7267;0;0;0;37;6;0;0;0;0
bg;3;41;1;0;1;0;30;8;0;1
obj;3;41;1;0;0;87;0;0;1036;7022;0;0;0;4;6;0;0;0;0
obj;3;43;1;0;0;87;0;0;1261;7247;0;0;0;3;4;0;0;0;0
bg;3;44;1;0;1;0;11;3;0;0
bg;3;44;1;1;1;0;12;3;0;0
obj;3;44;1;0;0;87;0;0;1261;7247;0;0;0;3;4;0;0;0;0
obj;3;46;1;0;0;87;0;0;1262;7248;0;0;0;20;4;0;0;0;0
obj;3;46;1;1;1;2;0;0;636;0;2;0;0;20;5;0;0;0;0
obj;3;47;1;0;0;87;0;0;1262;7248;0;0;0;10;4;0;0;0;0
bg;3;49;1;0;8074;2;45;21;0;4
bg;3;49;1;1;7;0;42;13;0;0
obj;3;49;1;0;0;125;15;0;0;2;1;0;0;29;15;0;0;0;0
obj;3;49;1;1;1;29;3;0;0;5;1;0;0;11;18;0;0;0;0
obj;3;49;1;2;2;87;0;0;1179;7165;0;0;0;52;14;0;0;0;0
obj;3;49;1;3;3;125;8;1;567;3427;1;0;0;41;7;0;2;0;0
obj;3;49;1;4;4;29;17;1;567;3829;3;0;0;17;6;0;6;0;0
obj;3;49;1;5;5;202;0;0;548;6;1;0;0;22;18;0;0;0;0
obj;3;49;1;6;6;202;0;0;548;6;1;0;0;23;18;0;0;0;0
obj;3;49;1;7;7;125;15;0;0;4;1;1;1;2;19;0;0;0;0
obj;3;49;1;8;8;124;3;0;0;3;2;1;1;19;21;0;0;0;0
obj;3;49;1;9;9;122;3;0;658;8;2;3;0;33;19;0;0;0;0
obj;3;49;1;10;10;87;0;0;1312;7297;0;0;0;16;6;0;0;0;0
bg;3;50;1;0;1;0;40;4;0;4
bg;3;50;1;1;8075;2;44;5;0;4
bg;3;50;1;2;8076;2;1;12;0;4
bg;3;50;1;3;2;0;42;2;0;0
bg;3;50;1;4;3;0;31;18;0;0
bg;3;50;1;5;4;0;9;19;0;0
bg;3;50;1;6;7;0;39;14;0;0
bg;3;50;1;7;5;0;41;12;0;0
bg;3;50;1;8;5;0;42;12;0;0
bg;3;50;1;9;1;0;40;5;0;3
bg;3;50;1;10;1;0;44;5;0;3
bg;3;50;1;11;1;0;44;4;0;4
obj;3;50;1;0;0;87;0;0;1181;7167;0;0;0;48;21;0;0;0;0
obj;3;50;1;1;1;124;14;1;567;3509;0;0;0;10;6;0;3;0;0
obj;3;50;1;2;2;124;7;1;567;3512;0;0;0;21;16;0;4;0;0
obj;3;50;1;3;3;125;16;1;567;3429;2;0;0;26;16;0;4;0;0
obj;3;50;1;4;4;29;14;1;567;3828;0;0;0;32;6;0;2;0;0
obj;3;50;1;5;5;87;0;0;1313;7298;0;0;0;3;11;0;0;0;0
obj;3;50;1;6;6;183;0;0;0;6;0;0;0;41;17;0;0;0;0
bg;3;51;1;0;8078;2;39;21;0;4
bg;3;51;1;1;8077;2;2;18;0;4
bg;3;51;1;2;8079;2;21;14;0;4
bg;3;51;1;3;3;0;6;19;0;0
obj;3;51;1;0;0;124;15;0;567;1;1;0;0;15;6;0;0;0;0
obj;3;51;1;1;1;87;0;0;1180;7166;0;0;0;36;12;0;0;0;0
obj;3;51;1;2;2;124;20;4;567;3511;3;8;0;9;20;0;2;2;0
obj;3;51;1;3;3;124;14;1;567;3513;0;0;0;42;7;0;3;0;0
obj;3;51;1;4;4;125;15;1;567;3521;1;0;0;42;3;0;3;0;0
obj;3;51;1;5;5;202;0;0;549;2;1;0;0;27;19;0;0;0;0
obj;3;51;1;6;6;202;0;0;549;2;1;0;0;28;19;0;0;0;0
obj;3;51;1;7;7;124;6;1;567;3508;0;0;0;4;6;0;3;0;0
obj;3;51;1;8;8;87;0;0;1182;7168;0;0;0;50;21;0;0;0;0
obj;3;51;1;9;9;87;0;0;1310;7295;0;0;0;38;20;0;0;0;0
bg;3;52;1;0;8080;2;20;7;0;4
bg;3;52;1;1;3;0;21;14;0;0
bg;3;52;1;2;4;0;1;6;0;2
obj;3;52;1;0;0;120;14;0;446;1;0;0;0;8;8;0;0;0;0
obj;3;52;1;1;1;202;0;0;550;2;0;0;0;8;14;0;0;0;0
obj;3;52;1;2;2;202;0;0;550;2;1;0;0;9;14;0;0;0;0
obj;3;52;1;3;3;192;0;0;567;0;0;0;0;18;14;0;0;0;0
obj;3;52;1;4;4;192;0;0;567;0;0;0;0;19;14;0;0;0;0
coord;3;52;1;0;1;8;11;2;1;0;0;16598
obj;3;53;1;0;0;124;15;0;567;1;0;0;0;5;7;0;0;0;0
obj;3;54;1;0;0;124;8;0;567;1;3;0;0;26;5;0;0;0;0
obj;3;54;1;1;1;29;3;0;567;2;1;1;5;8;10;0;0;0;0
obj;3;54;1;2;2;87;0;0;1178;7164;0;0;0;29;11;0;0;0;0
obj;3;54;1;3;3;124;6;1;567;3506;2;0;0;40;15;0;5;0;0
obj;3;54;1;4;4;124;15;1;567;3507;1;0;0;71;10;0;3;0;0
obj;3;54;1;5;5;87;0;0;1251;7237;0;0;0;20;5;0;0;0;0
obj;3;54;1;6;6;202;0;0;551;3;1;0;0;14;8;0;0;0;0
obj;3;54;1;7;7;202;0;0;551;3;1;0;0;15;8;0;0;0;0
obj;3;54;1;8;8;87;0;0;1258;7244;0;0;0;62;3;0;0;0;0
obj;3;55;1;0;0;99;14;0;373;4;0;0;0;48;43;0;0;0;0
obj;3;55;1;1;1;101;14;0;404;5;0;0;0;49;43;0;0;0;0
obj;3;55;1;2;2;173;16;0;399;0;2;0;0;57;43;0;0;0;0
obj;3;55;1;3;3;173;14;0;399;0;0;0;0;48;51;0;0;0;0
obj;3;55;1;4;4;120;14;0;374;0;0;0;0;48;43;0;0;0;0
obj;3;55;1;5;5;148;14;0;406;0;0;0;0;47;54;0;0;0;0
obj;3;55;1;6;6;87;0;0;1253;7239;0;0;0;25;54;0;0;0;0
obj;3;56;1;0;0;124;17;1;448;3418;3;0;0;43;49;0;6;0;0
obj;3;56;1;1;1;124;17;1;448;3419;3;0;0;48;43;0;4;0;0
obj;3;56;1;2;2;125;16;1;448;3425;2;0;0;50;49;0;6;0;0
obj;3;56;1;3;3;125;16;1;448;3426;2;0;0;53;43;0;4;0;0
obj;3;56;1;4;4;87;0;0;1253;7239;0;0;0;25;54;0;0;0;0
obj;3;56;1;5;5;99;17;0;652;3;3;0;0;53;39;0;0;0;0
obj;3;56;1;6;6;101;17;0;653;4;3;0;0;54;38;0;0;0;0
obj;3;56;1;7;7;121;16;0;448;6;2;0;0;55;38;0;0;0;0
obj;3;56;1;8;8;124;16;0;448;7;2;0;0;47;51;0;0;0;0
obj;3;57;1;0;0;152;15;0;479;2;1;0;0;12;13;0;0;0;0
obj;3;57;1;1;1;99;14;0;662;0;0;0;0;12;22;0;0;0;0
bg;3;58;1;0;8057;2;12;15;0;4
obj;3;58;1;0;0;124;5;0;444;1;2;1;0;34;34;0;0;0;0
obj;3;58;1;1;1;125;6;0;444;2;2;0;0;13;13;0;0;0;0
obj;3;58;1;2;2;124;13;0;444;3;3;0;0;36;13;0;0;0;0
obj;3;58;1;3;3;195;2;0;449;4;1;0;0;36;19;0;0;0;0
obj;3;58;1;4;4;124;7;1;0;3416;0;0;0;17;32;0;4;0;0
obj;3;58;1;5;5;125;8;1;0;3424;1;0;0;29;18;0;1;0;0
obj;3;58;1;6;6;124;14;1;0;3417;0;0;0;25;35;0;3;0;0
obj;3;58;1;7;7;195;0;0;449;4;1;0;0;17;15;0;0;0;0
obj;3;58;1;8;8;195;2;0;449;4;1;0;0;27;36;0;0;0;0
obj;3;58;1;9;9;195;2;0;449;4;1;0;0;12;13;0;0;0;0
obj;3;58;1;10;10;195;3;0;449;4;1;0;0;10;11;0;0;0;0
obj;3;58;1;11;11;195;2;0;449;4;1;0;0;13;11;0;0;0;0
obj;3;58;1;12;12;195;2;0;449;4;1;0;0;11;12;0;0;0;0
obj;3;58;1;13;13;195;2;0;449;4;1;0;0;19;34;0;0;0;0
obj;3;58;1;14;14;195;2;0;449;4;1;0;0;38;44;0;0;0;0
obj;3;58;1;15;15;195;2;0;449;4;1;0;0;44;33;0;0;0;0
obj;3;58;1;16;16;195;2;0;449;4;1;0;0;12;10;0;0;0;0
obj;3;58;1;17;17;195;2;0;449;4;0;0;0;14;11;0;0;0;0
obj;3;58;1;18;18;195;2;0;449;4;1;0;0;12;11;0;0;0;0
obj;3;58;1;19;19;195;3;0;449;4;1;0;0;10;12;0;0;0;0
obj;3;58;1;20;20;195;2;0;449;4;0;1;0;12;12;0;0;0;0
obj;3;58;1;21;21;195;0;0;449;4;1;0;0;23;19;0;0;0;0
obj;3;58;1;22;22;195;2;0;449;4;1;0;0;21;29;0;0;0;0
obj;3;58;1;23;23;195;2;0;449;4;1;0;0;28;28;0;0;0;0
obj;3;58;1;24;24;195;2;0;449;4;1;0;0;31;25;0;0;0;0
obj;3;58;1;25;25;195;2;0;449;4;1;0;0;30;38;0;0;0;0
obj;3;58;1;26;26;195;2;0;449;4;1;0;0;29;36;0;0;0;0
obj;3;58;1;27;27;195;0;0;449;4;1;0;0;11;11;0;0;0;0
obj;3;58;1;28;28;195;3;0;449;4;1;0;0;40;28;0;0;0;0
obj;3;58;1;29;29;87;0;0;1254;7240;0;0;0;53;46;0;0;0;0
obj;3;59;1;0;0;87;0;0;1254;7240;0;0;0;53;46;0;0;0;0
obj;3;60;1;0;0;153;15;0;480;3;1;0;0;16;14;0;0;0;0
obj;3;60;1;1;1;122;14;0;444;4;0;0;0;14;19;0;0;0;0
obj;3;61;1;0;0;148;7;0;659;1;0;0;0;16;46;0;0;0;0
obj;3;61;1;1;1;87;0;0;1255;7241;0;0;0;38;8;0;0;0;0
obj;3;62;1;0;0;87;0;0;1255;7241;0;0;0;38;8;0;0;0;0
obj;3;62;1;1;1;123;15;0;442;0;1;0;0;17;44;0;0;0;0
obj;3;62;1;2;2;148;14;0;441;0;0;0;0;17;45;0;0;0;0
obj;3;63;1;0;0;151;15;0;481;3;1;0;0;14;10;0;0;0;0
obj;3;64;1;0;0;56;0;0;633;2;3;0;0;151;277;0;0;0;0
obj;3;64;1;1;1;192;0;0;0;0;0;0;0;151;278;0;0;0;0
obj;3;64;1;2;2;192;0;0;0;0;0;0;0;151;276;0;0;0;0
obj;3;64;1;3;3;192;0;0;0;0;0;0;0;151;275;0;0;0;0
obj;3;65;1;0;0;157;15;0;576;3;1;0;0;16;13;0;0;0;0
obj;3;66;1;0;0;15;0;0;0;9;1;0;0;34;39;0;0;0;0
obj;3;66;1;1;1;93;0;0;0;3;0;0;0;22;35;0;0;0;0
obj;3;66;1;2;2;81;0;0;0;8;2;1;1;35;39;0;0;0;0
obj;3;66;1;3;3;93;0;0;0;4;0;0;0;22;13;0;0;0;0
obj;3;66;1;4;4;13;0;0;0;5;2;0;1;29;15;0;0;0;0
obj;3;66;1;5;5;18;3;0;0;7;2;1;0;29;37;0;0;0;0
obj;3;66;1;6;6;3;0;0;0;6;3;0;1;28;15;0;0;0;0
obj;3;66;1;7;7;82;3;0;0;10;2;0;2;15;40;0;0;0;0
obj;3;66;1;8;8;51;3;0;0;12;0;1;1;14;47;0;0;0;0
obj;3;66;1;9;9;11;3;0;0;11;0;1;1;26;47;0;0;0;0
obj;3;66;1;10;10;87;0;0;1259;7245;0;0;0;10;52;0;0;0;0
obj;3;66;1;11;11;169;14;0;630;0;0;1;0;23;40;0;0;0;0
obj;3;66;1;12;12;148;14;0;631;0;0;1;0;24;40;0;0;0;0
obj;3;66;1;13;13;93;0;0;0;3;0;0;0;27;35;0;0;0;0
coord;3;66;1;0;1;23;32;4;1;0;0;16654
obj;3;67;1;0;0;175;0;0;0;1;1;0;0;4;4;0;0;0;0
obj;3;67;1;1;1;175;0;0;0;2;1;0;0;22;4;0;0;0;0
obj;3;67;1;2;2;2;0;0;0;8;3;0;0;17;4;0;0;0;0
obj;3;67;1;3;3;18;0;0;0;9;2;0;0;18;4;0;0;0;0
obj;3;67;1;4;4;36;3;0;0;3;2;1;1;3;14;0;0;0;0
obj;3;67;1;5;5;37;3;0;0;4;2;0;1;23;14;0;0;0;0
obj;3;67;1;6;6;43;3;0;0;7;1;2;0;13;7;0;0;0;0
obj;3;67;1;7;7;42;0;0;0;6;0;1;0;19;12;0;0;0;0
obj;3;67;1;8;8;31;10;0;0;5;1;1;1;11;3;0;0;0;0
bg;3;70;1;0;10450;0;13;5;0;0
bg;3;70;1;1;12;0;17;5;0;0
bg;3;70;1;2;13;0;21;5;0;0
obj;3;70;1;0;0;231;0;0;0;1;1;0;0;15;5;0;0;0;0
obj;3;70;1;1;1;232;0;0;0;2;1;0;0;11;5;0;0;0;0
obj;3;70;1;2;2;235;0;0;0;3;1;0;0;19;5;0;0;0;0
obj;3;70;1;3;3;27;0;0;489;7;1;0;0;16;6;0;0;0;0
obj;3;70;1;4;4;44;3;0;0;19;1;1;2;2;14;0;0;0;0
obj;3;70;1;5;5;45;3;0;0;15;2;1;1;13;14;0;0;0;0
obj;3;70;1;6;6;35;7;0;0;16;0;1;1;6;10;0;0;0;0
obj;3;70;1;7;7;62;0;0;0;17;1;1;1;25;13;0;0;0;0
obj;3;70;1;8;8;71;13;0;0;18;2;1;1;25;14;0;0;0;0
obj;3;70;1;9;9;71;0;0;0;21;3;1;1;19;16;0;0;0;0
obj;3;70;1;10;10;3;0;0;0;20;2;1;1;20;16;0;0;0;0
obj;3;70;1;11;11;55;3;0;0;14;1;2;2;9;13;0;0;0;0
obj;3;70;1;12;12;22;6;0;526;10151;0;0;0;13;18;0;0;0;0
obj;3;70;1;13;13;3;8;0;0;2033;2;0;0;20;11;0;0;0;0
obj;3;70;1;14;14;29;0;0;0;24;1;0;0;24;7;0;0;0;0
obj;3;71;1;0;0;111;0;0;0;0;1;0;0;4;4;0;0;0;0
obj;3;72;1;0;0;27;0;0;0;0;0;0;0;2;1;0;0;0;0
obj;3;73;1;0;0;27;0;0;0;0;1;0;0;3;1;0;0;0;0
obj;3;73;1;1;1;27;0;0;0;0;1;0;0;14;1;0;0;0;0
obj;3;73;1;2;2;101;0;0;0;0;1;0;0;3;1;0;0;0;0
obj;3;73;1;3;3;102;0;0;0;0;1;0;0;14;1;0;0;0;0
obj;3;74;1;0;0;27;0;0;0;0;3;0;0;2;6;0;0;0;0
obj;3;74;1;1;1;102;0;0;459;0;1;0;0;7;2;0;0;0;0
obj;3;74;1;2;2;101;0;0;0;0;0;0;0;7;10;0;0;0;0
obj;3;75;1;0;0;27;0;0;0;0;3;0;0;2;5;0;0;0;0
obj;3;75;1;1;1;27;0;0;0;0;3;0;0;2;6;0;0;0;0
obj;3;75;1;2;2;101;0;0;0;0;0;0;0;7;9;0;0;0;0
obj;3;75;1;3;3;102;0;0;0;0;0;0;0;8;9;0;0;0;0
obj;3;75;1;4;4;104;0;0;491;0;1;0;0;7;2;0;0;0;0
obj;3;75;1;5;5;103;0;0;490;0;1;0;0;8;2;0;0;0;0
obj;3;76;1;0;0;60;16;0;0;9100;2;0;0;12;4;0;0;0;0
coord;3;76;1;0;9101;7;11;2;1;0;0;16399
obj;3;77;1;0;0;60;16;0;0;9100;2;0;0;12;4;0;0;0;0
coord;3;77;1;0;9101;6;11;4;1;0;0;16399
bg;3;78;1;0;8160;2;86;849;0;4
obj;3;78;1;0;0;96;0;0;0;4;0;0;0;79;846;0;3;0;0
coord;3;78;1;0;3;80;844;2;1;0;0;16514
bg;3;80;1;0;8031;2;720;794;0;4
bg;3;80;1;1;8007;2;730;773;0;4
bg;3;80;1;2;8166;2;692;801;0;4
bg;3;80;1;3;8180;2;716;745;0;4
obj;3;80;1;0;0;138;16;0;429;0;2;0;0;723;760;0;0;0;0
obj;3;80;1;1;1;23;17;0;430;6;3;0;0;718;760;0;0;0;0
obj;3;80;1;2;2;23;17;0;430;4;3;0;0;718;761;0;0;0;0
obj;3;80;1;3;3;87;0;0;1097;7083;0;0;0;712;783;0;0;0;0
obj;3;80;1;4;4;87;0;0;1098;7084;0;0;0;717;748;0;0;0;0
obj;3;80;1;5;5;124;14;0;539;3;0;0;0;719;790;0;0;0;0
obj;3;80;1;6;31;13;3;0;373;65535;2;0;0;694;804;0;0;0;0
obj;3;80;1;7;7;93;0;0;0;7;0;0;0;704;792;0;0;0;0
obj;3;80;1;8;8;13;7;0;605;5;0;0;0;715;782;0;0;0;0
obj;3;80;1;9;9;19;0;0;637;8;2;0;0;724;788;0;0;0;0
obj;3;80;1;10;10;148;14;0;469;0;0;0;0;723;777;0;0;0;0
obj;3;80;1;11;11;87;0;0;1330;7315;0;0;0;712;780;0;0;0;0
coord;3;80;1;0;9;724;789;1;3;0;0;16658
obj;3;81;1;0;0;36;17;1;582;8;3;0;0;13;3;0;0;0;0
obj;3;81;1;1;1;37;16;1;582;9;2;0;0;15;3;0;0;0;0
obj;3;81;1;2;2;62;17;1;581;6;3;0;0;8;3;0;0;0;0
obj;3;81;1;3;3;63;16;1;581;7;2;0;0;10;3;0;0;0;0
obj;3;81;1;4;4;22;16;1;586;17;2;0;0;17;8;0;0;0;0
obj;3;81;1;5;5;23;17;1;586;16;3;0;0;15;8;0;0;0;0
obj;3;81;1;6;6;44;17;1;580;4;3;0;0;3;3;0;0;0;0
obj;3;81;1;7;7;62;17;1;587;18;3;0;0;4;11;0;0;0;0
obj;3;81;1;8;8;13;16;1;587;19;2;0;0;6;11;0;0;0;0
obj;3;81;1;9;9;13;16;1;580;5;2;0;0;5;3;0;0;0;0
obj;3;81;1;10;10;12;16;1;583;11;2;0;0;7;6;0;0;0;0
obj;3;81;1;11;11;17;17;1;585;14;3;0;0;1;8;0;0;0;0
obj;3;81;1;12;12;6;16;1;585;15;2;0;0;3;8;0;0;0;0
obj;3;81;1;13;13;16;16;1;584;13;2;0;0;13;6;0;0;0;0
obj;3;81;1;14;14;29;17;1;588;20;3;0;0;12;11;0;0;0;0
obj;3;81;1;15;15;3;17;1;584;12;3;0;0;11;6;0;0;0;0
obj;3;81;1;16;16;12;16;1;588;21;2;0;0;14;11;0;0;0;0
obj;3;81;1;17;17;19;17;1;583;10;3;0;0;5;6;0;0;0;0
obj;3;81;1;18;18;59;16;0;0;1;2;0;0;10;12;0;0;0;0
obj;3;82;1;0;0;13;3;0;606;1;1;1;1;5;3;0;0;0;0
obj;3;83;1;0;0;242;0;0;0;1;0;0;0;5;3;0;0;0;0
obj;3;84;1;0;0;87;0;0;1177;7163;0;0;0;340;230;0;0;0;0
obj;3;84;1;1;1;94;0;0;0;3;0;0;0;309;242;0;3;0;0
obj;3;84;1;2;2;148;15;0;426;0;1;0;0;310;237;0;0;0;0
obj;3;84;1;3;3;87;0;0;1324;7309;0;0;0;323;235;0;0;0;0
coord;3;84;1;0;4;310;244;2;1;0;0;16516
obj;3;86;1;0;0;9;3;0;0;9;2;1;1;123;854;65536;0;0;0
obj;3;86;1;1;1;24;9;0;0;10;1;0;0;140;842;65536;0;0;0
obj;3;86;1;2;2;148;8;0;370;9700;2;0;0;112;855;65536;0;0;0
obj;3;86;1;3;3;94;0;0;0;6;0;0;0;109;856;0;4;0;0
obj;3;86;1;4;4;94;2;0;0;7;0;0;0;151;843;0;1;0;0
obj;3;86;1;5;5;99;17;0;376;15;1;0;0;105;853;0;0;0;0
obj;3;86;1;6;6;101;17;0;377;0;0;0;0;105;853;0;0;0;0
obj;3;86;1;7;5;93;0;0;418;65535;0;0;0;165;843;0;0;0;0
obj;3;86;1;8;3;10;12;0;411;65535;2;0;0;108;869;0;0;0;0
obj;3;86;1;9;9;3;16;0;0;11;2;0;0;153;847;65536;0;0;0
obj;3;86;1;10;10;96;0;0;0;8;0;0;0;136;851;0;0;0;0
obj;3;86;1;11;11;6;5;0;0;12;2;2;0;142;855;0;0;0;0
obj;3;86;1;12;12;174;14;0;381;13;1;0;0;112;854;0;0;0;0
coord;3;86;1;0;2;110;857;4;1;0;0;16518
coord;3;86;1;1;4;113;855;2;1;0;1;16518
coord;3;86;1;2;3;110;858;4;1;0;3;16518
coord;3;86;1;3;4;115;854;1;1;0;1;16518
coord;3;86;1;4;14;115;852;1;4;0;3;16518
coord;3;86;1;5;16;109;857;5;1;0;2;16518
bg;3;87;1;0;8161;2;168;795;0;4
obj;3;87;1;0;0;4;15;1;0;3000;1;0;0;166;813;65536;5;0;0
obj;3;87;1;1;1;6;15;1;0;3002;1;0;0;181;818;65536;4;0;0
obj;3;87;1;2;2;4;15;1;0;3001;1;0;0;185;804;65536;5;0;0
obj;3;87;1;3;3;101;17;0;392;7;3;0;0;174;827;65536;0;0;0
obj;3;87;1;4;4;94;0;0;0;3;0;0;0;183;825;0;4;0;0
obj;3;87;1;5;5;94;0;0;0;4;0;0;0;176;804;0;3;0;0
obj;3;87;1;6;6;96;0;0;0;5;0;0;0;174;816;0;0;0;0
obj;3;87;1;7;7;4;5;0;0;2;3;1;0;169;808;0;0;0;0
obj;3;87;1;8;8;87;0;0;1014;7000;0;0;0;162;806;0;0;0;0
coord;3;87;1;0;6;180;825;1;5;0;0;16519
obj;3;88;1;0;0;4;16;1;0;3355;2;0;0;234;757;0;5;0;0
obj;3;88;1;1;1;4;16;1;0;3003;2;0;0;204;750;65536;2;0;0
obj;3;88;1;2;2;6;3;1;0;3322;0;1;1;243;757;0;1;0;0
obj;3;88;1;3;3;4;15;1;0;3354;1;0;0;222;756;262144;4;0;0
obj;3;88;1;4;4;6;15;1;0;3321;1;0;0;240;748;65536;5;0;0
obj;3;88;1;5;5;148;16;0;379;0;2;0;0;201;757;65536;0;0;0
obj;3;88;1;6;6;94;0;0;0;2;0;0;0;200;756;0;2;0;0
obj;3;88;1;7;7;94;0;0;0;3;0;0;0;244;747;0;1;0;0
obj;3;88;1;8;8;96;0;0;0;4;0;0;0;238;752;0;0;0;0
obj;3;88;1;9;9;96;0;0;0;5;0;0;0;217;750;0;0;0;0
obj;3;88;1;10;10;87;0;3;1015;7001;0;0;0;222;745;0;0;0;0
obj;3;88;1;11;11;87;0;3;1016;7002;0;0;0;211;750;0;0;0;0
obj;3;88;1;12;12;6;3;0;0;1;1;1;0;206;757;0;0;0;0
obj;3;88;1;13;9;91;0;0;3;65535;0;0;0;187;756;0;8;0;0
obj;3;88;1;14;14;87;0;3;1270;7255;0;0;0;231;754;0;0;0;0
coord;3;88;1;0;6;196;757;1;4;0;0;16520
obj;3;89;1;0;0;6;7;1;0;3011;3;0;0;172;725;65536;3;0;0
obj;3;89;1;1;1;6;15;1;0;3010;1;0;0;171;712;65536;5;0;0
obj;3;89;1;2;2;4;46;1;0;3009;2;0;0;167;722;65536;3;0;0
obj;3;89;1;3;3;4;5;0;0;1;2;1;0;173;706;0;0;0;0
obj;3;89;1;4;4;94;0;0;0;2;0;0;0;174;721;0;4;0;0
obj;3;89;1;5;5;93;0;0;0;3;0;0;0;170;706;0;0;0;0
obj;3;89;1;6;6;4;5;0;0;0;3;1;0;175;700;0;0;0;0
obj;3;89;1;7;7;87;0;0;1023;7009;0;0;0;162;732;0;0;0;0
obj;3;89;1;8;8;87;0;0;1024;7010;0;0;0;189;716;0;0;0;0
obj;3;89;1;9;9;87;0;0;1096;7082;0;0;0;177;722;0;0;0;0
obj;3;90;1;0;0;5;20;1;0;3012;2;4;0;182;685;327680;1;0;0
obj;3;90;1;1;1;12;9;1;0;3013;1;0;0;177;692;327680;4;0;0
obj;3;90;1;2;2;2;15;1;0;3014;1;0;0;175;679;327680;3;0;0
obj;3;90;1;3;3;2;15;1;0;5014;1;0;0;176;679;327680;4;0;0
obj;3;90;1;4;4;4;5;0;0;1;3;1;0;175;700;327680;0;0;0
obj;3;90;1;5;5;94;0;0;0;3;0;0;0;177;681;0;13;0;0
obj;3;90;1;6;6;93;0;0;0;0;0;0;0;170;706;0;0;0;0
obj;3;90;1;7;7;4;5;0;0;0;2;1;0;173;706;0;0;0;0
obj;3;90;1;8;8;86;0;0;32;10000;0;0;0;181;678;0;0;0;0
obj;3;90;1;9;9;87;0;0;1028;7014;0;0;0;162;682;0;0;0;0
obj;3;90;1;10;10;14;16;0;0;2;2;0;0;191;676;0;0;0;0
obj;3;90;1;11;11;87;0;0;1268;7254;0;0;0;180;695;0;0;0;0
bg;3;91;1;0;8217;2;212;627;0;4
obj;3;91;1;0;0;20;8;1;0;3017;2;0;0;210;637;327680;4;0;0
obj;3;91;1;1;1;12;18;1;0;3020;2;0;0;215;633;327680;3;0;0
obj;3;91;1;2;2;52;11;1;0;3015;3;0;0;215;646;393216;4;0;0
obj;3;91;1;3;3;53;3;1;0;3016;2;1;1;215;619;458752;2;0;0
obj;3;91;1;4;4;20;9;1;0;3018;1;0;0;208;610;458752;2;0;0
obj;3;91;1;5;5;7;39;1;0;3019;1;2;5;207;598;458752;2;0;0
obj;3;91;1;6;6;94;0;0;0;8;0;0;0;215;659;0;2;0;0
obj;3;91;1;7;7;94;0;0;0;9;0;0;0;209;587;0;3;0;0
obj;3;91;1;8;8;5;5;0;0;2;2;1;0;209;584;0;0;0;0
obj;3;91;1;9;9;96;0;0;0;10;0;0;0;209;623;0;0;0;0
obj;3;91;1;10;10;87;0;3;1030;7016;0;0;0;204;618;0;0;0;0
obj;3;91;1;11;11;87;0;3;1031;7017;0;0;0;213;640;0;0;0;0
obj;3;91;1;12;12;124;15;0;418;4;1;0;0;218;653;327680;0;0;0
obj;3;91;1;13;13;124;15;0;418;4;1;0;0;216;653;327680;0;0;0
obj;3;91;1;14;14;100;47;0;0;2800;0;0;0;202;658;0;2;0;0
obj;3;91;1;15;15;100;47;0;0;2800;0;0;0;203;658;0;3;0;0
obj;3;91;1;16;16;100;47;0;0;2800;0;0;0;211;614;0;4;0;0
obj;3;91;1;17;17;100;47;0;0;2800;0;0;0;212;614;0;5;0;0
obj;3;91;1;18;18;2;17;0;504;5;3;0;0;211;661;0;0;0;0
obj;3;91;1;19;11;93;0;0;426;65535;0;0;0;189;655;0;3;0;0
obj;3;91;1;20;20;53;45;1;0;3455;1;0;0;208;595;458752;3;0;0
obj;3;91;1;21;21;52;44;1;0;3376;3;3;3;206;625;393216;2;0;0
obj;3;91;1;22;22;182;0;0;0;2027;0;0;0;212;623;0;0;0;0
obj;3;91;1;23;23;182;0;0;0;2027;0;0;0;219;618;0;0;0;0
obj;3;91;1;24;24;182;0;0;0;2027;0;0;0;212;622;0;0;0;0
obj;3;91;1;25;25;182;0;0;0;2027;0;0;0;219;596;0;0;0;0
obj;3;91;1;26;26;182;0;0;0;2027;0;0;0;219;597;0;0;0;0
obj;3;91;1;27;27;182;0;0;0;2027;0;0;0;220;600;0;0;0;0
obj;3;91;1;28;28;182;0;0;0;2027;0;0;0;219;619;0;0;0;0
obj;3;91;1;29;29;87;0;3;1267;7253;0;0;0;219;608;0;0;0;0
obj;3;91;1;30;30;87;0;3;1140;7126;0;0;0;203;603;0;0;0;0
obj;3;91;1;31;31;4;14;0;383;3;0;0;0;212;653;0;0;0;0
coord;3;91;1;0;6;211;659;1;6;0;0;16521
coord;3;91;1;1;7;217;653;1;1;0;1;16521
obj;3;92;1;0;0;16;0;0;0;1;1;0;0;6;5;0;0;0;0
obj;3;92;1;1;1;5;0;0;0;2;1;0;0;3;5;0;0;0;0
bg;3;93;1;0;8150;2;285;520;0;4
obj;3;93;1;0;0;54;17;1;0;3021;3;0;0;274;531;458752;0;0;0
obj;3;93;1;1;1;54;15;1;0;3022;1;0;0;270;532;458752;0;0;0
obj;3;93;1;2;2;54;15;1;0;3023;1;0;0;277;535;458752;0;0;0
obj;3;93;1;3;3;94;0;0;0;2;0;0;0;262;523;0;2;0;0
obj;3;93;1;4;4;94;0;0;0;3;0;0;0;281;532;0;1;0;0
obj;3;93;1;5;5;54;15;0;0;1;1;0;0;267;532;458752;0;0;0
obj;3;93;1;6;6;87;0;0;1037;7023;0;0;0;274;541;0;0;0;0
obj;3;93;1;7;7;100;47;0;0;2800;0;0;0;277;519;0;14;0;0
obj;3;93;1;8;8;100;47;0;0;2800;0;0;0;278;519;0;15;0;0
obj;3;93;1;9;9;100;47;0;0;2800;0;0;0;279;519;0;16;0;0
obj;3;93;1;10;10;100;47;0;0;2800;0;0;0;280;519;0;17;0;0
obj;3;93;1;11;7;91;0;0;65;65535;0;0;0;293;530;0;11;0;0
bg;3;94;1;0;8004;2;313;647;0;4
bg;3;94;1;1;8005;2;295;635;0;4
obj;3;94;1;0;0;38;17;1;0;3024;3;0;0;302;601;589824;4;0;0
obj;3;94;1;1;1;39;14;1;0;3028;0;0;0;299;611;524288;1;0;0
obj;3;94;1;2;2;38;16;1;0;3025;2;0;0;304;622;458752;5;0;0
obj;3;94;1;3;3;39;20;1;0;3029;3;7;0;299;631;458752;2;0;0
obj;3;94;1;4;4;38;17;1;0;3026;3;0;0;303;644;393216;3;0;0
obj;3;94;1;5;5;39;14;1;0;3030;0;0;0;306;675;196608;1;0;0
obj;3;94;1;6;6;38;14;1;0;3027;0;0;0;300;660;262144;1;0;0
obj;3;94;1;7;7;39;17;1;0;3031;3;0;0;299;669;262144;3;0;0
obj;3;94;1;8;8;94;0;0;0;5;0;0;0;305;700;0;4;0;0
obj;3;94;1;9;9;94;0;0;0;4;0;0;0;302;578;0;3;0;0
obj;3;94;1;10;10;86;0;0;32;10000;0;0;0;310;690;0;0;0;0
obj;3;94;1;11;11;86;0;0;33;10000;0;0;0;311;690;0;0;0;0
obj;3;94;1;12;12;86;0;0;34;10000;0;0;0;312;679;0;0;0;0
obj;3;94;1;13;13;87;0;0;1044;7030;0;0;0;292;623;0;0;0;0
obj;3;94;1;14;14;87;0;0;1045;7031;0;0;0;313;679;0;0;0;0
obj;3;94;1;15;15;100;47;0;0;2800;0;0;0;293;627;0;18;0;0
obj;3;94;1;16;16;100;47;0;0;2800;0;0;0;294;627;0;19;0;0
obj;3;94;1;17;17;100;47;0;0;2800;0;0;0;295;691;0;20;0;0
obj;3;94;1;18;18;100;47;0;0;2800;0;0;0;296;691;0;21;0;0
obj;3;94;1;19;8;96;0;0;353;65535;0;0;0;313;711;0;0;0;0
obj;3;94;1;20;20;87;0;0;1047;7033;0;0;0;302;652;0;0;0;0
obj;3;94;1;21;21;87;0;0;1046;7032;0;0;0;314;631;0;0;0;0
obj;3;94;1;22;22;20;10;1;0;3450;1;0;0;311;622;0;2;0;0
obj;3;94;1;23;23;20;7;0;0;3;3;0;0;292;643;0;0;0;0
obj;3;95;1;0;0;24;17;0;0;2;3;0;0;3;7;0;0;0;0
obj;3;95;1;1;1;24;16;0;0;2;2;0;0;11;7;0;0;0;0
obj;3;95;1;2;2;7;10;0;0;5;2;0;0;9;9;0;0;0;0
coord;3;95;1;0;3;5;6;5;1;0;0;16386
coord;3;95;1;1;4;5;8;5;1;0;1;16386
bg;3;97;1;0;8012;2;313;719;0;4
bg;3;97;1;1;8008;2;349;725;0;4
bg;3;97;1;2;8091;2;299;711;0;4
bg;3;97;1;3;8151;2;337;712;0;4
bg;3;97;1;4;8256;2;338;718;0;4
obj;3;97;1;0;0;52;14;1;0;3033;0;0;0;320;716;327680;5;0;0
obj;3;97;1;1;1;53;15;1;0;3034;1;0;0;320;710;327680;5;0;0
obj;3;97;1;2;2;4;44;1;0;3032;3;6;1;325;725;327680;2;0;0
obj;3;97;1;3;3;20;7;1;0;3036;3;0;0;329;715;0;6;0;0
obj;3;97;1;4;4;20;7;1;0;3035;0;0;0;319;721;458752;2;0;0
obj;3;97;1;5;5;7;20;1;0;3037;3;4;0;336;722;393216;2;0;0
obj;3;97;1;6;6;94;0;0;0;6;0;0;0;297;726;0;4;0;0
obj;3;97;1;7;7;94;0;0;0;5;0;0;0;340;711;0;1;0;0
obj;3;97;1;8;8;96;0;0;0;7;0;0;0;313;711;0;0;0;0
obj;3;97;1;9;9;87;0;0;1057;7043;0;0;0;291;711;0;0;0;0
obj;3;97;1;10;10;87;0;0;1058;7044;0;0;0;323;730;0;0;0;0
obj;3;97;1;11;11;87;0;0;1059;7045;0;0;0;335;725;0;0;0;0
obj;3;97;1;12;12;100;47;0;0;2800;0;0;0;290;706;0;23;0;0
obj;3;97;1;13;13;100;47;0;0;2800;0;0;0;291;706;0;22;0;0
obj;3;97;1;14;14;100;47;0;0;2800;0;0;0;292;706;0;25;0;0
obj;3;97;1;15;15;100;47;0;0;2800;0;0;0;293;706;0;24;0;0
obj;3;97;1;16;8;94;0;0;350;65535;0;0;0;305;700;0;4;0;0
obj;3;97;1;17;9;91;0;0;45;65535;0;0;0;300;737;0;10;0;0
obj;3;97;1;18;18;101;14;0;460;0;0;0;0;301;716;0;0;0;0
obj;3;97;1;19;19;182;0;0;0;2027;0;0;0;326;728;0;0;0;0
obj;3;97;1;20;20;182;0;0;0;2027;0;0;0;327;728;0;0;0;0
obj;3;97;1;21;21;182;0;0;0;2027;0;0;0;328;728;0;0;0;0
obj;3;97;1;22;22;182;0;0;0;2027;0;0;0;326;715;0;0;0;0
obj;3;97;1;23;23;182;0;0;0;2027;0;0;0;328;715;0;0;0;0
obj;3;97;1;24;24;38;14;0;0;4;0;0;0;307;723;0;0;0;0
obj;3;97;1;25;25;87;0;0;1159;7145;0;0;0;327;715;0;0;0;0
obj;3;97;1;26;26;87;0;0;1335;7320;0;0;0;348;727;0;0;0;0
coord;3;97;1;0;2;340;712;1;3;0;0;16524
bg;3;98;1;0;8014;2;389;717;0;4
bg;3;98;1;1;8015;2;428;731;0;4
obj;3;98;1;0;0;20;15;1;0;3038;1;0;0;420;722;0;2;0;0
obj;3;98;1;1;1;20;17;1;0;3039;3;0;0;390;719;0;2;0;0
obj;3;98;1;2;2;20;8;1;0;3040;2;0;0;408;723;0;2;0;0
obj;3;98;1;3;3;51;37;1;0;3041;0;5;1;405;714;0;2;0;0
obj;3;98;1;4;4;54;17;1;0;3042;3;0;0;413;727;0;0;0;0
obj;3;98;1;5;5;12;18;1;0;3043;0;0;0;433;720;0;2;0;0
obj;3;98;1;6;6;44;46;1;0;3044;3;0;0;439;724;0;4;0;0
obj;3;98;1;7;7;85;0;0;32;10001;0;0;0;419;713;0;0;0;0
obj;3;98;1;8;8;85;0;0;33;10001;0;0;0;420;714;0;0;0;0
obj;3;98;1;9;9;85;0;0;34;10001;0;0;0;420;715;0;0;0;0
obj;3;98;1;10;10;94;0;0;0;2;0;0;0;444;724;0;1;0;0
obj;3;98;1;11;11;93;0;0;0;3;0;0;0;439;716;0;0;0;0
obj;3;98;1;12;12;94;0;0;0;1;0;0;0;392;723;0;2;0;0
obj;3;98;1;13;13;100;47;0;0;2800;0;0;0;435;714;0;26;0;0
obj;3;98;1;14;14;100;47;0;0;2800;0;0;0;436;714;0;27;0;0
obj;3;98;1;15;15;100;47;0;0;2800;0;0;0;437;714;0;28;0;0
obj;3;98;1;16;16;100;47;0;0;2800;0;0;0;438;714;0;29;0;0
obj;3;98;1;17;17;87;0;0;1064;7050;0;0;0;416;714;0;0;0;0
obj;3;98;1;18;18;87;0;0;1062;7048;0;0;0;401;705;0;0;0;0
obj;3;98;1;19;19;87;0;0;1063;7049;0;0;0;399;720;0;0;0;0
obj;3;98;1;20;20;85;0;0;35;10001;0;0;0;390;717;0;0;0;0
obj;3;98;1;21;21;85;0;0;36;10001;0;0;0;391;718;0;0;0;0
obj;3;98;1;22;22;51;14;0;0;4;0;0;0;437;733;0;0;0;0
obj;3;98;1;23;23;96;0;0;0;5;0;0;0;434;716;0;0;0;0
obj;3;99;1;0;0;164;0;0;0;2;2;0;0;5;5;0;0;0;0
obj;3;99;1;1;1;2;3;0;0;3;1;1;0;7;7;0;0;0;0
obj;3;99;1;2;2;12;0;0;0;4;1;1;0;8;5;0;0;0;0
obj;3;99;1;3;3;183;15;0;0;5;1;0;0;4;6;0;0;0;0
bg;3;100;1;0;8033;2;565;694;0;4
bg;3;100;1;1;8032;2;522;714;0;4
bg;3;100;1;2;2;0;566;713;0;4
bg;3;100;1;3;2;0;566;714;0;4
bg;3;100;1;4;2;0;567;714;0;4
bg;3;100;1;5;2;0;567;713;0;4
bg;3;100;1;6;8035;2;550;710;0;4
bg;3;100;1;7;8153;2;539;722;0;4
obj;3;100;1;0;0;9;45;1;0;3045;1;0;0;522;725;0;3;0;0
obj;3;100;1;1;1;12;11;1;0;3046;3;0;0;554;711;0;5;0;0
obj;3;100;1;2;2;42;17;1;0;3047;3;0;0;560;690;0;2;0;0
obj;3;100;1;3;3;45;36;1;621;3048;1;8;7;540;716;0;4;0;0
obj;3;100;1;4;4;45;20;1;623;3307;2;5;0;561;715;0;1;0;0
obj;3;100;1;5;5;71;17;1;0;3052;3;0;0;552;722;0;0;0;0
obj;3;100;1;6;6;2;15;1;0;3293;1;0;0;544;720;0;4;0;0
obj;3;100;1;7;7;13;43;1;0;5054;2;3;3;561;685;0;2;0;0
obj;3;100;1;8;8;10;50;1;0;3054;1;0;0;561;684;0;2;0;0
obj;3;100;1;9;9;94;0;0;0;3;0;0;0;519;724;0;2;0;0
obj;3;100;1;10;10;94;0;0;0;4;0;0;0;563;678;0;3;0;0
obj;3;100;1;11;11;86;0;0;32;10000;0;0;0;573;690;0;0;0;0
obj;3;100;1;12;12;87;0;0;1100;7086;0;0;0;527;708;0;0;0;0
obj;3;100;1;13;13;87;0;0;1101;7087;0;0;0;557;720;0;0;0;0
obj;3;100;1;14;14;87;0;0;1103;7089;0;0;0;572;692;0;0;0;0
obj;3;100;1;15;15;87;0;0;1102;7088;0;0;0;548;674;0;0;0;0
obj;3;100;1;16;16;87;0;0;1104;7090;0;0;0;568;726;0;0;0;0
obj;3;100;1;17;17;100;47;0;0;2800;0;0;0;530;712;0;30;0;0
obj;3;100;1;18;18;100;47;0;0;2800;0;0;0;531;712;0;31;0;0
obj;3;100;1;19;19;100;47;0;0;2800;0;0;0;566;697;0;32;0;0
obj;3;100;1;20;20;100;47;0;0;2800;0;0;0;567;697;0;33;0;0
obj;3;100;1;21;21;15;14;0;0;1;0;1;0;570;685;0;0;0;0
obj;3;100;1;22;22;2;15;1;0;5293;1;0;0;545;720;0;4;0;0
obj;3;100;1;23;4;91;0;0;433;65535;0;0;0;564;667;0;4;0;0
obj;3;100;1;24;24;182;0;0;0;2027;0;0;0;540;712;0;0;0;0
obj;3;100;1;25;25;182;0;0;0;2027;0;0;0;541;712;0;0;0;0
obj;3;100;1;26;26;182;0;0;0;2027;0;0;0;565;702;0;0;0;0
obj;3;100;1;27;27;182;0;0;0;2027;0;0;0;565;700;0;0;0;0
obj;3;100;1;28;28;54;17;0;0;5;3;0;0;532;727;0;0;0;0
obj;3;100;1;29;29;45;36;0;620;6;1;8;7;540;716;0;4;0;0
obj;3;100;1;30;30;45;20;0;622;7;2;5;0;561;715;0;2;0;0
obj;3;100;1;31;31;96;0;0;0;9;0;0;0;564;709;0;0;0;0
obj;3;100;1;32;32;87;0;0;1283;7268;0;0;0;556;703;0;0;0;0
obj;3;101;1;0;0;12;15;0;0;2;1;0;0;8;9;0;0;0;0
obj;3;101;1;1;1;12;2;0;0;3;3;0;0;2;4;0;0;0;0
bg;3;102;1;0;8187;2;10;13;0;4
obj;3;102;1;0;0;87;0;0;1105;7091;0;0;0;8;7;0;0;0;0
obj;3;102;1;1;1;4;14;1;0;3531;0;0;0;8;10;0;2;0;0
obj;3;103;1;0;0;87;0;0;1107;7093;0;0;0;1;13;0;0;0;0
obj;3;103;1;1;1;15;16;1;0;3529;2;0;0;7;6;0;1;0;0
obj;3;103;1;2;2;31;7;1;0;3528;3;0;0;5;14;0;2;0;0
bg;3;104;1;0;8188;2;2;11;0;4
obj;3;104;1;0;0;87;0;0;1108;7094;0;0;0;6;12;0;0;0;0
obj;3;104;1;1;1;16;9;1;0;3530;3;0;0;9;11;0;2;0;0
obj;3;104;1;2;2;9;14;1;0;3533;0;0;0;4;9;0;1;0;0
obj;3;104;1;3;3;12;14;1;0;5533;0;0;0;5;9;0;1;0;0
obj;3;104;1;4;4;41;16;1;0;3532;2;0;0;13;13;0;2;0;0
obj;3;104;1;5;5;42;16;1;0;5532;2;0;0;13;14;0;2;0;0
obj;3;105;1;0;0;165;0;0;0;1;1;0;0;7;9;0;0;0;0
obj;3;105;1;1;1;165;0;0;0;2;1;0;0;8;9;0;0;0;0
bg;3;106;1;0;8039;2;549;573;0;4
bg;3;106;1;1;8149;2;555;562;0;4
bg;3;106;1;2;8154;2;565;607;0;4
bg;3;106;1;3;8189;2;566;571;0;4
bg;3;106;1;4;8202;2;573;561;0;4
obj;3;106;1;0;0;1;54;2;0;3487;1;0;0;562;570;0;1;0;0
obj;3;106;1;1;1;1;54;2;0;3488;1;0;0;550;571;0;1;0;0
obj;3;106;1;2;2;2;15;1;0;5064;1;0;0;558;609;0;3;0;0
obj;3;106;1;3;3;2;15;1;0;3064;1;0;0;557;609;0;3;0;0
obj;3;106;1;4;4;1;54;2;0;3489;1;0;0;572;562;0;1;0;0
obj;3;106;1;5;5;45;20;1;625;3305;2;7;0;571;624;0;2;0;0
obj;3;106;1;6;6;9;16;1;0;3055;2;0;0;554;604;0;2;0;0
obj;3;106;1;7;7;12;8;1;0;3056;1;0;0;563;601;0;3;0;0
obj;3;106;1;8;8;42;16;1;0;5289;2;0;0;563;616;0;1;0;0
obj;3;106;1;9;9;41;16;1;0;3289;2;0;0;563;615;0;1;0;0
obj;3;106;1;10;10;94;0;0;0;5;0;0;0;563;631;0;4;0;0
obj;3;106;1;11;11;87;0;0;1114;7100;0;0;0;546;578;0;0;0;0
obj;3;106;1;12;12;87;0;0;1113;7099;0;0;0;554;598;0;0;0;0
obj;3;106;1;13;13;93;0;0;0;4;0;0;0;564;596;0;0;0;0
obj;3;106;1;14;14;87;0;0;1116;7102;0;0;0;575;546;0;0;0;0
obj;3;106;1;15;15;100;47;0;0;2800;0;0;0;570;627;0;38;0;0
obj;3;106;1;16;16;100;47;0;0;2800;0;0;0;571;627;0;39;0;0
obj;3;106;1;17;17;100;47;0;0;2800;0;0;0;572;627;0;40;0;0
obj;3;106;1;18;18;100;47;0;0;2800;0;0;0;573;627;0;41;0;0
obj;3;106;1;19;19;74;15;0;432;1;1;0;0;561;587;0;3;0;0
obj;3;106;1;20;20;138;15;0;433;0;1;0;0;561;580;0;3;0;0
obj;3;106;1;21;21;14;14;0;0;3;0;0;0;566;612;0;0;0;0
obj;3;106;1;22;22;87;0;0;1117;7103;0;0;0;562;565;0;0;0;0
obj;3;106;1;23;5;93;0;0;433;65535;0;0;0;556;645;0;0;0;0
obj;3;106;1;24;24;41;17;1;0;3291;3;0;0;555;627;0;3;0;0
obj;3;106;1;25;8;94;0;0;382;65535;0;0;0;580;596;0;6;0;0
obj;3;106;1;26;26;74;15;0;432;1;1;0;0;560;587;0;3;0;0
obj;3;106;1;27;27;74;15;0;432;1;1;0;0;561;585;0;3;0;0
obj;3;106;1;28;28;74;15;0;432;1;1;0;0;560;586;0;3;0;0
obj;3;106;1;29;23;51;6;0;363;65535;2;0;0;570;535;0;0;0;0
obj;3;106;1;30;30;45;20;0;624;6;2;7;0;571;624;0;2;0;0
bg;3;107;1;0;8045;2;547;525;0;4
bg;3;107;1;1;8044;2;526;519;0;4
obj;3;107;1;0;0;11;7;1;0;3065;3;0;0;534;522;0;4;0;0
obj;3;107;1;1;1;14;14;1;0;3066;0;0;0;547;534;0;2;0;0
obj;3;107;1;2;2;1;54;2;0;3069;1;0;0;564;531;0;1;0;0
obj;3;107;1;3;3;1;54;2;0;3070;1;0;0;525;534;0;1;0;0
obj;3;107;1;4;4;1;53;2;0;3071;1;0;0;499;521;0;1;0;0
obj;3;107;1;5;5;11;16;1;0;3072;2;0;0;560;522;0;3;0;0
obj;3;107;1;6;6;14;15;1;0;3073;1;0;0;511;533;0;2;0;0
obj;3;107;1;7;7;11;50;1;0;3074;1;0;0;537;528;524288;0;0;0
obj;3;107;1;8;8;14;40;1;0;5074;3;3;1;537;529;524288;2;0;0
obj;3;107;1;9;9;17;8;1;0;3067;1;0;0;494;528;0;3;0;0
obj;3;107;1;10;10;51;17;4;0;3068;3;0;0;518;540;0;4;2;0
obj;3;107;1;11;11;94;0;0;0;2;0;0;0;488;529;0;2;0;0
obj;3;107;1;12;12;93;0;0;0;3;0;0;0;562;516;0;0;0;0
obj;3;107;1;13;13;85;0;0;33;10001;0;0;0;497;540;0;0;0;0
obj;3;107;1;14;14;86;0;0;32;10000;0;0;0;559;531;0;0;0;0
obj;3;107;1;15;15;87;0;0;1131;7117;0;0;0;527;535;0;0;0;0
obj;3;107;1;16;16;87;0;0;1132;7118;0;0;0;497;533;0;0;0;0
obj;3;107;1;17;17;87;0;0;1133;7119;0;0;0;493;540;0;0;0;0
obj;3;107;1;18;18;100;47;0;0;2800;0;0;0;492;520;0;42;0;0
obj;3;107;1;19;19;100;47;0;0;2800;0;0;0;493;520;0;43;0;0
obj;3;107;1;20;20;100;47;0;0;2800;0;0;0;494;520;0;44;0;0
obj;3;107;1;21;21;100;47;0;0;2800;0;0;0;495;520;0;45;0;0
obj;3;107;1;22;22;85;0;0;34;10001;0;0;0;498;541;0;0;0;0
obj;3;107;1;23;23;51;6;0;0;1;2;0;0;570;535;0;0;0;0
obj;3;107;1;24;24;87;0;0;1294;7279;0;0;0;562;526;0;0;0;0
obj;3;107;1;25;25;87;0;0;1293;7278;0;0;0;551;536;0;0;0;0
obj;3;108;1;0;0;18;0;0;0;2;1;0;0;5;5;0;0;0;0
bg;3;109;1;0;8003;2;355;521;0;4
bg;3;109;1;1;8228;2;347;517;0;4
obj;3;109;1;0;0;14;15;1;0;3075;1;0;0;367;523;0;2;0;0
obj;3;109;1;1;1;20;9;1;0;3325;1;0;0;377;529;0;4;0;0
obj;3;109;1;2;2;1;53;2;0;3077;1;0;0;361;525;0;1;0;0
obj;3;109;1;3;3;94;0;0;0;2;0;0;0;379;531;0;1;0;0
obj;3;109;1;4;4;85;0;0;32;10001;0;0;0;379;527;0;0;0;0
obj;3;109;1;5;5;87;0;0;1041;7027;0;0;0;368;535;0;0;0;0
obj;3;109;1;6;9;91;0;0;65;65535;0;0;0;344;530;0;11;0;0
obj;3;109;1;7;7;94;0;0;0;3;0;0;0;353;531;0;2;0;0
bg;3;110;1;0;8060;2;431;514;0;4
obj;3;110;1;0;0;14;17;1;0;3080;3;0;0;432;520;0;2;0;0
obj;3;110;1;1;1;1;53;2;0;3079;1;0;0;425;520;0;1;0;0
obj;3;110;1;2;2;51;20;1;0;3078;3;9;0;428;540;0;2;0;0
obj;3;110;1;3;3;86;0;0;32;10000;0;0;0;423;533;0;0;0;0
obj;3;110;1;4;4;85;0;0;33;10001;0;0;0;438;522;0;0;0;0
obj;3;110;1;5;5;85;0;0;34;10001;0;0;0;431;519;0;0;0;0
obj;3;110;1;6;6;85;0;0;35;10001;0;0;0;429;519;0;0;0;0
obj;3;110;1;7;7;85;0;0;36;10001;0;0;0;435;522;0;0;0;0
obj;3;110;1;8;8;85;0;0;37;10001;0;0;0;430;520;0;0;0;0
obj;3;110;1;9;9;84;0;0;38;10002;0;0;0;427;526;0;0;0;0
obj;3;110;1;10;10;96;0;0;0;3;0;0;0;426;530;0;0;0;0
obj;3;110;1;11;11;94;0;0;0;2;0;0;0;420;526;0;2;0;0
obj;3;110;1;12;12;87;0;0;1161;7147;0;0;0;424;514;0;0;0;0
obj;3;110;1;13;13;100;47;0;0;2800;0;0;0;435;524;0;46;0;0
obj;3;110;1;14;14;100;47;0;0;2800;0;0;0;436;524;0;47;0;0
obj;3;110;1;15;15;100;47;0;0;2800;0;0;0;437;524;0;48;0;0
obj;3;110;1;16;16;100;47;0;0;2800;0;0;0;438;524;0;49;0;0
obj;3;110;1;17;17;11;15;0;0;1;1;0;0;430;529;0;0;0;0
obj;3;110;1;18;18;85;0;0;39;10001;0;0;0;438;520;0;0;0;0
obj;3;110;1;19;19;50;8;1;0;3441;1;0;0;429;525;0;2;0;0
obj;3;110;1;20;20;94;0;0;0;4;0;0;0;440;526;0;1;0;0
obj;3;110;1;21;21;87;0;0;1331;7316;0;0;0;433;535;0;0;0;0
bg;3;111;1;0;8018;2;475;803;0;4
bg;3;111;1;1;8017;2;467;779;0;4
obj;3;111;1;0;0;62;17;1;0;3081;3;0;0;472;780;0;1;0;0
obj;3;111;1;1;1;63;16;1;0;3082;2;0;0;474;780;0;1;0;0
obj;3;111;1;2;2;36;7;1;0;3083;3;0;0;455;796;0;2;0;0
obj;3;111;1;3;3;37;8;1;0;3084;2;0;0;458;796;0;3;0;0
obj;3;111;1;4;4;34;9;1;609;3087;3;0;0;458;759;0;3;0;0
obj;3;111;1;5;5;34;29;1;611;3088;2;3;4;458;777;0;3;0;0
obj;3;111;1;6;6;34;20;4;613;3089;1;0;6;460;787;0;2;1;0
obj;3;111;1;7;7;34;20;1;615;3101;3;9;0;466;797;0;2;0;0
obj;3;111;1;8;8;94;0;0;0;2;0;0;0;455;744;0;3;0;0
obj;3;111;1;9;9;93;0;0;0;3;0;0;0;468;803;0;0;0;0
obj;3;111;1;10;10;96;0;0;0;4;0;0;0;459;822;0;0;0;0
obj;3;111;1;11;11;86;0;0;32;10000;0;0;0;454;807;0;0;0;0
obj;3;111;1;12;12;87;0;0;1069;7055;0;0;0;456;791;0;0;0;0
obj;3;111;1;13;13;87;0;0;1068;7054;0;0;0;450;777;0;0;0;0
obj;3;111;1;14;14;100;47;0;0;2800;0;0;0;460;797;0;51;0;0
obj;3;111;1;15;15;100;47;0;0;2800;0;0;0;461;797;0;50;0;0
obj;3;111;1;16;16;100;47;0;0;2800;0;0;0;448;817;0;53;0;0
obj;3;111;1;17;17;100;47;0;0;2800;0;0;0;449;817;0;52;0;0
obj;3;111;1;18;18;87;0;0;1070;7056;0;0;0;459;821;0;0;0;0
obj;3;111;1;19;19;182;0;0;0;2027;0;0;0;456;826;0;0;0;0
obj;3;111;1;20;20;182;0;0;0;2027;0;0;0;461;826;0;0;0;0
obj;3;111;1;21;21;182;0;0;0;2027;0;0;0;464;826;0;0;0;0
obj;3;111;1;22;22;4;5;0;0;1;2;2;0;461;805;0;0;0;0
obj;3;111;1;23;23;19;3;0;0;5;1;1;1;454;748;0;0;0;0
obj;3;111;1;24;24;34;9;0;608;6;3;0;0;458;759;0;3;0;0
obj;3;111;1;25;25;34;29;0;610;7;2;3;4;458;777;0;3;0;0
obj;3;111;1;26;26;34;20;0;612;8;1;0;6;460;787;0;2;1;0
obj;3;111;1;27;27;34;20;0;614;9;3;9;0;466;797;0;2;0;0
obj;3;111;1;28;28;87;0;0;1288;7273;0;0;0;476;768;0;0;0;0
obj;3;111;1;29;29;87;0;0;1287;7272;0;0;0;461;766;0;0;0;0
obj;3;112;1;0;0;175;0;0;0;2;1;0;0;49;6;0;0;0;0
obj;3;112;1;1;1;175;0;0;0;3;1;0;0;34;6;0;0;0;0
obj;3;112;1;2;2;175;0;0;0;4;3;0;0;1;7;0;0;0;0
obj;3;112;1;3;3;175;0;0;0;5;2;0;0;56;7;0;0;0;0
obj;3;112;1;4;4;101;17;0;600;0;3;0;0;1;7;0;0;0;0
obj;3;112;1;5;5;175;17;0;599;0;3;0;0;1;7;0;0;0;0
obj;3;112;1;6;6;175;20;0;0;6;3;3;0;42;6;0;0;0;0
bg;3;113;1;0;8163;2;23;9;0;4
bg;3;113;1;1;3;0;6;4;0;4
bg;3;113;1;2;3;0;6;5;0;4
bg;3;113;1;3;3;0;14;4;0;4
bg;3;113;1;4;3;0;14;5;0;4
bg;3;113;1;5;3;0;22;4;0;4
bg;3;113;1;6;3;0;22;5;0;4
obj;3;113;1;0;0;87;0;0;1072;7058;0;0;0;4;3;0;0;0;0
obj;3;113;1;1;1;175;3;0;0;1;0;2;2;11;6;0;0;0;0
obj;3;113;1;2;2;175;3;0;0;2;3;1;0;20;7;0;0;0;0
bg;3;114;1;0;6;0;16;3;0;0
bg;3;114;1;1;7;0;16;6;0;4
obj;3;114;1;0;0;87;0;0;1071;7057;0;0;0;21;3;0;0;0;0
obj;3;114;1;1;1;82;0;0;0;2;1;0;0;16;8;0;0;0;0
obj;3;114;1;2;2;164;0;0;0;3;1;0;0;15;8;0;0;0;0
obj;3;114;1;3;3;34;0;0;651;4;1;0;0;17;4;0;0;0;0
coord;3;114;1;0;5;16;4;1;1;0;0;16662
bg;3;115;1;0;8019;2;493;858;0;4
bg;3;115;1;1;8026;2;561;835;0;4
bg;3;115;1;2;8025;2;534;851;0;4
bg;3;115;1;3;8021;2;533;857;0;4
bg;3;115;1;4;8024;2;571;839;0;4
bg;3;115;1;5;8023;2;527;847;0;4
bg;3;115;1;6;8022;2;570;835;0;4
bg;3;115;1;7;8020;2;471;856;0;4
obj;3;115;1;0;0;54;14;1;0;3090;0;0;0;507;851;0;0;0;0
obj;3;115;1;1;1;54;16;1;0;3091;2;0;0;500;847;0;0;0;0
obj;3;115;1;2;2;54;15;1;0;3092;1;0;0;499;856;0;0;0;0
obj;3;115;1;3;3;11;15;1;0;3093;1;0;0;551;855;0;2;0;0
obj;3;115;1;4;4;14;15;1;0;3095;1;0;0;457;842;0;2;0;0
obj;3;115;1;5;5;11;14;1;0;3094;0;0;0;457;845;0;2;0;0
obj;3;115;1;6;6;34;8;1;617;3331;1;0;0;474;838;0;2;0;0
obj;3;115;1;7;7;29;8;1;0;3098;2;0;0;458;856;0;3;0;0
obj;3;115;1;8;8;19;7;1;0;3380;0;0;0;492;853;0;3;0;0
obj;3;115;1;9;9;94;0;0;0;4;0;0;0;570;845;0;1;0;0
obj;3;115;1;10;10;93;0;0;0;5;0;0;0;516;847;0;0;0;0
obj;3;115;1;11;11;86;0;0;32;10000;0;0;0;463;848;0;0;0;0
obj;3;115;1;12;12;86;0;0;33;10000;0;0;0;496;840;0;0;0;0
obj;3;115;1;13;13;86;0;0;34;10000;0;0;0;496;841;0;0;0;0
obj;3;115;1;14;14;86;0;0;35;10000;0;0;0;525;836;0;0;0;0
obj;3;115;1;15;15;86;0;0;36;10000;0;0;0;533;837;0;0;0;0
obj;3;115;1;16;16;86;0;0;37;10000;0;0;0;536;838;0;0;0;0
obj;3;115;1;17;17;86;0;0;38;10000;0;0;0;549;839;0;0;0;0
obj;3;115;1;18;18;86;0;0;39;10000;0;0;0;560;859;0;0;0;0
obj;3;115;1;19;19;86;0;0;40;10000;0;0;0;561;859;0;0;0;0
obj;3;115;1;20;20;87;0;0;1073;7059;0;0;0;455;860;0;0;0;0
obj;3;115;1;21;21;87;0;0;1074;7060;0;0;0;475;852;0;0;0;0
obj;3;115;1;22;22;87;0;0;1075;7061;0;0;0;507;846;0;0;0;0
obj;3;115;1;23;23;87;0;0;1076;7062;0;0;0;522;842;0;0;0;0
obj;3;115;1;24;24;87;0;0;1077;7063;0;0;0;545;835;0;0;0;0
obj;3;115;1;25;25;87;0;0;1078;7064;0;0;0;547;862;0;0;0;0
obj;3;115;1;26;26;87;0;0;1079;7065;0;0;0;558;844;0;0;0;0
obj;3;115;1;27;27;100;47;0;0;2800;0;0;0;559;854;0;54;0;0
obj;3;115;1;28;28;100;47;0;0;2800;0;0;0;560;854;0;55;0;0
obj;3;115;1;29;29;100;47;0;0;2800;0;0;0;561;854;0;56;0;0
obj;3;115;1;30;30;100;47;0;0;2800;0;0;0;562;854;0;57;0;0
obj;3;115;1;31;31;29;7;1;0;3485;3;0;0;541;839;0;2;0;0
obj;3;115;1;32;32;55;19;1;0;3326;1;0;0;520;848;0;3;0;0
obj;3;115;1;33;33;55;8;1;0;3327;1;0;0;528;837;0;2;0;0
obj;3;115;1;34;19;182;0;0;367;65535;0;0;0;456;826;0;0;0;0
obj;3;115;1;35;20;182;0;0;367;65535;0;0;0;462;826;0;0;0;0
obj;3;115;1;36;21;182;0;0;367;65535;0;0;0;464;826;0;0;0;0
obj;3;115;1;37;37;3;17;0;0;1;3;0;0;494;844;0;0;0;0
obj;3;115;1;38;38;63;15;0;0;2;1;0;0;543;851;0;0;0;0
obj;3;115;1;39;39;19;2;0;0;3;1;0;0;570;852;0;0;0;0
obj;3;115;1;40;40;34;8;0;616;6;1;0;0;474;838;0;2;0;0
obj;3;115;1;41;41;96;0;0;0;8;0;0;0;523;850;0;0;0;0
obj;3;115;1;42;42;87;0;0;1290;7275;0;0;0;531;849;0;0;0;0
obj;3;115;1;43;43;87;0;0;1289;7274;0;0;0;452;840;0;0;0;0
bg;3;116;1;0;4;0;1;4;0;2
bg;3;116;1;1;2051;0;4;2;0;0
obj;3;116;1;0;0;13;0;0;0;3;3;1;1;3;4;0;0;0;0
obj;3;116;1;1;1;20;3;0;0;5;2;0;0;5;6;0;0;0;0
obj;3;116;1;2;2;2;0;0;0;2;1;0;0;8;7;0;0;0;0
bg;3;117;1;0;8030;2;691;819;0;4
bg;3;117;1;1;8029;2;722;856;0;4
bg;3;117;1;2;8028;2;667;841;0;4
bg;3;117;1;3;8152;2;650;825;0;4
bg;3;117;1;4;8164;2;678;834;0;4
bg;3;117;1;5;8165;2;702;830;0;4
bg;3;117;1;6;8166;2;692;801;0;4
bg;3;117;1;7;8184;2;714;831;0;4
bg;3;117;1;8;8185;2;683;856;0;4
bg;3;117;1;9;8186;2;661;845;0;4
bg;3;117;1;10;8216;2;705;812;0;4
bg;3;117;1;11;8258;2;712;826;0;4
obj;3;117;1;0;0;46;44;1;0;3102;3;8;1;691;858;0;2;0;0
obj;3;117;1;1;1;46;9;1;0;3103;3;0;0;725;842;0;4;0;0
obj;3;117;1;2;2;47;16;1;0;3105;2;0;0;730;842;0;4;0;0
obj;3;117;1;3;3;47;20;7;0;3104;3;5;0;702;851;0;2;1;0
obj;3;117;1;4;4;49;20;1;0;3106;3;9;0;703;832;0;3;0;0
obj;3;117;1;5;5;48;10;1;0;3107;1;0;0;704;827;0;4;0;0
obj;3;117;1;6;6;13;46;1;0;3345;2;0;0;668;827;0;5;0;0
obj;3;117;1;7;7;54;15;1;0;3110;1;0;0;665;845;0;0;0;0
obj;3;117;1;8;8;56;14;1;0;3109;0;0;0;717;854;0;3;0;0
obj;3;117;1;9;9;85;0;0;32;10001;0;0;0;655;828;0;0;0;0
obj;3;117;1;10;10;85;0;0;33;10001;0;0;0;677;827;0;0;0;0
obj;3;117;1;11;11;85;0;0;34;10001;0;0;0;665;839;0;0;0;0
obj;3;117;1;12;12;85;0;0;35;10001;0;0;0;669;842;0;0;0;0
obj;3;117;1;13;13;85;0;0;36;10001;0;0;0;662;843;0;0;0;0
obj;3;117;1;14;14;85;0;0;37;10001;0;0;0;663;844;0;0;0;0
obj;3;117;1;15;15;94;0;0;0;6;0;0;0;651;810;0;2;0;0
obj;3;117;1;16;16;93;0;0;0;8;0;0;0;665;835;0;0;0;0
obj;3;117;1;17;17;93;0;0;0;7;0;0;0;704;819;0;0;0;0
obj;3;117;1;18;18;100;47;0;0;2800;0;0;0;656;808;0;62;0;0
obj;3;117;1;19;19;100;47;0;0;2800;0;0;0;657;808;0;64;0;0
obj;3;117;1;20;20;100;47;0;0;2800;0;0;0;658;808;0;65;0;0
obj;3;117;1;21;21;100;47;0;0;2800;0;0;0;659;808;0;63;0;0
obj;3;117;1;22;22;87;0;0;1090;7076;0;0;0;677;831;0;0;0;0
obj;3;117;1;23;23;87;0;0;1091;7077;0;0;0;700;818;0;0;0;0
obj;3;117;1;24;24;87;0;0;1092;7078;0;0;0;686;851;0;0;0;0
obj;3;117;1;25;25;87;0;0;1093;7079;0;0;0;726;837;0;0;0;0
obj;3;117;1;26;26;87;0;0;1089;7075;0;0;0;689;826;0;0;0;0
obj;3;117;1;27;27;87;0;0;1094;7080;0;0;0;690;811;0;0;0;0
obj;3;117;1;28;28;87;0;0;1095;7081;0;0;0;717;813;0;0;0;0
obj;3;117;1;29;29;54;0;0;0;3;1;0;0;677;837;0;0;0;0
obj;3;117;1;30;30;124;17;0;538;2;3;0;0;683;833;0;0;0;0
obj;3;117;1;31;31;13;3;0;0;4;2;0;0;694;804;0;0;0;0
obj;3;117;1;32;32;19;3;0;0;5;3;0;0;677;823;0;0;0;0
obj;3;117;1;33;33;213;17;0;488;0;3;0;0;671;835;0;0;0;0
obj;3;118;1;0;0;15;3;0;0;1;2;2;0;8;5;0;0;0;0
obj;3;118;1;1;1;8;3;0;0;2;1;2;0;5;8;0;0;0;0
obj;3;119;1;0;0;19;0;0;0;2;1;0;0;5;6;0;0;0;0
obj;3;120;1;0;0;14;0;0;0;3;1;1;0;3;5;0;0;0;0
obj;3;120;1;1;1;34;0;0;0;2;2;0;0;11;4;0;0;0;0
obj;3;120;1;2;2;213;17;0;529;4;3;1;0;9;4;0;0;0;0
obj;3;121;1;0;0;82;0;0;0;1;3;0;0;8;5;0;0;0;0
obj;3;122;1;0;0;43;0;0;0;1;2;1;0;2;3;0;0;0;0
obj;3;122;1;1;1;70;0;0;0;2;2;1;0;8;6;0;0;0;0
obj;3;122;1;2;2;10;3;0;0;3;2;1;1;5;5;0;0;0;0
bg;3;123;1;0;8174;2;9;6;0;4
obj;3;123;1;0;0;62;3;0;0;1;1;0;1;4;4;0;0;0;0
obj;3;123;1;1;1;63;3;0;0;2;2;1;0;6;5;0;0;0;0
bg;3;124;1;0;8043;2;724;695;0;4
bg;3;124;1;1;8042;2;734;681;0;4
bg;3;124;1;2;8168;2;722;704;0;4
obj;3;124;1;0;0;62;45;1;0;3120;0;0;0;726;676;0;2;0;0
obj;3;124;1;1;1;19;6;1;0;3271;0;0;0;731;719;0;1;0;0
obj;3;124;1;2;2;19;20;4;0;3272;0;0;6;729;685;0;2;6;0
obj;3;124;1;3;3;50;17;1;0;3112;3;0;0;714;691;0;4;0;0
obj;3;124;1;4;4;50;45;1;0;3113;0;0;0;721;709;0;3;0;0
obj;3;124;1;5;5;19;18;1;0;3381;0;0;0;719;701;0;3;0;0
obj;3;124;1;6;6;13;17;1;0;3490;3;0;0;731;688;0;1;0;0
obj;3;124;1;7;7;70;20;5;0;3118;1;0;4;731;694;0;1;2;0
obj;3;124;1;8;8;70;16;4;0;3119;2;0;0;721;660;0;5;0;0
obj;3;124;1;9;9;85;0;0;32;10001;0;0;0;712;681;0;0;0;0
obj;3;124;1;10;10;85;0;0;33;10001;0;0;0;711;682;0;0;0;0
obj;3;124;1;11;11;94;0;0;0;1;0;0;0;716;656;0;3;0;0
obj;3;124;1;12;12;94;0;0;0;2;0;0;0;726;717;0;4;0;0
obj;3;124;1;13;13;100;47;0;0;2800;0;0;0;728;660;0;66;0;0
obj;3;124;1;14;14;100;47;0;0;2800;0;0;0;729;660;0;67;0;0
obj;3;124;1;15;15;100;47;0;0;2800;0;0;0;730;660;0;68;0;0
obj;3;124;1;16;16;100;47;0;0;2800;0;0;0;731;660;0;69;0;0
obj;3;124;1;17;17;87;0;0;1129;7115;0;0;0;731;648;0;0;0;0
obj;3;124;1;18;18;87;0;0;1128;7114;0;0;0;725;678;0;0;0;0
obj;3;124;1;19;19;87;0;0;1127;7113;0;0;0;722;727;0;0;0;0
obj;3;124;1;20;20;87;0;0;1126;7112;0;0;0;724;701;0;0;0;0
obj;3;124;1;21;21;182;0;0;0;2027;0;0;0;711;707;0;0;0;0
obj;3;124;1;22;22;182;0;0;0;2027;0;0;0;711;706;0;0;0;0
obj;3;124;1;23;23;182;0;0;0;2027;0;0;0;711;705;0;0;0;0
obj;3;124;1;24;24;182;0;0;0;2027;0;0;0;711;676;0;0;0;0
obj;3;124;1;25;25;182;0;0;0;2027;0;0;0;711;677;0;0;0;0
obj;3;124;1;26;26;182;0;0;0;2027;0;0;0;711;678;0;0;0;0
obj;3;124;1;27;27;87;0;0;1332;7317;0;0;0;711;687;0;0;0;0
obj;3;125;1;0;0;82;3;0;0;1;0;0;3;6;8;0;0;0;0
obj;3;125;1;1;1;22;0;0;706;10164;3;0;0;4;4;0;0;0;0
bg;3;126;1;0;8181;2;614;582;0;4
bg;3;126;1;1;8182;2;659;583;0;4
bg;3;126;1;2;8183;2;643;591;0;4
obj;3;126;1;0;0;51;46;1;0;3127;2;0;0;607;584;0;3;0;0
obj;3;126;1;1;1;51;16;1;0;3126;2;0;0;621;578;0;3;0;0
obj;3;126;1;2;2;51;16;1;0;3128;2;0;0;643;582;0;2;0;0
obj;3;126;1;3;3;45;36;1;627;3129;1;9;4;654;589;0;3;0;0
obj;3;126;1;4;4;50;15;1;0;3303;1;0;0;589;590;0;3;0;0
obj;3;126;1;5;5;11;14;1;0;3277;0;0;0;648;599;0;2;0;0
obj;3;126;1;6;6;14;15;1;0;3286;1;0;0;648;596;0;2;0;0
obj;3;126;1;7;7;45;37;1;629;3306;0;5;3;603;593;0;3;0;0
obj;3;126;1;8;8;94;0;0;0;3;0;0;0;580;596;0;6;0;0
obj;3;126;1;9;9;94;0;0;0;4;0;0;0;658;596;0;1;0;0
obj;3;126;1;10;10;86;0;0;32;10000;0;0;0;611;578;0;0;0;0
obj;3;126;1;11;11;86;0;0;33;10000;0;0;0;621;594;0;0;0;0
obj;3;126;1;12;12;86;0;0;34;10000;0;0;0;634;578;0;0;0;0
obj;3;126;1;13;13;86;0;0;35;10000;0;0;0;657;588;0;0;0;0
obj;3;126;1;14;14;86;0;0;36;10000;0;0;0;657;589;0;0;0;0
obj;3;126;1;15;15;100;47;0;0;2800;0;0;0;628;592;0;70;0;0
obj;3;126;1;16;16;100;47;0;0;2800;0;0;0;629;592;0;71;0;0
obj;3;126;1;17;17;100;47;0;0;2800;0;0;0;660;593;0;72;0;0
obj;3;126;1;18;18;100;47;0;0;2800;0;0;0;661;593;0;73;0;0
obj;3;126;1;19;19;87;0;0;1119;7105;0;0;0;626;599;0;0;0;0
obj;3;126;1;20;20;87;0;0;1121;7107;0;0;0;637;596;0;0;0;0
obj;3;126;1;21;21;87;0;0;1120;7106;0;0;0;600;591;0;0;0;0
obj;3;126;1;22;22;87;0;0;1122;7108;0;0;0;661;587;0;0;0;0
obj;3;126;1;23;23;51;14;0;0;2;0;0;0;611;598;0;0;0;0
obj;3;126;1;24;24;87;0;0;1118;7104;0;0;0;620;580;0;0;0;0
obj;3;126;1;25;25;45;36;0;626;5;1;9;4;654;589;0;3;0;0
obj;3;126;1;26;26;45;37;0;628;6;0;5;3;603;593;0;3;0;0
obj;3;126;1;27;27;96;0;0;0;8;0;0;0;619;585;0;0;0;0
obj;3;126;1;28;28;87;0;0;1285;7270;0;0;0;660;576;0;0;0;0
bg;3;127;1;0;8071;2;357;409;0;4
obj;3;127;1;0;0;68;15;1;0;3131;1;0;0;355;402;0;3;0;0
obj;3;127;1;1;1;69;14;1;0;3133;0;0;0;328;405;0;4;0;0
obj;3;127;1;2;2;51;7;1;0;3257;0;0;0;337;392;0;3;0;0
obj;3;127;1;3;3;32;20;7;0;3135;2;7;0;350;392;0;2;0;0
obj;3;127;1;4;4;68;45;1;0;3132;1;0;0;299;394;0;2;0;0
obj;3;127;1;5;5;69;6;1;0;3134;0;0;0;344;411;0;2;0;0
obj;3;127;1;6;6;33;38;1;0;3137;3;12;4;342;385;0;2;0;0
obj;3;127;1;7;7;32;38;1;0;3136;1;4;2;311;402;0;1;0;0
obj;3;127;1;8;8;33;44;1;0;3138;3;7;4;366;391;0;2;0;0
obj;3;127;1;9;9;94;0;0;0;2;0;0;0;375;402;0;1;0;0
obj;3;127;1;10;10;93;0;0;0;3;0;0;0;305;399;0;0;0;0
obj;3;127;1;11;11;87;0;0;1171;7157;0;0;0;377;392;0;0;0;0
obj;3;127;1;12;12;87;0;0;1173;7159;0;0;0;342;396;0;0;0;0
obj;3;127;1;13;13;87;0;0;1172;7158;0;0;0;358;389;0;0;0;0
obj;3;127;1;14;14;87;0;0;1260;7246;0;0;0;367;386;0;0;0;0
obj;3;127;1;15;15;87;0;0;1305;7290;0;0;0;369;397;0;0;0;0
obj;3;127;1;16;16;87;0;0;1306;7291;0;0;0;331;411;0;0;0;0
bg;3;128;1;0;3;0;8;6;0;5
bg;3;128;1;1;3;0;8;7;0;3
obj;3;128;1;0;0;20;0;0;0;1;1;0;0;3;5;0;0;0;0
obj;3;128;1;1;1;65;3;0;0;2;2;0;1;6;4;0;0;0;0
bg;3;129;1;0;8072;2;292;332;0;4
bg;3;129;1;1;8073;2;316;291;0;4
bg;3;129;1;2;8193;2;291;299;0;4
bg;3;129;1;3;8194;2;304;354;0;4
bg;3;129;1;4;8195;2;305;308;0;4
bg;3;129;1;5;8196;2;313;324;0;4
bg;3;129;1;6;8197;2;299;319;0;4
bg;3;129;1;7;8198;2;318;303;0;4
bg;3;129;1;8;8199;2;314;348;0;4
bg;3;129;1;9;8200;2;288;337;0;4
obj;3;129;1;0;0;32;39;1;0;3141;1;2;8;318;344;0;3;0;0
obj;3;129;1;1;1;33;37;1;0;3143;0;4;6;294;296;0;4;0;0
obj;3;129;1;2;2;32;44;7;0;3142;3;4;6;314;296;0;2;0;0
obj;3;129;1;3;3;33;19;1;0;3144;1;0;0;291;344;0;3;0;0
obj;3;129;1;4;4;1;51;2;0;3145;1;0;0;310;351;0;1;0;0
obj;3;129;1;5;5;1;51;2;0;3146;1;0;0;290;321;0;1;0;0
obj;3;129;1;6;6;51;20;5;0;3147;1;0;8;291;273;0;2;0;0
obj;3;129;1;7;7;68;16;1;0;3139;2;0;0;307;369;0;3;0;0
obj;3;129;1;8;8;69;17;1;0;3140;3;0;0;302;267;0;5;0;0
obj;3;129;1;9;9;94;0;0;0;2;0;0;0;292;270;0;10;0;0
obj;3;129;1;10;10;87;0;0;1175;7161;0;0;0;296;305;0;0;0;0
obj;3;129;1;11;11;87;0;0;1176;7162;0;0;0;305;330;0;0;0;0
obj;3;129;1;12;12;87;0;0;1174;7160;0;0;0;300;316;0;0;0;0
obj;3;129;1;13;13;191;0;0;0;1;0;0;0;313;275;0;0;0;0
obj;3;129;1;14;14;65;2;0;0;3;0;0;0;313;281;0;0;0;0
obj;3;129;1;15;15;129;14;0;663;0;0;0;0;305;383;0;0;0;0
obj;3;129;1;16;16;87;0;0;1307;7292;0;0;0;297;358;0;0;0;0
obj;3;129;1;17;17;87;0;0;1308;7293;0;0;0;311;350;0;0;0;0
obj;3;129;1;18;18;87;0;0;1309;7294;0;0;0;316;309;0;0;0;0
coord;3;129;1;0;4;302;376;2;1;0;0;16552
obj;3;130;1;0;0;20;8;0;0;1;0;0;0;4;5;0;0;0;0
obj;3;131;1;0;0;12;11;0;607;1;1;0;0;4;5;0;0;0;0
obj;3;132;1;0;0;10;15;1;0;3299;1;0;0;80;753;0;4;0;0
obj;3;132;1;1;1;56;7;1;0;3337;3;0;0;76;746;0;3;0;0
obj;3;132;1;2;2;54;17;1;0;3152;3;0;0;93;757;0;0;0;0
obj;3;132;1;3;3;54;17;1;0;3153;3;0;0;93;751;0;0;0;0
obj;3;132;1;4;4;94;0;0;0;2;0;0;0;119;756;0;1;0;0
obj;3;132;1;5;5;94;0;0;0;1;0;0;0;72;752;0;2;0;0
obj;3;132;1;6;6;87;0;0;1146;7132;0;0;0;117;744;0;0;0;0
obj;3;132;1;7;7;87;0;0;1147;7133;0;0;0;93;759;0;0;0;0
obj;3;132;1;8;8;100;47;0;0;2800;0;0;0;87;752;0;74;0;0
obj;3;132;1;9;9;100;47;0;0;2800;0;0;0;88;752;0;75;0;0
obj;3;132;1;10;10;100;47;0;0;2800;0;0;0;89;752;0;76;0;0
obj;3;132;1;11;11;100;47;0;0;2800;0;0;0;90;752;0;77;0;0
obj;3;132;1;12;12;182;0;0;0;2027;0;0;0;74;744;0;0;0;0
obj;3;132;1;13;13;182;0;0;0;2027;0;0;0;74;749;0;0;0;0
obj;3;132;1;14;14;10;15;0;665;3;1;0;0;73;753;0;0;0;0
obj;3;132;1;15;15;72;15;0;665;5;1;0;0;73;754;0;0;0;0
obj;3;132;1;16;16;72;15;0;665;6;1;0;0;72;755;0;0;0;0
obj;3;132;1;17;17;71;14;0;665;7;0;0;0;73;756;0;0;0;0
obj;3;132;1;18;18;71;14;0;665;7;0;0;0;71;756;0;0;0;0
obj;3;132;1;19;19;54;14;0;665;4;0;0;0;73;757;0;0;0;0
obj;3;132;1;20;20;87;0;0;1271;7256;0;0;0;104;748;0;0;0;0
obj;3;133;1;0;0;34;3;0;0;1;1;2;0;7;6;0;0;0;0
obj;3;133;1;1;1;54;2;0;0;2;0;0;0;4;8;0;0;0;0
obj;3;134;1;0;0;34;0;0;0;1;1;0;0;2;5;0;0;0;0
obj;3;134;1;1;1;29;0;0;540;0;3;0;0;5;7;0;0;0;0
coord;3;134;1;0;2;7;5;1;5;0;0;16645
bg;3;135;1;0;8169;2;175;889;0;4
obj;3;135;1;0;0;49;20;1;0;3357;3;4;0;171;887;0;3;0;0
obj;3;135;1;1;1;48;16;1;0;3359;2;0;0;176;887;0;3;0;0
obj;3;135;1;2;2;94;0;0;0;1;0;0;0;179;866;0;4;0;0
obj;3;135;1;3;3;87;0;0;1138;7124;0;0;0;169;877;0;0;0;0
bg;3;136;1;0;8050;2;267;923;0;4
bg;3;136;1;1;8049;2;264;897;0;4
bg;3;136;1;2;8190;2;280;921;0;4
bg;3;136;1;3;8191;2;308;919;0;4
bg;3;136;1;4;8192;2;272;917;0;4
obj;3;136;1;0;0;46;4;1;0;3165;1;0;0;235;912;0;2;0;0
obj;3;136;1;1;1;47;2;1;0;3166;0;0;0;237;922;0;3;0;0
obj;3;136;1;2;2;54;16;1;0;3167;2;0;0;250;919;65536;0;0;0
obj;3;136;1;3;3;19;14;1;0;3273;0;0;0;288;915;65536;3;0;0
obj;3;136;1;4;4;11;16;1;0;3169;2;0;0;305;917;65536;3;0;0
obj;3;136;1;5;5;14;2;1;0;3170;2;0;0;277;923;65536;3;0;0
obj;3;136;1;6;6;93;0;0;0;3;0;0;0;308;913;0;0;0;0
obj;3;136;1;7;7;87;0;0;1144;7130;0;0;0;239;908;0;0;0;0
obj;3;136;1;8;8;87;0;0;1145;7131;0;0;0;295;922;0;0;0;0
obj;3;136;1;9;9;87;0;0;1143;7129;0;0;0;256;916;0;0;0;0
obj;3;136;1;10;10;100;47;0;0;2800;0;0;0;278;918;0;78;0;0
obj;3;136;1;11;11;100;47;0;0;2800;0;0;0;279;918;0;79;0;0
obj;3;136;1;12;12;100;47;0;0;2800;0;0;0;280;918;0;80;0;0
obj;3;136;1;13;13;100;47;0;0;2800;0;0;0;281;918;0;81;0;0
obj;3;136;1;14;14;87;0;0;1115;7101;0;0;0;250;902;0;0;0;0
obj;3;136;1;15;15;40;0;0;639;1;1;0;0;306;912;0;0;0;0
obj;3;136;1;16;16;40;0;0;640;2;1;0;0;307;912;0;0;0;0
obj;3;137;1;0;0;6;2;0;0;11;1;0;0;3;16;0;0;0;0
obj;3;137;1;1;1;166;0;0;466;0;1;0;0;7;15;0;0;0;0
obj;3;137;1;2;2;13;3;0;0;8;1;1;1;12;17;0;0;0;0
obj;3;137;1;3;3;9;3;0;0;9;1;1;1;2;11;0;0;0;0
obj;3;137;1;4;4;6;0;0;0;5;0;1;1;9;4;0;0;0;0
obj;3;137;1;5;5;15;0;0;0;6;0;1;1;8;4;0;0;0;0
obj;3;137;1;6;6;4;0;0;0;7;0;1;1;3;4;0;0;0;0
obj;3;137;1;7;7;40;0;0;0;2;1;1;1;7;11;0;0;0;0
obj;3;137;1;8;8;63;0;0;0;13;0;0;0;14;4;0;0;0;0
bg;3;138;1;0;2;0;4;2;0;0
obj;3;138;1;0;0;17;0;0;0;1;3;0;0;2;5;0;0;0;0
bg;3;139;1;0;8109;2;806;792;0;4
bg;3;139;1;1;8007;2;730;773;0;4
bg;3;139;1;2;8157;2;813;792;0;4
bg;3;139;1;3;8158;2;783;774;0;4
bg;3;139;1;4;8263;2;819;789;0;4
bg;3;139;1;5;8264;2;765;788;0;4
bg;3;139;1;6;8265;2;779;790;0;4
bg;3;139;1;7;8266;2;796;789;0;4
obj;3;139;1;0;0;54;15;1;0;3171;1;0;0;777;790;0;0;0;0
obj;3;139;1;1;1;54;15;1;0;3172;1;0;0;761;789;0;0;0;0
obj;3;139;1;2;2;54;15;1;0;3173;1;0;0;769;789;0;0;0;0
obj;3;139;1;3;3;54;15;1;0;3174;1;0;0;782;790;0;0;0;0
obj;3;139;1;4;4;13;45;1;0;3491;1;0;0;771;777;0;2;0;0
obj;3;139;1;5;5;49;16;1;0;3358;2;0;0;812;781;0;3;0;0
obj;3;139;1;6;6;62;17;1;0;3334;3;0;0;751;782;0;6;0;0
obj;3;139;1;7;7;56;15;1;0;3179;1;0;0;814;785;0;2;0;0
obj;3;139;1;8;8;34;20;4;619;3332;3;8;0;794;778;0;2;2;0
obj;3;139;1;9;9;48;45;1;0;3360;0;0;0;787;788;0;2;0;0
obj;3;139;1;10;10;56;46;1;0;3336;3;0;0;808;781;0;3;0;0
obj;3;139;1;11;11;94;0;0;0;4;0;0;0;821;784;0;9;0;0
obj;3;139;1;12;12;94;0;0;0;3;0;0;0;749;787;0;2;0;0
obj;3;139;1;13;13;93;0;0;0;5;0;0;0;793;784;0;0;0;0
obj;3;139;1;14;14;93;0;0;0;6;0;0;0;804;784;0;0;0;0
obj;3;139;1;15;15;54;15;0;0;1;1;0;0;801;791;0;0;0;0
obj;3;139;1;16;16;85;0;0;32;10001;0;0;0;789;785;0;0;0;0
obj;3;139;1;17;17;85;0;0;33;10001;0;0;0;804;792;0;0;0;0
obj;3;139;1;18;18;86;0;0;34;10000;0;0;0;814;775;0;0;0;0
obj;3;139;1;19;19;87;0;0;1190;7176;0;0;0;785;781;0;0;0;0
obj;3;139;1;20;20;87;0;0;1189;7175;0;0;0;816;783;0;0;0;0
obj;3;139;1;21;21;100;47;0;0;2800;0;0;0;760;772;0;82;0;0
obj;3;139;1;22;22;100;47;0;0;2800;0;0;0;761;772;0;83;0;0
obj;3;139;1;23;23;100;47;0;0;2800;0;0;0;762;772;0;84;0;0
obj;3;139;1;24;24;100;47;0;0;2800;0;0;0;763;772;0;85;0;0
obj;3;139;1;25;25;62;15;0;0;2;1;0;0;788;781;0;0;0;0
obj;3;139;1;26;26;182;0;0;0;2027;0;0;0;775;780;0;0;0;0
obj;3;139;1;27;27;182;0;0;0;2027;0;0;0;773;780;0;0;0;0
obj;3;139;1;28;28;182;0;0;0;2027;0;0;0;771;780;0;0;0;0
obj;3;139;1;29;29;34;20;0;618;7;3;8;0;794;778;0;2;2;0
obj;3;139;1;30;30;87;0;0;1314;7299;0;0;0;809;790;0;0;0;0
obj;3;139;1;31;31;87;0;0;1315;7300;0;0;0;798;782;0;0;0;0
obj;3;140;1;0;0;71;5;0;0;2;2;1;0;8;5;0;0;0;0
obj;3;140;1;1;1;71;3;0;0;2;0;1;0;2;7;0;0;0;0
obj;3;140;1;2;2;71;3;0;0;2;3;1;1;1;4;0;0;0;0
obj;3;140;1;3;3;71;3;0;0;2;1;1;1;7;7;0;0;0;0
obj;3;140;1;4;4;71;5;0;0;2;3;1;0;7;5;0;0;0;0
obj;3;140;1;5;5;15;11;0;0;7;1;0;0;5;5;0;0;0;0
obj;3;140;1;6;6;71;3;1;0;3831;3;1;0;4;3;0;0;0;0
obj;3;141;1;0;0;54;0;0;0;2;2;0;0;5;5;0;0;0;0
obj;3;142;1;0;0;40;10;0;0;1;1;0;0;7;5;0;0;0;0
obj;3;142;1;1;1;15;3;0;0;2;3;3;0;6;8;0;0;0;0
bg;3;143;1;0;8124;2;881;530;0;4
bg;3;143;1;1;8125;2;899;535;0;4
bg;3;143;1;2;8126;2;908;530;0;4
bg;3;143;1;3;8127;2;914;533;0;4
bg;3;143;1;4;8170;2;917;529;0;4
bg;3;143;1;5;8171;2;883;563;0;4
bg;3;143;1;6;8172;2;908;527;0;4
bg;3;143;1;7;3;0;908;491;0;0
obj;3;143;1;0;0;87;0;0;1208;7194;0;0;0;884;570;0;0;0;0
obj;3;143;1;1;1;87;0;0;1209;7195;0;0;0;869;530;0;0;0;0
obj;3;143;1;2;2;87;0;0;1210;7196;0;0;0;907;509;0;0;0;0
obj;3;143;1;3;3;166;0;0;594;4;1;0;0;909;492;0;0;0;0
obj;3;143;1;4;4;100;47;0;0;2800;0;0;0;906;522;0;86;0;0
obj;3;143;1;5;5;100;47;0;0;2800;0;0;0;907;522;0;87;0;0
obj;3;143;1;6;6;100;47;0;0;2800;0;0;0;908;522;0;88;0;0
obj;3;143;1;7;7;100;47;0;0;2800;0;0;0;909;522;0;89;0;0
obj;3;143;1;8;8;11;17;1;0;3281;3;0;0;883;547;0;3;0;0
obj;3;143;1;9;9;70;14;1;0;3287;0;0;0;875;529;0;4;0;0
obj;3;143;1;10;10;51;38;1;0;3312;3;10;2;901;532;0;2;0;0
obj;3;143;1;11;11;17;8;1;0;3361;1;0;0;885;533;0;3;0;0
obj;3;143;1;12;12;70;17;1;0;3288;3;0;0;869;536;0;2;0;0
obj;3;143;1;13;13;14;16;1;0;3285;2;0;0;915;518;0;6;0;0
obj;3;143;1;14;14;50;17;1;0;3304;3;0;0;913;522;0;4;0;0
obj;3;143;1;15;15;11;19;1;0;3276;3;0;0;904;511;0;3;0;0
obj;3;143;1;16;16;158;0;0;604;0;1;0;0;911;480;0;0;0;0
obj;3;143;1;17;17;87;0;0;1318;7303;0;0;0;923;503;0;0;0;0
obj;3;143;1;18;18;87;0;0;1319;7304;0;0;0;904;524;0;0;0;0
obj;3;143;1;19;19;87;0;0;1320;7305;0;0;0;914;509;0;0;0;0
obj;3;143;1;20;20;87;0;0;1317;7302;0;0;0;877;541;0;0;0;0
obj;3;143;1;21;21;143;14;0;714;6;0;0;0;907;493;0;0;0;0
coord;3;143;1;0;5;903;496;1;3;0;1;16517
bg;3;144;1;0;8130;2;627;370;0;4
bg;3;144;1;1;8173;2;636;389;0;4
bg;3;144;1;2;8203;2;614;373;0;4
bg;3;144;1;3;8204;2;621;331;0;4
obj;3;144;1;0;0;94;0;0;0;1;0;0;0;628;410;0;4;0;0
obj;3;144;1;1;1;94;0;0;0;2;0;0;0;630;330;0;1;0;0
obj;3;144;1;2;2;87;0;0;1212;7198;0;0;0;611;410;0;0;0;0
obj;3;144;1;3;3;87;0;0;1213;7199;0;0;0;637;394;0;0;0;0
obj;3;144;1;4;4;87;0;0;1214;7200;0;0;0;618;399;0;0;0;0
obj;3;144;1;5;5;87;0;0;1215;7201;0;0;0;610;368;0;0;0;0
obj;3;144;1;6;6;87;0;0;1216;7202;0;0;0;610;350;0;0;0;0
obj;3;144;1;7;7;87;0;0;1217;7203;0;0;0;628;321;0;0;0;0
obj;3;144;1;8;8;100;47;0;0;2800;0;0;0;610;337;0;97;0;0
obj;3;144;1;9;9;100;47;0;0;2800;0;0;0;613;337;0;96;0;0
obj;3;144;1;10;10;100;47;0;0;2800;0;0;0;611;337;0;95;0;0
obj;3;144;1;11;11;100;47;0;0;2800;0;0;0;612;337;0;94;0;0
obj;3;144;1;12;12;87;0;0;1218;7204;0;0;0;611;388;0;0;0;0
obj;3;144;1;13;13;86;0;0;32;10000;0;0;0;632;394;0;0;0;0
obj;3;144;1;14;14;86;0;0;33;10000;0;0;0;632;395;0;0;0;0
obj;3;144;1;15;15;86;0;0;34;10000;0;0;0;613;368;0;0;0;0
obj;3;144;1;16;16;86;0;0;35;10000;0;0;0;613;369;0;0;0;0
obj;3;144;1;17;17;86;0;0;36;10000;0;0;0;614;339;0;0;0;0
obj;3;144;1;18;18;86;0;0;37;10000;0;0;0;614;340;0;0;0;0
obj;3;144;1;19;19;11;20;4;0;3562;3;4;0;612;377;0;2;2;0
obj;3;144;1;20;20;14;9;1;0;3593;1;0;0;628;392;0;4;0;0
obj;3;144;1;21;21;14;14;1;0;3553;0;0;0;628;397;0;4;0;0
obj;3;144;1;22;22;70;16;1;0;3584;2;0;0;631;392;0;2;0;0
obj;3;144;1;23;23;11;16;1;0;3556;2;0;0;627;322;0;3;0;0
obj;3;144;1;24;24;14;17;1;0;3572;3;0;0;619;340;0;4;0;0
obj;3;144;1;25;0;91;0;0;450;65535;0;0;0;646;338;0;6;0;0
obj;3;144;1;26;26;11;28;1;0;3592;3;2;6;612;397;0;2;0;0
obj;3;144;1;27;27;11;14;1;0;3566;0;0;0;624;367;0;3;0;0
obj;3;144;1;28;28;86;0;0;38;10000;0;0;0;634;361;0;0;0;0
obj;3;144;1;29;29;86;0;0;39;10000;0;0;0;635;361;0;0;0;0
obj;3;144;1;30;30;87;0;0;1321;7306;0;0;0;630;338;0;0;0;0
bg;3;147;1;0;8136;2;741;264;0;4
bg;3;147;1;1;8137;2;749;280;0;4
bg;3;147;1;2;8159;2;744;326;0;4
obj;3;147;1;0;0;94;0;0;0;2;0;0;0;755;314;0;3;0;0
obj;3;147;1;1;1;87;0;0;1222;7208;0;0;0;759;283;0;0;0;0
obj;3;147;1;2;2;87;0;0;1223;7209;0;0;0;745;295;0;0;0;0
obj;3;147;1;3;3;148;16;0;471;0;2;0;0;739;305;0;0;0;0
obj;3;147;1;4;4;128;17;0;472;0;3;0;0;738;305;0;0;0;0
obj;3;147;1;5;5;11;16;1;0;3563;2;0;0;756;308;0;2;0;0
obj;3;147;1;6;6;14;14;1;0;3594;0;0;0;747;311;0;2;0;0
obj;3;147;1;7;7;51;9;1;0;3587;1;0;0;764;266;0;2;0;0
obj;3;147;1;8;8;14;16;1;0;3575;2;0;0;752;295;0;2;0;0
obj;3;147;1;9;9;182;0;0;0;2027;0;0;0;754;297;0;0;0;0
obj;3;147;1;10;10;182;0;0;0;2027;0;0;0;754;296;0;0;0;0
obj;3;147;1;11;11;144;6;0;654;4;0;0;0;758;275;0;0;0;0
obj;3;147;1;12;12;87;0;0;1322;7307;0;0;0;751;271;0;0;0;0
coord;3;147;1;0;1;738;306;2;1;0;0;16523
coord;3;147;1;1;3;758;277;1;1;0;0;16665
bg;3;150;1;0;8142;2;793;402;0;4
bg;3;150;1;1;8144;2;774;357;0;4
bg;3;150;1;2;8143;2;781;365;0;4
bg;3;150;1;3;8205;2;780;334;0;4
bg;3;150;1;4;8206;2;778;326;0;4
bg;3;150;1;5;8207;2;775;404;0;4
obj;3;150;1;0;0;94;0;0;0;1;0;0;0;779;329;0;2;0;0
obj;3;150;1;1;1;94;0;0;0;2;0;0;0;786;406;0;4;0;0
obj;3;150;1;2;2;85;0;0;32;10001;0;0;0;793;372;0;0;0;0
obj;3;150;1;3;3;85;0;0;33;10001;0;0;0;781;352;0;0;0;0
obj;3;150;1;4;4;85;0;0;34;10001;0;0;0;782;352;0;0;0;0
obj;3;150;1;5;5;85;0;0;35;10001;0;0;0;783;353;0;0;0;0
obj;3;150;1;6;6;87;0;0;1238;7224;0;0;0;786;333;0;0;0;0
obj;3;150;1;7;7;87;0;0;1239;7225;0;0;0;796;346;0;0;0;0
obj;3;150;1;8;8;87;0;0;1240;7226;0;0;0;794;385;0;0;0;0
obj;3;150;1;9;9;87;0;0;1241;7227;0;0;0;780;345;0;0;0;0
obj;3;150;1;10;10;87;0;0;1242;7228;0;0;0;779;380;0;0;0;0
obj;3;150;1;11;11;100;47;0;0;2800;0;0;0;779;389;0;102;0;0
obj;3;150;1;12;12;100;47;0;0;2800;0;0;0;782;389;0;103;0;0
obj;3;150;1;13;13;100;47;0;0;2800;0;0;0;780;389;0;104;0;0
obj;3;150;1;14;14;100;47;0;0;2800;0;0;0;781;389;0;105;0;0
obj;3;150;1;15;15;11;46;1;0;3564;2;0;0;779;325;0;3;0;0
obj;3;150;1;16;16;14;16;1;0;3573;2;0;0;773;346;0;2;0;0
obj;3;150;1;17;17;11;16;1;0;3590;2;0;0;789;375;0;2;0;0
obj;3;150;1;18;18;14;17;1;0;3595;3;0;0;786;375;0;2;0;0
obj;3;150;1;19;19;11;15;1;0;3558;1;0;0;796;327;0;4;0;0
obj;3;150;1;20;20;70;16;1;0;3582;2;0;0;785;398;0;5;0;0
obj;3;150;1;21;21;14;16;1;0;3576;2;0;0;795;394;0;4;0;0
obj;3;150;1;22;22;51;52;2;0;3586;1;0;0;776;338;0;1;0;0
obj;3;150;1;23;23;182;0;0;0;2027;0;0;0;785;390;0;0;0;0
obj;3;150;1;24;24;182;0;0;0;2027;0;0;0;786;390;0;0;0;0
obj;3;150;1;25;25;182;0;0;0;2027;0;0;0;772;384;0;0;0;0
obj;3;150;1;26;26;182;0;0;0;2027;0;0;0;773;384;0;0;0;0
bg;3;151;1;0;8145;2;822;445;0;4
obj;3;151;1;0;0;86;0;0;34;10000;0;0;0;820;439;0;0;0;0
obj;3;151;1;1;1;94;0;0;0;2;0;0;0;800;434;0;11;0;0
obj;3;151;1;2;2;15;3;0;0;1;3;0;0;814;431;0;0;0;0
obj;3;151;1;3;3;86;0;0;33;10000;0;0;0;820;438;0;0;0;0
obj;3;151;1;4;4;86;0;0;32;10000;0;0;0;808;427;0;0;0;0
obj;3;151;1;5;5;86;0;0;35;10000;0;0;0;821;437;0;0;0;0
obj;3;151;1;6;6;86;0;0;36;10000;0;0;0;826;437;0;0;0;0
obj;3;151;1;7;7;87;0;0;1243;7229;0;0;0;816;426;0;0;0;0
obj;3;151;1;8;8;87;0;0;1245;7231;0;0;0;828;420;0;0;0;0
obj;3;151;1;9;9;87;0;0;1244;7230;0;0;0;828;438;0;0;0;0
obj;3;151;1;10;10;100;47;0;0;2800;0;0;0;810;434;0;106;0;0
obj;3;151;1;11;11;100;47;0;0;2800;0;0;0;811;434;0;107;0;0
obj;3;151;1;12;12;100;47;0;0;2800;0;0;0;812;434;0;108;0;0
obj;3;151;1;13;13;100;47;0;0;2800;0;0;0;813;434;0;109;0;0
obj;3;151;1;14;14;11;14;1;0;3591;0;0;0;829;433;0;3;0;0
obj;3;151;1;15;15;11;46;1;0;3565;3;0;0;796;432;0;4;0;0
obj;3;151;1;16;16;14;16;1;0;3574;2;0;0;801;432;0;4;0;0
obj;3;151;1;17;17;14;15;1;0;3577;1;0;0;820;418;0;3;0;0
obj;3;151;1;18;0;91;0;0;457;65535;0;0;0;805;451;0;7;0;0
bg;3;155;1;0;8201;2;107;893;0;4
obj;3;155;1;0;0;12;3;0;0;6;2;1;0;119;878;65536;0;0;0
obj;3;155;1;1;1;19;2;0;0;5;0;0;2;108;889;65536;0;0;0
obj;3;155;1;2;2;148;15;0;372;0;1;0;0;105;875;0;0;0;0
obj;3;155;1;3;3;10;12;0;0;3;2;0;0;108;869;0;0;0;0
obj;3;155;1;4;4;91;0;0;0;7;0;0;0;112;878;0;1;0;0
obj;3;155;1;5;5;92;0;0;0;8;0;0;0;114;885;0;0;0;0
obj;3;155;1;6;6;92;0;0;0;9;0;0;0;109;875;0;0;0;0
obj;3;155;1;7;3;94;0;0;342;65535;0;0;0;109;856;0;4;0;0
coord;3;155;1;0;4;108;867;8;1;0;1;16496
coord;3;155;1;1;2;105;876;1;1;0;0;16614
obj;3;156;1;0;0;16;0;0;0;1;1;0;0;4;6;0;0;0;0
bg;3;157;1;0;2;0;6;4;0;4
bg;3;157;1;1;3;0;9;4;0;0
obj;3;157;1;0;0;148;14;0;498;0;0;0;0;9;5;0;0;0;0
bg;3;158;1;0;7;0;6;5;0;0
bg;3;158;1;1;7;0;7;5;0;0
bg;3;158;1;2;8;0;5;3;0;0
bg;3;158;1;3;9;0;2;3;0;4
bg;3;158;1;4;9;0;1;3;0;4
bg;3;158;1;5;10;0;1;5;0;4
bg;3;158;1;6;10;0;2;5;0;4
bg;3;158;1;7;10;0;3;5;0;4
obj;3;158;1;0;0;140;14;0;0;4;0;1;1;7;8;65536;0;0;0
obj;3;158;1;1;1;16;14;0;497;6;0;1;1;6;10;65536;0;0;0
coord;3;158;1;0;5;6;10;1;1;0;1;16548
bg;3;159;1;0;1;0;5;4;0;4
bg;3;159;1;1;2;0;1;4;0;0
bg;3;159;1;2;4;1;7;3;0;0
bg;3;159;1;3;6;0;4;4;0;0
bg;3;159;1;4;6;0;3;4;0;0
obj;3;159;1;0;0;148;16;0;371;0;2;0;0;10;4;0;0;0;0
coord;3;159;1;0;7;4;5;1;1;0;0;16549
coord;3;159;1;1;8;3;6;1;1;0;0;16549
coord;3;159;1;2;9;5;6;1;1;0;0;16549
coord;3;159;1;3;10;4;7;1;1;0;0;16549
obj;3;160;1;0;0;10;3;0;0;1;1;1;1;8;6;0;0;0;0
obj;3;161;1;0;0;18;0;0;0;1;1;0;0;5;5;0;0;0;0
obj;3;161;1;1;1;2;3;0;0;2;1;1;2;8;6;0;0;0;0
obj;3;162;1;0;0;4;3;0;0;4;2;1;1;187;855;65536;0;0;0
obj;3;162;1;1;1;9;2;0;0;5;1;2;0;171;854;65536;0;0;0
obj;3;162;1;2;2;12;8;0;0;6;1;0;0;183;852;65536;0;0;0
obj;3;162;1;3;3;148;15;0;407;0;1;0;0;168;842;65536;0;0;0
obj;3;162;1;4;4;101;16;0;375;10300;2;0;0;168;845;65536;0;0;0
obj;3;162;1;5;5;93;0;0;0;9;0;0;0;165;843;0;0;0;0
obj;3;162;1;6;6;93;0;0;0;10;0;0;0;174;854;0;0;0;0
obj;3;162;1;7;7;91;0;0;0;8;0;0;0;182;854;0;2;0;0
obj;3;162;1;8;2;94;0;0;391;65535;0;0;0;179;866;0;4;0;0
obj;3;162;1;9;4;94;0;0;343;65535;0;0;0;183;825;0;4;0;0
obj;3;162;1;10;4;94;0;0;342;65535;0;0;0;151;843;0;1;0;0
obj;3;162;1;11;9;3;16;0;342;65535;2;0;0;153;847;0;0;0;0
obj;3;162;1;12;12;93;0;0;0;12;0;0;0;180;842;0;0;0;0
obj;3;162;1;13;13;93;0;0;0;11;0;0;0;185;842;0;0;0;0
obj;3;162;1;14;14;99;15;0;708;0;1;0;0;168;842;0;0;0;0
coord;3;162;1;0;2;164;842;1;6;0;0;16497
obj;3;163;1;0;0;25;0;0;0;1;1;1;1;3;5;0;0;0;0
obj;3;163;1;1;1;3;17;0;0;4;3;0;0;6;9;0;0;0;0
obj;3;163;1;2;2;9;4;0;0;3;1;0;1;9;6;0;0;0;0
obj;3;163;1;3;3;193;0;0;522;10201;1;0;0;4;7;0;0;0;0
obj;3;164;1;0;0;9;17;0;0;2;3;0;0;6;6;0;0;0;0
obj;3;164;1;1;1;17;2;0;0;3;3;0;0;13;5;0;0;0;0
obj;3;164;1;2;2;6;12;0;0;4;2;0;0;5;11;0;0;0;0
obj;3;164;1;3;3;26;0;0;0;1;1;0;0;8;4;0;0;0;0
obj;3;164;1;4;4;27;0;0;575;2035;2;0;0;13;10;0;0;0;0
obj;3;165;1;0;0;27;0;0;0;9003;1;0;0;7;4;0;0;0;0
obj;3;165;1;1;1;27;0;0;0;9001;1;0;0;12;4;0;0;0;0
obj;3;165;1;2;2;27;0;0;0;9011;1;0;0;3;4;0;0;0;0
obj;3;165;1;3;3;6;0;0;0;1;3;2;0;8;9;0;0;0;0
bg;3;166;1;0;8;0;3;2;0;0
bg;3;166;1;1;9;0;4;2;0;0
bg;3;166;1;2;10;0;5;2;0;0
bg;3;166;1;3;11;0;6;2;0;0
bg;3;166;1;4;12;0;11;2;0;0
bg;3;166;1;5;14;0;20;2;0;0
obj;3;166;1;0;0;99;15;0;408;3;1;0;0;7;5;0;0;0;0
obj;3;166;1;1;1;29;3;0;0;5;1;2;0;3;12;0;0;0;0
obj;3;166;1;2;2;30;10;0;0;6;1;2;0;10;12;0;0;0;0
obj;3;166;1;3;3;101;15;0;409;10300;1;0;0;7;14;0;0;0;0
obj;3;166;1;4;4;166;14;0;554;0;0;0;0;7;14;0;0;0;0
obj;3;167;1;0;0;17;6;0;0;1;0;0;0;3;9;0;0;0;0
obj;3;167;1;1;1;2;4;0;0;2;0;0;1;5;7;0;0;0;0
bg;3;168;1;0;1;0;2;3;0;0
obj;3;169;1;0;0;9;3;0;0;1;3;1;1;5;5;0;0;0;0
obj;3;169;1;1;1;12;3;0;0;2;2;0;1;8;4;0;0;0;0
obj;3;170;1;0;0;12;2;0;0;5;1;0;0;179;661;327680;0;0;0
obj;3;170;1;1;1;6;5;0;0;4;3;1;0;170;645;327680;0;0;0
obj;3;170;1;2;2;3;3;0;0;3;1;1;1;176;656;327680;0;0;0
obj;3;170;1;3;3;13;15;0;0;11;1;1;1;170;659;327680;0;0;0
obj;3;170;1;4;4;6;16;0;0;6;2;0;0;183;651;327680;0;0;0
obj;3;170;1;5;5;100;47;0;0;2800;0;0;0;178;651;0;0;0;0
obj;3;170;1;6;6;100;47;0;0;2800;0;0;0;182;651;0;1;0;0
obj;3;170;1;7;7;124;17;0;417;2;3;1;4;162;641;327680;0;0;0
obj;3;170;1;8;8;124;16;0;417;2;2;1;4;163;641;327680;0;0;0
obj;3;170;1;9;9;91;0;0;0;8;0;0;0;173;659;0;3;0;0
obj;3;170;1;10;10;93;0;0;0;9;0;0;0;177;651;0;0;0;0
obj;3;170;1;11;11;93;0;0;0;10;0;0;0;189;655;0;3;0;0
obj;3;170;1;12;12;52;2;0;0;7;1;1;1;166;650;0;0;0;0
obj;3;171;1;0;0;13;4;0;0;3;1;0;1;6;8;0;0;0;0
obj;3;171;1;1;1;8;17;0;0;4;3;0;0;9;6;0;2;0;0
obj;3;171;1;2;2;25;0;0;0;1;1;0;0;3;5;0;0;0;0
obj;3;171;1;3;3;24;0;0;0;2;1;0;0;2;5;0;0;0;0
obj;3;171;1;4;4;193;0;0;522;10201;1;0;0;4;7;0;0;0;0
obj;3;172;1;0;0;14;2;0;0;4;1;0;0;5;9;0;0;0;0
obj;3;172;1;1;1;7;3;0;0;3;2;0;1;12;8;0;0;0;0
obj;3;172;1;2;2;26;0;0;0;1;1;0;0;8;4;0;0;0;0
obj;3;172;1;3;3;15;17;0;0;2;3;0;0;1;6;0;0;0;0
obj;3;172;1;4;4;111;0;0;387;10401;1;0;0;6;6;0;0;0;0
obj;3;172;1;5;5;112;0;0;388;10402;1;0;0;5;6;0;0;0;0
obj;3;173;1;0;0;27;0;0;0;9003;1;0;0;7;4;0;0;0;0
obj;3;173;1;1;1;27;0;0;0;9001;1;0;0;12;4;0;0;0;0
obj;3;173;1;2;2;27;0;0;0;9011;1;0;0;3;4;0;0;0;0
obj;3;174;1;0;0;13;8;0;0;3;1;0;0;14;4;0;0;0;0
obj;3;174;1;1;1;6;3;0;0;2;1;2;0;4;7;0;0;0;0
obj;3;174;1;2;2;12;3;0;0;1;1;0;1;14;8;0;0;0;0
obj;3;175;1;0;0;16;5;0;0;2;1;0;1;8;6;0;0;0;0
obj;3;175;1;1;1;15;16;0;0;1;2;0;0;5;5;0;0;0;0
obj;3;176;1;0;0;12;5;0;0;1;2;1;0;8;6;0;0;0;0
obj;3;176;1;1;1;2;0;0;0;2;3;0;0;2;3;0;0;0;0
obj;3;176;1;2;2;72;0;0;0;3;2;0;0;3;3;0;0;0;0
bg;3;177;1;0;8034;2;594;640;0;4
obj;3;177;1;0;0;42;3;0;0;2;1;0;2;563;652;458752;0;0;0
obj;3;177;1;1;1;2;0;0;0;3;2;0;0;551;658;458752;0;0;0
obj;3;177;1;2;2;41;2;0;0;1;1;2;0;569;659;458752;0;0;0
obj;3;177;1;3;3;17;0;0;0;9500;1;0;0;555;648;0;0;0;0
obj;3;177;1;4;4;91;0;0;0;7;1;0;0;564;667;0;4;0;0
obj;3;177;1;5;5;93;0;0;0;8;1;0;0;556;645;0;0;0;0
obj;3;177;1;6;6;93;0;0;0;9;1;0;0;569;656;0;0;0;0
obj;3;177;1;7;7;42;3;0;0;4;1;0;2;559;653;458752;0;0;0
obj;3;177;1;8;8;50;3;0;0;6;1;0;2;558;659;458752;0;0;0
obj;3;177;1;9;9;100;47;0;0;2800;0;0;0;565;663;0;34;0;0
obj;3;177;1;10;10;100;47;0;0;2800;0;0;0;566;663;0;35;0;0
obj;3;177;1;11;11;100;47;0;0;2800;0;0;0;567;663;0;36;0;0
obj;3;177;1;12;12;100;47;0;0;2800;0;0;0;568;663;0;37;0;0
obj;3;177;1;13;10;94;0;0;356;65535;0;0;0;563;678;0;3;0;0
obj;3;177;1;14;14;41;3;0;0;5;1;0;1;569;650;458752;0;0;0
obj;3;177;1;15;15;206;20;0;0;0;0;0;3;549;659;0;0;0;0
obj;3;177;1;16;16;206;20;0;0;0;2;4;0;552;652;0;0;0;0
obj;3;177;1;17;17;204;3;0;0;0;0;1;1;553;655;0;0;0;0
obj;3;177;1;18;18;148;15;0;542;0;1;0;2;560;659;458752;0;0;0
obj;3;177;1;19;19;87;0;0;1284;7269;0;0;0;584;662;0;0;0;0
obj;3;177;1;20;20;87;0;0;1291;7276;0;0;0;594;653;0;0;0;0
coord;3;177;1;0;12;557;669;7;1;0;0;16499
obj;3;178;1;0;0;25;0;0;0;1;1;0;0;3;5;0;0;0;0
obj;3;178;1;1;1;1;3;0;0;3;2;1;0;8;7;0;0;0;0
obj;3;178;1;2;2;16;3;0;0;4;1;1;1;5;9;0;0;0;0
obj;3;178;1;3;3;24;0;0;0;2;1;0;0;2;5;0;0;0;0
obj;3;178;1;4;4;193;0;0;522;10201;1;0;0;4;7;0;0;0;0
obj;3;179;1;0;0;26;0;0;0;1;1;0;0;8;4;0;0;0;0
obj;3;179;1;1;1;164;3;0;0;2;1;1;1;13;7;0;0;0;0
obj;3;179;1;2;2;6;5;0;0;3;2;1;0;5;9;0;0;0;0
obj;3;179;1;3;3;111;0;0;387;10401;1;0;0;6;6;0;0;0;0
obj;3;179;1;4;4;112;0;0;388;10402;1;0;0;5;6;0;0;0;0
obj;3;179;1;5;5;50;3;0;0;4;1;1;1;11;11;0;0;0;0
obj;3;180;1;0;0;27;0;0;0;9003;1;0;0;7;4;0;0;0;0
obj;3;180;1;1;1;27;0;0;0;9001;1;0;0;12;4;0;0;0;0
obj;3;180;1;2;2;27;0;0;0;9011;1;0;0;3;4;0;0;0;0
bg;3;181;1;0;3;0;11;7;0;0
obj;3;181;1;0;0;18;0;0;0;9501;1;1;0;9;4;0;0;0;0
obj;3;181;1;1;1;168;0;0;465;2;3;1;0;4;9;0;0;0;0
obj;3;182;1;0;0;12;0;0;0;1;1;0;0;5;5;0;0;0;0
obj;3;182;1;1;1;42;3;0;0;2;1;0;2;7;6;0;0;0;0
bg;3;183;1;0;3;0;1;3;0;2
obj;3;183;1;0;0;168;0;0;0;1;1;0;0;2;5;0;0;0;0
obj;3;183;1;1;1;9;0;0;0;2;0;1;1;4;3;0;0;0;0
obj;3;184;1;0;0;165;0;0;0;1;1;0;0;5;5;0;0;0;0
obj;3;184;1;1;1;6;3;0;0;2;1;1;0;7;6;0;0;0;0
obj;3;185;1;0;0;1;9;0;0;1;2;0;0;5;5;0;0;0;0
obj;3;185;1;1;1;16;0;0;0;2;3;0;0;2;5;0;0;0;0
bg;3;186;1;0;11;0;459;521;0;0
bg;3;186;1;1;11;0;460;521;0;0
bg;3;186;1;2;11;0;461;521;0;0
bg;3;186;1;3;12;0;465;521;0;0
bg;3;186;1;4;12;0;466;521;0;0
bg;3;186;1;5;12;0;467;521;0;0
bg;3;186;1;6;8273;2;457;523;0;4
obj;3;186;1;0;0;17;3;0;0;7;1;3;0;469;518;458752;0;0;0
obj;3;186;1;1;1;1;0;0;0;9;0;0;0;454;541;0;0;0;0
obj;3;186;1;2;2;124;15;0;431;4;1;2;0;463;522;458752;0;0;0
obj;3;186;1;3;3;18;14;0;428;2;0;2;0;462;538;458752;0;0;0
obj;3;186;1;4;4;138;16;0;445;6;2;2;0;466;522;458752;0;0;0
obj;3;186;1;5;5;91;0;0;0;10;0;0;0;466;537;0;5;0;0
obj;3;186;1;6;11;94;0;0;363;65535;0;0;0;488;529;0;2;0;0
obj;3;186;1;7;20;94;0;0;366;65535;0;0;0;440;526;0;1;0;0
obj;3;186;1;8;8;14;8;0;0;8;2;0;2;454;516;0;0;0;0
obj;3;186;1;9;9;182;0;0;0;2027;0;0;0;476;542;0;0;0;0
obj;3;186;1;10;10;182;0;0;0;2027;0;0;0;470;542;0;0;0;0
obj;3;186;1;11;11;87;0;0;1334;7319;0;0;0;469;533;0;0;0;0
coord;3;186;1;0;3;463;538;3;1;0;0;16625
obj;3;187;1;0;0;26;0;0;0;1;1;0;0;8;4;0;0;0;0
obj;3;187;1;1;1;18;2;0;0;2;1;0;0;11;7;0;0;0;0
obj;3;187;1;2;2;2;4;0;0;3;1;0;1;10;10;0;0;0;0
obj;3;187;1;3;3;15;0;0;0;4;3;1;0;3;8;0;0;0;0
obj;3;187;1;4;4;111;0;0;387;10401;1;0;0;6;6;0;0;0;0
obj;3;187;1;5;5;112;0;0;388;10402;1;0;0;5;6;0;0;0;0
obj;3;188;1;0;0;27;0;0;0;9003;1;0;0;7;4;0;0;0;0
obj;3;188;1;1;1;27;0;0;0;9001;1;0;0;12;4;0;0;0;0
obj;3;188;1;2;2;27;0;0;0;9011;1;0;0;3;4;0;0;0;0
bg;3;189;1;0;4;0;8;3;0;0
obj;3;189;1;0;0;17;0;0;0;1;1;1;0;8;7;0;0;0;0
obj;3;189;1;1;1;18;3;0;451;2;1;1;0;2;6;0;0;0;0
obj;3;189;1;2;2;6;0;0;0;3;1;1;0;3;4;0;0;0;0
obj;3;189;1;3;3;183;0;0;0;6;0;0;0;5;6;0;0;0;0
obj;3;190;1;0;0;17;0;0;0;3;1;0;0;2;4;0;0;0;0
obj;3;190;1;1;1;18;0;0;0;2;1;0;0;4;4;0;0;0;0
obj;3;190;1;2;2;168;3;0;0;4;2;0;1;7;6;0;0;0;0
obj;3;191;1;0;0;15;0;0;0;1;1;0;0;7;6;0;0;0;0
obj;3;191;1;1;1;1;5;0;0;2;2;1;1;2;5;0;0;0;0
obj;3;192;1;0;0;207;2;0;0;2;1;0;0;2;5;0;0;0;0
obj;3;192;1;1;1;51;4;0;0;1;1;0;1;7;6;0;0;0;0
bg;3;193;1;0;1;0;9;2;0;0
bg;3;193;1;1;1;0;10;2;0;0
obj;3;193;1;0;0;18;16;0;553;3;2;0;0;10;3;0;0;0;0
obj;3;193;1;1;1;120;14;0;667;2;0;0;0;9;3;0;0;0;0
obj;3;193;1;2;2;138;14;0;422;0;0;0;0;9;10;0;0;0;0
bg;3;194;1;0;8131;2;649;346;0;4
bg;3;194;1;1;7;0;652;338;0;0
obj;3;194;1;0;0;91;0;0;0;5;0;0;0;646;338;0;6;0;0
obj;3;194;1;1;1;182;0;0;0;2027;0;0;0;660;327;0;0;0;0
obj;3;194;1;2;2;182;0;0;0;2027;0;0;0;652;327;0;0;0;0
obj;3;194;1;3;3;50;3;0;0;3;3;1;1;659;350;0;0;0;0
obj;3;194;1;4;4;7;3;0;0;2;2;1;0;652;341;0;0;0;0
obj;3;194;1;5;5;4;2;0;0;1;1;0;0;667;338;0;0;0;0
obj;3;194;1;6;0;94;0;0;469;65535;0;0;0;679;340;0;2;0;0
obj;3;194;1;7;7;23;3;0;0;4;2;1;0;651;348;0;0;0;0
obj;3;194;1;8;8;144;15;0;555;6;1;1;0;652;339;0;0;0;0
obj;3;194;1;9;9;87;0;0;1329;7314;0;0;0;662;335;0;0;0;0
obj;3;194;1;10;10;87;0;0;1326;7311;0;0;0;649;324;0;0;0;0
obj;3;194;1;11;11;148;0;0;473;10;1;0;0;651;339;0;0;0;0
obj;3;195;1;0;0;14;3;0;0;4;1;3;0;7;7;0;0;0;0
obj;3;195;1;1;1;20;14;0;0;3;1;1;0;8;3;0;0;0;0
obj;3;195;1;2;2;25;0;0;0;1;1;1;1;3;5;0;0;0;0
obj;3;195;1;3;3;193;0;0;522;10201;1;0;0;4;7;0;0;0;0
obj;3;196;1;0;0;26;0;0;0;1;1;0;0;8;4;0;0;0;0
obj;3;196;1;1;1;11;17;0;0;2;3;0;0;1;5;0;0;0;0
obj;3;196;1;2;2;17;3;0;0;3;3;1;0;10;8;0;0;0;0
obj;3;196;1;3;3;70;3;0;0;4;1;1;0;5;9;0;0;0;0
obj;3;197;1;0;0;27;0;0;0;9003;1;0;0;7;4;0;0;0;0
obj;3;197;1;1;1;27;0;0;0;9001;1;0;0;12;4;0;0;0;0
obj;3;197;1;2;2;27;0;0;0;9011;1;0;0;3;4;0;0;0;0
obj;3;198;1;0;0;17;0;0;0;1;2;0;0;13;9;0;0;0;0
obj;3;198;1;1;1;144;15;0;470;2;1;0;0;11;8;0;0;0;0
obj;3;198;1;2;2;102;17;0;674;5;3;0;0;2;9;0;0;0;0
obj;3;198;1;3;3;103;15;0;675;6;1;0;0;6;8;0;0;0;0
obj;3;198;1;4;4;104;16;0;676;7;2;0;0;9;7;0;0;0;0
obj;3;198;1;5;5;105;14;0;677;8;0;0;0;11;5;0;0;0;0
obj;3;199;1;0;0;51;3;0;0;1;2;1;1;4;5;0;0;0;0
bg;3;200;1;0;2052;0;4;2;0;0
bg;3;200;1;1;3;0;1;4;0;2
obj;3;200;1;0;0;20;0;0;0;2;3;0;0;3;4;0;0;0;0
obj;3;200;1;1;1;70;0;0;0;1;0;0;0;8;5;0;0;0;0
bg;3;201;1;0;8146;2;822;473;0;4
bg;3;201;1;1;8145;2;822;445;0;4
obj;3;201;1;0;0;91;0;0;0;5;0;0;0;805;451;0;7;0;0
obj;3;201;1;1;1;93;0;0;0;6;0;0;0;813;457;0;0;0;0
obj;3;201;1;2;2;87;0;0;1246;7232;0;0;0;815;462;0;0;0;0
obj;3;201;1;3;3;13;3;0;0;1;0;0;2;806;458;0;0;0;0
obj;3;201;1;4;4;13;3;0;0;2;3;3;0;822;459;0;0;0;0
obj;3;201;1;5;5;51;3;0;0;4;0;3;0;809;477;0;0;0;0
obj;3;201;1;6;6;14;3;0;0;3;0;1;1;806;471;0;0;0;0
obj;3;201;1;7;7;100;47;0;0;2800;0;0;0;828;469;0;110;0;0
obj;3;201;1;8;8;100;47;0;0;2800;0;0;0;816;469;0;111;0;0
obj;3;201;1;9;9;100;47;0;0;2800;0;0;0;817;469;0;112;0;0
obj;3;201;1;10;10;100;47;0;0;2800;0;0;0;827;469;0;113;0;0
obj;3;201;1;11;11;46;15;0;0;7;1;0;0;816;455;0;0;0;0
obj;3;201;1;12;12;93;0;0;0;15;0;0;0;810;471;0;0;0;0
obj;3;201;1;13;13;3;16;0;678;0;2;0;0;816;473;0;0;0;0
obj;3;201;1;14;14;99;3;0;682;9;2;1;1;821;473;0;0;0;0
obj;3;201;1;15;15;127;3;0;687;11;2;1;1;822;473;0;0;0;0
obj;3;201;1;16;16;132;3;0;693;13;2;1;1;823;473;0;0;0;0
obj;3;201;1;17;17;126;3;0;685;10;2;1;1;822;472;0;0;0;0
obj;3;201;1;18;18;129;3;0;690;12;2;1;1;822;474;0;0;0;0
coord;3;201;1;0;8;815;472;1;3;0;0;16584
obj;3;202;1;0;0;25;0;0;0;1;1;0;0;3;5;0;0;0;0
obj;3;203;1;0;0;26;0;0;0;1;1;0;0;8;4;0;0;0;0
obj;3;203;1;1;1;62;3;0;0;2;1;1;0;3;6;0;0;0;0
obj;3;203;1;2;2;35;3;0;0;3;2;1;0;11;9;0;0;0;0
obj;3;203;1;3;3;111;0;0;387;10401;1;0;0;5;6;0;0;0;0
obj;3;203;1;4;4;112;0;0;388;10402;1;0;0;5;6;0;0;0;0
obj;3;204;1;0;0;27;0;0;0;9003;1;0;0;7;4;0;0;0;0
obj;3;204;1;1;1;27;0;0;0;9001;1;0;0;12;4;0;0;0;0
obj;3;204;1;2;2;27;0;0;0;9011;1;0;0;3;4;0;0;0;0
obj;3;205;1;0;0;13;0;0;0;1;1;0;0;15;14;0;0;0;0
obj;3;205;1;1;1;25;0;0;0;2;1;0;0;15;4;0;0;0;0
obj;3;205;1;2;2;83;3;0;0;3;1;2;1;23;5;0;0;0;0
obj;3;205;1;3;3;63;0;0;0;4;1;2;1;6;13;0;0;0;0
obj;3;205;1;4;4;79;0;0;0;5;1;1;3;10;11;0;0;0;0
obj;3;205;1;5;5;74;0;0;0;6;1;1;1;25;6;0;0;0;0
obj;3;206;1;0;0;163;2;0;0;2;1;0;0;16;5;0;0;0;0
obj;3;206;1;1;1;163;2;0;0;3;1;3;0;12;7;0;0;0;0
obj;3;206;1;2;2;163;0;0;0;1;2;0;0;12;5;0;0;0;0
obj;3;206;1;3;3;163;2;0;0;4;1;0;0;16;12;0;0;0;0
obj;3;207;1;0;0;163;0;0;0;1;3;0;0;1;6;0;0;0;0
bg;3;208;1;0;44;0;11;7;0;4
bg;3;208;1;1;44;0;13;7;0;4
bg;3;208;1;2;44;0;12;8;0;4
obj;3;208;1;0;0;102;15;0;680;3;1;1;0;7;6;0;0;0;0
obj;3;208;1;1;1;148;5;0;679;2;2;1;0;4;3;0;0;0;0
obj;3;208;1;2;2;99;14;0;681;4;0;1;0;17;4;0;0;0;0
obj;3;208;1;3;3;140;17;0;683;5;3;1;0;11;4;0;0;0;0
obj;3;208;1;4;4;126;15;0;684;6;1;1;0;18;10;0;0;0;0
obj;3;208;1;5;5;127;3;0;686;7;1;1;1;8;6;0;0;0;0
obj;3;208;1;6;6;130;2;0;688;8;0;1;1;6;6;0;0;0;0
obj;3;208;1;7;7;129;2;0;689;9;3;0;0;9;6;0;0;0;0
obj;3;208;1;8;8;132;3;0;692;11;1;1;1;9;11;0;0;0;0
obj;3;208;1;9;9;128;14;0;691;10;0;1;0;19;4;0;0;0;0
obj;3;208;1;10;10;131;15;0;694;12;1;1;0;6;6;0;0;0;0
obj;3;208;1;11;11;133;7;0;695;13;2;1;0;13;4;0;0;0;0
obj;3;208;1;12;12;138;16;0;696;14;2;1;0;3;5;0;0;0;0
obj;3;208;1;13;13;136;6;0;697;15;2;1;0;14;4;0;0;0;0
obj;3;208;1;14;14;3;17;0;602;42;3;1;0;9;6;0;0;0;0
obj;3;208;1;15;15;9;14;0;709;0;0;1;1;10;8;0;0;0;0
obj;3;208;1;16;16;183;0;0;711;0;0;0;0;12;7;0;0;0;0
coord;3;208;1;0;17;10;7;1;1;0;6;16399
coord;3;208;1;1;18;10;7;1;1;0;8;16399
coord;3;208;1;2;19;10;7;1;1;0;10;16399
coord;3;208;1;3;20;10;7;1;1;0;12;16399
coord;3;208;1;4;43;11;11;1;1;0;1;16545
obj;3;209;1;0;0;19;0;0;0;1;0;0;0;6;4;0;0;0;0
obj;3;209;1;1;1;164;0;0;0;2;0;0;0;2;5;0;0;0;0
obj;3;209;1;2;2;1;0;0;0;3;0;0;0;8;7;0;0;0;0
obj;3;210;1;0;0;27;0;0;0;8;1;0;0;3;3;0;0;0;0
obj;3;210;1;1;1;3;0;0;0;4;1;0;0;3;12;0;0;0;0
obj;3;210;1;2;2;3;0;0;0;4;1;0;0;11;9;0;0;0;0
obj;3;210;1;3;3;3;0;0;0;4;1;0;0;5;9;0;0;0;0
obj;3;210;1;4;4;37;0;0;0;4;1;0;0;14;6;0;0;0;0
obj;3;210;1;5;5;31;0;0;0;4;1;0;0;6;4;0;0;0;0
obj;3;210;1;6;6;3;0;0;0;4;1;0;0;13;12;0;0;0;0
obj;3;210;1;7;7;3;0;0;0;4;1;0;0;2;6;0;0;0;0
obj;3;210;1;8;8;6;0;0;0;4;1;0;0;10;4;0;0;0;0
obj;3;210;1;9;9;3;0;0;0;4;1;0;0;8;7;0;0;0;0
obj;3;210;1;10;10;3;0;0;0;4;1;0;0;8;11;0;0;0;0
obj;3;210;1;11;11;3;0;0;0;7;2;0;0;4;12;0;0;0;0
obj;3;210;1;12;12;3;0;0;0;7;0;0;0;3;13;0;0;0;0
obj;3;210;1;13;13;3;0;0;0;7;3;0;0;2;12;0;0;0;0
obj;3;210;1;14;14;3;0;0;0;7;1;0;0;3;11;0;0;0;0
obj;3;210;1;15;15;3;0;0;0;7;2;0;0;12;9;0;0;0;0
obj;3;210;1;16;16;3;0;0;0;7;0;0;0;11;10;0;0;0;0
obj;3;210;1;17;17;3;0;0;0;7;3;0;0;10;9;0;0;0;0
obj;3;210;1;18;18;3;0;0;0;7;1;0;0;11;8;0;0;0;0
obj;3;210;1;19;19;3;0;0;0;7;2;0;0;6;9;0;0;0;0
obj;3;210;1;20;20;3;0;0;0;7;0;0;0;5;10;0;0;0;0
obj;3;210;1;21;21;3;0;0;0;7;3;0;0;4;9;0;0;0;0
obj;3;210;1;22;22;3;0;0;0;7;1;0;0;5;8;0;0;0;0
obj;3;210;1;23;23;14;0;0;0;7;2;0;0;15;6;0;0;0;0
obj;3;210;1;24;24;42;0;0;0;7;0;0;0;14;7;0;0;0;0
obj;3;210;1;25;25;63;0;0;0;7;3;0;0;13;6;0;0;0;0
obj;3;210;1;26;26;35;0;0;0;7;1;0;0;14;5;0;0;0;0
obj;3;210;1;27;27;5;0;0;0;7;2;0;0;7;4;0;0;0;0
obj;3;210;1;28;28;50;0;0;0;7;0;0;0;6;5;0;0;0;0
obj;3;210;1;29;29;51;0;0;0;7;3;0;0;5;4;0;0;0;0
obj;3;210;1;30;30;11;0;0;0;7;1;0;0;6;3;0;0;0;0
obj;3;210;1;31;31;3;0;0;0;7;2;0;0;14;12;0;0;0;0
obj;3;210;1;32;32;3;0;0;0;7;0;0;0;13;13;0;0;0;0
obj;3;210;1;33;33;3;0;0;0;7;3;0;0;12;12;0;0;0;0
obj;3;210;1;34;34;3;0;0;0;7;1;0;0;13;11;0;0;0;0
obj;3;210;1;35;35;3;0;0;0;7;2;0;0;3;6;0;0;0;0
obj;3;210;1;36;36;3;0;0;0;7;0;0;0;2;7;0;0;0;0
obj;3;210;1;37;37;3;0;0;0;7;3;0;0;1;6;0;0;0;0
obj;3;210;1;38;38;3;0;0;0;7;1;0;0;2;5;0;0;0;0
obj;3;210;1;39;39;62;0;0;0;7;2;0;0;11;4;0;0;0;0
obj;3;210;1;40;40;7;0;0;0;7;0;0;0;10;5;0;0;0;0
obj;3;210;1;41;41;13;0;0;0;7;3;0;0;9;4;0;0;0;0
obj;3;210;1;42;42;70;0;0;0;7;1;0;0;10;3;0;0;0;0
obj;3;210;1;43;43;3;0;0;0;7;2;0;0;9;7;0;0;0;0
obj;3;210;1;44;44;3;0;0;0;7;0;0;0;8;8;0;0;0;0
obj;3;210;1;45;45;3;0;0;0;7;3;0;0;7;7;0;0;0;0
obj;3;210;1;46;46;3;0;0;0;7;1;0;0;8;6;0;0;0;0
obj;3;210;1;47;47;3;0;0;0;7;2;0;0;9;11;0;0;0;0
obj;3;210;1;48;48;3;0;0;0;7;0;0;0;8;12;0;0;0;0
obj;3;210;1;49;49;3;0;0;0;7;3;0;0;7;11;0;0;0;0
obj;3;210;1;50;50;3;0;0;0;7;1;0;0;8;10;0;0;0;0
bg;3;211;1;0;8048;2;181;922;0;4
bg;3;211;1;1;8169;2;175;889;0;4
obj;3;211;1;0;0;46;14;4;0;3159;0;0;0;211;917;0;5;0;0
obj;3;211;1;1;1;46;20;4;0;3160;2;7;0;198;911;0;1;2;0
obj;3;211;1;2;2;47;20;1;0;3161;2;7;0;175;905;0;3;0;0
obj;3;211;1;3;3;47;20;1;0;3162;3;5;0;169;907;0;3;0;0
obj;3;211;1;4;4;46;8;1;0;3158;2;0;0;185;918;0;3;0;0
obj;3;211;1;5;5;47;42;1;0;3163;1;6;1;204;903;0;2;0;0
obj;3;211;1;6;6;47;8;1;0;3493;1;0;0;211;911;0;5;0;0
obj;3;211;1;7;7;87;0;0;1141;7127;0;0;0;199;917;0;0;0;0
obj;3;211;1;8;8;87;0;0;1139;7125;0;0;0;171;918;0;0;0;0
obj;3;211;1;9;9;87;0;0;1142;7128;0;0;0;180;910;0;0;0;0
bg;3;212;1;0;8112;2;849;727;0;4
bg;3;212;1;1;8267;2;842;656;0;4
obj;3;212;1;0;0;46;2;1;0;3182;1;0;0;837;664;0;5;0;0
obj;3;212;1;1;1;46;7;1;0;3183;3;0;0;844;682;0;3;0;0
obj;3;212;1;2;2;46;14;1;0;3184;0;0;0;861;655;0;2;0;0
obj;3;212;1;3;3;46;16;1;0;3185;2;0;0;854;689;0;6;0;0
obj;3;212;1;4;4;46;20;1;0;3186;2;6;0;850;622;0;3;0;0
obj;3;212;1;5;5;46;17;5;0;3187;3;0;0;844;698;0;5;0;0
obj;3;212;1;6;6;47;20;1;0;3188;3;8;0;847;723;0;3;0;0
obj;3;212;1;7;7;47;2;1;0;3189;1;0;0;851;715;0;2;0;0
obj;3;212;1;8;8;47;17;1;0;3190;3;0;0;847;689;0;6;0;0
obj;3;212;1;9;9;47;20;6;0;3191;3;5;0;848;668;0;4;5;0
obj;3;212;1;10;10;47;24;1;0;3192;2;7;5;855;636;0;3;0;0
obj;3;212;1;11;11;47;6;1;0;3193;2;0;0;843;642;0;4;0;0
obj;3;212;1;12;12;87;0;0;1194;7180;0;0;0;840;684;0;0;0;0
obj;3;212;1;13;13;87;0;0;1192;7178;0;0;0;850;649;0;0;0;0
obj;3;212;1;14;14;56;15;1;0;3481;1;0;0;847;655;0;2;0;0
obj;3;212;1;15;9;167;7;0;150;65535;0;0;0;853;740;0;0;0;0
obj;3;212;1;16;16;87;0;0;1193;7179;0;0;0;842;636;0;0;0;0
obj;3;212;1;17;17;87;0;0;1316;7301;0;0;0;858;630;0;0;0;0
bg;3;213;1;0;8135;2;715;345;0;4
bg;3;213;1;1;8132;2;719;333;0;4
bg;3;213;1;2;8134;2;724;334;0;4
bg;3;213;1;3;8133;2;723;331;0;4
bg;3;213;1;4;8159;2;744;326;0;4
obj;3;213;1;0;0;94;0;0;0;1;0;0;0;679;341;0;2;0;0
obj;3;213;1;1;1;87;0;0;1219;7205;0;0;0;717;339;0;0;0;0
obj;3;213;1;2;2;87;0;0;1221;7207;0;0;0;690;344;0;0;0;0
obj;3;213;1;3;3;87;0;0;1220;7206;0;0;0;693;333;0;0;0;0
obj;3;213;1;4;4;100;47;0;0;2800;0;0;0;689;328;0;98;0;0
obj;3;213;1;5;5;100;47;0;0;2800;0;0;0;692;328;0;99;0;0
obj;3;213;1;6;6;100;47;0;0;2800;0;0;0;690;328;0;100;0;0
obj;3;213;1;7;7;100;47;0;0;2800;0;0;0;691;328;0;101;0;0
obj;3;213;1;8;8;47;15;1;0;3603;1;0;0;727;342;0;2;0;0
obj;3;213;1;9;0;94;0;0;403;65535;0;0;0;755;314;0;3;0;0
obj;3;213;1;10;10;11;20;1;0;3567;2;4;0;689;335;0;1;0;0
obj;3;213;1;11;11;14;6;1;0;3554;2;0;0;707;331;0;2;0;0
obj;3;213;1;12;12;11;15;1;0;3559;1;0;0;707;329;0;1;0;0
obj;3;213;1;13;5;4;2;0;450;65535;1;0;0;667;338;0;0;0;0
obj;3;213;1;14;14;94;0;0;0;2;0;0;0;760;327;0;18;0;0
obj;3;213;1;15;15;46;18;1;0;3599;1;0;0;760;342;0;2;0;0
bg;3;215;1;0;8147;2;718;419;0;4
bg;3;215;1;1;8148;2;725;427;0;4
obj;3;215;1;0;0;85;0;0;32;10001;0;0;0;710;425;0;0;0;0
obj;3;215;1;1;1;85;0;0;33;10001;0;0;0;716;419;0;0;0;0
obj;3;215;1;2;2;85;0;0;34;10001;0;0;0;725;428;0;0;0;0
obj;3;215;1;3;3;85;0;0;35;10001;0;0;0;729;431;0;0;0;0
obj;3;215;1;4;4;87;0;0;1247;7233;0;0;0;727;427;0;0;0;0
obj;3;215;1;5;5;100;47;0;0;2800;0;0;0;684;420;0;114;0;0
obj;3;215;1;6;6;100;47;0;0;2800;0;0;0;685;420;0;115;0;0
obj;3;215;1;7;7;100;47;0;0;2800;0;0;0;686;420;0;116;0;0
obj;3;215;1;8;8;100;47;0;0;2800;0;0;0;687;420;0;117;0;0
obj;3;215;1;9;9;46;42;1;0;3596;1;10;2;731;440;0;3;0;0
obj;3;215;1;10;10;47;28;1;0;3600;3;13;6;734;433;0;3;0;0
obj;3;215;1;11;11;46;44;1;0;3597;3;1;8;750;430;0;4;0;0
obj;3;215;1;12;12;47;4;1;0;3601;0;0;0;699;438;0;4;0;0
obj;3;215;1;13;13;46;15;1;0;3598;1;0;0;699;433;0;4;0;0
obj;3;215;1;14;14;47;20;6;0;3602;3;3;0;738;425;0;3;3;0
obj;3;215;1;15;15;94;0;0;0;1;0;0;0;680;429;0;2;0;0
obj;3;215;1;16;16;54;0;0;660;2;2;0;0;682;430;0;0;0;0
obj;3;215;1;17;17;62;0;0;660;3;2;0;0;682;431;0;0;0;0
obj;3;215;1;18;18;87;0;0;1323;7308;0;0;0;708;431;0;0;0;0
obj;3;218;1;0;0;235;0;0;0;9204;1;0;0;4;4;0;0;0;0
obj;3;218;1;1;1;27;0;0;0;9202;1;0;0;8;4;0;0;0;0
obj;3;218;1;2;2;27;0;0;0;9201;1;0;0;12;4;0;0;0;0
obj;3;219;1;0;0;235;0;0;0;9204;1;0;0;4;4;0;0;0;0
obj;3;219;1;1;1;27;0;0;0;9202;1;0;0;8;4;0;0;0;0
obj;3;219;1;2;2;27;0;0;0;9201;1;0;0;12;4;0;0;0;0
obj;3;220;1;0;0;235;0;0;0;9204;1;0;0;4;4;0;0;0;0
obj;3;220;1;1;1;27;0;0;0;9202;1;0;0;8;4;0;0;0;0
obj;3;220;1;2;2;27;0;0;0;9201;1;0;0;12;4;0;0;0;0
obj;3;220;1;3;3;7;0;0;0;1;2;0;0;7;9;0;0;0;0
obj;3;221;1;0;0;235;0;0;0;9204;1;0;0;4;4;0;0;0;0
obj;3;221;1;1;1;27;0;0;0;9202;1;0;0;8;4;0;0;0;0
obj;3;221;1;2;2;27;0;0;0;9201;1;0;0;12;4;0;0;0;0
obj;3;222;1;0;0;235;0;0;0;9204;1;0;0;4;4;0;0;0;0
obj;3;222;1;1;1;27;0;0;0;9202;1;0;0;8;4;0;0;0;0
obj;3;222;1;2;2;27;0;0;0;9201;1;0;0;12;4;0;0;0;0
obj;3;223;1;0;0;235;0;0;0;9204;1;0;0;4;4;0;0;0;0
obj;3;223;1;1;1;27;0;0;0;9202;1;0;0;8;4;0;0;0;0
obj;3;223;1;2;2;27;0;0;0;9201;1;0;0;12;4;0;0;0;0
obj;3;224;1;0;0;235;0;0;0;9204;1;0;0;4;4;0;0;0;0
obj;3;224;1;1;1;27;0;0;0;9202;1;0;0;8;4;0;0;0;0
obj;3;224;1;2;2;27;0;0;0;9201;1;0;0;12;4;0;0;0;0
obj;3;224;1;3;3;18;0;0;0;1;0;0;0;6;8;0;0;0;0
obj;3;225;1;0;0;235;0;0;0;9204;1;0;0;4;4;0;0;0;0
obj;3;225;1;1;1;27;0;0;0;9202;1;0;0;8;4;0;0;0;0
obj;3;225;1;2;2;27;0;0;0;9201;1;0;0;12;4;0;0;0;0
obj;3;226;1;0;0;235;0;0;0;9204;1;0;0;4;4;0;0;0;0
obj;3;226;1;1;1;27;0;0;0;9202;1;0;0;8;4;0;0;0;0
obj;3;226;1;2;2;27;0;0;0;9201;1;0;0;12;4;0;0;0;0
obj;3;227;1;0;0;235;0;0;0;9204;1;0;0;4;4;0;0;0;0
obj;3;227;1;1;1;27;0;0;0;9202;1;0;0;8;4;0;0;0;0
obj;3;227;1;2;2;27;0;0;0;9201;1;0;0;12;4;0;0;0;0
obj;3;228;1;0;0;235;0;0;0;9204;1;0;0;4;4;0;0;0;0
obj;3;228;1;1;1;27;0;0;0;9202;1;0;0;8;4;0;0;0;0
obj;3;228;1;2;2;27;0;0;0;9201;1;0;0;12;4;0;0;0;0
obj;3;229;1;0;0;235;0;0;0;9204;1;0;0;4;4;0;0;0;0
obj;3;229;1;1;1;27;0;0;0;9202;1;0;0;8;4;0;0;0;0
obj;3;229;1;2;2;27;0;0;0;9201;1;0;0;12;4;0;0;0;0
obj;3;230;1;0;0;235;0;0;0;9204;1;0;0;4;4;0;0;0;0
obj;3;230;1;1;1;27;0;0;0;9202;1;0;0;8;4;0;0;0;0
obj;3;230;1;2;2;27;0;0;0;9201;1;0;0;12;4;0;0;0;0
obj;3;231;1;0;0;235;0;0;0;9204;1;0;0;4;4;0;0;0;0
obj;3;231;1;1;1;27;0;0;0;9202;1;0;0;8;4;0;0;0;0
obj;3;231;1;2;2;27;0;0;0;9201;1;0;0;12;4;0;0;0;0
obj;3;232;1;0;0;235;0;0;0;9204;1;0;0;4;4;0;0;0;0
obj;3;232;1;1;1;27;0;0;0;9202;1;0;0;8;4;0;0;0;0
obj;3;232;1;2;2;27;0;0;0;9201;1;0;0;12;4;0;0;0;0
obj;3;233;1;0;0;27;0;0;0;9202;1;0;0;8;4;0;0;0;0
obj;3;233;1;1;1;235;0;0;0;9204;1;0;0;4;4;0;0;0;0
obj;3;233;1;2;2;27;0;0;0;9201;1;0;0;12;4;0;0;0;0
obj;3;234;1;0;0;27;0;0;0;9202;1;0;0;8;4;0;0;0;0
obj;3;234;1;1;1;235;0;0;0;9204;1;0;0;4;4;0;0;0;0
obj;3;234;1;2;2;27;0;0;0;9201;1;0;0;12;4;0;0;0;0
obj;3;235;1;0;0;22;0;0;534;10159;1;0;0;3;5;0;0;0;0
obj;3;236;1;0;0;41;17;0;0;2;3;0;0;7;7;0;0;0;0
obj;3;236;1;1;1;60;0;0;0;3;2;0;0;8;4;0;0;0;0
obj;3;236;1;2;2;19;17;1;0;3274;3;0;0;1;4;0;0;0;0
obj;3;236;1;3;3;19;16;1;0;3275;2;0;0;3;4;0;0;0;0
obj;3;236;1;4;4;60;15;1;0;3365;1;0;0;5;3;0;0;0;0
obj;3;236;1;5;5;164;0;0;0;4;2;0;0;3;6;0;0;0;0
obj;3;237;1;0;0;27;0;0;0;1;3;0;0;8;1;0;0;0;0
obj;3;237;1;1;1;141;2;0;492;2;2;0;0;13;10;0;0;0;0
obj;3;237;1;2;2;145;2;0;493;3;3;0;0;4;6;0;0;0;0
obj;3;237;1;3;3;142;2;0;494;4;1;0;0;11;8;0;0;0;0
obj;3;237;1;4;4;143;2;0;495;5;3;0;0;2;10;0;0;0;0
obj;3;237;1;5;5;144;2;0;496;6;0;0;0;7;9;0;0;0;0
bg;3;238;1;0;4;0;8;10;0;0
bg;3;238;1;1;5;0;2;4;0;0
bg;3;238;1;2;6;0;14;4;0;0
bg;3;238;1;3;10;0;8;5;0;0
obj;3;238;1;0;0;122;14;0;567;3;0;0;0;8;6;0;0;0;0
obj;3;238;1;1;1;153;15;0;566;13;1;0;0;14;4;0;0;0;0
obj;3;238;1;2;2;152;15;0;566;12;1;0;0;2;4;0;0;0;0
obj;3;238;1;3;3;151;15;0;566;11;1;0;0;8;10;0;0;0;0
obj;3;238;1;4;4;214;14;0;670;15;0;0;0;7;6;0;0;0;0
coord;3;238;1;0;14;8;13;1;1;0;1;16653
obj;3;239;1;0;0;27;0;0;0;9003;1;0;0;7;4;0;0;0;0
obj;3;239;1;1;1;27;0;0;0;9001;1;0;0;12;4;0;0;0;0
obj;3;239;1;2;2;27;0;0;0;9011;1;0;0;3;4;0;0;0;0
obj;3;240;1;0;0;235;0;0;0;9204;1;0;0;4;4;0;0;0;0
obj;3;240;1;1;1;27;0;0;0;9202;1;0;0;8;4;0;0;0;0
obj;3;240;1;2;2;27;0;0;0;9201;1;0;0;12;4;0;0;0;0
bg;3;241;1;0;3;0;10;9;0;0
bg;3;241;1;1;3;0;11;9;0;0
bg;3;241;1;2;3;0;17;9;0;0
bg;3;241;1;3;3;0;18;9;0;0
bg;3;241;1;4;3;0;21;9;0;0
bg;3;241;1;5;3;0;22;9;0;0
bg;3;241;1;6;3;0;25;9;0;0
bg;3;241;1;7;3;0;26;9;0;0
bg;3;241;1;8;3;0;29;9;0;0
bg;3;241;1;9;3;0;30;9;0;0
obj;3;241;1;0;0;29;3;0;567;1;2;2;0;8;13;0;0;0;0
obj;3;241;1;1;1;30;3;0;567;2;2;0;3;36;10;0;0;0;0
obj;3;241;1;2;2;87;0;0;1311;7296;0;0;0;6;8;0;0;0;0
obj;3;242;1;0;0;40;0;0;0;1;1;0;0;5;6;0;0;0;0
bg;3;243;1;0;3;0;4;2;0;0
obj;3;243;1;0;0;20;0;0;0;2;3;0;0;2;5;0;0;0;0
obj;3;244;1;0;0;18;0;0;0;1;2;0;0;3;5;0;0;0;0
obj;3;245;1;0;0;8;3;0;0;2;2;3;0;5;8;0;0;0;0
obj;3;245;1;1;1;14;0;0;0;1;0;0;0;7;6;0;0;0;0
bg;3;246;1;0;2;0;4;2;0;0
obj;3;246;1;0;0;17;0;0;0;1;1;1;0;2;5;0;0;0;0
bg;3;247;1;0;4;0;5;3;0;4
bg;3;247;1;1;5;0;1;7;0;4
bg;3;247;1;2;3;0;7;5;0;4
bg;3;247;1;3;2;0;9;7;0;4
obj;3;247;1;0;0;36;0;0;0;1;2;0;0;2;3;0;0;0;0
bg;3;248;1;0;8803;0;62;38;0;0
bg;3;248;1;1;8210;2;33;37;0;4
obj;3;248;1;0;0;87;0;0;1080;7066;0;0;0;48;38;0;0;0;0
obj;3;248;1;1;1;87;0;0;1081;7067;0;0;0;49;54;0;0;0;0
obj;3;248;1;2;2;93;0;0;0;1;0;0;0;61;46;0;0;0;0
obj;3;248;1;3;3;50;2;0;0;2;3;0;0;55;58;0;0;0;0
obj;3;248;1;4;1;93;0;0;505;65535;0;0;0;70;46;0;0;0;0
bg;3;249;1;0;8804;0;69;38;0;0
bg;3;249;1;1;8211;2;90;39;0;4
obj;3;249;1;0;0;87;0;0;1082;7068;0;0;0;76;36;0;0;0;0
obj;3;249;1;1;1;93;0;0;0;2;0;0;0;70;46;0;0;0;0
obj;3;249;1;2;2;55;5;0;0;1;2;1;0;85;43;0;0;0;0
obj;3;249;1;3;2;93;0;0;504;65535;0;0;0;61;46;0;0;0;0
bg;3;250;1;0;8805;0;62;80;0;0
bg;3;250;1;1;8212;2;49;75;0;4
obj;3;250;1;0;0;87;0;0;1084;7070;0;0;0;38;79;0;0;0;0
obj;3;250;1;1;1;93;0;0;0;2;0;0;0;59;86;0;0;0;0
obj;3;250;1;2;2;19;4;0;0;1;1;0;1;38;75;0;0;0;0
obj;3;250;1;3;3;50;2;0;504;65535;3;0;0;55;58;0;0;0;0
obj;3;250;1;4;2;93;0;0;507;65535;0;0;0;71;86;0;0;0;0
bg;3;251;1;0;8806;0;69;80;0;0
bg;3;251;1;1;8213;2;74;76;0;4
obj;3;251;1;0;0;87;0;0;1085;7071;0;0;0;80;78;0;0;0;0
obj;3;251;1;1;1;87;0;0;1083;7069;0;0;0;83;86;0;0;0;0
obj;3;251;1;2;2;93;0;0;0;2;0;0;0;71;86;0;0;0;0
obj;3;251;1;3;3;5;11;0;0;1;1;0;0;83;82;0;0;0;0
obj;3;251;1;4;1;93;0;0;506;65535;0;0;0;59;86;0;0;0;0
bg;3;252;1;0;8807;0;62;106;0;0
bg;3;252;1;1;8214;2;47;120;0;4
obj;3;252;1;0;0;87;0;0;1086;7072;0;0;0;47;112;0;0;0;0
obj;3;252;1;1;1;93;0;0;0;2;0;0;0;63;113;0;0;0;0
obj;3;252;1;2;2;4;10;0;0;1;1;0;0;62;115;0;0;0;0
obj;3;252;1;3;1;93;0;0;509;65535;0;0;0;72;113;0;0;0;0
bg;3;253;1;0;8808;0;69;106;0;0
bg;3;253;1;1;8215;2;91;113;0;4
obj;3;253;1;0;0;87;0;0;1087;7073;0;0;0;91;105;0;0;0;0
obj;3;253;1;1;1;93;0;0;0;2;0;0;0;72;113;0;0;0;0
obj;3;253;1;2;2;11;3;0;0;1;0;1;1;74;115;0;0;0;0
obj;3;253;1;3;2;4;10;0;508;65535;1;0;0;62;115;0;0;0;0
obj;3;253;1;4;1;93;0;0;508;65535;0;0;0;63;113;0;0;0;0
obj;3;253;1;5;2;93;0;0;507;65535;0;0;0;72;86;0;0;0;0
obj;3;254;1;0;0;156;0;0;590;0;1;0;0;31;27;1048576;0;0;0
coord;3;254;1;0;2;30;35;3;1;0;1;16664
obj;3;0;2;0;0;19;16;0;0;1;2;0;0;3;7;0;0;0;0
obj;3;0;2;1;1;87;0;0;1130;7116;0;0;0;58;3;0;0;0;0
obj;3;1;2;0;0;19;16;0;0;1;2;0;0;5;6;0;0;0;0
obj;3;1;2;1;1;87;0;0;1130;7116;0;0;0;90;3;0;0;0;0
obj;3;2;2;0;0;132;0;0;589;2;1;0;0;5;5;0;0;0;0
bg;3;3;2;0;8038;2;4;3;0;4
obj;3;5;2;0;0;11;0;0;0;1;3;0;0;5;8;0;0;0;0
obj;3;5;2;1;1;13;0;0;0;2;2;0;0;8;8;0;0;0;0
obj;3;5;2;2;2;19;3;0;0;3;0;0;0;13;6;0;0;0;0
obj;3;5;2;3;3;6;3;0;0;4;0;0;0;12;11;0;0;0;0
obj;3;6;2;0;0;85;0;0;32;10001;0;0;0;5;11;0;0;0;0
obj;3;6;2;1;1;85;0;0;33;10001;0;0;0;6;10;0;0;0;0
obj;3;6;2;2;2;85;0;0;34;10001;0;0;0;7;9;0;0;0;0
obj;3;6;2;3;3;85;0;0;35;10001;0;0;0;4;12;0;0;0;0
obj;3;6;2;4;4;85;0;0;36;10001;0;0;0;3;13;0;0;0;0
obj;3;6;2;5;5;85;0;0;37;10001;0;0;0;2;14;0;0;0;0
obj;3;6;2;6;6;85;0;0;38;10001;0;0;0;18;10;0;0;0;0
obj;3;6;2;7;7;85;0;0;39;10001;0;0;0;20;8;0;0;0;0
obj;3;6;2;8;8;85;0;0;40;10001;0;0;0;19;9;0;0;0;0
obj;3;6;2;9;9;85;0;0;41;10001;0;0;0;15;13;0;0;0;0
obj;3;6;2;10;10;85;0;0;42;10001;0;0;0;16;12;0;0;0;0
obj;3;6;2;11;11;85;0;0;43;10001;0;0;0;17;11;0;0;0;0
obj;3;6;2;12;12;85;0;0;44;10001;0;0;0;11;11;0;0;0;0
obj;3;7;2;0;0;85;0;0;32;10001;0;0;0;11;5;0;0;0;0
obj;3;7;2;1;1;85;0;0;33;10001;0;0;0;12;6;0;0;0;0
obj;3;7;2;2;2;85;0;0;34;10001;0;0;0;13;7;0;0;0;0
obj;3;7;2;3;3;85;0;0;35;10001;0;0;0;10;4;0;0;0;0
obj;3;7;2;4;4;85;0;0;36;10001;0;0;0;9;3;0;0;0;0
obj;3;7;2;5;5;85;0;0;37;10001;0;0;0;8;2;0;0;0;0
obj;3;7;2;6;6;85;0;0;38;10001;0;0;0;13;19;0;0;0;0
obj;3;7;2;7;7;85;0;0;39;10001;0;0;0;9;15;0;0;0;0
obj;3;7;2;8;8;85;0;0;40;10001;0;0;0;14;20;0;0;0;0
obj;3;7;2;9;9;85;0;0;41;10001;0;0;0;10;16;0;0;0;0
obj;3;7;2;10;10;85;0;0;42;10001;0;0;0;11;17;0;0;0;0
obj;3;7;2;11;11;85;0;0;43;10001;0;0;0;12;18;0;0;0;0
obj;3;7;2;12;12;85;0;0;44;10001;0;0;0;11;11;0;0;0;0
obj;3;8;2;0;0;85;0;0;32;10001;0;0;0;11;5;0;0;0;0
obj;3;8;2;1;1;85;0;0;33;10001;0;0;0;10;6;0;0;0;0
obj;3;8;2;2;2;85;0;0;34;10001;0;0;0;9;7;0;0;0;0
obj;3;8;2;3;3;85;0;0;35;10001;0;0;0;12;4;0;0;0;0
obj;3;8;2;4;4;85;0;0;36;10001;0;0;0;13;3;0;0;0;0
obj;3;8;2;5;5;85;0;0;37;10001;0;0;0;14;2;0;0;0;0
obj;3;8;2;6;6;85;0;0;38;10001;0;0;0;9;19;0;0;0;0
obj;3;8;2;7;7;85;0;0;39;10001;0;0;0;13;15;0;0;0;0
obj;3;8;2;8;8;85;0;0;40;10001;0;0;0;8;20;0;0;0;0
obj;3;8;2;9;9;85;0;0;41;10001;0;0;0;12;16;0;0;0;0
obj;3;8;2;10;10;85;0;0;42;10001;0;0;0;11;17;0;0;0;0
obj;3;8;2;11;11;85;0;0;43;10001;0;0;0;10;18;0;0;0;0
obj;3;8;2;12;12;85;0;0;44;10001;0;0;0;11;11;0;0;0;0
obj;3;9;2;0;0;85;0;0;32;10001;0;0;0;2;8;0;0;0;0
obj;3;9;2;1;1;85;0;0;33;10001;0;0;0;6;10;0;0;0;0
obj;3;9;2;2;2;85;0;0;34;10001;0;0;0;9;3;0;0;0;0
obj;3;9;2;3;3;85;0;0;35;10001;0;0;0;4;2;0;0;0;0
obj;3;9;2;4;4;85;0;0;36;10001;0;0;0;20;7;0;0;0;0
obj;3;9;2;5;5;85;0;0;37;10001;0;0;0;18;2;0;0;0;0
obj;3;9;2;6;6;85;0;0;38;10001;0;0;0;13;3;0;0;0;0
obj;3;9;2;7;7;85;0;0;39;10001;0;0;0;16;4;0;0;0;0
obj;3;9;2;8;8;85;0;0;40;10001;0;0;0;11;17;0;0;0;0
obj;3;9;2;9;9;85;0;0;41;10001;0;0;0;18;10;0;0;0;0
obj;3;9;2;10;10;85;0;0;42;10001;0;0;0;2;15;0;0;0;0
obj;3;9;2;11;11;85;0;0;43;10001;0;0;0;4;10;0;0;0;0
obj;3;9;2;12;12;85;0;0;44;10001;0;0;0;11;5;0;0;0;0
obj;3;9;2;13;13;85;0;0;45;10001;0;0;0;17;11;0;0;0;0
obj;3;9;2;14;14;85;0;0;46;10001;0;0;0;11;6;0;0;0;0
obj;3;9;2;15;15;85;0;0;47;10001;0;0;0;6;4;0;0;0;0
obj;3;9;2;16;16;85;0;0;48;10001;0;0;0;6;18;0;0;0;0
obj;3;9;2;17;17;85;0;0;49;10001;0;0;0;18;20;0;0;0;0
obj;3;9;2;18;18;85;0;0;50;10001;0;0;0;9;19;0;0;0;0
obj;3;9;2;19;19;85;0;0;51;10001;0;0;0;4;20;0;0;0;0
obj;3;9;2;20;20;85;0;0;52;10001;0;0;0;11;16;0;0;0;0
obj;3;9;2;21;21;85;0;0;53;10001;0;0;0;6;12;0;0;0;0
obj;3;9;2;22;22;85;0;0;54;10001;0;0;0;4;12;0;0;0;0
obj;3;9;2;23;23;85;0;0;55;10001;0;0;0;13;19;0;0;0;0
obj;3;9;2;24;24;85;0;0;56;10001;0;0;0;16;18;0;0;0;0
obj;3;9;2;25;25;85;0;0;57;10001;0;0;0;20;15;0;0;0;0
obj;3;9;2;26;26;85;0;0;58;10001;0;0;0;5;11;0;0;0;0
obj;3;9;2;27;27;85;0;0;59;10001;0;0;0;16;10;0;0;0;0
obj;3;9;2;28;28;85;0;0;60;10001;0;0;0;16;12;0;0;0;0
obj;3;9;2;29;29;85;0;0;61;10001;0;0;0;18;12;0;0;0;0
obj;3;10;2;0;0;85;0;0;32;10001;0;0;0;7;3;0;0;0;0
obj;3;10;2;1;1;85;0;0;33;10001;0;0;0;11;5;0;0;0;0
obj;3;10;2;2;2;85;0;0;34;10001;0;0;0;8;2;0;0;0;0
obj;3;10;2;3;3;85;0;0;35;10001;0;0;0;3;7;0;0;0;0
obj;3;10;2;4;4;85;0;0;36;10001;0;0;0;19;7;0;0;0;0
obj;3;10;2;5;5;85;0;0;37;10001;0;0;0;11;11;0;0;0;0
obj;3;10;2;6;6;85;0;0;38;10001;0;0;0;15;3;0;0;0;0
obj;3;10;2;7;7;85;0;0;39;10001;0;0;0;14;4;0;0;0;0
obj;3;10;2;8;8;85;0;0;40;10001;0;0;0;7;19;0;0;0;0
obj;3;10;2;9;9;85;0;0;41;10001;0;0;0;18;8;0;0;0;0
obj;3;10;2;10;10;85;0;0;42;10001;0;0;0;2;8;0;0;0;0
obj;3;10;2;11;11;85;0;0;43;10001;0;0;0;3;15;0;0;0;0
obj;3;10;2;12;12;85;0;0;44;10001;0;0;0;14;2;0;0;0;0
obj;3;10;2;13;13;85;0;0;45;10001;0;0;0;18;14;0;0;0;0
obj;3;10;2;14;14;85;0;0;46;10001;0;0;0;8;4;0;0;0;0
obj;3;10;2;15;15;85;0;0;47;10001;0;0;0;4;8;0;0;0;0
obj;3;10;2;16;16;85;0;0;48;10001;0;0;0;17;11;0;0;0;0
obj;3;10;2;17;17;85;0;0;49;10001;0;0;0;15;19;0;0;0;0
obj;3;10;2;18;18;85;0;0;50;10001;0;0;0;8;18;0;0;0;0
obj;3;10;2;19;19;85;0;0;51;10001;0;0;0;8;20;0;0;0;0
obj;3;10;2;20;20;85;0;0;52;10001;0;0;0;11;16;0;0;0;0
obj;3;10;2;21;21;85;0;0;53;10001;0;0;0;4;14;0;0;0;0
obj;3;10;2;22;22;85;0;0;54;10001;0;0;0;5;11;0;0;0;0
obj;3;10;2;23;23;85;0;0;55;10001;0;0;0;20;14;0;0;0;0
obj;3;10;2;24;24;85;0;0;56;10001;0;0;0;14;20;0;0;0;0
obj;3;10;2;25;25;85;0;0;57;10001;0;0;0;19;15;0;0;0;0
obj;3;10;2;26;26;85;0;0;58;10001;0;0;0;14;18;0;0;0;0
obj;3;10;2;27;27;85;0;0;59;10001;0;0;0;2;14;0;0;0;0
obj;3;10;2;28;28;85;0;0;60;10001;0;0;0;20;8;0;0;0;0
obj;3;11;2;0;0;85;0;0;32;10001;0;0;0;17;17;0;0;0;0
obj;3;11;2;1;1;85;0;0;33;10001;0;0;0;6;2;0;0;0;0
obj;3;11;2;2;2;85;0;0;34;10001;0;0;0;9;5;0;0;0;0
obj;3;11;2;3;3;85;0;0;35;10001;0;0;0;7;3;0;0;0;0
obj;3;11;2;4;4;85;0;0;36;10001;0;0;0;4;4;0;0;0;0
obj;3;11;2;5;5;85;0;0;37;10001;0;0;0;15;7;0;0;0;0
obj;3;11;2;6;6;85;0;0;38;10001;0;0;0;13;5;0;0;0;0
obj;3;11;2;7;7;85;0;0;39;10001;0;0;0;14;6;0;0;0;0
obj;3;11;2;8;8;85;0;0;40;10001;0;0;0;10;17;0;0;0;0
obj;3;11;2;9;9;85;0;0;41;10001;0;0;0;11;11;0;0;0;0
obj;3;11;2;10;10;85;0;0;42;10001;0;0;0;11;17;0;0;0;0
obj;3;11;2;11;11;85;0;0;43;10001;0;0;0;7;7;0;0;0;0
obj;3;11;2;12;12;85;0;0;44;10001;0;0;0;12;5;0;0;0;0
obj;3;11;2;13;13;85;0;0;45;10001;0;0;0;16;16;0;0;0;0
obj;3;11;2;14;14;85;0;0;46;10001;0;0;0;10;5;0;0;0;0
obj;3;11;2;15;15;85;0;0;47;10001;0;0;0;8;4;0;0;0;0
obj;3;11;2;16;16;85;0;0;48;10001;0;0;0;15;19;0;0;0;0
obj;3;11;2;17;17;85;0;0;49;10001;0;0;0;5;5;0;0;0;0
obj;3;11;2;18;18;85;0;0;50;10001;0;0;0;7;15;0;0;0;0
obj;3;11;2;19;19;85;0;0;51;10001;0;0;0;8;16;0;0;0;0
obj;3;11;2;20;20;85;0;0;52;10001;0;0;0;9;17;0;0;0;0
obj;3;11;2;21;21;85;0;0;53;10001;0;0;0;6;6;0;0;0;0
obj;3;11;2;22;22;85;0;0;54;10001;0;0;0;15;15;0;0;0;0
obj;3;11;2;23;23;85;0;0;55;10001;0;0;0;12;17;0;0;0;0
obj;3;11;2;24;24;85;0;0;56;10001;0;0;0;13;17;0;0;0;0
obj;3;11;2;25;25;85;0;0;57;10001;0;0;0;18;18;0;0;0;0
obj;3;11;2;26;26;85;0;0;58;10001;0;0;0;14;18;0;0;0;0
obj;3;11;2;27;27;85;0;0;59;10001;0;0;0;11;5;0;0;0;0
obj;3;11;2;28;28;85;0;0;60;10001;0;0;0;16;20;0;0;0;0
obj;3;12;2;0;0;85;0;0;32;10001;0;0;0;4;18;0;0;0;0
obj;3;12;2;1;1;85;0;0;33;10001;0;0;0;16;2;0;0;0;0
obj;3;12;2;2;2;85;0;0;34;10001;0;0;0;9;5;0;0;0;0
obj;3;12;2;3;3;85;0;0;35;10001;0;0;0;15;3;0;0;0;0
obj;3;12;2;4;4;85;0;0;36;10001;0;0;0;16;6;0;0;0;0
obj;3;12;2;5;5;85;0;0;37;10001;0;0;0;15;7;0;0;0;0
obj;3;12;2;6;6;85;0;0;38;10001;0;0;0;13;5;0;0;0;0
obj;3;12;2;7;7;85;0;0;39;10001;0;0;0;14;4;0;0;0;0
obj;3;12;2;8;8;85;0;0;40;10001;0;0;0;5;17;0;0;0;0
obj;3;12;2;9;9;85;0;0;41;10001;0;0;0;11;11;0;0;0;0
obj;3;12;2;10;10;85;0;0;42;10001;0;0;0;11;17;0;0;0;0
obj;3;12;2;11;11;85;0;0;43;10001;0;0;0;7;7;0;0;0;0
obj;3;12;2;12;12;85;0;0;44;10001;0;0;0;12;5;0;0;0;0
obj;3;12;2;13;13;85;0;0;45;10001;0;0;0;6;16;0;0;0;0
obj;3;12;2;14;14;85;0;0;46;10001;0;0;0;10;5;0;0;0;0
obj;3;12;2;15;15;85;0;0;47;10001;0;0;0;8;6;0;0;0;0
obj;3;12;2;16;16;85;0;0;48;10001;0;0;0;7;19;0;0;0;0
obj;3;12;2;17;17;85;0;0;49;10001;0;0;0;17;5;0;0;0;0
obj;3;12;2;18;18;85;0;0;50;10001;0;0;0;12;17;0;0;0;0
obj;3;12;2;19;19;85;0;0;51;10001;0;0;0;9;17;0;0;0;0
obj;3;12;2;20;20;85;0;0;52;10001;0;0;0;8;18;0;0;0;0
obj;3;12;2;21;21;85;0;0;53;10001;0;0;0;18;4;0;0;0;0
obj;3;12;2;22;22;85;0;0;54;10001;0;0;0;15;15;0;0;0;0
obj;3;12;2;23;23;85;0;0;55;10001;0;0;0;10;17;0;0;0;0
obj;3;12;2;24;24;85;0;0;56;10001;0;0;0;13;17;0;0;0;0
obj;3;12;2;25;25;85;0;0;57;10001;0;0;0;7;15;0;0;0;0
obj;3;12;2;26;26;85;0;0;58;10001;0;0;0;14;16;0;0;0;0
obj;3;12;2;27;27;85;0;0;59;10001;0;0;0;11;5;0;0;0;0
obj;3;12;2;28;28;85;0;0;60;10001;0;0;0;6;20;0;0;0;0
obj;3;13;2;0;0;85;0;0;32;10001;0;0;0;3;8;0;0;0;0
obj;3;13;2;1;1;85;0;0;33;10001;0;0;0;17;6;0;0;0;0
obj;3;13;2;2;2;85;0;0;34;10001;0;0;0;4;9;0;0;0;0
obj;3;13;2;3;3;85;0;0;35;10001;0;0;0;20;15;0;0;0;0
obj;3;13;2;4;4;85;0;0;36;10001;0;0;0;18;7;0;0;0;0
obj;3;13;2;5;5;85;0;0;37;10001;0;0;0;2;7;0;0;0;0
obj;3;13;2;6;6;85;0;0;38;10001;0;0;0;11;4;0;0;0;0
obj;3;13;2;7;7;85;0;0;39;10001;0;0;0;10;16;0;0;0;0
obj;3;13;2;8;8;85;0;0;40;10001;0;0;0;3;14;0;0;0;0
obj;3;13;2;9;9;85;0;0;41;10001;0;0;0;13;19;0;0;0;0
obj;3;13;2;10;10;85;0;0;42;10001;0;0;0;18;13;0;0;0;0
obj;3;13;2;11;11;85;0;0;43;10001;0;0;0;6;11;0;0;0;0
obj;3;13;2;12;12;85;0;0;44;10001;0;0;0;12;5;0;0;0;0
obj;3;13;2;13;13;85;0;0;45;10001;0;0;0;11;17;0;0;0;0
obj;3;13;2;14;14;85;0;0;46;10001;0;0;0;5;16;0;0;0;0
obj;3;13;2;15;15;85;0;0;47;10001;0;0;0;5;10;0;0;0;0
obj;3;13;2;16;16;85;0;0;48;10001;0;0;0;14;20;0;0;0;0
obj;3;13;2;17;17;85;0;0;49;10001;0;0;0;13;6;0;0;0;0
obj;3;13;2;18;18;85;0;0;50;10001;0;0;0;17;12;0;0;0;0
obj;3;13;2;19;19;85;0;0;51;10001;0;0;0;12;18;0;0;0;0
obj;3;13;2;20;20;85;0;0;52;10001;0;0;0;9;2;0;0;0;0
obj;3;13;2;21;21;85;0;0;53;10001;0;0;0;19;8;0;0;0;0
obj;3;13;2;22;22;85;0;0;54;10001;0;0;0;18;9;0;0;0;0
obj;3;13;2;23;23;85;0;0;55;10001;0;0;0;19;14;0;0;0;0
obj;3;13;2;24;24;85;0;0;56;10001;0;0;0;16;11;0;0;0;0
obj;3;13;2;25;25;85;0;0;57;10001;0;0;0;5;12;0;0;0;0
obj;3;13;2;26;26;85;0;0;58;10001;0;0;0;17;10;0;0;0;0
obj;3;13;2;27;27;85;0;0;59;10001;0;0;0;4;15;0;0;0;0
obj;3;13;2;28;28;85;0;0;60;10001;0;0;0;10;3;0;0;0;0
obj;3;13;2;29;29;85;0;0;61;10001;0;0;0;4;13;0;0;0;0
obj;3;14;2;0;0;85;0;0;32;10001;0;0;0;3;8;0;0;0;0
obj;3;14;2;1;1;85;0;0;33;10001;0;0;0;17;16;0;0;0;0
obj;3;14;2;2;2;85;0;0;34;10001;0;0;0;4;9;0;0;0;0
obj;3;14;2;3;3;85;0;0;35;10001;0;0;0;18;15;0;0;0;0
obj;3;14;2;4;4;85;0;0;36;10001;0;0;0;20;7;0;0;0;0
obj;3;14;2;5;5;85;0;0;37;10001;0;0;0;2;15;0;0;0;0
obj;3;14;2;6;6;85;0;0;38;10001;0;0;0;11;4;0;0;0;0
obj;3;14;2;7;7;85;0;0;39;10001;0;0;0;12;16;0;0;0;0
obj;3;14;2;8;8;85;0;0;40;10001;0;0;0;3;14;0;0;0;0
obj;3;14;2;9;9;85;0;0;41;10001;0;0;0;9;19;0;0;0;0
obj;3;14;2;10;10;85;0;0;42;10001;0;0;0;18;13;0;0;0;0
obj;3;14;2;11;11;85;0;0;43;10001;0;0;0;6;11;0;0;0;0
obj;3;14;2;12;12;85;0;0;44;10001;0;0;0;10;5;0;0;0;0
obj;3;14;2;13;13;85;0;0;45;10001;0;0;0;11;17;0;0;0;0
obj;3;14;2;14;14;85;0;0;46;10001;0;0;0;5;6;0;0;0;0
obj;3;14;2;15;15;85;0;0;47;10001;0;0;0;5;10;0;0;0;0
obj;3;14;2;16;16;85;0;0;48;10001;0;0;0;8;20;0;0;0;0
obj;3;14;2;17;17;85;0;0;49;10001;0;0;0;9;6;0;0;0;0
obj;3;14;2;18;18;85;0;0;50;10001;0;0;0;17;12;0;0;0;0
obj;3;14;2;19;19;85;0;0;51;10001;0;0;0;10;18;0;0;0;0
obj;3;14;2;20;20;85;0;0;52;10001;0;0;0;12;3;0;0;0;0
obj;3;14;2;21;21;85;0;0;53;10001;0;0;0;19;8;0;0;0;0
obj;3;14;2;22;22;85;0;0;54;10001;0;0;0;18;9;0;0;0;0
obj;3;14;2;23;23;85;0;0;55;10001;0;0;0;19;14;0;0;0;0
obj;3;14;2;24;24;85;0;0;56;10001;0;0;0;16;11;0;0;0;0
obj;3;14;2;25;25;85;0;0;57;10001;0;0;0;5;12;0;0;0;0
obj;3;14;2;26;26;85;0;0;58;10001;0;0;0;17;10;0;0;0;0
obj;3;14;2;27;27;85;0;0;59;10001;0;0;0;4;7;0;0;0;0
obj;3;14;2;28;28;85;0;0;60;10001;0;0;0;13;2;0;0;0;0
obj;3;14;2;29;29;85;0;0;61;10001;0;0;0;4;13;0;0;0;0
obj;3;15;2;0;0;85;0;0;32;10001;0;0;0;3;9;0;0;0;0
obj;3;15;2;1;1;85;0;0;33;10001;0;0;0;20;20;0;0;0;0
obj;3;15;2;2;2;85;0;0;34;10001;0;0;0;5;11;0;0;0;0
obj;3;15;2;3;3;85;0;0;35;10001;0;0;0;17;19;0;0;0;0
obj;3;15;2;4;4;85;0;0;36;10001;0;0;0;15;13;0;0;0;0
obj;3;15;2;5;5;85;0;0;37;10001;0;0;0;3;13;0;0;0;0
obj;3;15;2;6;6;85;0;0;38;10001;0;0;0;13;3;0;0;0;0
obj;3;15;2;7;7;85;0;0;39;10001;0;0;0;13;15;0;0;0;0
obj;3;15;2;8;8;85;0;0;40;10001;0;0;0;3;20;0;0;0;0
obj;3;15;2;9;9;85;0;0;41;10001;0;0;0;9;15;0;0;0;0
obj;3;15;2;10;10;85;0;0;42;10001;0;0;0;19;13;0;0;0;0
obj;3;15;2;11;11;85;0;0;43;10001;0;0;0;7;13;0;0;0;0
obj;3;15;2;12;12;85;0;0;44;10001;0;0;0;11;5;0;0;0;0
obj;3;15;2;13;13;85;0;0;45;10001;0;0;0;13;19;0;0;0;0
obj;3;15;2;14;14;85;0;0;46;10001;0;0;0;13;7;0;0;0;0
obj;3;15;2;15;15;85;0;0;47;10001;0;0;0;7;9;0;0;0;0
obj;3;15;2;16;16;85;0;0;48;10001;0;0;0;9;19;0;0;0;0
obj;3;15;2;17;17;85;0;0;49;10001;0;0;0;9;7;0;0;0;0
obj;3;15;2;18;18;85;0;0;50;10001;0;0;0;19;3;0;0;0;0
obj;3;15;2;19;19;85;0;0;51;10001;0;0;0;11;17;0;0;0;0
obj;3;15;2;20;20;85;0;0;52;10001;0;0;0;6;19;0;0;0;0
obj;3;15;2;21;21;85;0;0;53;10001;0;0;0;19;9;0;0;0;0
obj;3;15;2;22;22;85;0;0;54;10001;0;0;0;17;6;0;0;0;0
obj;3;15;2;23;23;85;0;0;55;10001;0;0;0;17;16;0;0;0;0
obj;3;15;2;24;24;85;0;0;56;10001;0;0;0;17;11;0;0;0;0
obj;3;15;2;25;25;85;0;0;57;10001;0;0;0;5;16;0;0;0;0
obj;3;15;2;26;26;85;0;0;58;10001;0;0;0;15;9;0;0;0;0
obj;3;15;2;27;27;85;0;0;59;10001;0;0;0;3;3;0;0;0;0
obj;3;15;2;28;28;85;0;0;60;10001;0;0;0;9;3;0;0;0;0
obj;3;15;2;29;29;85;0;0;61;10001;0;0;0;5;6;0;0;0;0
obj;3;16;2;0;0;85;0;0;32;10001;0;0;0;2;5;0;0;0;0
obj;3;16;2;1;1;85;0;0;33;10001;0;0;0;11;4;0;0;0;0
obj;3;16;2;2;2;85;0;0;34;10001;0;0;0;4;11;0;0;0;0
obj;3;16;2;3;3;85;0;0;35;10001;0;0;0;11;11;0;0;0;0
obj;3;16;2;4;4;85;0;0;36;10001;0;0;0;18;11;0;0;0;0
obj;3;16;2;5;5;85;0;0;37;10001;0;0;0;2;17;0;0;0;0
obj;3;16;2;6;6;85;0;0;38;10001;0;0;0;20;5;0;0;0;0
obj;3;16;2;7;7;85;0;0;39;10001;0;0;0;12;17;0;0;0;0
obj;3;16;2;8;8;85;0;0;40;10001;0;0;0;15;8;0;0;0;0
obj;3;16;2;9;9;85;0;0;41;10001;0;0;0;11;18;0;0;0;0
obj;3;16;2;10;10;85;0;0;42;10001;0;0;0;15;14;0;0;0;0
obj;3;16;2;11;11;85;0;0;43;10001;0;0;0;17;10;0;0;0;0
obj;3;16;2;12;12;85;0;0;44;10001;0;0;0;13;6;0;0;0;0
obj;3;16;2;13;13;85;0;0;45;10001;0;0;0;5;12;0;0;0;0
obj;3;16;2;14;14;85;0;0;46;10001;0;0;0;17;12;0;0;0;0
obj;3;16;2;15;15;85;0;0;47;10001;0;0;0;4;15;0;0;0;0
obj;3;16;2;16;16;85;0;0;48;10001;0;0;0;10;17;0;0;0;0
obj;3;16;2;17;17;85;0;0;49;10001;0;0;0;12;5;0;0;0;0
obj;3;16;2;18;18;85;0;0;50;10001;0;0;0;18;7;0;0;0;0
obj;3;16;2;19;19;85;0;0;51;10001;0;0;0;7;14;0;0;0;0
obj;3;16;2;20;20;85;0;0;52;10001;0;0;0;7;8;0;0;0;0
obj;3;16;2;21;21;85;0;0;53;10001;0;0;0;18;15;0;0;0;0
obj;3;16;2;22;22;85;0;0;54;10001;0;0;0;9;6;0;0;0;0
obj;3;16;2;23;23;85;0;0;55;10001;0;0;0;5;10;0;0;0;0
obj;3;16;2;24;24;85;0;0;56;10001;0;0;0;20;17;0;0;0;0
obj;3;16;2;25;25;85;0;0;57;10001;0;0;0;9;16;0;0;0;0
obj;3;16;2;26;26;85;0;0;58;10001;0;0;0;13;16;0;0;0;0
obj;3;16;2;27;27;85;0;0;59;10001;0;0;0;4;7;0;0;0;0
obj;3;16;2;28;28;85;0;0;60;10001;0;0;0;10;5;0;0;0;0
obj;3;17;2;0;0;85;0;0;32;10001;0;0;0;7;7;0;0;0;0
obj;3;17;2;1;1;85;0;0;33;10001;0;0;0;15;7;0;0;0;0
obj;3;17;2;2;2;85;0;0;34;10001;0;0;0;3;19;0;0;0;0
obj;3;17;2;3;3;85;0;0;35;10001;0;0;0;3;15;0;0;0;0
obj;3;17;2;4;4;85;0;0;36;10001;0;0;0;17;17;0;0;0;0
obj;3;17;2;5;5;85;0;0;37;10001;0;0;0;5;5;0;0;0;0
obj;3;17;2;6;6;85;0;0;38;10001;0;0;0;17;5;0;0;0;0
obj;3;17;2;7;7;85;0;0;39;10001;0;0;0;13;19;0;0;0;0
obj;3;17;2;8;8;85;0;0;40;10001;0;0;0;19;7;0;0;0;0
obj;3;17;2;9;9;85;0;0;41;10001;0;0;0;11;17;0;0;0;0
obj;3;17;2;10;10;85;0;0;42;10001;0;0;0;19;15;0;0;0;0
obj;3;17;2;11;11;85;0;0;43;10001;0;0;0;15;3;0;0;0;0
obj;3;17;2;12;12;85;0;0;44;10001;0;0;0;13;7;0;0;0;0
obj;3;17;2;13;13;85;0;0;45;10001;0;0;0;7;19;0;0;0;0
obj;3;17;2;14;14;85;0;0;46;10001;0;0;0;15;15;0;0;0;0
obj;3;17;2;15;15;85;0;0;47;10001;0;0;0;7;15;0;0;0;0
obj;3;17;2;16;16;85;0;0;48;10001;0;0;0;9;19;0;0;0;0
obj;3;17;2;17;17;85;0;0;49;10001;0;0;0;13;3;0;0;0;0
obj;3;17;2;18;18;85;0;0;50;10001;0;0;0;19;3;0;0;0;0
obj;3;17;2;19;19;85;0;0;51;10001;0;0;0;5;17;0;0;0;0
obj;3;17;2;20;20;85;0;0;52;10001;0;0;0;7;3;0;0;0;0
obj;3;17;2;21;21;85;0;0;53;10001;0;0;0;15;19;0;0;0;0
obj;3;17;2;22;22;85;0;0;54;10001;0;0;0;9;7;0;0;0;0
obj;3;17;2;23;23;85;0;0;55;10001;0;0;0;3;3;0;0;0;0
obj;3;17;2;24;24;85;0;0;56;10001;0;0;0;19;19;0;0;0;0
obj;3;17;2;25;25;85;0;0;57;10001;0;0;0;9;15;0;0;0;0
obj;3;17;2;26;26;85;0;0;58;10001;0;0;0;13;15;0;0;0;0
obj;3;17;2;27;27;85;0;0;59;10001;0;0;0;3;7;0;0;0;0
obj;3;17;2;28;28;85;0;0;60;10001;0;0;0;9;3;0;0;0;0
obj;3;17;2;29;29;85;0;0;61;10001;0;0;0;11;5;0;0;0;0
obj;3;18;2;0;0;85;0;0;32;10001;0;0;0;9;5;0;0;0;0
obj;3;18;2;1;1;85;0;0;33;10001;0;0;0;13;5;0;0;0;0
obj;3;18;2;2;2;85;0;0;34;10001;0;0;0;4;19;0;0;0;0
obj;3;18;2;3;3;85;0;0;35;10001;0;0;0;5;18;0;0;0;0
obj;3;18;2;4;4;85;0;0;36;10001;0;0;0;16;18;0;0;0;0
obj;3;18;2;5;5;85;0;0;37;10001;0;0;0;6;4;0;0;0;0
obj;3;18;2;6;6;85;0;0;38;10001;0;0;0;16;5;0;0;0;0
obj;3;18;2;7;7;85;0;0;39;10001;0;0;0;13;17;0;0;0;0
obj;3;18;2;8;8;85;0;0;40;10001;0;0;0;18;3;0;0;0;0
obj;3;18;2;9;9;85;0;0;41;10001;0;0;0;11;17;0;0;0;0
obj;3;18;2;10;10;85;0;0;42;10001;0;0;0;17;19;0;0;0;0
obj;3;18;2;11;11;85;0;0;43;10001;0;0;0;14;5;0;0;0;0
obj;3;18;2;12;12;85;0;0;44;10001;0;0;0;12;5;0;0;0;0
obj;3;18;2;13;13;85;0;0;45;10001;0;0;0;7;17;0;0;0;0
obj;3;18;2;14;14;85;0;0;46;10001;0;0;0;10;17;0;0;0;0
obj;3;18;2;15;15;85;0;0;47;10001;0;0;0;8;17;0;0;0;0
obj;3;18;2;16;16;85;0;0;48;10001;0;0;0;9;17;0;0;0;0
obj;3;18;2;17;17;85;0;0;49;10001;0;0;0;15;5;0;0;0;0
obj;3;18;2;18;18;85;0;0;50;10001;0;0;0;17;4;0;0;0;0
obj;3;18;2;19;19;85;0;0;51;10001;0;0;0;6;17;0;0;0;0
obj;3;18;2;20;20;85;0;0;52;10001;0;0;0;8;5;0;0;0;0
obj;3;18;2;21;21;85;0;0;53;10001;0;0;0;15;17;0;0;0;0
obj;3;18;2;22;22;85;0;0;54;10001;0;0;0;10;5;0;0;0;0
obj;3;18;2;23;23;85;0;0;55;10001;0;0;0;4;2;0;0;0;0
obj;3;18;2;24;24;85;0;0;56;10001;0;0;0;18;20;0;0;0;0
obj;3;18;2;25;25;85;0;0;57;10001;0;0;0;12;17;0;0;0;0
obj;3;18;2;26;26;85;0;0;58;10001;0;0;0;14;17;0;0;0;0
obj;3;18;2;27;27;85;0;0;59;10001;0;0;0;5;3;0;0;0;0
obj;3;18;2;28;28;85;0;0;60;10001;0;0;0;7;5;0;0;0;0
obj;3;18;2;29;29;85;0;0;61;10001;0;0;0;11;5;0;0;0;0
obj;3;19;2;0;0;85;0;0;32;10001;0;0;0;3;7;0;0;0;0
obj;3;19;2;1;1;85;0;0;33;10001;0;0;0;7;3;0;0;0;0
obj;3;19;2;2;2;85;0;0;34;10001;0;0;0;7;15;0;0;0;0
obj;3;19;2;3;3;85;0;0;35;10001;0;0;0;5;17;0;0;0;0
obj;3;19;2;4;4;85;0;0;36;10001;0;0;0;15;7;0;0;0;0
obj;3;19;2;5;5;85;0;0;37;10001;0;0;0;5;11;0;0;0;0
obj;3;19;2;6;6;85;0;0;38;10001;0;0;0;17;11;0;0;0;0
obj;3;19;2;7;7;85;0;0;39;10001;0;0;0;17;5;0;0;0;0
obj;3;19;2;8;8;85;0;0;40;10001;0;0;0;19;9;0;0;0;0
obj;3;19;2;9;9;85;0;0;41;10001;0;0;0;15;15;0;0;0;0
obj;3;19;2;10;10;85;0;0;42;10001;0;0;0;19;7;0;0;0;0
obj;3;19;2;11;11;85;0;0;43;10001;0;0;0;3;15;0;0;0;0
obj;3;19;2;12;12;85;0;0;44;10001;0;0;0;3;3;0;0;0;0
obj;3;19;2;13;13;85;0;0;45;10001;0;0;0;3;19;0;0;0;0
obj;3;19;2;14;14;85;0;0;46;10001;0;0;0;19;15;0;0;0;0
obj;3;19;2;15;15;85;0;0;47;10001;0;0;0;15;19;0;0;0;0
obj;3;19;2;16;16;85;0;0;48;10001;0;0;0;19;19;0;0;0;0
obj;3;19;2;17;17;85;0;0;49;10001;0;0;0;15;13;0;0;0;0
obj;3;19;2;18;18;85;0;0;50;10001;0;0;0;15;9;0;0;0;0
obj;3;19;2;19;19;85;0;0;51;10001;0;0;0;7;19;0;0;0;0
obj;3;19;2;20;20;85;0;0;52;10001;0;0;0;7;13;0;0;0;0
obj;3;19;2;21;21;85;0;0;53;10001;0;0;0;19;3;0;0;0;0
obj;3;19;2;22;22;85;0;0;54;10001;0;0;0;7;7;0;0;0;0
obj;3;19;2;23;23;85;0;0;55;10001;0;0;0;3;9;0;0;0;0
obj;3;19;2;24;24;85;0;0;56;10001;0;0;0;19;13;0;0;0;0
obj;3;19;2;25;25;85;0;0;57;10001;0;0;0;17;17;0;0;0;0
obj;3;19;2;26;26;85;0;0;58;10001;0;0;0;15;3;0;0;0;0
obj;3;19;2;27;27;85;0;0;59;10001;0;0;0;7;9;0;0;0;0
obj;3;19;2;28;28;85;0;0;60;10001;0;0;0;3;13;0;0;0;0
obj;3;19;2;29;29;85;0;0;61;10001;0;0;0;5;5;0;0;0;0
obj;3;20;2;0;0;85;0;0;32;10001;0;0;0;5;8;0;0;0;0
obj;3;20;2;1;1;85;0;0;33;10001;0;0;0;3;5;0;0;0;0
obj;3;20;2;2;2;85;0;0;34;10001;0;0;0;5;15;0;0;0;0
obj;3;20;2;3;3;85;0;0;35;10001;0;0;0;5;13;0;0;0;0
obj;3;20;2;4;4;85;0;0;36;10001;0;0;0;18;6;0;0;0;0
obj;3;20;2;5;5;85;0;0;37;10001;0;0;0;5;10;0;0;0;0
obj;3;20;2;6;6;85;0;0;38;10001;0;0;0;17;11;0;0;0;0
obj;3;20;2;7;7;85;0;0;39;10001;0;0;0;20;4;0;0;0;0
obj;3;20;2;8;8;85;0;0;40;10001;0;0;0;17;9;0;0;0;0
obj;3;20;2;9;9;85;0;0;41;10001;0;0;0;17;12;0;0;0;0
obj;3;20;2;10;10;85;0;0;42;10001;0;0;0;17;8;0;0;0;0
obj;3;20;2;11;11;85;0;0;43;10001;0;0;0;5;12;0;0;0;0
obj;3;20;2;12;12;85;0;0;44;10001;0;0;0;3;4;0;0;0;0
obj;3;20;2;13;13;85;0;0;45;10001;0;0;0;4;16;0;0;0;0
obj;3;20;2;14;14;85;0;0;46;10001;0;0;0;17;14;0;0;0;0
obj;3;20;2;15;15;85;0;0;47;10001;0;0;0;19;17;0;0;0;0
obj;3;20;2;16;16;85;0;0;48;10001;0;0;0;17;15;0;0;0;0
obj;3;20;2;17;17;85;0;0;49;10001;0;0;0;17;10;0;0;0;0
obj;3;20;2;18;18;85;0;0;50;10001;0;0;0;17;7;0;0;0;0
obj;3;20;2;19;19;85;0;0;51;10001;0;0;0;5;14;0;0;0;0
obj;3;20;2;20;20;85;0;0;52;10001;0;0;0;3;17;0;0;0;0
obj;3;20;2;21;21;85;0;0;53;10001;0;0;0;19;5;0;0;0;0
obj;3;20;2;22;22;85;0;0;54;10001;0;0;0;2;18;0;0;0;0
obj;3;20;2;23;23;85;0;0;55;10001;0;0;0;5;9;0;0;0;0
obj;3;20;2;24;24;85;0;0;56;10001;0;0;0;17;13;0;0;0;0
obj;3;20;2;25;25;85;0;0;57;10001;0;0;0;18;16;0;0;0;0
obj;3;20;2;26;26;85;0;0;58;10001;0;0;0;19;18;0;0;0;0
obj;3;20;2;27;27;85;0;0;59;10001;0;0;0;5;7;0;0;0;0
obj;3;20;2;28;28;85;0;0;60;10001;0;0;0;5;11;0;0;0;0
obj;3;20;2;29;29;85;0;0;61;10001;0;0;0;4;6;0;0;0;0
obj;3;46;2;0;0;20;3;0;0;1;1;0;2;40;6;0;0;0;0
obj;3;46;2;1;1;35;3;0;0;2;0;1;0;18;8;0;0;0;0
obj;3;46;2;2;2;13;3;0;0;3;2;2;0;31;8;0;0;0;0
obj;3;46;2;3;3;51;0;0;0;4;0;1;0;24;14;0;0;0;0
bg;3;47;2;0;31;0;46;49;0;4
bg;3;47;2;1;32;0;50;49;0;4
bg;3;47;2;2;31;0;46;48;0;4
bg;3;47;2;3;31;0;47;48;0;4
bg;3;47;2;4;31;0;47;49;0;4
bg;3;47;2;5;32;0;50;48;0;4
bg;3;47;2;6;32;0;51;49;0;4
bg;3;47;2;7;32;0;51;48;0;4
bg;3;47;2;8;33;0;50;39;0;4
bg;3;47;2;9;33;0;51;39;0;0
bg;3;47;2;10;33;0;50;38;0;1
bg;3;47;2;11;33;0;50;37;0;1
bg;3;47;2;12;33;0;50;36;0;4
bg;3;47;2;13;33;0;51;36;0;3
bg;3;47;2;14;33;0;52;39;0;0
bg;3;47;2;15;33;0;52;36;0;3
bg;3;47;2;16;33;0;53;36;0;4
bg;3;47;2;17;33;0;53;37;0;2
bg;3;47;2;18;33;0;53;38;0;2
bg;3;47;2;19;33;0;53;39;0;4
obj;3;47;2;0;0;96;0;0;0;27;0;0;0;25;32;0;0;0;0
obj;3;47;2;1;1;96;0;0;0;26;0;0;0;47;19;0;0;0;0
obj;3;47;2;2;2;12;3;0;0;18;1;1;1;44;50;0;0;0;0
obj;3;47;2;3;3;18;0;0;0;9;1;0;0;49;64;0;0;0;0
obj;3;47;2;4;4;17;0;0;0;8;1;0;0;48;64;0;0;0;0
obj;3;47;2;5;5;2;3;0;0;6;1;3;0;41;57;0;0;0;0
obj;3;47;2;6;6;3;6;0;0;20;2;0;0;59;45;0;0;0;0
obj;3;47;2;7;7;1;0;0;0;2;0;0;0;50;19;0;0;0;0
obj;3;47;2;8;8;35;10;0;0;4;0;0;1;26;30;0;0;0;0
obj;3;47;2;9;9;31;2;0;0;12;3;0;1;67;39;0;0;0;0
obj;3;47;2;10;10;51;3;0;0;3;1;3;3;38;23;0;0;0;0
obj;3;47;2;11;11;233;0;0;0;23;3;0;0;45;43;0;0;0;0
obj;3;47;2;12;12;233;0;0;0;10490;3;0;0;45;37;0;0;0;0
obj;3;47;2;13;13;233;0;0;0;25;2;0;0;52;43;0;0;0;0
obj;3;47;2;14;14;15;3;0;0;13;0;2;0;60;29;0;0;0;0
obj;3;47;2;15;15;19;0;0;0;14;1;0;0;59;18;0;0;0;0
obj;3;47;2;16;16;36;3;0;0;15;1;0;1;38;37;0;0;0;0
obj;3;47;2;17;17;49;0;0;0;22;3;0;0;55;38;0;0;0;0
obj;3;47;2;18;18;11;3;0;0;19;1;1;1;54;49;0;0;0;0
obj;3;47;2;19;19;42;3;0;0;11;3;2;0;66;50;0;0;0;0
obj;3;47;2;20;20;54;3;0;0;21;3;2;1;60;37;0;0;0;0
obj;3;47;2;21;21;53;3;0;0;17;3;2;0;45;46;0;0;0;0
obj;3;47;2;22;22;55;3;0;0;7;0;2;0;44;61;0;0;0;0
obj;3;47;2;23;23;60;3;0;0;10;0;0;2;54;59;0;0;0;0
obj;3;47;2;24;24;96;0;0;0;28;0;0;0;35;57;0;0;0;0
obj;3;47;2;25;25;96;0;0;0;29;0;0;0;62;57;0;0;0;0
obj;3;47;2;26;26;96;0;0;0;30;0;0;0;72;32;0;0;0;0
obj;3;47;2;27;27;11;3;0;0;16;1;0;2;42;41;0;0;0;0
obj;3;47;2;28;28;69;10;0;0;5;1;0;1;31;40;0;0;0;0
obj;3;47;2;29;29;22;14;0;707;10168;0;0;1;25;36;0;0;0;0
coord;3;47;2;0;34;22;34;1;2;0;0;16501
coord;3;47;2;1;35;35;62;1;2;0;0;16501
coord;3;47;2;2;36;61;62;1;2;0;0;16501
coord;3;47;2;3;37;74;34;1;2;0;0;16501
obj;3;48;2;0;0;9;3;0;0;10;0;2;0;4;6;0;0;0;0
obj;3;48;2;1;1;17;3;0;0;9;2;2;0;11;6;0;0;0;0
obj;3;48;2;2;2;50;8;0;0;8;2;0;0;3;4;0;0;0;0
obj;3;48;2;3;3;233;0;0;0;6;3;2;0;5;13;0;0;0;0
obj;3;48;2;4;4;233;0;0;0;4;3;2;0;5;15;0;0;0;0
obj;3;48;2;5;5;233;0;0;0;2;3;2;0;5;17;0;0;0;0
obj;3;48;2;6;6;233;0;0;0;7;2;2;0;9;13;0;0;0;0
obj;3;48;2;7;7;233;0;0;0;5;2;2;0;9;15;0;0;0;0
obj;3;48;2;8;8;233;0;0;0;3;2;2;0;9;17;0;0;0;0
obj;3;48;2;9;9;13;0;0;0;11;2;0;0;11;3;0;0;0;0
bg;3;50;2;0;10452;0;22;6;0;0
obj;3;50;2;0;0;231;15;0;0;1;1;0;0;21;6;0;0;0;0
obj;3;50;2;1;1;232;15;0;0;6;1;0;0;23;6;0;0;0;0
obj;3;50;2;2;2;4;7;0;0;10;3;0;0;16;5;0;0;0;0
obj;3;50;2;3;3;13;3;0;0;9;2;1;1;15;12;0;0;0;0
obj;3;50;2;4;4;34;3;0;0;13;0;1;1;25;9;0;0;0;0
obj;3;50;2;5;5;56;0;0;0;8;0;0;0;1;12;0;0;0;0
obj;3;50;2;6;6;12;0;0;0;7;1;0;0;1;11;0;0;0;0
obj;3;50;2;7;7;43;3;0;0;11;2;1;1;18;9;0;0;0;0
obj;3;50;2;8;8;63;7;0;0;12;2;0;0;22;11;0;0;0;0
bg;3;51;2;0;10453;0;7;8;0;0
obj;3;51;2;0;0;231;17;0;0;1;3;0;0;6;9;0;0;0;0
obj;3;51;2;1;1;232;17;0;0;6;3;0;0;6;10;0;0;0;0
obj;3;51;2;2;2;175;7;0;0;14;2;0;0;2;5;0;0;0;0
obj;3;51;2;3;3;16;3;0;0;13;3;2;0;3;7;0;0;0;0
obj;3;51;2;4;4;2;0;0;0;9;1;0;0;15;5;0;0;0;0
obj;3;51;2;5;5;204;7;0;0;10;0;0;0;15;6;0;0;0;0
obj;3;51;2;6;6;65;3;0;0;8;2;0;1;20;4;0;0;0;0
obj;3;51;2;7;7;20;3;0;0;7;0;0;1;23;11;0;0;0;0
obj;3;51;2;8;8;17;0;0;0;11;1;1;1;10;3;0;0;0;0
obj;3;51;2;9;9;35;0;0;0;12;0;0;0;6;6;0;0;0;0
obj;3;51;2;10;10;22;15;0;705;10163;1;0;0;25;7;0;0;0;0
obj;3;51;2;11;11;5;0;0;0;15;2;0;0;25;4;0;0;0;0
obj;3;51;2;12;12;104;16;0;0;18;2;1;1;18;11;0;0;0;0
obj;3;51;2;13;13;102;15;0;715;20;1;1;1;4;6;0;0;0;0
obj;3;51;2;14;14;231;15;0;0;17;1;1;1;8;8;0;0;0;0
bg;3;52;2;0;10454;0;6;8;0;0
obj;3;52;2;0;0;231;17;0;0;1;3;0;0;5;9;0;0;0;0
obj;3;52;2;1;1;232;17;0;0;6;3;0;0;5;10;0;0;0;0
obj;3;52;2;2;2;31;0;0;0;11;3;0;0;14;13;0;0;0;0
obj;3;52;2;3;3;51;3;0;0;13;2;2;0;2;14;0;0;0;0
obj;3;52;2;4;4;36;3;0;0;12;0;1;1;8;12;0;0;0;0
obj;3;52;2;5;5;19;3;0;0;9;1;0;2;12;4;0;0;0;0
obj;3;52;2;6;6;44;3;0;0;7;2;0;1;20;5;0;0;0;0
obj;3;52;2;7;7;37;0;0;0;8;3;0;2;14;5;0;0;0;0
obj;3;52;2;8;8;60;3;0;0;10;1;2;0;9;7;0;0;0;0
bg;3;53;2;0;10455;0;16;5;0;0
obj;3;53;2;0;0;231;15;0;0;1;1;1;1;14;5;0;0;0;0
obj;3;53;2;1;1;232;15;0;0;6;1;0;0;15;5;0;0;0;0
obj;3;53;2;2;2;70;6;0;0;9;3;0;0;19;9;0;0;0;0
obj;3;53;2;3;3;60;9;0;0;11;1;3;0;2;12;0;0;0;0
obj;3;53;2;4;4;52;7;0;0;12;3;0;0;2;14;0;0;0;0
obj;3;53;2;5;5;13;6;0;0;13;3;0;0;4;14;0;0;0;0
obj;3;53;2;6;6;40;3;0;0;7;2;0;1;12;3;0;0;0;0
obj;3;53;2;7;7;5;3;0;0;10;2;3;0;7;11;0;0;0;0
obj;3;53;2;8;8;48;0;0;0;14;3;0;0;21;14;0;0;0;0
obj;3;53;2;9;9;55;7;0;0;8;3;1;0;19;6;0;0;0;0
obj;3;53;2;10;10;20;0;0;0;16;1;0;0;13;8;0;0;0;0
obj;3;53;2;11;11;20;0;0;0;17;0;0;0;13;9;0;0;0;0
bg;3;54;2;0;12;0;12;2;0;0
obj;3;54;2;0;0;163;0;0;0;4;2;0;0;15;6;0;0;0;0
obj;3;54;2;1;1;25;0;0;0;8;0;0;0;20;11;0;0;0;0
obj;3;54;2;2;2;25;0;0;0;9;1;0;0;15;11;0;0;0;0
obj;3;54;2;3;3;37;3;0;0;2;0;1;1;3;8;0;0;0;0
obj;3;54;2;4;4;163;0;0;0;5;3;0;0;5;6;0;0;0;0
obj;3;54;2;5;5;25;0;0;0;11;1;0;0;5;11;0;0;0;0
obj;3;54;2;6;6;25;0;0;0;6;2;0;0;20;6;0;0;0;0
obj;3;54;2;7;7;37;3;0;0;3;0;1;1;16;9;0;0;0;0
obj;3;54;2;8;8;36;3;0;0;1;2;1;1;21;13;0;0;0;0
obj;3;54;2;9;9;99;15;0;389;7;1;0;0;15;4;0;0;0;0
bg;3;55;2;0;11;0;15;3;0;0
bg;3;55;2;1;12;0;15;13;0;0
bg;3;55;2;2;13;0;6;7;0;4
bg;3;55;2;3;13;0;6;8;0;4
bg;3;55;2;4;14;0;9;14;0;4
bg;3;55;2;5;14;0;9;13;0;4
bg;3;55;2;6;14;0;6;13;0;4
bg;3;55;2;7;14;0;6;14;0;4
bg;3;55;2;8;13;0;9;8;0;4
bg;3;55;2;9;13;0;9;7;0;4
obj;3;55;2;0;0;7;0;0;0;4;2;0;0;10;6;0;0;0;0
obj;3;55;2;1;1;2;0;0;0;10;1;0;0;11;17;0;0;0;0
obj;3;55;2;2;2;16;2;0;0;7;2;0;0;13;10;0;0;0;0
obj;3;55;2;3;3;13;2;0;0;8;3;0;0;4;15;0;0;0;0
obj;3;55;2;4;4;6;0;0;0;9;2;0;0;13;15;0;0;0;0
obj;3;55;2;5;5;18;0;0;0;6;2;0;0;10;14;0;0;0;0
obj;3;55;2;6;6;20;0;0;0;3;3;0;0;5;8;0;0;0;0
obj;3;55;2;7;7;35;3;0;0;5;3;2;0;20;11;0;0;0;0
obj;3;55;2;8;8;44;2;0;0;2;1;2;0;7;4;0;0;0;0
bg;3;56;2;0;11;0;12;2;0;0
bg;3;56;2;1;12;0;12;12;0;0
bg;3;56;2;2;13;0;8;10;0;4
bg;3;56;2;3;13;0;8;11;0;4
bg;3;56;2;4;13;0;5;11;0;4
bg;3;56;2;5;13;0;5;10;0;4
obj;3;56;2;0;0;36;3;0;0;7;3;2;0;8;16;0;0;0;0
obj;3;56;2;1;1;20;0;0;0;10;2;0;0;18;10;0;0;0;0
obj;3;56;2;2;2;10;3;0;0;9;2;0;2;15;10;0;0;0;0
obj;3;56;2;3;3;8;6;0;0;3;0;0;0;6;6;0;0;0;0
obj;3;56;2;4;4;52;0;0;0;6;3;0;1;4;11;0;0;0;0
obj;3;56;2;5;5;4;8;0;0;2;1;0;0;6;5;0;0;0;0
obj;3;56;2;6;6;15;0;0;0;5;3;0;1;4;10;0;0;0;0
obj;3;56;2;7;7;43;3;0;0;8;2;0;1;11;10;0;0;0;0
obj;3;56;2;8;8;11;0;0;0;4;2;2;0;9;6;0;0;0;0
obj;3;57;2;0;0;248;0;0;601;0;0;0;0;11;10;0;0;0;0
obj;3;57;2;1;1;124;2;0;601;0;0;0;0;16;10;0;0;0;0
obj;3;57;2;2;2;120;15;0;595;0;1;0;0;17;3;0;0;0;0
obj;3;57;2;3;3;213;16;0;596;0;2;0;0;19;12;0;0;0;0
obj;3;57;2;4;4;248;0;0;601;0;0;0;0;11;9;0;0;0;0
obj;3;57;2;5;5;248;0;0;601;0;0;0;0;11;11;0;0;0;0
obj;3;57;2;6;6;249;0;0;601;0;0;0;0;13;10;0;0;0;0
obj;3;57;2;7;7;248;0;0;601;0;0;0;0;11;12;0;0;0;0
obj;3;57;2;8;8;249;0;0;601;0;0;0;0;13;11;0;0;0;0
obj;3;57;2;9;9;249;0;0;601;0;0;0;0;13;12;0;0;0;0
obj;3;57;2;10;10;249;0;0;601;0;0;0;0;13;9;0;0;0;0
obj;3;57;2;11;11;248;0;0;601;0;0;0;0;11;13;0;0;0;0
obj;3;57;2;12;12;248;0;0;601;0;0;0;0;11;14;0;0;0;0
obj;3;57;2;13;13;248;0;0;601;0;0;0;0;11;15;0;0;0;0
obj;3;57;2;14;14;248;0;0;601;0;0;0;0;11;16;0;0;0;0
obj;3;57;2;15;15;249;0;0;601;0;0;0;0;13;13;0;0;0;0
obj;3;57;2;16;16;249;0;0;601;0;0;0;0;13;14;0;0;0;0
obj;3;57;2;17;17;249;0;0;601;0;0;0;0;13;15;0;0;0;0
obj;3;57;2;18;18;249;0;0;601;0;0;0;0;13;16;0;0;0;0
obj;3;57;2;19;19;124;0;0;601;0;0;0;0;16;9;0;0;0;0
obj;3;57;2;20;20;124;2;0;601;0;0;0;0;13;16;0;0;0;0
obj;3;57;2;21;21;124;2;0;601;0;0;0;0;16;13;0;0;0;0
obj;3;57;2;22;22;124;0;0;601;0;0;0;0;10;11;0;0;0;0
obj;3;57;2;23;23;125;0;0;601;0;0;0;0;10;15;0;0;0;0
obj;3;57;2;24;24;125;0;0;601;0;0;0;0;16;14;0;0;0;0
obj;3;57;2;25;25;125;0;0;601;0;0;0;0;10;12;0;0;0;0
obj;3;57;2;26;26;125;0;0;601;0;0;0;0;10;9;0;0;0;0
obj;3;57;2;27;27;248;0;0;601;0;0;0;0;14;17;0;0;0;0
obj;3;57;2;28;28;248;0;0;601;0;0;0;0;11;17;0;0;0;0
obj;3;57;2;29;29;125;0;0;601;0;0;0;0;16;15;0;0;0;0
obj;3;57;2;30;30;125;0;0;601;0;0;0;0;10;14;0;0;0;0
obj;3;57;2;31;31;124;0;0;601;0;0;0;0;13;10;0;0;0;0
obj;3;57;2;32;32;124;0;0;601;0;0;0;0;13;13;0;0;0;0
obj;3;57;2;33;33;124;0;0;601;0;0;0;0;13;9;0;0;0;0
obj;3;57;2;34;34;124;0;0;601;0;0;0;0;13;11;0;0;0;0
obj;3;57;2;35;35;125;0;0;601;0;0;0;0;16;11;0;0;0;0
coord;3;57;2;0;1;20;12;1;2;0;0;16526
bg;3;59;2;0;9;0;6;6;0;4
bg;3;59;2;1;9;0;4;6;0;4
bg;3;59;2;2;9;0;8;6;0;4
bg;3;59;2;3;9;0;10;6;0;4
bg;3;59;2;4;9;0;12;6;0;4
obj;3;59;2;0;0;237;0;0;699;1;1;0;0;4;6;0;0;0;0
obj;3;59;2;1;1;238;0;0;702;4;1;0;0;6;6;0;0;0;0
obj;3;59;2;2;2;239;0;0;701;2;1;0;0;8;6;0;0;0;0
obj;3;59;2;3;3;240;0;0;700;3;1;0;0;10;6;0;0;0;0
obj;3;59;2;4;4;241;0;0;703;5;1;0;0;12;6;0;0;0;0
obj;3;59;2;5;5;183;0;0;0;6;1;0;0;11;9;0;0;0;0
obj;3;59;2;6;6;99;14;0;704;0;0;0;0;7;11;0;0;0;0
obj;3;59;2;7;7;183;0;0;0;10;0;0;0;13;5;0;0;0;0
bg;3;61;2;0;2;0;55;39;0;0
bg;3;72;2;0;1;0;29;16;0;4
bg;3;72;2;1;1;0;29;17;0;4
coord;3;72;2;0;2039;31;52;1;1;0;1;16664
bg;3;73;2;0;1;0;33;16;0;4
bg;3;73;2;1;1;0;33;17;0;4
coord;3;73;2;0;2039;31;52;1;1;0;1;16664
obj;3;74;2;0;0;235;15;0;0;0;1;0;0;20;10;0;0;0;0
bg;3;75;2;0;8274;2;3;6;0;4
obj;3;75;2;0;0;87;0;0;1337;7322;0;0;0;7;7;0;0;0;0
bg;3;76;2;0;2;0;7;1;0;0
bg;3;76;2;1;2;0;6;1;0;0
bg;3;76;2;2;2;0;8;1;0;0
coord;3;76;2;0;6;7;7;1;1;0;0;16388
coord;3;76;2;1;3;5;5;1;1;0;0;16385
coord;3;76;2;2;4;9;5;1;1;0;0;16386
coord;3;76;2;3;5;4;7;1;1;0;0;16387
coord;3;76;2;4;7;10;7;1;1;0;0;16389
coord;3;76;2;5;8;5;9;1;1;0;0;16390
coord;3;76;2;6;9;9;9;1;1;0;0;16391
bg;3;77;2;0;8275;2;6;5;0;4
obj;3;77;2;0;0;87;0;0;1338;7323;0;0;0;7;7;0;0;0;0
bg;3;78;2;0;2;0;7;1;0;0
bg;3;78;2;1;2;0;6;1;0;0
bg;3;78;2;2;2;0;8;1;0;0
coord;3;78;2;0;9;7;9;1;1;0;0;16391
coord;3;78;2;1;6;7;7;1;1;0;0;16388
coord;3;78;2;2;3;7;5;1;1;0;0;16385
coord;3;78;2;3;5;5;7;1;1;0;0;16387
coord;3;78;2;4;4;3;7;1;1;0;0;16386
coord;3;78;2;5;7;9;7;1;1;0;0;16389
coord;3;78;2;6;8;11;7;1;1;0;0;16390
bg;3;79;2;0;8276;2;11;4;0;4
obj;3;79;2;0;0;87;0;0;1339;7324;0;0;0;7;7;0;0;0;0
bg;3;80;2;0;2;0;6;1;0;0
bg;3;80;2;1;2;0;7;1;0;0
bg;3;80;2;2;2;0;8;1;0;0
coord;3;80;2;0;6;7;7;1;1;0;0;16388
coord;3;80;2;1;8;5;9;1;1;0;0;16390
coord;3;80;2;2;9;9;9;1;1;0;0;16391
coord;3;80;2;3;3;5;5;1;1;0;0;16385
coord;3;80;2;4;4;9;5;1;1;0;0;16386
coord;3;80;2;5;5;5;7;1;1;0;0;16387
coord;3;80;2;6;7;9;7;1;1;0;0;16389
