# area;areaIdx;header | point;area;id;x;y;z | line;area;id;fromPoint;toPoint;mode;length;width | cell;area;line;x;y;plane0;plane1 (blocked cells only)
area;0;36
point;0;0;19.500;0.000;23.500
point;0;1;25.000;0.000;14.000
point;0;2;30.000;0.250;5.750
line;0;0;1;0;3;11;15
cell;0;0;0;-7;1;129
cell;0;0;0;-6;1;129
cell;0;0;0;-5;1;129
cell;0;0;0;-4;1;129
cell;0;0;0;5;1;129
cell;0;0;0;6;1;129
cell;0;0;0;7;1;129
cell;0;0;1;-7;1;129
cell;0;0;1;-6;1;129
cell;0;0;1;-5;1;129
cell;0;0;1;-4;1;129
cell;0;0;1;5;1;129
cell;0;0;1;6;1;129
cell;0;0;1;7;1;129
cell;0;0;2;-7;1;129
cell;0;0;2;-6;1;129
cell;0;0;2;-5;1;129
cell;0;0;2;-4;1;129
cell;0;0;2;5;1;129
cell;0;0;2;6;1;129
cell;0;0;2;7;1;129
cell;0;0;3;-7;1;129
cell;0;0;3;-6;1;129
cell;0;0;3;-5;1;129
cell;0;0;3;-4;1;129
cell;0;0;3;5;1;129
cell;0;0;3;6;1;129
cell;0;0;3;7;1;129
cell;0;0;4;-7;1;129
cell;0;0;4;-6;1;129
cell;0;0;4;-5;1;129
cell;0;0;4;-4;1;129
cell;0;0;4;5;1;129
cell;0;0;4;6;1;129
cell;0;0;4;7;1;129
cell;0;0;5;-7;1;129
cell;0;0;5;-6;1;129
cell;0;0;5;-5;1;129
cell;0;0;5;-4;1;129
cell;0;0;5;5;1;129
cell;0;0;5;6;1;129
cell;0;0;5;7;1;129
cell;0;0;6;-7;1;129
cell;0;0;6;-6;1;129
cell;0;0;6;-5;1;129
cell;0;0;6;-4;1;129
cell;0;0;6;5;1;129
cell;0;0;6;6;1;129
cell;0;0;6;7;1;129
cell;0;0;7;-7;1;129
cell;0;0;7;-6;1;129
cell;0;0;7;-5;1;129
cell;0;0;7;-4;1;129
cell;0;0;7;5;1;129
cell;0;0;7;6;1;129
cell;0;0;7;7;1;129
cell;0;0;8;-7;1;129
cell;0;0;8;-6;1;129
cell;0;0;8;-5;1;129
cell;0;0;8;-4;1;129
cell;0;0;8;-3;1;129
cell;0;0;8;4;1;129
cell;0;0;8;5;1;129
cell;0;0;8;6;1;129
cell;0;0;8;7;1;129
cell;0;0;9;-7;1;129
cell;0;0;9;-6;1;129
cell;0;0;9;-5;1;129
cell;0;0;9;-4;1;129
cell;0;0;9;4;1;129
cell;0;0;9;5;1;129
cell;0;0;9;6;1;129
cell;0;0;9;7;1;129
cell;0;0;10;-7;1;129
cell;0;0;10;-6;1;129
cell;0;0;10;-5;1;129
cell;0;0;10;-4;1;129
cell;0;0;10;-3;1;129
cell;0;0;10;-2;1;129
cell;0;0;10;-1;1;129
cell;0;0;10;0;1;129
cell;0;0;10;1;1;129
cell;0;0;10;2;1;129
cell;0;0;10;3;1;129
cell;0;0;10;4;1;129
cell;0;0;10;5;1;129
cell;0;0;10;6;1;129
cell;0;0;10;7;1;129
line;0;1;2;1;3;10;15
cell;0;1;0;-7;1;129
cell;0;1;0;-6;1;129
cell;0;1;0;-5;1;129
cell;0;1;0;-4;1;129
cell;0;1;0;-3;1;129
cell;0;1;0;-2;1;129
cell;0;1;0;-1;1;129
cell;0;1;0;0;1;129
cell;0;1;0;1;1;129
cell;0;1;0;2;1;129
cell;0;1;0;3;1;129
cell;0;1;0;4;1;129
cell;0;1;0;5;1;129
cell;0;1;0;6;1;129
cell;0;1;0;7;1;129
cell;0;1;1;-7;1;129
cell;0;1;1;-6;1;129
cell;0;1;1;-5;1;129
cell;0;1;1;-4;1;129
cell;0;1;1;-3;1;129
cell;0;1;1;5;1;129
cell;0;1;1;6;1;129
cell;0;1;1;7;1;129
cell;0;1;2;-7;1;129
cell;0;1;2;-6;1;129
cell;0;1;2;-5;1;129
cell;0;1;2;-4;1;129
cell;0;1;2;5;1;129
cell;0;1;2;6;1;129
cell;0;1;2;7;1;129
cell;0;1;3;-7;1;129
cell;0;1;3;-6;1;129
cell;0;1;3;-5;1;129
cell;0;1;3;-4;1;129
cell;0;1;3;5;1;129
cell;0;1;3;6;1;129
cell;0;1;3;7;1;129
cell;0;1;4;-7;1;129
cell;0;1;4;-6;1;129
cell;0;1;4;-5;1;129
cell;0;1;4;-4;1;129
cell;0;1;4;5;1;129
cell;0;1;4;6;1;129
cell;0;1;4;7;1;129
cell;0;1;5;-7;1;129
cell;0;1;5;-6;1;129
cell;0;1;5;-5;1;129
cell;0;1;5;-4;1;129
cell;0;1;5;5;1;129
cell;0;1;5;6;1;129
cell;0;1;5;7;1;129
cell;0;1;6;-7;1;129
cell;0;1;6;-6;1;129
cell;0;1;6;-5;1;129
cell;0;1;6;-4;1;129
cell;0;1;6;-3;1;129
cell;0;1;6;-2;1;129
cell;0;1;6;4;1;129
cell;0;1;6;5;1;129
cell;0;1;6;6;1;129
cell;0;1;6;7;1;129
cell;0;1;7;-7;1;129
cell;0;1;7;-6;1;129
cell;0;1;7;-5;1;129
cell;0;1;7;-4;1;129
cell;0;1;7;-3;1;129
cell;0;1;7;4;1;129
cell;0;1;7;5;1;129
cell;0;1;7;6;1;129
cell;0;1;7;7;1;129
cell;0;1;8;-7;1;129
cell;0;1;8;-6;1;129
cell;0;1;8;-5;1;129
cell;0;1;8;-4;1;129
cell;0;1;8;5;1;129
cell;0;1;8;6;1;129
cell;0;1;8;7;1;129
cell;0;1;9;-7;1;129
cell;0;1;9;-6;1;129
cell;0;1;9;-5;1;129
cell;0;1;9;-4;1;129
cell;0;1;9;5;1;129
cell;0;1;9;6;1;129
cell;0;1;9;7;1;129
area;1;66
point;1;0;16.000;0.000;5.500
point;1;1;16.000;0.000;26.500
point;1;2;26.500;0.000;16.000
point;1;3;5.500;0.000;16.000
point;1;4;16.000;6.000;37.500
point;1;5;16.000;0.000;30.500
point;1;6;16.000;4.000;35.500
point;1;7;16.000;0.000;28.500
line;1;0;3;0;3;16;9
cell;1;0;0;-4;1;129
cell;1;0;0;4;1;129
cell;1;0;1;-4;1;129
cell;1;0;1;4;1;129
cell;1;0;2;-4;1;129
cell;1;0;2;4;1;129
cell;1;0;3;-4;1;129
cell;1;0;3;4;1;129
cell;1;0;4;-4;1;129
cell;1;0;4;4;1;129
cell;1;0;5;-4;1;129
cell;1;0;5;4;1;129
cell;1;0;6;-4;1;129
cell;1;0;6;4;1;129
cell;1;0;7;-4;1;129
cell;1;0;7;4;1;129
cell;1;0;8;-4;1;129
cell;1;0;8;4;1;129
cell;1;0;9;-4;1;129
cell;1;0;9;4;1;129
cell;1;0;10;-4;1;129
cell;1;0;10;4;1;129
cell;1;0;11;-4;1;129
cell;1;0;11;4;1;129
cell;1;0;12;-4;1;129
cell;1;0;12;4;1;129
cell;1;0;13;-4;1;129
cell;1;0;13;4;1;129
cell;1;0;14;-4;1;129
cell;1;0;14;4;1;129
cell;1;0;15;-4;1;129
cell;1;0;15;4;1;129
line;1;1;0;2;3;16;9
cell;1;1;0;-4;1;129
cell;1;1;0;4;1;129
cell;1;1;1;-4;1;129
cell;1;1;1;4;1;129
cell;1;1;2;-4;1;129
cell;1;1;2;4;1;129
cell;1;1;3;-4;1;129
cell;1;1;3;4;1;129
cell;1;1;4;-4;1;129
cell;1;1;4;4;1;129
cell;1;1;5;-4;1;129
cell;1;1;5;4;1;129
cell;1;1;6;-4;1;129
cell;1;1;6;4;1;129
cell;1;1;7;-4;1;129
cell;1;1;7;4;1;129
cell;1;1;8;-4;1;129
cell;1;1;8;4;1;129
cell;1;1;9;-4;1;129
cell;1;1;9;4;1;129
cell;1;1;10;-4;1;129
cell;1;1;10;4;1;129
cell;1;1;11;-4;1;129
cell;1;1;11;4;1;129
cell;1;1;12;-4;1;129
cell;1;1;12;4;1;129
cell;1;1;13;-4;1;129
cell;1;1;13;4;1;129
cell;1;1;14;-4;1;129
cell;1;1;14;4;1;129
cell;1;1;15;-4;1;129
cell;1;1;15;4;1;129
line;1;2;1;3;3;16;9
cell;1;2;0;4;1;129
cell;1;2;1;-4;1;129
cell;1;2;1;4;1;129
cell;1;2;2;-4;1;129
cell;1;2;2;4;1;129
cell;1;2;3;-4;1;129
cell;1;2;3;4;1;129
cell;1;2;4;-4;1;129
cell;1;2;4;-3;1;129
cell;1;2;4;4;1;129
cell;1;2;5;-4;1;129
cell;1;2;5;4;1;129
cell;1;2;6;-4;1;129
cell;1;2;6;4;1;129
cell;1;2;7;-4;1;129
cell;1;2;7;4;1;129
cell;1;2;8;-4;1;129
cell;1;2;8;4;1;129
cell;1;2;9;-4;1;129
cell;1;2;9;4;1;129
cell;1;2;10;-4;1;129
cell;1;2;10;4;1;129
cell;1;2;11;-4;1;129
cell;1;2;11;4;1;129
cell;1;2;12;-4;1;129
cell;1;2;12;4;1;129
cell;1;2;13;-4;1;129
cell;1;2;13;4;1;129
cell;1;2;14;-4;1;129
cell;1;2;14;4;1;129
cell;1;2;15;-4;1;129
cell;1;2;15;4;1;129
line;1;3;2;1;3;16;9
cell;1;3;0;-4;1;129
cell;1;3;0;4;1;129
cell;1;3;1;-4;1;129
cell;1;3;1;4;1;129
cell;1;3;2;-4;1;129
cell;1;3;2;4;1;129
cell;1;3;3;-4;1;129
cell;1;3;3;4;1;129
cell;1;3;4;-4;1;129
cell;1;3;4;4;1;129
cell;1;3;5;-4;1;129
cell;1;3;5;4;1;129
cell;1;3;6;-4;1;129
cell;1;3;6;4;1;129
cell;1;3;7;-4;1;129
cell;1;3;7;4;1;129
cell;1;3;8;-4;1;129
cell;1;3;8;4;1;129
cell;1;3;9;-4;1;129
cell;1;3;9;4;1;129
cell;1;3;10;-4;1;129
cell;1;3;10;4;1;129
cell;1;3;11;-4;1;129
cell;1;3;11;4;1;129
cell;1;3;12;-4;1;129
cell;1;3;12;4;1;129
cell;1;3;13;-4;1;129
cell;1;3;13;4;1;129
cell;1;3;14;-4;1;129
cell;1;3;14;4;1;129
cell;1;3;15;-4;1;129
cell;1;3;15;4;1;129
line;1;4;6;5;4;6;3
line;1;5;4;6;4;3;3
line;1;6;5;7;4;2;3
area;2;114
point;2;0;17.500;0.000;61.500
point;2;1;17.500;0.000;55.500
point;2;2;11.500;0.000;56.500
point;2;3;11.500;0.000;60.500
point;2;4;23.500;0.000;53.500
point;2;5;19.500;0.000;53.500
point;2;6;21.500;0.000;47.500
point;2;7;24.500;0.000;47.500
point;2;8;28.500;3.000;48.500
point;2;9;32.500;3.000;48.500
point;2;10;34.500;2.000;48.500
point;2;11;40.500;2.000;48.500
point;2;12;42.500;3.000;48.500
point;2;13;47.500;3.000;48.500
point;2;14;61.500;3.000;44.500
point;2;15;56.500;3.000;44.500
point;2;16;58.500;3.000;49.500
point;2;17;61.500;3.000;49.500
point;2;18;54.500;3.000;38.500
point;2;19;54.500;3.000;42.500
point;2;20;48.500;3.000;40.500
point;2;21;48.500;3.000;37.500
point;2;22;43.500;6.000;38.500
point;2;23;38.500;6.000;38.500
point;2;24;36.500;5.000;38.500
point;2;25;30.500;5.000;38.500
point;2;26;28.500;6.000;38.500
point;2;27;23.500;6.000;38.500
point;2;28;16.500;6.000;39.500
point;2;29;16.500;6.000;34.500
point;2;30;10.500;6.000;35.500
point;2;31;10.500;6.000;39.500
point;2;32;11.500;6.000;34.500
point;2;33;16.500;6.000;34.500
point;2;34;15.500;6.000;40.500
point;2;35;11.500;6.000;40.500
point;2;36;18.500;6.000;28.500
point;2;37;18.500;6.000;32.500
point;2;38;24.500;6.000;30.500
point;2;39;24.500;6.000;27.500
point;2;40;23.500;6.000;32.500
point;2;41;18.500;6.000;32.500
point;2;42;20.500;6.000;26.500
point;2;43;23.500;6.000;26.500
point;2;44;10.500;6.000;22.500
point;2;45;7.500;6.000;22.500
point;2;46;4.500;6.000;25.500
point;2;47;1.500;4.000;43.500
point;2;48;3.500;1.000;54.500
point;2;49;6.500;1.000;60.500
point;2;50;10.500;0.000;61.500
point;2;51;17.500;0.000;61.500
line;2;0;0;1;1;6;3
cell;2;0;0;-1;1;129
cell;2;0;0;0;1;129
cell;2;0;0;1;1;129
cell;2;0;1;-1;1;129
cell;2;0;1;1;1;129
cell;2;0;2;-1;1;129
cell;2;0;2;1;1;129
cell;2;0;3;-1;1;129
cell;2;0;3;1;1;129
cell;2;0;4;-1;1;129
cell;2;0;4;1;1;129
cell;2;0;5;-1;1;129
cell;2;0;5;1;1;129
line;2;1;1;2;1;7;3
cell;2;1;0;-1;1;129
cell;2;1;0;1;1;129
cell;2;1;1;-1;1;129
cell;2;1;1;1;1;129
cell;2;1;2;-1;1;129
cell;2;1;2;1;1;129
cell;2;1;3;-1;1;129
cell;2;1;3;1;1;129
cell;2;1;4;-1;1;129
cell;2;1;4;1;1;129
cell;2;1;5;-1;1;129
cell;2;1;5;1;1;129
cell;2;1;6;-1;1;129
cell;2;1;6;1;1;129
line;2;2;2;3;1;4;3
cell;2;2;0;-1;1;129
cell;2;2;0;1;1;129
cell;2;2;1;-1;1;129
cell;2;2;1;1;1;129
cell;2;2;2;-1;1;129
cell;2;2;2;1;1;129
cell;2;2;3;-1;1;129
cell;2;2;3;0;1;129
cell;2;2;3;1;1;129
line;2;3;4;5;4;4;3
cell;2;3;0;-1;1;129
cell;2;3;0;0;1;129
cell;2;3;0;1;1;129
cell;2;3;1;-1;1;129
cell;2;3;1;1;1;129
cell;2;3;2;-1;1;129
cell;2;3;2;1;1;129
cell;2;3;3;-1;1;129
cell;2;3;3;1;1;129
line;2;4;5;6;4;8;3
cell;2;4;0;-1;1;129
cell;2;4;0;1;1;129
cell;2;4;1;-1;1;129
cell;2;4;1;1;1;129
cell;2;4;2;-1;1;129
cell;2;4;2;1;1;129
cell;2;4;3;-1;1;129
cell;2;4;3;1;1;129
cell;2;4;4;-1;1;129
cell;2;4;4;1;1;129
cell;2;4;5;-1;1;129
cell;2;4;5;1;1;129
cell;2;4;6;-1;1;129
cell;2;4;6;1;1;129
cell;2;4;7;-1;1;129
cell;2;4;7;1;1;129
line;2;5;6;7;4;3;3
cell;2;5;0;-1;1;129
cell;2;5;0;1;1;129
cell;2;5;1;-1;1;129
cell;2;5;1;1;1;129
cell;2;5;2;-1;1;129
cell;2;5;2;0;1;129
cell;2;5;2;1;1;129
line;2;6;8;9;2;4;3
cell;2;6;0;-1;1;129
cell;2;6;0;0;1;129
cell;2;6;0;1;1;129
line;2;7;9;10;2;2;3
line;2;8;10;11;2;7;3
line;2;9;11;12;2;2;3
line;2;10;12;13;2;5;3
cell;2;10;4;-1;1;129
cell;2;10;4;0;1;129
cell;2;10;4;1;1;129
line;2;11;14;15;4;5;3
cell;2;11;0;-1;1;129
cell;2;11;0;0;1;129
cell;2;11;0;1;1;129
cell;2;11;1;-1;1;129
cell;2;11;1;1;1;129
cell;2;11;2;-1;1;129
cell;2;11;2;1;1;129
cell;2;11;3;-1;1;129
cell;2;11;3;1;1;129
cell;2;11;4;-1;1;129
cell;2;11;4;1;1;129
line;2;12;15;16;4;6;3
cell;2;12;0;-1;1;129
cell;2;12;0;1;1;129
cell;2;12;1;-1;1;129
cell;2;12;1;1;1;129
cell;2;12;2;-1;1;129
cell;2;12;2;1;1;129
cell;2;12;3;-1;1;129
cell;2;12;3;1;1;129
cell;2;12;4;-1;1;129
cell;2;12;4;1;1;129
cell;2;12;5;-1;1;129
cell;2;12;5;1;1;129
line;2;13;16;17;4;3;3
cell;2;13;0;-1;1;129
cell;2;13;0;1;1;129
cell;2;13;1;-1;1;129
cell;2;13;1;1;1;129
cell;2;13;2;-1;1;129
cell;2;13;2;0;1;129
cell;2;13;2;1;1;129
line;2;14;18;19;3;4;3
cell;2;14;0;-1;1;129
cell;2;14;0;0;1;129
cell;2;14;0;1;1;129
cell;2;14;1;-1;1;129
cell;2;14;1;1;1;129
cell;2;14;2;-1;1;129
cell;2;14;2;1;1;129
cell;2;14;3;-1;1;129
cell;2;14;3;1;1;129
line;2;15;19;20;3;8;3
cell;2;15;0;-1;1;129
cell;2;15;0;1;1;129
cell;2;15;1;-1;1;129
cell;2;15;1;1;1;129
cell;2;15;2;-1;1;129
cell;2;15;2;1;1;129
cell;2;15;3;-1;1;129
cell;2;15;3;1;1;129
cell;2;15;4;-1;1;129
cell;2;15;4;1;1;129
cell;2;15;5;-1;1;129
cell;2;15;5;1;1;129
cell;2;15;6;-1;1;129
cell;2;15;6;1;1;129
cell;2;15;7;-1;1;129
cell;2;15;7;1;1;129
line;2;16;20;21;3;3;3
cell;2;16;0;-1;1;129
cell;2;16;0;1;1;129
cell;2;16;1;-1;1;129
cell;2;16;1;1;1;129
cell;2;16;2;-1;1;129
cell;2;16;2;0;1;129
cell;2;16;2;1;1;129
line;2;17;22;23;4;5;3
cell;2;17;0;-1;1;129
cell;2;17;0;0;1;129
cell;2;17;0;1;1;129
cell;2;17;1;-1;1;129
cell;2;17;1;0;1;129
cell;2;17;1;1;1;129
line;2;18;23;24;4;2;3
line;2;19;24;25;4;7;3
line;2;20;25;26;4;2;3
line;2;21;26;27;4;5;3
cell;2;21;4;-1;1;129
cell;2;21;4;0;1;129
cell;2;21;4;1;1;129
line;2;22;28;29;1;5;3
cell;2;22;0;-1;1;129
cell;2;22;0;0;1;129
cell;2;22;0;1;1;129
cell;2;22;1;-1;1;129
cell;2;22;1;1;1;129
cell;2;22;2;-1;1;129
cell;2;22;2;1;1;129
cell;2;22;3;-1;1;129
cell;2;22;3;1;1;129
cell;2;22;4;-1;1;129
cell;2;22;4;1;1;129
line;2;23;29;30;1;7;3
cell;2;23;0;-1;1;129
cell;2;23;0;1;1;129
cell;2;23;1;-1;1;129
cell;2;23;1;1;1;129
cell;2;23;2;-1;1;129
cell;2;23;2;1;1;129
cell;2;23;3;-1;1;129
cell;2;23;3;1;1;129
cell;2;23;4;-1;1;129
cell;2;23;4;1;1;129
cell;2;23;5;-1;1;129
cell;2;23;5;1;1;129
cell;2;23;6;-1;1;129
cell;2;23;6;1;1;129
line;2;24;30;31;1;4;3
cell;2;24;0;-1;1;129
cell;2;24;0;1;1;129
cell;2;24;1;-1;1;129
cell;2;24;1;1;1;129
cell;2;24;2;-1;1;129
cell;2;24;2;1;1;129
cell;2;24;3;-1;1;129
cell;2;24;3;0;1;129
cell;2;24;3;1;1;129
line;2;25;32;33;2;5;3
cell;2;25;0;-1;1;129
cell;2;25;0;0;1;129
cell;2;25;0;1;1;129
cell;2;25;1;-1;1;129
cell;2;25;1;1;1;129
cell;2;25;2;-1;1;129
cell;2;25;2;1;1;129
cell;2;25;3;-1;1;129
cell;2;25;3;1;1;129
cell;2;25;4;-1;1;129
cell;2;25;4;1;1;129
line;2;26;33;34;2;7;3
cell;2;26;0;-1;1;129
cell;2;26;0;1;1;129
cell;2;26;1;-1;1;129
cell;2;26;1;1;1;129
cell;2;26;2;-1;1;129
cell;2;26;2;1;1;129
cell;2;26;3;-1;1;129
cell;2;26;3;1;1;129
cell;2;26;4;-1;1;129
cell;2;26;4;1;1;129
cell;2;26;5;-1;1;129
cell;2;26;5;1;1;129
cell;2;26;6;-1;1;129
cell;2;26;6;1;1;129
line;2;27;34;35;2;4;3
cell;2;27;0;-1;1;129
cell;2;27;0;1;1;129
cell;2;27;1;-1;1;129
cell;2;27;1;1;1;129
cell;2;27;2;-1;1;129
cell;2;27;2;1;1;129
cell;2;27;3;-1;1;129
cell;2;27;3;0;1;129
cell;2;27;3;1;1;129
line;2;28;36;37;3;4;3
cell;2;28;0;-1;1;129
cell;2;28;0;0;1;129
cell;2;28;0;1;1;129
cell;2;28;1;-1;1;129
cell;2;28;1;1;1;129
cell;2;28;2;-1;1;129
cell;2;28;2;1;1;129
cell;2;28;3;-1;1;129
cell;2;28;3;1;1;129
line;2;29;37;38;3;9;3
cell;2;29;0;-1;1;129
cell;2;29;0;1;1;129
cell;2;29;1;-1;1;129
cell;2;29;1;1;1;129
cell;2;29;2;-1;1;129
cell;2;29;2;1;1;129
cell;2;29;3;-1;1;129
cell;2;29;3;1;1;129
cell;2;29;4;-1;1;129
cell;2;29;4;1;1;129
cell;2;29;5;-1;1;129
cell;2;29;5;1;1;129
cell;2;29;6;-1;1;129
cell;2;29;6;1;1;129
cell;2;29;7;-1;1;129
cell;2;29;7;1;1;129
cell;2;29;8;-1;1;129
cell;2;29;8;1;1;129
line;2;30;38;39;3;3;3
cell;2;30;0;-1;1;129
cell;2;30;0;1;1;129
cell;2;30;1;-1;1;129
cell;2;30;1;1;1;129
cell;2;30;2;-1;1;129
cell;2;30;2;0;1;129
cell;2;30;2;1;1;129
line;2;31;40;41;4;5;3
cell;2;31;0;-1;1;129
cell;2;31;0;0;1;129
cell;2;31;0;1;1;129
cell;2;31;1;-1;1;129
cell;2;31;1;1;1;129
cell;2;31;2;-1;1;129
cell;2;31;2;1;1;129
cell;2;31;3;-1;1;129
cell;2;31;3;1;1;129
cell;2;31;4;-1;1;129
cell;2;31;4;1;1;129
line;2;32;41;42;4;8;3
cell;2;32;0;-1;1;129
cell;2;32;0;1;1;129
cell;2;32;1;-1;1;129
cell;2;32;1;1;1;129
cell;2;32;2;-1;1;129
cell;2;32;2;1;1;129
cell;2;32;3;-1;1;129
cell;2;32;3;1;1;129
cell;2;32;4;-1;1;129
cell;2;32;4;1;1;129
cell;2;32;5;-1;1;129
cell;2;32;5;1;1;129
cell;2;32;6;-1;1;129
cell;2;32;6;1;1;129
cell;2;32;7;-1;1;129
cell;2;32;7;1;1;129
line;2;33;42;43;4;3;3
cell;2;33;0;-1;1;129
cell;2;33;0;1;1;129
cell;2;33;1;-1;1;129
cell;2;33;1;1;1;129
cell;2;33;2;-1;1;129
cell;2;33;2;0;1;129
cell;2;33;2;1;1;129
line;2;34;44;45;4;3;3
cell;2;34;0;-1;1;129
cell;2;34;0;0;1;129
cell;2;34;0;1;1;129
cell;2;34;1;-1;1;129
cell;2;34;1;1;1;129
cell;2;34;2;-1;1;129
cell;2;34;2;1;1;129
line;2;35;45;46;4;4;3
cell;2;35;0;-1;1;129
cell;2;35;0;1;1;129
cell;2;35;1;-1;1;129
cell;2;35;1;1;1;129
cell;2;35;2;-1;1;129
cell;2;35;2;1;1;129
cell;2;35;3;-1;1;129
cell;2;35;3;1;1;129
line;2;36;46;47;4;18;3
cell;2;36;0;-1;1;129
cell;2;36;0;1;1;129
cell;2;36;1;-1;1;129
cell;2;36;1;1;1;129
cell;2;36;2;-1;1;129
cell;2;36;2;1;1;129
cell;2;36;3;-1;1;129
cell;2;36;3;1;1;129
cell;2;36;4;-1;1;129
cell;2;36;4;1;1;129
cell;2;36;5;-1;1;129
cell;2;36;5;1;1;129
cell;2;36;6;-1;1;129
cell;2;36;6;1;1;129
cell;2;36;7;-1;1;129
cell;2;36;7;1;1;129
cell;2;36;8;-1;1;129
cell;2;36;8;1;1;129
cell;2;36;9;-1;1;129
cell;2;36;9;1;1;129
cell;2;36;10;-1;1;129
cell;2;36;10;1;1;129
cell;2;36;11;-1;1;129
cell;2;36;11;1;1;129
cell;2;36;12;-1;1;129
cell;2;36;12;1;1;129
cell;2;36;13;-1;1;129
cell;2;36;13;1;1;129
cell;2;36;14;-1;1;129
cell;2;36;14;1;1;129
cell;2;36;15;-1;1;129
cell;2;36;15;1;1;129
cell;2;36;16;-1;1;129
cell;2;36;16;1;1;129
cell;2;36;17;-1;1;129
cell;2;36;17;1;1;129
line;2;37;47;48;4;11;3
cell;2;37;0;-1;1;129
cell;2;37;0;1;1;129
cell;2;37;1;-1;1;129
cell;2;37;1;1;1;129
cell;2;37;2;-1;1;129
cell;2;37;2;1;1;129
cell;2;37;3;-1;1;129
cell;2;37;3;1;1;129
cell;2;37;4;-1;1;129
cell;2;37;4;1;1;129
cell;2;37;5;-1;1;129
cell;2;37;5;1;1;129
cell;2;37;6;-1;1;129
cell;2;37;6;1;1;129
cell;2;37;7;-1;1;129
cell;2;37;7;1;1;129
cell;2;37;8;-1;1;129
cell;2;37;8;1;1;129
cell;2;37;9;-1;1;129
cell;2;37;9;1;1;129
cell;2;37;10;-1;1;129
cell;2;37;10;1;1;129
line;2;38;48;49;4;7;3
cell;2;38;0;-1;1;129
cell;2;38;0;1;1;129
cell;2;38;1;-1;1;129
cell;2;38;1;1;1;129
cell;2;38;2;-1;1;129
cell;2;38;2;1;1;129
cell;2;38;3;-1;1;129
cell;2;38;3;1;1;129
cell;2;38;4;-1;1;129
cell;2;38;4;1;1;129
cell;2;38;5;-1;1;129
cell;2;38;5;1;1;129
cell;2;38;6;-1;1;129
cell;2;38;6;1;1;129
line;2;39;49;50;4;3;3
cell;2;39;0;-1;1;129
cell;2;39;0;1;1;129
cell;2;39;1;-1;1;129
cell;2;39;1;1;1;129
cell;2;39;2;-1;1;129
cell;2;39;2;1;1;129
line;2;40;50;51;4;7;3
cell;2;40;0;-1;1;129
cell;2;40;0;1;1;129
cell;2;40;1;-1;1;129
cell;2;40;1;1;1;129
cell;2;40;2;-1;1;129
cell;2;40;2;1;1;129
cell;2;40;3;-1;1;129
cell;2;40;3;1;1;129
cell;2;40;4;-1;1;129
cell;2;40;4;1;1;129
cell;2;40;5;-1;1;129
cell;2;40;5;1;1;129
cell;2;40;6;-1;1;129
cell;2;40;6;0;1;129
cell;2;40;6;1;1;129
area;3;121
point;3;0;45.500;1.000;44.500
point;3;1;43.500;3.000;41.500
point;3;2;38.500;1.000;38.500
point;3;3;39.500;1.000;34.500
point;3;4;46.500;0.000;32.500
point;3;5;47.500;1.000;29.500
point;3;6;42.500;1.000;25.500
point;3;7;42.500;0.000;22.500
point;3;8;42.500;2.000;18.500
point;3;9;42.500;1.000;14.500
point;3;10;42.500;1.000;12.500
point;3;11;42.500;7.000;7.500
point;3;12;54.500;0.000;12.500
point;3;13;30.500;0.000;12.500
point;3;14;42.500;6.000;0.500
point;3;15;43.500;1.000;44.500
point;3;16;45.500;1.000;29.500
point;3;17;49.500;1.000;29.500
point;3;18;40.500;0.000;22.500
point;3;19;44.500;0.000;22.500
point;3;20;9.500;1.000;7.500
point;3;21;11.500;3.000;10.500
point;3;22;16.500;1.000;14.500
point;3;23;15.500;1.000;17.500
point;3;24;7.500;0.000;20.500
point;3;25;7.500;2.000;22.500
point;3;26;7.500;2.000;25.500
point;3;27;12.500;0.000;29.500
point;3;28;12.500;2.000;33.500
point;3;29;12.500;1.000;37.500
point;3;30;12.500;1.000;39.500
point;3;31;12.500;6.000;51.500
point;3;32;0.500;0.000;39.500
point;3;33;24.500;0.000;39.500
point;3;34;11.500;1.000;7.500
point;3;35;12.500;7.000;45.500
point;3;36;10.500;0.000;29.500
point;3;37;14.500;0.000;29.500
point;3;38;30.500;7.000;49.500
point;3;39;29.500;9.000;47.500
point;3;40;24.500;8.000;44.500
point;3;41;24.500;7.000;39.500
point;3;42;31.500;7.000;38.500
point;3;43;32.500;7.000;34.500
point;3;44;32.500;7.000;32.500
point;3;45;27.500;6.000;27.500
point;3;46;27.500;8.000;23.500
point;3;47;27.500;7.000;19.500
point;3;48;27.500;7.000;17.500
point;3;49;27.500;12.000;11.500
point;3;50;27.500;12.000;4.500
point;3;51;39.500;6.000;17.500
point;3;52;15.500;6.000;17.500
point;3;53;28.500;7.000;49.500
point;3;54;30.500;7.000;34.500
point;3;55;25.500;7.000;41.500
point;3;56;25.500;6.000;27.500
point;3;57;29.500;6.000;27.500
point;3;58;47.500;1.000;27.500
point;3;59;34.500;1.000;12.500
point;3;60;50.500;1.000;12.500
point;3;61;4.500;1.000;39.500
point;3;62;20.500;1.000;39.500
point;3;63;19.500;7.000;17.500
point;3;64;35.500;7.000;17.500
point;3;65;23.500;7.000;41.500
point;3;66;52.500;1.000;12.500
point;3;67;32.500;1.000;12.500
point;3;68;2.500;1.000;39.500
point;3;69;22.500;1.000;39.500
point;3;70;17.500;7.000;17.500
point;3;71;37.500;7.000;17.500
point;3;72;12.500;0.000;27.500
point;3;73;53.500;0.000;12.500
point;3;74;31.500;0.000;12.500
point;3;75;1.500;0.000;39.500
point;3;76;23.500;0.000;39.500
point;3;77;38.500;6.000;17.500
point;3;78;16.500;6.000;17.500
point;3;79;44.500;3.000;42.500
point;3;80;28.500;9.000;46.500
point;3;81;27.500;7.000;30.500
point;3;82;11.500;1.000;26.500
point;3;83;45.500;1.000;43.500
point;3;84;30.500;7.000;48.500
line;3;0;0;83;1;1;1
line;3;1;1;2;1;6;1
line;3;2;2;3;1;4;1
line;3;3;3;4;1;7;1
line;3;4;4;5;1;3;1
line;3;5;58;6;1;5;1
line;3;6;6;7;1;3;1
cell;3;6;2;0;117;1
line;3;7;7;8;1;4;1
line;3;8;8;9;1;4;1
line;3;9;9;10;1;2;1
line;3;10;10;11;1;8;1
line;3;11;60;10;4;8;1
line;3;12;10;59;4;8;1
line;3;13;11;14;1;7;1
line;3;14;0;15;4;2;1
line;3;15;5;16;4;2;1
cell;3;15;1;0;1;129
line;3;16;17;5;4;2;1
cell;3;16;0;0;1;129
line;3;17;19;7;4;2;1
cell;3;17;0;0;1;129
line;3;18;7;18;4;2;1
line;3;19;20;21;3;4;1
line;3;20;21;22;3;7;1
line;3;21;22;23;3;3;1
line;3;22;23;24;3;9;1
line;3;23;24;25;3;3;1
line;3;24;25;26;3;3;1
line;3;25;26;82;3;4;1
line;3;26;27;28;3;4;1
line;3;27;28;29;3;4;1
line;3;28;29;30;3;2;1
line;3;29;35;31;3;6;1
line;3;30;30;61;4;8;1
line;3;31;62;30;4;8;1
line;3;32;30;35;3;8;1
line;3;33;34;20;4;2;1
cell;3;33;0;0;1;129
line;3;34;27;36;4;2;1
line;3;35;37;27;4;2;1
cell;3;35;0;0;1;129
line;3;36;38;84;1;1;1
line;3;37;39;80;1;1;1
line;3;38;40;65;1;3;1
line;3;39;41;42;1;7;1
line;3;40;42;43;1;4;1
line;3;41;43;44;1;2;1
line;3;42;44;81;1;5;1
line;3;43;45;46;1;4;1
line;3;44;46;47;1;4;1
line;3;45;47;48;1;2;1
line;3;46;48;49;1;8;1
line;3;47;49;50;1;7;1
cell;3;47;6;0;1;129
line;3;48;64;48;4;8;1
line;3;49;48;63;4;8;1
line;3;50;38;53;4;2;1
line;3;51;43;54;4;2;1
line;3;52;45;56;4;2;1
line;3;53;57;45;4;2;1
cell;3;53;0;0;1;129
line;3;54;55;65;4;2;1
cell;3;54;0;0;1;129
line;3;55;5;58;1;2;1
line;3;56;59;67;4;2;1
line;3;57;66;60;4;2;1
line;3;58;61;68;4;2;1
line;3;59;69;62;4;2;1
line;3;60;63;70;4;2;1
line;3;61;71;64;4;2;1
line;3;62;65;41;1;2;1
line;3;63;12;73;4;1;1
cell;3;63;0;0;1;129
line;3;64;74;13;4;1;1
line;3;65;75;32;4;1;1
line;3;66;33;76;4;1;1
cell;3;66;0;0;1;129
line;3;67;78;52;4;1;1
line;3;68;51;77;4;1;1
cell;3;68;0;0;1;129
line;3;69;72;27;3;2;1
cell;3;69;1;0;116;1
line;3;70;73;66;4;1;1
line;3;71;67;74;4;1;1
line;3;72;68;75;4;1;1
line;3;73;76;69;4;1;1
line;3;74;77;71;4;1;1
line;3;75;70;78;4;1;1
line;3;76;79;1;1;1;1
line;3;77;80;40;1;5;1
line;3;78;81;45;1;3;1
cell;3;78;2;0;117;1
line;3;79;82;72;3;2;1
line;3;80;83;79;1;2;1
line;3;81;84;39;1;2;1
area;4;137
point;4;0;23.500;1.000;44.500
point;4;1;23.500;1.000;46.500
point;4;2;17.500;4.000;40.500
point;4;3;25.500;1.000;37.500
point;4;4;25.500;1.000;35.500
point;4;5;23.500;2.000;30.500
point;4;6;37.500;1.000;37.500
point;4;7;37.500;1.000;35.500
point;4;8;39.500;2.000;30.500
point;4;9;39.500;1.000;46.500
point;4;10;39.500;1.000;44.500
point;4;11;45.500;4.000;40.500
line;4;0;1;0;1;2;1
cell;4;0;0;0;1;129
line;4;1;0;2;1;8;1
cell;4;1;5;0;1;129
cell;4;1;6;0;1;129
cell;4;1;7;0;1;129
line;4;2;3;4;1;2;1
cell;4;2;0;0;1;129
line;4;3;4;5;1;6;1
cell;4;3;3;0;1;129
cell;4;3;4;0;1;129
cell;4;3;5;0;1;129
line;4;4;2;5;2;12;1
cell;4;4;0;0;1;129
cell;4;4;1;0;1;129
cell;4;4;2;0;1;129
cell;4;4;3;0;1;129
cell;4;4;4;0;1;129
cell;4;4;5;0;1;129
cell;4;4;6;0;1;129
cell;4;4;7;0;1;129
cell;4;4;8;0;1;129
cell;4;4;9;0;1;129
cell;4;4;10;0;1;129
line;4;5;6;7;1;2;1
cell;4;5;0;0;1;129
line;4;6;7;8;1;6;1
cell;4;6;3;0;1;129
cell;4;6;4;0;1;129
cell;4;6;5;0;1;129
line;4;7;9;10;1;2;1
cell;4;7;0;0;1;129
line;4;8;10;11;1;8;1
cell;4;8;5;0;1;129
cell;4;8;6;0;1;129
cell;4;8;7;0;1;129
line;4;9;5;8;2;16;1
cell;4;9;0;0;1;129
cell;4;9;1;0;1;129
cell;4;9;2;0;1;129
cell;4;9;3;0;1;129
cell;4;9;4;0;1;129
cell;4;9;5;0;1;129
cell;4;9;6;0;1;129
cell;4;9;7;0;1;129
cell;4;9;8;0;1;129
cell;4;9;9;0;1;129
cell;4;9;10;0;1;129
cell;4;9;11;0;1;129
cell;4;9;12;0;1;129
cell;4;9;13;0;1;129
cell;4;9;14;0;1;129
cell;4;9;15;0;1;129
line;4;10;8;11;2;12;1
cell;4;10;0;0;1;129
cell;4;10;1;0;1;129
cell;4;10;2;0;1;129
cell;4;10;3;0;1;129
cell;4;10;4;0;1;129
cell;4;10;5;0;1;129
cell;4;10;6;0;1;129
cell;4;10;7;0;1;129
cell;4;10;8;0;1;129
cell;4;10;9;0;1;129
cell;4;10;10;0;1;129
cell;4;10;11;0;1;129
area;5;28
point;5;0;70.563;0.938;32.188
point;5;1;68.938;0.938;29.938
point;5;2;72.250;0.938;33.875
point;5;3;72.125;0.938;62.313
point;5;4;47.625;0.938;76.000
point;5;5;23.875;0.938;61.688
point;5;6;25.188;0.938;32.063
point;5;7;25.000;0.938;64.688
line;5;0;0;2;4;2;19
line;5;1;1;2;4;5;19
cell;5;1;0;-8;1;129
cell;5;1;0;-7;1;129
cell;5;1;0;-6;1;129
cell;5;1;0;-5;1;129
cell;5;1;0;-4;1;129
cell;5;1;0;-3;1;129
cell;5;1;0;-2;1;129
cell;5;1;0;-1;1;129
cell;5;1;0;0;1;129
cell;5;1;0;1;1;129
cell;5;1;0;2;1;129
cell;5;1;0;3;1;129
cell;5;1;0;4;1;129
cell;5;1;0;5;1;129
cell;5;1;0;6;1;129
cell;5;1;0;7;1;129
cell;5;1;0;8;1;129
cell;5;1;0;9;1;129
cell;5;1;1;-9;1;129
cell;5;1;1;-8;1;129
cell;5;1;1;-7;1;129
cell;5;1;1;-6;1;129
cell;5;1;1;-5;1;129
cell;5;1;1;-4;1;129
cell;5;1;1;-3;1;129
cell;5;1;1;-2;1;129
cell;5;1;1;-1;1;129
cell;5;1;1;0;1;129
cell;5;1;1;1;1;129
cell;5;1;1;2;1;129
cell;5;1;1;3;1;129
cell;5;1;1;4;1;129
cell;5;1;1;5;1;129
cell;5;1;1;6;1;129
cell;5;1;1;7;1;129
cell;5;1;1;8;1;129
cell;5;1;1;9;1;129
cell;5;1;2;-9;1;129
cell;5;1;2;-8;1;129
cell;5;1;2;-7;1;129
cell;5;1;2;-6;1;129
cell;5;1;2;-5;1;129
cell;5;1;2;-4;1;129
cell;5;1;2;-3;1;129
cell;5;1;2;-2;1;129
cell;5;1;2;-1;1;129
cell;5;1;2;0;1;129
cell;5;1;2;1;1;129
cell;5;1;2;2;1;129
cell;5;1;2;3;1;129
cell;5;1;2;4;1;129
cell;5;1;2;5;1;129
cell;5;1;2;6;1;129
cell;5;1;2;7;1;129
cell;5;1;2;8;1;129
cell;5;1;2;9;1;129
cell;5;1;3;-9;1;129
cell;5;1;3;-8;1;129
cell;5;1;3;-7;1;129
cell;5;1;3;-6;1;129
cell;5;1;3;-5;1;129
cell;5;1;3;-4;1;129
cell;5;1;3;-3;1;129
cell;5;1;3;4;1;129
cell;5;1;3;5;1;129
cell;5;1;3;6;1;129
cell;5;1;3;7;1;129
cell;5;1;3;8;1;129
cell;5;1;3;9;1;129
cell;5;1;4;-9;1;129
cell;5;1;4;-8;1;129
cell;5;1;4;-7;1;129
cell;5;1;4;-6;1;129
cell;5;1;4;4;1;129
cell;5;1;4;5;1;129
cell;5;1;4;6;1;129
cell;5;1;4;7;1;129
cell;5;1;4;8;1;129
cell;5;1;4;9;1;129
line;5;2;2;3;4;30;19
cell;5;2;0;-9;1;129
cell;5;2;0;-8;1;129
cell;5;2;0;-7;1;129
cell;5;2;0;-6;1;129
cell;5;2;0;3;1;129
cell;5;2;0;4;1;129
cell;5;2;0;5;1;129
cell;5;2;0;6;1;129
cell;5;2;0;7;1;129
cell;5;2;0;8;1;129
cell;5;2;0;9;1;129
cell;5;2;1;-9;1;129
cell;5;2;1;-8;1;129
cell;5;2;1;-7;1;129
cell;5;2;1;-6;1;129
cell;5;2;1;3;1;129
cell;5;2;1;4;1;129
cell;5;2;1;5;1;129
cell;5;2;1;6;1;129
cell;5;2;1;7;1;129
cell;5;2;1;8;1;129
cell;5;2;1;9;1;129
cell;5;2;2;-9;1;129
cell;5;2;2;-8;1;129
cell;5;2;2;-7;1;129
cell;5;2;2;-6;1;129
cell;5;2;2;3;1;129
cell;5;2;2;4;1;129
cell;5;2;2;5;1;129
cell;5;2;2;6;1;129
cell;5;2;2;7;1;129
cell;5;2;2;8;1;129
cell;5;2;2;9;1;129
cell;5;2;3;-9;1;129
cell;5;2;3;-8;1;129
cell;5;2;3;-7;1;129
cell;5;2;3;-6;1;129
cell;5;2;3;3;1;129
cell;5;2;3;4;1;129
cell;5;2;3;5;1;129
cell;5;2;3;6;1;129
cell;5;2;3;7;1;129
cell;5;2;3;8;1;129
cell;5;2;3;9;1;129
cell;5;2;4;-9;1;129
cell;5;2;4;-8;1;129
cell;5;2;4;-7;1;129
cell;5;2;4;-6;1;129
cell;5;2;4;3;1;129
cell;5;2;4;4;1;129
cell;5;2;4;5;1;129
cell;5;2;4;6;1;129
cell;5;2;4;7;1;129
cell;5;2;4;8;1;129
cell;5;2;4;9;1;129
cell;5;2;5;-9;1;129
cell;5;2;5;-8;1;129
cell;5;2;5;-7;1;129
cell;5;2;5;-6;1;129
cell;5;2;5;-5;1;129
cell;5;2;5;-4;1;129
cell;5;2;5;3;1;129
cell;5;2;5;4;1;129
cell;5;2;5;5;1;129
cell;5;2;5;6;1;129
cell;5;2;5;7;1;129
cell;5;2;5;8;1;129
cell;5;2;5;9;1;129
cell;5;2;6;-9;1;129
cell;5;2;6;-8;1;129
cell;5;2;6;-7;1;129
cell;5;2;6;-6;1;129
cell;5;2;6;-5;1;129
cell;5;2;6;-4;1;129
cell;5;2;6;3;1;129
cell;5;2;6;4;1;129
cell;5;2;6;5;1;129
cell;5;2;6;6;1;129
cell;5;2;6;7;1;129
cell;5;2;6;8;1;129
cell;5;2;6;9;1;129
cell;5;2;7;-9;1;129
cell;5;2;7;-8;1;129
cell;5;2;7;-7;1;129
cell;5;2;7;-6;1;129
cell;5;2;7;-5;1;129
cell;5;2;7;3;1;129
cell;5;2;7;4;1;129
cell;5;2;7;5;1;129
cell;5;2;7;6;1;129
cell;5;2;7;7;1;129
cell;5;2;7;8;1;129
cell;5;2;7;9;1;129
cell;5;2;8;-9;1;129
cell;5;2;8;-8;1;129
cell;5;2;8;-7;1;129
cell;5;2;8;-6;1;129
cell;5;2;8;-5;1;129
cell;5;2;8;3;1;129
cell;5;2;8;4;1;129
cell;5;2;8;5;1;129
cell;5;2;8;6;1;129
cell;5;2;8;7;1;129
cell;5;2;8;8;1;129
cell;5;2;8;9;1;129
cell;5;2;9;-9;1;129
cell;5;2;9;-8;1;129
cell;5;2;9;-7;1;129
cell;5;2;9;-6;1;129
cell;5;2;9;-5;1;129
cell;5;2;9;4;1;129
cell;5;2;9;5;1;129
cell;5;2;9;6;1;129
cell;5;2;9;7;1;129
cell;5;2;9;8;1;129
cell;5;2;9;9;1;129
cell;5;2;10;-9;1;129
cell;5;2;10;-8;1;129
cell;5;2;10;-7;1;129
cell;5;2;10;-6;1;129
cell;5;2;10;-5;1;129
cell;5;2;10;-4;1;129
cell;5;2;10;4;1;129
cell;5;2;10;5;1;129
cell;5;2;10;6;1;129
cell;5;2;10;7;1;129
cell;5;2;10;8;1;129
cell;5;2;10;9;1;129
cell;5;2;11;-9;1;129
cell;5;2;11;-8;1;129
cell;5;2;11;-7;1;129
cell;5;2;11;-6;1;129
cell;5;2;11;-5;1;129
cell;5;2;11;-4;1;129
cell;5;2;11;4;1;129
cell;5;2;11;5;1;129
cell;5;2;11;6;1;129
cell;5;2;11;7;1;129
cell;5;2;11;8;1;129
cell;5;2;11;9;1;129
cell;5;2;12;-9;1;129
cell;5;2;12;-8;1;129
cell;5;2;12;-7;1;129
cell;5;2;12;-6;1;129
cell;5;2;12;-5;1;129
cell;5;2;12;-4;1;129
cell;5;2;12;4;1;129
cell;5;2;12;5;1;129
cell;5;2;12;6;1;129
cell;5;2;12;7;1;129
cell;5;2;12;8;1;129
cell;5;2;12;9;1;129
cell;5;2;13;-9;1;129
cell;5;2;13;-8;1;129
cell;5;2;13;-7;1;129
cell;5;2;13;-6;1;129
cell;5;2;13;-5;1;129
cell;5;2;13;-4;1;129
cell;5;2;13;4;1;129
cell;5;2;13;5;1;129
cell;5;2;13;6;1;129
cell;5;2;13;7;1;129
cell;5;2;13;8;1;129
cell;5;2;13;9;1;129
cell;5;2;14;-9;1;129
cell;5;2;14;-8;1;129
cell;5;2;14;-7;1;129
cell;5;2;14;-6;1;129
cell;5;2;14;-5;1;129
cell;5;2;14;-4;1;129
cell;5;2;14;4;1;129
cell;5;2;14;5;1;129
cell;5;2;14;6;1;129
cell;5;2;14;7;1;129
cell;5;2;14;8;1;129
cell;5;2;14;9;1;129
cell;5;2;15;-9;1;129
cell;5;2;15;-8;1;129
cell;5;2;15;-7;1;129
cell;5;2;15;-6;1;129
cell;5;2;15;-5;1;129
cell;5;2;15;-4;1;129
cell;5;2;15;4;1;129
cell;5;2;15;5;1;129
cell;5;2;15;6;1;129
cell;5;2;15;7;1;129
cell;5;2;15;8;1;129
cell;5;2;15;9;1;129
cell;5;2;16;-9;1;129
cell;5;2;16;-8;1;129
cell;5;2;16;-7;1;129
cell;5;2;16;-6;1;129
cell;5;2;16;-5;1;129
cell;5;2;16;-4;1;129
cell;5;2;16;4;1;129
cell;5;2;16;5;1;129
cell;5;2;16;6;1;129
cell;5;2;16;7;1;129
cell;5;2;16;8;1;129
cell;5;2;16;9;1;129
cell;5;2;17;-9;1;129
cell;5;2;17;-8;1;129
cell;5;2;17;-7;1;129
cell;5;2;17;-6;1;129
cell;5;2;17;-5;1;129
cell;5;2;17;-4;1;129
cell;5;2;17;4;1;129
cell;5;2;17;5;1;129
cell;5;2;17;6;1;129
cell;5;2;17;7;1;129
cell;5;2;17;8;1;129
cell;5;2;17;9;1;129
cell;5;2;18;-9;1;129
cell;5;2;18;-8;1;129
cell;5;2;18;-7;1;129
cell;5;2;18;-6;1;129
cell;5;2;18;-5;1;129
cell;5;2;18;-4;1;129
cell;5;2;18;4;1;129
cell;5;2;18;5;1;129
cell;5;2;18;6;1;129
cell;5;2;18;7;1;129
cell;5;2;18;8;1;129
cell;5;2;18;9;1;129
cell;5;2;19;-9;1;129
cell;5;2;19;-8;1;129
cell;5;2;19;-7;1;129
cell;5;2;19;-6;1;129
cell;5;2;19;-5;1;129
cell;5;2;19;-4;1;129
cell;5;2;19;4;1;129
cell;5;2;19;5;1;129
cell;5;2;19;6;1;129
cell;5;2;19;7;1;129
cell;5;2;19;8;1;129
cell;5;2;19;9;1;129
cell;5;2;20;-9;1;129
cell;5;2;20;-8;1;129
cell;5;2;20;-7;1;129
cell;5;2;20;-6;1;129
cell;5;2;20;-5;1;129
cell;5;2;20;-4;1;129
cell;5;2;20;4;1;129
cell;5;2;20;5;1;129
cell;5;2;20;6;1;129
cell;5;2;20;7;1;129
cell;5;2;20;8;1;129
cell;5;2;20;9;1;129
cell;5;2;21;-9;1;129
cell;5;2;21;-8;1;129
cell;5;2;21;-7;1;129
cell;5;2;21;-6;1;129
cell;5;2;21;-5;1;129
cell;5;2;21;-4;1;129
cell;5;2;21;4;1;129
cell;5;2;21;5;1;129
cell;5;2;21;6;1;129
cell;5;2;21;7;1;129
cell;5;2;21;8;1;129
cell;5;2;21;9;1;129
cell;5;2;22;-9;1;129
cell;5;2;22;-8;1;129
cell;5;2;22;-7;1;129
cell;5;2;22;-6;1;129
cell;5;2;22;-5;1;129
cell;5;2;22;-4;1;129
cell;5;2;22;4;1;129
cell;5;2;22;5;1;129
cell;5;2;22;6;1;129
cell;5;2;22;7;1;129
cell;5;2;22;8;1;129
cell;5;2;22;9;1;129
cell;5;2;23;-9;1;129
cell;5;2;23;-8;1;129
cell;5;2;23;-7;1;129
cell;5;2;23;-6;1;129
cell;5;2;23;-5;1;129
cell;5;2;23;-4;1;129
cell;5;2;23;5;1;129
cell;5;2;23;6;1;129
cell;5;2;23;7;1;129
cell;5;2;23;8;1;129
cell;5;2;23;9;1;129
cell;5;2;24;-9;1;129
cell;5;2;24;-8;1;129
cell;5;2;24;-7;1;129
cell;5;2;24;-6;1;129
cell;5;2;24;-5;1;129
cell;5;2;24;-4;1;129
cell;5;2;24;3;1;129
cell;5;2;24;4;1;129
cell;5;2;24;5;1;129
cell;5;2;24;6;1;129
cell;5;2;24;7;1;129
cell;5;2;24;8;1;129
cell;5;2;24;9;1;129
cell;5;2;25;-9;1;129
cell;5;2;25;-8;1;129
cell;5;2;25;-7;1;129
cell;5;2;25;-6;1;129
cell;5;2;25;-5;1;129
cell;5;2;25;-4;1;129
cell;5;2;25;3;1;129
cell;5;2;25;4;1;129
cell;5;2;25;7;1;129
cell;5;2;25;8;1;129
cell;5;2;25;9;1;129
cell;5;2;26;-9;1;129
cell;5;2;26;-8;1;129
cell;5;2;26;-7;1;129
cell;5;2;26;-6;1;129
cell;5;2;26;-5;1;129
cell;5;2;26;-4;1;129
cell;5;2;26;3;1;129
cell;5;2;26;4;1;129
cell;5;2;26;7;1;129
cell;5;2;26;8;1;129
cell;5;2;26;9;1;129
cell;5;2;27;-9;1;129
cell;5;2;27;-8;1;129
cell;5;2;27;-7;1;129
cell;5;2;27;-6;1;129
cell;5;2;27;7;1;129
cell;5;2;27;8;1;129
cell;5;2;27;9;1;129
cell;5;2;28;-9;1;129
cell;5;2;28;-8;1;129
cell;5;2;28;-7;1;129
cell;5;2;28;-6;1;129
cell;5;2;28;7;1;129
cell;5;2;28;8;1;129
cell;5;2;28;9;1;129
cell;5;2;29;-9;1;129
cell;5;2;29;-8;1;129
cell;5;2;29;-7;1;129
cell;5;2;29;-6;1;129
cell;5;2;29;7;1;129
cell;5;2;29;8;1;129
cell;5;2;29;9;1;129
line;5;3;3;4;4;29;19
cell;5;3;0;-9;1;129
cell;5;3;0;-8;1;129
cell;5;3;0;-7;1;129
cell;5;3;0;-6;1;129
cell;5;3;0;7;1;129
cell;5;3;0;8;1;129
cell;5;3;0;9;1;129
cell;5;3;1;-9;1;129
cell;5;3;1;-8;1;129
cell;5;3;1;-7;1;129
cell;5;3;1;-6;1;129
cell;5;3;1;7;1;129
cell;5;3;1;8;1;129
cell;5;3;1;9;1;129
cell;5;3;2;-9;1;129
cell;5;3;2;-8;1;129
cell;5;3;2;-7;1;129
cell;5;3;2;-6;1;129
cell;5;3;2;7;1;129
cell;5;3;2;8;1;129
cell;5;3;2;9;1;129
cell;5;3;3;-9;1;129
cell;5;3;3;-8;1;129
cell;5;3;3;-7;1;129
cell;5;3;3;-6;1;129
cell;5;3;3;7;1;129
cell;5;3;3;8;1;129
cell;5;3;3;9;1;129
cell;5;3;4;-9;1;129
cell;5;3;4;-8;1;129
cell;5;3;4;-7;1;129
cell;5;3;4;-6;1;129
cell;5;3;4;3;1;129
cell;5;3;4;4;1;129
cell;5;3;4;5;1;129
cell;5;3;4;6;1;129
cell;5;3;4;7;1;129
cell;5;3;4;8;1;129
cell;5;3;4;9;1;129
cell;5;3;5;-9;1;129
cell;5;3;5;-8;1;129
cell;5;3;5;-7;1;129
cell;5;3;5;-6;1;129
cell;5;3;5;-5;1;129
cell;5;3;5;-4;1;129
cell;5;3;5;3;1;129
cell;5;3;5;4;1;129
cell;5;3;5;5;1;129
cell;5;3;5;6;1;129
cell;5;3;5;7;1;129
cell;5;3;5;8;1;129
cell;5;3;5;9;1;129
cell;5;3;6;-9;1;129
cell;5;3;6;-8;1;129
cell;5;3;6;-7;1;129
cell;5;3;6;-6;1;129
cell;5;3;6;-5;1;129
cell;5;3;6;-4;1;129
cell;5;3;6;3;1;129
cell;5;3;6;4;1;129
cell;5;3;6;5;1;129
cell;5;3;6;6;1;129
cell;5;3;6;7;1;129
cell;5;3;6;8;1;129
cell;5;3;6;9;1;129
cell;5;3;7;-9;1;129
cell;5;3;7;-8;1;129
cell;5;3;7;-7;1;129
cell;5;3;7;-6;1;129
cell;5;3;7;-5;1;129
cell;5;3;7;-4;1;129
cell;5;3;7;3;1;129
cell;5;3;7;4;1;129
cell;5;3;7;5;1;129
cell;5;3;7;6;1;129
cell;5;3;7;7;1;129
cell;5;3;7;8;1;129
cell;5;3;7;9;1;129
cell;5;3;8;-9;1;129
cell;5;3;8;-8;1;129
cell;5;3;8;-7;1;129
cell;5;3;8;-6;1;129
cell;5;3;8;-5;1;129
cell;5;3;8;-4;1;129
cell;5;3;8;3;1;129
cell;5;3;8;4;1;129
cell;5;3;8;5;1;129
cell;5;3;8;6;1;129
cell;5;3;8;7;1;129
cell;5;3;8;8;1;129
cell;5;3;8;9;1;129
cell;5;3;9;-9;1;129
cell;5;3;9;-8;1;129
cell;5;3;9;-7;1;129
cell;5;3;9;-6;1;129
cell;5;3;9;-5;1;129
cell;5;3;9;-4;1;129
cell;5;3;9;3;1;129
cell;5;3;9;4;1;129
cell;5;3;9;5;1;129
cell;5;3;9;6;1;129
cell;5;3;9;7;1;129
cell;5;3;9;8;1;129
cell;5;3;9;9;1;129
cell;5;3;10;-9;1;129
cell;5;3;10;-8;1;129
cell;5;3;10;-7;1;129
cell;5;3;10;-6;1;129
cell;5;3;10;-5;1;129
cell;5;3;10;-4;1;129
cell;5;3;10;3;1;129
cell;5;3;10;4;1;129
cell;5;3;10;5;1;129
cell;5;3;10;6;1;129
cell;5;3;10;7;1;129
cell;5;3;10;8;1;129
cell;5;3;10;9;1;129
cell;5;3;11;-9;1;129
cell;5;3;11;-8;1;129
cell;5;3;11;-7;1;129
cell;5;3;11;-6;1;129
cell;5;3;11;-5;1;129
cell;5;3;11;-4;1;129
cell;5;3;11;3;1;129
cell;5;3;11;4;1;129
cell;5;3;11;5;1;129
cell;5;3;11;6;1;129
cell;5;3;11;7;1;129
cell;5;3;11;8;1;129
cell;5;3;11;9;1;129
cell;5;3;12;-9;1;129
cell;5;3;12;-8;1;129
cell;5;3;12;-7;1;129
cell;5;3;12;-6;1;129
cell;5;3;12;-5;1;129
cell;5;3;12;-4;1;129
cell;5;3;12;3;1;129
cell;5;3;12;4;1;129
cell;5;3;12;5;1;129
cell;5;3;12;6;1;129
cell;5;3;12;7;1;129
cell;5;3;12;8;1;129
cell;5;3;12;9;1;129
cell;5;3;13;-9;1;129
cell;5;3;13;-8;1;129
cell;5;3;13;-7;1;129
cell;5;3;13;-6;1;129
cell;5;3;13;-5;1;129
cell;5;3;13;-4;1;129
cell;5;3;13;4;1;129
cell;5;3;13;5;1;129
cell;5;3;13;6;1;129
cell;5;3;13;7;1;129
cell;5;3;13;8;1;129
cell;5;3;13;9;1;129
cell;5;3;14;-9;1;129
cell;5;3;14;-8;1;129
cell;5;3;14;-7;1;129
cell;5;3;14;-6;1;129
cell;5;3;14;-5;1;129
cell;5;3;14;-4;1;129
cell;5;3;14;4;1;129
cell;5;3;14;5;1;129
cell;5;3;14;6;1;129
cell;5;3;14;7;1;129
cell;5;3;14;8;1;129
cell;5;3;14;9;1;129
cell;5;3;15;-9;1;129
cell;5;3;15;-8;1;129
cell;5;3;15;-7;1;129
cell;5;3;15;-6;1;129
cell;5;3;15;-5;1;129
cell;5;3;15;-4;1;129
cell;5;3;15;4;1;129
cell;5;3;15;5;1;129
cell;5;3;15;6;1;129
cell;5;3;15;7;1;129
cell;5;3;15;8;1;129
cell;5;3;15;9;1;129
cell;5;3;16;-9;1;129
cell;5;3;16;-8;1;129
cell;5;3;16;-7;1;129
cell;5;3;16;-6;1;129
cell;5;3;16;-5;1;129
cell;5;3;16;-4;1;129
cell;5;3;16;4;1;129
cell;5;3;16;5;1;129
cell;5;3;16;6;1;129
cell;5;3;16;7;1;129
cell;5;3;16;8;1;129
cell;5;3;16;9;1;129
cell;5;3;17;-9;1;129
cell;5;3;17;-8;1;129
cell;5;3;17;-7;1;129
cell;5;3;17;-6;1;129
cell;5;3;17;-5;1;129
cell;5;3;17;-4;1;129
cell;5;3;17;4;1;129
cell;5;3;17;5;1;129
cell;5;3;17;6;1;129
cell;5;3;17;7;1;129
cell;5;3;17;8;1;129
cell;5;3;17;9;1;129
cell;5;3;18;-9;1;129
cell;5;3;18;-8;1;129
cell;5;3;18;-7;1;129
cell;5;3;18;-6;1;129
cell;5;3;18;-5;1;129
cell;5;3;18;-4;1;129
cell;5;3;18;4;1;129
cell;5;3;18;5;1;129
cell;5;3;18;6;1;129
cell;5;3;18;7;1;129
cell;5;3;18;8;1;129
cell;5;3;18;9;1;129
cell;5;3;19;-9;1;129
cell;5;3;19;-8;1;129
cell;5;3;19;-7;1;129
cell;5;3;19;-6;1;129
cell;5;3;19;-5;1;129
cell;5;3;19;-4;1;129
cell;5;3;19;4;1;129
cell;5;3;19;5;1;129
cell;5;3;19;6;1;129
cell;5;3;19;7;1;129
cell;5;3;19;8;1;129
cell;5;3;19;9;1;129
cell;5;3;20;-9;1;129
cell;5;3;20;-8;1;129
cell;5;3;20;-7;1;129
cell;5;3;20;-6;1;129
cell;5;3;20;-5;1;129
cell;5;3;20;-4;1;129
cell;5;3;20;4;1;129
cell;5;3;20;5;1;129
cell;5;3;20;6;1;129
cell;5;3;20;7;1;129
cell;5;3;20;8;1;129
cell;5;3;20;9;1;129
cell;5;3;21;-9;1;129
cell;5;3;21;-8;1;129
cell;5;3;21;-7;1;129
cell;5;3;21;-6;1;129
cell;5;3;21;-5;1;129
cell;5;3;21;-4;1;129
cell;5;3;21;4;1;129
cell;5;3;21;5;1;129
cell;5;3;21;6;1;129
cell;5;3;21;7;1;129
cell;5;3;21;8;1;129
cell;5;3;21;9;1;129
cell;5;3;22;-9;1;129
cell;5;3;22;-8;1;129
cell;5;3;22;-7;1;129
cell;5;3;22;-6;1;129
cell;5;3;22;-5;1;129
cell;5;3;22;-4;1;129
cell;5;3;22;-3;1;129
cell;5;3;22;4;1;129
cell;5;3;22;5;1;129
cell;5;3;22;6;1;129
cell;5;3;22;7;1;129
cell;5;3;22;8;1;129
cell;5;3;22;9;1;129
cell;5;3;23;-9;1;129
cell;5;3;23;-8;1;129
cell;5;3;23;-7;1;129
cell;5;3;23;-6;1;129
cell;5;3;23;-5;1;129
cell;5;3;23;4;1;129
cell;5;3;23;5;1;129
cell;5;3;23;6;1;129
cell;5;3;23;7;1;129
cell;5;3;23;8;1;129
cell;5;3;23;9;1;129
cell;5;3;24;-9;1;129
cell;5;3;24;-8;1;129
cell;5;3;24;-7;1;129
cell;5;3;24;-6;1;129
cell;5;3;24;-5;1;129
cell;5;3;24;3;1;129
cell;5;3;24;4;1;129
cell;5;3;24;5;1;129
cell;5;3;24;6;1;129
cell;5;3;24;7;1;129
cell;5;3;24;8;1;129
cell;5;3;24;9;1;129
cell;5;3;25;-9;1;129
cell;5;3;25;-8;1;129
cell;5;3;25;-7;1;129
cell;5;3;25;-6;1;129
cell;5;3;25;-5;1;129
cell;5;3;25;3;1;129
cell;5;3;25;4;1;129
cell;5;3;25;7;1;129
cell;5;3;25;8;1;129
cell;5;3;25;9;1;129
cell;5;3;26;-9;1;129
cell;5;3;26;-8;1;129
cell;5;3;26;-7;1;129
cell;5;3;26;-6;1;129
cell;5;3;26;-5;1;129
cell;5;3;26;3;1;129
cell;5;3;26;7;1;129
cell;5;3;26;8;1;129
cell;5;3;26;9;1;129
cell;5;3;27;-9;1;129
cell;5;3;27;-8;1;129
cell;5;3;27;-7;1;129
cell;5;3;27;-6;1;129
cell;5;3;27;-5;1;129
cell;5;3;27;7;1;129
cell;5;3;27;8;1;129
cell;5;3;27;9;1;129
cell;5;3;28;-9;1;129
cell;5;3;28;-8;1;129
cell;5;3;28;-7;1;129
cell;5;3;28;-6;1;129
cell;5;3;28;-5;1;129
cell;5;3;28;7;1;129
cell;5;3;28;8;1;129
cell;5;3;28;9;1;129
line;5;4;5;6;4;31;19
cell;5;4;0;-9;1;129
cell;5;4;0;-8;1;129
cell;5;4;0;-7;1;129
cell;5;4;0;-6;1;129
cell;5;4;0;7;1;129
cell;5;4;0;8;1;129
cell;5;4;0;9;1;129
cell;5;4;1;-9;1;129
cell;5;4;1;-8;1;129
cell;5;4;1;-7;1;129
cell;5;4;1;-6;1;129
cell;5;4;1;7;1;129
cell;5;4;1;8;1;129
cell;5;4;1;9;1;129
cell;5;4;2;-9;1;129
cell;5;4;2;-8;1;129
cell;5;4;2;-7;1;129
cell;5;4;2;-6;1;129
cell;5;4;2;-5;1;129
cell;5;4;2;-4;1;129
cell;5;4;2;-3;1;129
cell;5;4;2;7;1;129
cell;5;4;2;8;1;129
cell;5;4;2;9;1;129
cell;5;4;3;-9;1;129
cell;5;4;3;-8;1;129
cell;5;4;3;-7;1;129
cell;5;4;3;-6;1;129
cell;5;4;3;-5;1;129
cell;5;4;3;-4;1;129
cell;5;4;3;7;1;129
cell;5;4;3;8;1;129
cell;5;4;3;9;1;129
cell;5;4;4;-9;1;129
cell;5;4;4;-8;1;129
cell;5;4;4;-7;1;129
cell;5;4;4;-6;1;129
cell;5;4;4;-5;1;129
cell;5;4;4;-4;1;129
cell;5;4;4;4;1;129
cell;5;4;4;5;1;129
cell;5;4;4;6;1;129
cell;5;4;4;7;1;129
cell;5;4;4;8;1;129
cell;5;4;4;9;1;129
cell;5;4;5;-9;1;129
cell;5;4;5;-8;1;129
cell;5;4;5;-7;1;129
cell;5;4;5;-6;1;129
cell;5;4;5;-5;1;129
cell;5;4;5;-4;1;129
cell;5;4;5;4;1;129
cell;5;4;5;5;1;129
cell;5;4;5;6;1;129
cell;5;4;5;7;1;129
cell;5;4;5;8;1;129
cell;5;4;5;9;1;129
cell;5;4;6;-9;1;129
cell;5;4;6;-8;1;129
cell;5;4;6;-7;1;129
cell;5;4;6;-6;1;129
cell;5;4;6;-5;1;129
cell;5;4;6;-4;1;129
cell;5;4;6;4;1;129
cell;5;4;6;5;1;129
cell;5;4;6;6;1;129
cell;5;4;6;7;1;129
cell;5;4;6;8;1;129
cell;5;4;6;9;1;129
cell;5;4;7;-9;1;129
cell;5;4;7;-8;1;129
cell;5;4;7;-7;1;129
cell;5;4;7;-6;1;129
cell;5;4;7;-5;1;129
cell;5;4;7;-4;1;129
cell;5;4;7;4;1;129
cell;5;4;7;5;1;129
cell;5;4;7;6;1;129
cell;5;4;7;7;1;129
cell;5;4;7;8;1;129
cell;5;4;7;9;1;129
cell;5;4;8;-9;1;129
cell;5;4;8;-8;1;129
cell;5;4;8;-7;1;129
cell;5;4;8;-6;1;129
cell;5;4;8;-5;1;129
cell;5;4;8;-4;1;129
cell;5;4;8;4;1;129
cell;5;4;8;5;1;129
cell;5;4;8;6;1;129
cell;5;4;8;7;1;129
cell;5;4;8;8;1;129
cell;5;4;8;9;1;129
cell;5;4;9;-9;1;129
cell;5;4;9;-8;1;129
cell;5;4;9;-7;1;129
cell;5;4;9;-6;1;129
cell;5;4;9;-5;1;129
cell;5;4;9;-4;1;129
cell;5;4;9;4;1;129
cell;5;4;9;5;1;129
cell;5;4;9;6;1;129
cell;5;4;9;7;1;129
cell;5;4;9;8;1;129
cell;5;4;9;9;1;129
cell;5;4;10;-9;1;129
cell;5;4;10;-8;1;129
cell;5;4;10;-7;1;129
cell;5;4;10;-6;1;129
cell;5;4;10;-5;1;129
cell;5;4;10;-4;1;129
cell;5;4;10;4;1;129
cell;5;4;10;5;1;129
cell;5;4;10;6;1;129
cell;5;4;10;7;1;129
cell;5;4;10;8;1;129
cell;5;4;10;9;1;129
cell;5;4;11;-9;1;129
cell;5;4;11;-8;1;129
cell;5;4;11;-7;1;129
cell;5;4;11;-6;1;129
cell;5;4;11;-5;1;129
cell;5;4;11;-4;1;129
cell;5;4;11;4;1;129
cell;5;4;11;5;1;129
cell;5;4;11;6;1;129
cell;5;4;11;7;1;129
cell;5;4;11;8;1;129
cell;5;4;11;9;1;129
cell;5;4;12;-9;1;129
cell;5;4;12;-8;1;129
cell;5;4;12;-7;1;129
cell;5;4;12;-6;1;129
cell;5;4;12;-5;1;129
cell;5;4;12;-4;1;129
cell;5;4;12;4;1;129
cell;5;4;12;5;1;129
cell;5;4;12;6;1;129
cell;5;4;12;7;1;129
cell;5;4;12;8;1;129
cell;5;4;12;9;1;129
cell;5;4;13;-9;1;129
cell;5;4;13;-8;1;129
cell;5;4;13;-7;1;129
cell;5;4;13;-6;1;129
cell;5;4;13;-5;1;129
cell;5;4;13;-4;1;129
cell;5;4;13;4;1;129
cell;5;4;13;5;1;129
cell;5;4;13;6;1;129
cell;5;4;13;7;1;129
cell;5;4;13;8;1;129
cell;5;4;13;9;1;129
cell;5;4;14;-9;1;129
cell;5;4;14;-8;1;129
cell;5;4;14;-7;1;129
cell;5;4;14;-6;1;129
cell;5;4;14;-5;1;129
cell;5;4;14;-4;1;129
cell;5;4;14;3;1;129
cell;5;4;14;4;1;129
cell;5;4;14;5;1;129
cell;5;4;14;6;1;129
cell;5;4;14;7;1;129
cell;5;4;14;8;1;129
cell;5;4;14;9;1;129
cell;5;4;15;-9;1;129
cell;5;4;15;-8;1;129
cell;5;4;15;-7;1;129
cell;5;4;15;-6;1;129
cell;5;4;15;-5;1;129
cell;5;4;15;-4;1;129
cell;5;4;15;3;1;129
cell;5;4;15;4;1;129
cell;5;4;15;5;1;129
cell;5;4;15;6;1;129
cell;5;4;15;7;1;129
cell;5;4;15;8;1;129
cell;5;4;15;9;1;129
cell;5;4;16;-9;1;129
cell;5;4;16;-8;1;129
cell;5;4;16;-7;1;129
cell;5;4;16;-6;1;129
cell;5;4;16;-5;1;129
cell;5;4;16;-4;1;129
cell;5;4;16;6;1;129
cell;5;4;16;7;1;129
cell;5;4;16;8;1;129
cell;5;4;16;9;1;129
cell;5;4;17;-9;1;129
cell;5;4;17;-8;1;129
cell;5;4;17;-7;1;129
cell;5;4;17;-6;1;129
cell;5;4;17;-5;1;129
cell;5;4;17;6;1;129
cell;5;4;17;7;1;129
cell;5;4;17;8;1;129
cell;5;4;17;9;1;129
cell;5;4;18;-9;1;129
cell;5;4;18;-8;1;129
cell;5;4;18;-7;1;129
cell;5;4;18;-6;1;129
cell;5;4;18;-5;1;129
cell;5;4;18;6;1;129
cell;5;4;18;7;1;129
cell;5;4;18;8;1;129
cell;5;4;18;9;1;129
cell;5;4;19;-9;1;129
cell;5;4;19;-8;1;129
cell;5;4;19;-7;1;129
cell;5;4;19;-6;1;129
cell;5;4;19;-5;1;129
cell;5;4;19;5;1;129
cell;5;4;19;6;1;129
cell;5;4;19;7;1;129
cell;5;4;19;8;1;129
cell;5;4;19;9;1;129
cell;5;4;20;-9;1;129
cell;5;4;20;-8;1;129
cell;5;4;20;-7;1;129
cell;5;4;20;-6;1;129
cell;5;4;20;-5;1;129
cell;5;4;20;4;1;129
cell;5;4;20;5;1;129
cell;5;4;20;6;1;129
cell;5;4;20;7;1;129
cell;5;4;20;8;1;129
cell;5;4;20;9;1;129
cell;5;4;21;-9;1;129
cell;5;4;21;-8;1;129
cell;5;4;21;-7;1;129
cell;5;4;21;-6;1;129
cell;5;4;21;-5;1;129
cell;5;4;21;4;1;129
cell;5;4;21;5;1;129
cell;5;4;21;6;1;129
cell;5;4;21;7;1;129
cell;5;4;21;8;1;129
cell;5;4;21;9;1;129
cell;5;4;22;-9;1;129
cell;5;4;22;-8;1;129
cell;5;4;22;-7;1;129
cell;5;4;22;-6;1;129
cell;5;4;22;4;1;129
cell;5;4;22;5;1;129
cell;5;4;22;6;1;129
cell;5;4;22;7;1;129
cell;5;4;22;8;1;129
cell;5;4;22;9;1;129
cell;5;4;23;-9;1;129
cell;5;4;23;-8;1;129
cell;5;4;23;-7;1;129
cell;5;4;23;-6;1;129
cell;5;4;23;-4;1;129
cell;5;4;23;-3;1;129
cell;5;4;23;3;1;129
cell;5;4;23;4;1;129
cell;5;4;23;5;1;129
cell;5;4;23;6;1;129
cell;5;4;23;7;1;129
cell;5;4;23;8;1;129
cell;5;4;23;9;1;129
cell;5;4;24;-9;1;129
cell;5;4;24;-8;1;129
cell;5;4;24;-7;1;129
cell;5;4;24;3;1;129
cell;5;4;24;4;1;129
cell;5;4;24;5;1;129
cell;5;4;24;6;1;129
cell;5;4;24;7;1;129
cell;5;4;24;8;1;129
cell;5;4;24;9;1;129
cell;5;4;25;-9;1;129
cell;5;4;25;-8;1;129
cell;5;4;25;3;1;129
cell;5;4;25;7;1;129
cell;5;4;25;8;1;129
cell;5;4;25;9;1;129
cell;5;4;26;-9;1;129
cell;5;4;26;-8;1;129
cell;5;4;26;7;1;129
cell;5;4;26;8;1;129
cell;5;4;26;9;1;129
cell;5;4;27;-9;1;129
cell;5;4;27;-8;1;129
cell;5;4;27;7;1;129
cell;5;4;27;8;1;129
cell;5;4;27;9;1;129
cell;5;4;28;-9;1;129
cell;5;4;28;-8;1;129
cell;5;4;28;7;1;129
cell;5;4;28;8;1;129
cell;5;4;28;9;1;129
cell;5;4;29;-9;1;129
cell;5;4;29;-8;1;129
cell;5;4;29;7;1;129
cell;5;4;29;8;1;129
cell;5;4;29;9;1;129
cell;5;4;30;-9;1;129
cell;5;4;30;-8;1;129
cell;5;4;30;7;1;129
cell;5;4;30;8;1;129
cell;5;4;30;9;1;129
line;5;5;4;5;4;29;19
cell;5;5;0;-9;1;129
cell;5;5;0;-8;1;129
cell;5;5;0;-7;1;129
cell;5;5;0;-6;1;129
cell;5;5;0;-5;1;129
cell;5;5;0;7;1;129
cell;5;5;0;8;1;129
cell;5;5;0;9;1;129
cell;5;5;1;-9;1;129
cell;5;5;1;-8;1;129
cell;5;5;1;-7;1;129
cell;5;5;1;-6;1;129
cell;5;5;1;-5;1;129
cell;5;5;1;7;1;129
cell;5;5;1;8;1;129
cell;5;5;1;9;1;129
cell;5;5;2;-9;1;129
cell;5;5;2;-8;1;129
cell;5;5;2;-7;1;129
cell;5;5;2;-6;1;129
cell;5;5;2;-5;1;129
cell;5;5;2;7;1;129
cell;5;5;2;8;1;129
cell;5;5;2;9;1;129
cell;5;5;3;-9;1;129
cell;5;5;3;-8;1;129
cell;5;5;3;-7;1;129
cell;5;5;3;-6;1;129
cell;5;5;3;-5;1;129
cell;5;5;3;4;1;129
cell;5;5;3;5;1;129
cell;5;5;3;6;1;129
cell;5;5;3;7;1;129
cell;5;5;3;8;1;129
cell;5;5;3;9;1;129
cell;5;5;4;-9;1;129
cell;5;5;4;-8;1;129
cell;5;5;4;-7;1;129
cell;5;5;4;-6;1;129
cell;5;5;4;-5;1;129
cell;5;5;4;4;1;129
cell;5;5;4;5;1;129
cell;5;5;4;6;1;129
cell;5;5;4;7;1;129
cell;5;5;4;8;1;129
cell;5;5;4;9;1;129
cell;5;5;5;-9;1;129
cell;5;5;5;-8;1;129
cell;5;5;5;-7;1;129
cell;5;5;5;-6;1;129
cell;5;5;5;-5;1;129
cell;5;5;5;4;1;129
cell;5;5;5;5;1;129
cell;5;5;5;6;1;129
cell;5;5;5;7;1;129
cell;5;5;5;8;1;129
cell;5;5;5;9;1;129
cell;5;5;6;-9;1;129
cell;5;5;6;-8;1;129
cell;5;5;6;-7;1;129
cell;5;5;6;-6;1;129
cell;5;5;6;-5;1;129
cell;5;5;6;-4;1;129
cell;5;5;6;3;1;129
cell;5;5;6;4;1;129
cell;5;5;6;5;1;129
cell;5;5;6;6;1;129
cell;5;5;6;7;1;129
cell;5;5;6;8;1;129
cell;5;5;6;9;1;129
cell;5;5;7;-9;1;129
cell;5;5;7;-8;1;129
cell;5;5;7;-7;1;129
cell;5;5;7;-6;1;129
cell;5;5;7;-5;1;129
cell;5;5;7;-4;1;129
cell;5;5;7;3;1;129
cell;5;5;7;4;1;129
cell;5;5;7;5;1;129
cell;5;5;7;6;1;129
cell;5;5;7;7;1;129
cell;5;5;7;8;1;129
cell;5;5;7;9;1;129
cell;5;5;8;-9;1;129
cell;5;5;8;-8;1;129
cell;5;5;8;-7;1;129
cell;5;5;8;-6;1;129
cell;5;5;8;-5;1;129
cell;5;5;8;-4;1;129
cell;5;5;8;4;1;129
cell;5;5;8;5;1;129
cell;5;5;8;6;1;129
cell;5;5;8;7;1;129
cell;5;5;8;8;1;129
cell;5;5;8;9;1;129
cell;5;5;9;-9;1;129
cell;5;5;9;-8;1;129
cell;5;5;9;-7;1;129
cell;5;5;9;-6;1;129
cell;5;5;9;-5;1;129
cell;5;5;9;-4;1;129
cell;5;5;9;4;1;129
cell;5;5;9;5;1;129
cell;5;5;9;6;1;129
cell;5;5;9;7;1;129
cell;5;5;9;8;1;129
cell;5;5;9;9;1;129
cell;5;5;10;-9;1;129
cell;5;5;10;-8;1;129
cell;5;5;10;-7;1;129
cell;5;5;10;-6;1;129
cell;5;5;10;-5;1;129
cell;5;5;10;-4;1;129
cell;5;5;10;4;1;129
cell;5;5;10;5;1;129
cell;5;5;10;6;1;129
cell;5;5;10;7;1;129
cell;5;5;10;8;1;129
cell;5;5;10;9;1;129
cell;5;5;11;-9;1;129
cell;5;5;11;-8;1;129
cell;5;5;11;-7;1;129
cell;5;5;11;-6;1;129
cell;5;5;11;-5;1;129
cell;5;5;11;-4;1;129
cell;5;5;11;4;1;129
cell;5;5;11;5;1;129
cell;5;5;11;6;1;129
cell;5;5;11;7;1;129
cell;5;5;11;8;1;129
cell;5;5;11;9;1;129
cell;5;5;12;-9;1;129
cell;5;5;12;-8;1;129
cell;5;5;12;-7;1;129
cell;5;5;12;-6;1;129
cell;5;5;12;-5;1;129
cell;5;5;12;-4;1;129
cell;5;5;12;4;1;129
cell;5;5;12;5;1;129
cell;5;5;12;6;1;129
cell;5;5;12;7;1;129
cell;5;5;12;8;1;129
cell;5;5;12;9;1;129
cell;5;5;13;-9;1;129
cell;5;5;13;-8;1;129
cell;5;5;13;-7;1;129
cell;5;5;13;-6;1;129
cell;5;5;13;-5;1;129
cell;5;5;13;-4;1;129
cell;5;5;13;4;1;129
cell;5;5;13;5;1;129
cell;5;5;13;6;1;129
cell;5;5;13;7;1;129
cell;5;5;13;8;1;129
cell;5;5;13;9;1;129
cell;5;5;14;-9;1;129
cell;5;5;14;-8;1;129
cell;5;5;14;-7;1;129
cell;5;5;14;-6;1;129
cell;5;5;14;-5;1;129
cell;5;5;14;-4;1;129
cell;5;5;14;4;1;129
cell;5;5;14;5;1;129
cell;5;5;14;6;1;129
cell;5;5;14;7;1;129
cell;5;5;14;8;1;129
cell;5;5;14;9;1;129
cell;5;5;15;-9;1;129
cell;5;5;15;-8;1;129
cell;5;5;15;-7;1;129
cell;5;5;15;-6;1;129
cell;5;5;15;-5;1;129
cell;5;5;15;-4;1;129
cell;5;5;15;4;1;129
cell;5;5;15;5;1;129
cell;5;5;15;6;1;129
cell;5;5;15;7;1;129
cell;5;5;15;8;1;129
cell;5;5;15;9;1;129
cell;5;5;16;-9;1;129
cell;5;5;16;-8;1;129
cell;5;5;16;-7;1;129
cell;5;5;16;-6;1;129
cell;5;5;16;-5;1;129
cell;5;5;16;-4;1;129
cell;5;5;16;4;1;129
cell;5;5;16;5;1;129
cell;5;5;16;6;1;129
cell;5;5;16;7;1;129
cell;5;5;16;8;1;129
cell;5;5;16;9;1;129
cell;5;5;17;-9;1;129
cell;5;5;17;-8;1;129
cell;5;5;17;-7;1;129
cell;5;5;17;-6;1;129
cell;5;5;17;-5;1;129
cell;5;5;17;-4;1;129
cell;5;5;17;4;1;129
cell;5;5;17;5;1;129
cell;5;5;17;6;1;129
cell;5;5;17;7;1;129
cell;5;5;17;8;1;129
cell;5;5;17;9;1;129
cell;5;5;18;-9;1;129
cell;5;5;18;-8;1;129
cell;5;5;18;-7;1;129
cell;5;5;18;-6;1;129
cell;5;5;18;-5;1;129
cell;5;5;18;-4;1;129
cell;5;5;18;-3;1;129
cell;5;5;18;4;1;129
cell;5;5;18;5;1;129
cell;5;5;18;6;1;129
cell;5;5;18;7;1;129
cell;5;5;18;8;1;129
cell;5;5;18;9;1;129
cell;5;5;19;-9;1;129
cell;5;5;19;-8;1;129
cell;5;5;19;-7;1;129
cell;5;5;19;-6;1;129
cell;5;5;19;4;1;129
cell;5;5;19;5;1;129
cell;5;5;19;6;1;129
cell;5;5;19;7;1;129
cell;5;5;19;8;1;129
cell;5;5;19;9;1;129
cell;5;5;20;-9;1;129
cell;5;5;20;-8;1;129
cell;5;5;20;-7;1;129
cell;5;5;20;-6;1;129
cell;5;5;20;4;1;129
cell;5;5;20;5;1;129
cell;5;5;20;6;1;129
cell;5;5;20;7;1;129
cell;5;5;20;8;1;129
cell;5;5;20;9;1;129
cell;5;5;21;-9;1;129
cell;5;5;21;-8;1;129
cell;5;5;21;-7;1;129
cell;5;5;21;-6;1;129
cell;5;5;21;4;1;129
cell;5;5;21;5;1;129
cell;5;5;21;6;1;129
cell;5;5;21;7;1;129
cell;5;5;21;8;1;129
cell;5;5;21;9;1;129
cell;5;5;22;-9;1;129
cell;5;5;22;-8;1;129
cell;5;5;22;-7;1;129
cell;5;5;22;-6;1;129
cell;5;5;22;4;1;129
cell;5;5;22;5;1;129
cell;5;5;22;6;1;129
cell;5;5;22;7;1;129
cell;5;5;22;8;1;129
cell;5;5;22;9;1;129
cell;5;5;23;-9;1;129
cell;5;5;23;-8;1;129
cell;5;5;23;-7;1;129
cell;5;5;23;-6;1;129
cell;5;5;23;4;1;129
cell;5;5;23;5;1;129
cell;5;5;23;6;1;129
cell;5;5;23;7;1;129
cell;5;5;23;8;1;129
cell;5;5;23;9;1;129
cell;5;5;24;-9;1;129
cell;5;5;24;-8;1;129
cell;5;5;24;-7;1;129
cell;5;5;24;-6;1;129
cell;5;5;24;3;1;129
cell;5;5;24;4;1;129
cell;5;5;24;5;1;129
cell;5;5;24;6;1;129
cell;5;5;24;7;1;129
cell;5;5;24;8;1;129
cell;5;5;24;9;1;129
cell;5;5;25;-9;1;129
cell;5;5;25;-8;1;129
cell;5;5;25;-7;1;129
cell;5;5;25;-6;1;129
cell;5;5;25;3;1;129
cell;5;5;25;4;1;129
cell;5;5;25;5;1;129
cell;5;5;25;6;1;129
cell;5;5;25;7;1;129
cell;5;5;25;8;1;129
cell;5;5;25;9;1;129
cell;5;5;26;-9;1;129
cell;5;5;26;-8;1;129
cell;5;5;26;-7;1;129
cell;5;5;26;-6;1;129
cell;5;5;26;3;1;129
cell;5;5;26;7;1;129
cell;5;5;26;8;1;129
cell;5;5;26;9;1;129
cell;5;5;27;-9;1;129
cell;5;5;27;-8;1;129
cell;5;5;27;-7;1;129
cell;5;5;27;-6;1;129
cell;5;5;27;7;1;129
cell;5;5;27;8;1;129
cell;5;5;27;9;1;129
cell;5;5;28;-9;1;129
cell;5;5;28;-8;1;129
cell;5;5;28;-7;1;129
cell;5;5;28;-6;1;129
cell;5;5;28;7;1;129
cell;5;5;28;8;1;129
cell;5;5;28;9;1;129
area;6;30
point;6;0;4.500;0.000;18.500
point;6;1;3.938;0.000;23.500
point;6;2;0.438;0.000;34.500
point;6;3;12.500;0.000;21.500
point;6;4;12.500;0.000;23.500
point;6;5;9.500;0.000;44.500
point;6;6;20.500;0.000;21.500
point;6;7;20.500;0.000;23.500
point;6;8;23.500;0.000;42.500
point;6;9;29.500;0.000;18.500
point;6;10;30.500;0.000;23.625
point;6;11;33.750;0.000;34.188
point;6;12;4.500;0.000;20.500
point;6;13;29.500;0.000;20.500
point;6;14;2.750;0.000;27.125
point;6;15;11.625;0.000;29.188
point;6;16;21.375;0.000;29.188
point;6;17;31.313;0.000;26.250
line;6;0;12;1;3;3;11
cell;6;0;0;-5;1;129
cell;6;0;0;2;1;129
cell;6;0;0;3;1;129
cell;6;0;0;4;1;129
cell;6;0;0;5;1;129
cell;6;0;1;-5;1;129
cell;6;0;1;2;1;129
cell;6;0;1;3;1;129
cell;6;0;1;4;1;129
cell;6;0;1;5;1;129
cell;6;0;2;-5;1;129
cell;6;0;2;-4;1;129
cell;6;0;2;5;1;129
line;6;1;14;2;3;8;11
cell;6;1;0;-5;1;129
cell;6;1;0;-4;1;129
cell;6;1;0;5;1;129
cell;6;1;1;-5;1;129
cell;6;1;1;-4;1;129
cell;6;1;1;5;1;129
cell;6;1;2;-5;1;129
cell;6;1;2;-4;1;129
cell;6;1;2;5;1;129
cell;6;1;3;-5;1;129
cell;6;1;3;-4;1;129
cell;6;1;3;5;1;129
cell;6;1;4;-5;1;129
cell;6;1;4;-4;1;129
cell;6;1;4;5;1;129
cell;6;1;5;-5;1;129
cell;6;1;5;-4;1;129
cell;6;1;5;-3;1;129
cell;6;1;5;-2;1;129
cell;6;1;5;-1;1;129
cell;6;1;5;0;1;129
cell;6;1;5;1;1;129
cell;6;1;5;2;1;129
cell;6;1;5;3;1;129
cell;6;1;5;4;1;129
cell;6;1;5;5;1;129
cell;6;1;6;-5;1;129
cell;6;1;6;-4;1;129
cell;6;1;6;-3;1;129
cell;6;1;6;-2;1;129
cell;6;1;6;-1;1;129
cell;6;1;6;0;1;129
cell;6;1;6;1;1;129
cell;6;1;6;2;1;129
cell;6;1;6;3;1;129
cell;6;1;6;4;1;129
cell;6;1;6;5;1;129
cell;6;1;7;-5;1;129
cell;6;1;7;-4;1;129
cell;6;1;7;-3;1;129
cell;6;1;7;-2;1;129
cell;6;1;7;-1;1;129
cell;6;1;7;0;1;129
cell;6;1;7;1;1;129
cell;6;1;7;2;1;129
cell;6;1;7;3;1;129
cell;6;1;7;4;1;129
cell;6;1;7;5;1;129
line;6;2;3;4;3;2;7
cell;6;2;0;-3;1;129
cell;6;2;0;-2;1;129
cell;6;2;0;-1;1;129
cell;6;2;0;0;1;129
cell;6;2;0;1;1;129
cell;6;2;0;2;1;129
cell;6;2;0;3;1;129
cell;6;2;1;-3;1;129
cell;6;2;1;2;1;129
cell;6;2;1;3;1;129
line;6;3;15;5;3;15;3
cell;6;3;6;-1;1;129
cell;6;3;6;0;1;129
cell;6;3;6;1;1;129
cell;6;3;7;-1;1;129
cell;6;3;7;0;1;129
cell;6;3;7;1;1;129
cell;6;3;8;-1;1;129
cell;6;3;8;0;1;129
cell;6;3;8;1;1;129
cell;6;3;9;-1;1;129
cell;6;3;9;0;1;129
cell;6;3;9;1;1;129
cell;6;3;10;-1;1;129
cell;6;3;10;0;1;129
cell;6;3;10;1;1;129
cell;6;3;11;-1;1;129
cell;6;3;11;0;1;129
cell;6;3;11;1;1;129
cell;6;3;12;-1;1;129
cell;6;3;12;0;1;129
cell;6;3;12;1;1;129
cell;6;3;13;-1;1;129
cell;6;3;13;0;1;129
cell;6;3;13;1;1;129
cell;6;3;14;-1;1;129
cell;6;3;14;0;1;129
cell;6;3;14;1;1;129
line;6;4;6;7;3;2;7
cell;6;4;0;-3;1;129
cell;6;4;0;-2;1;129
cell;6;4;0;-1;1;129
cell;6;4;0;0;1;129
cell;6;4;0;1;1;129
cell;6;4;0;2;1;129
cell;6;4;0;3;1;129
cell;6;4;1;-3;1;129
cell;6;4;1;-2;1;129
cell;6;4;1;3;1;129
line;6;5;16;8;3;14;7
cell;6;5;0;-3;1;129
cell;6;5;0;3;1;129
cell;6;5;1;-3;1;129
cell;6;5;1;3;1;129
cell;6;5;2;-3;1;129
cell;6;5;2;3;1;129
cell;6;5;3;-3;1;129
cell;6;5;3;3;1;129
cell;6;5;4;-3;1;129
cell;6;5;4;3;1;129
cell;6;5;5;-3;1;129
cell;6;5;5;3;1;129
cell;6;5;6;-3;1;129
cell;6;5;6;-2;1;129
cell;6;5;6;-1;1;129
cell;6;5;6;0;1;129
cell;6;5;6;1;1;129
cell;6;5;6;2;1;129
cell;6;5;6;3;1;129
cell;6;5;7;-3;1;129
cell;6;5;7;-2;1;129
cell;6;5;7;-1;1;129
cell;6;5;7;0;1;129
cell;6;5;7;1;1;129
cell;6;5;7;2;1;129
cell;6;5;7;3;1;129
cell;6;5;8;-3;1;129
cell;6;5;8;-2;1;129
cell;6;5;8;-1;1;129
cell;6;5;8;0;1;129
cell;6;5;8;1;1;129
cell;6;5;8;2;1;129
cell;6;5;8;3;1;129
cell;6;5;9;-3;1;129
cell;6;5;9;-2;1;129
cell;6;5;9;-1;1;129
cell;6;5;9;0;1;129
cell;6;5;9;1;1;129
cell;6;5;9;2;1;129
cell;6;5;9;3;1;129
cell;6;5;10;-3;1;129
cell;6;5;10;-2;1;129
cell;6;5;10;-1;1;129
cell;6;5;10;0;1;129
cell;6;5;10;1;1;129
cell;6;5;10;2;1;129
cell;6;5;10;3;1;129
cell;6;5;11;-3;1;129
cell;6;5;11;-2;1;129
cell;6;5;11;-1;1;129
cell;6;5;11;0;1;129
cell;6;5;11;1;1;129
cell;6;5;11;2;1;129
cell;6;5;11;3;1;129
cell;6;5;12;-3;1;129
cell;6;5;12;-2;1;129
cell;6;5;12;-1;1;129
cell;6;5;12;0;1;129
cell;6;5;12;1;1;129
cell;6;5;12;2;1;129
cell;6;5;12;3;1;129
cell;6;5;13;-3;1;129
cell;6;5;13;-2;1;129
cell;6;5;13;-1;1;129
cell;6;5;13;0;1;129
cell;6;5;13;1;1;129
cell;6;5;13;2;1;129
cell;6;5;13;3;1;129
line;6;6;13;10;3;3;11
cell;6;6;0;-5;1;129
cell;6;6;0;-4;1;129
cell;6;6;0;-3;1;129
cell;6;6;0;-2;1;129
cell;6;6;0;5;1;129
cell;6;6;1;-5;1;129
cell;6;6;1;5;1;129
cell;6;6;2;-5;1;129
cell;6;6;2;5;1;129
line;6;7;17;11;3;8;11
cell;6;7;0;-5;1;129
cell;6;7;0;5;1;129
cell;6;7;1;-5;1;129
cell;6;7;1;5;1;129
cell;6;7;2;-5;1;129
cell;6;7;2;5;1;129
cell;6;7;3;-5;1;129
cell;6;7;3;5;1;129
cell;6;7;4;-5;1;129
cell;6;7;4;5;1;129
cell;6;7;5;-5;1;129
cell;6;7;5;-4;1;129
cell;6;7;5;-3;1;129
cell;6;7;5;-2;1;129
cell;6;7;5;-1;1;129
cell;6;7;5;0;1;129
cell;6;7;5;1;1;129
cell;6;7;5;2;1;129
cell;6;7;5;3;1;129
cell;6;7;5;4;1;129
cell;6;7;5;5;1;129
cell;6;7;6;-5;1;129
cell;6;7;6;-4;1;129
cell;6;7;6;-3;1;129
cell;6;7;6;-2;1;129
cell;6;7;6;-1;1;129
cell;6;7;6;0;1;129
cell;6;7;6;1;1;129
cell;6;7;6;2;1;129
cell;6;7;6;3;1;129
cell;6;7;6;4;1;129
cell;6;7;6;5;1;129
cell;6;7;7;-5;1;129
cell;6;7;7;-4;1;129
cell;6;7;7;-3;1;129
cell;6;7;7;-2;1;129
cell;6;7;7;-1;1;129
cell;6;7;7;0;1;129
cell;6;7;7;1;1;129
cell;6;7;7;2;1;129
cell;6;7;7;3;1;129
cell;6;7;7;4;1;129
cell;6;7;7;5;1;129
line;6;8;2;5;2;14;3
cell;6;8;0;-1;1;129
cell;6;8;0;0;1;129
cell;6;8;0;1;1;129
cell;6;8;1;-1;1;129
cell;6;8;1;0;1;129
cell;6;8;1;1;1;129
cell;6;8;2;-1;1;129
cell;6;8;2;0;1;129
cell;6;8;2;1;1;129
cell;6;8;3;-1;1;129
cell;6;8;3;0;1;129
cell;6;8;3;1;1;129
cell;6;8;4;-1;1;129
cell;6;8;4;0;1;129
cell;6;8;4;1;1;129
cell;6;8;5;-1;1;129
cell;6;8;5;0;1;129
cell;6;8;5;1;1;129
cell;6;8;6;-1;1;129
cell;6;8;6;0;1;129
cell;6;8;6;1;1;129
cell;6;8;7;-1;1;129
cell;6;8;7;0;1;129
cell;6;8;7;1;1;129
cell;6;8;8;-1;1;129
cell;6;8;8;0;1;129
cell;6;8;8;1;1;129
cell;6;8;9;-1;1;129
cell;6;8;9;0;1;129
cell;6;8;9;1;1;129
cell;6;8;10;-1;1;129
cell;6;8;10;0;1;129
cell;6;8;10;1;1;129
cell;6;8;11;-1;1;129
cell;6;8;11;0;1;129
cell;6;8;11;1;1;129
cell;6;8;12;-1;1;129
cell;6;8;12;0;1;129
cell;6;8;12;1;1;129
cell;6;8;13;-1;1;129
cell;6;8;13;0;1;129
cell;6;8;13;1;1;129
line;6;9;5;8;2;14;7
cell;6;9;0;-3;1;129
cell;6;9;0;-2;1;129
cell;6;9;0;-1;1;129
cell;6;9;0;0;1;129
cell;6;9;0;1;1;129
cell;6;9;0;2;1;129
cell;6;9;0;3;1;129
cell;6;9;1;-3;1;129
cell;6;9;1;-2;1;129
cell;6;9;1;-1;1;129
cell;6;9;1;0;1;129
cell;6;9;1;1;1;129
cell;6;9;1;2;1;129
cell;6;9;1;3;1;129
cell;6;9;2;-3;1;129
cell;6;9;2;-2;1;129
cell;6;9;2;-1;1;129
cell;6;9;2;0;1;129
cell;6;9;2;1;1;129
cell;6;9;2;2;1;129
cell;6;9;2;3;1;129
cell;6;9;3;-3;1;129
cell;6;9;3;-2;1;129
cell;6;9;3;-1;1;129
cell;6;9;3;0;1;129
cell;6;9;3;1;1;129
cell;6;9;3;2;1;129
cell;6;9;3;3;1;129
cell;6;9;4;-3;1;129
cell;6;9;4;-2;1;129
cell;6;9;4;-1;1;129
cell;6;9;4;0;1;129
cell;6;9;4;1;1;129
cell;6;9;4;2;1;129
cell;6;9;4;3;1;129
cell;6;9;5;-3;1;129
cell;6;9;5;-2;1;129
cell;6;9;5;-1;1;129
cell;6;9;5;0;1;129
cell;6;9;5;1;1;129
cell;6;9;5;2;1;129
cell;6;9;5;3;1;129
cell;6;9;6;-3;1;129
cell;6;9;6;-2;1;129
cell;6;9;6;-1;1;129
cell;6;9;6;0;1;129
cell;6;9;6;1;1;129
cell;6;9;6;2;1;129
cell;6;9;6;3;1;129
cell;6;9;7;-3;1;129
cell;6;9;7;-2;1;129
cell;6;9;7;-1;1;129
cell;6;9;7;0;1;129
cell;6;9;7;1;1;129
cell;6;9;7;2;1;129
cell;6;9;7;3;1;129
cell;6;9;8;-3;1;129
cell;6;9;8;-2;1;129
cell;6;9;8;-1;1;129
cell;6;9;8;0;1;129
cell;6;9;8;1;1;129
cell;6;9;8;2;1;129
cell;6;9;8;3;1;129
cell;6;9;9;-3;1;129
cell;6;9;9;-2;1;129
cell;6;9;9;-1;1;129
cell;6;9;9;0;1;129
cell;6;9;9;1;1;129
cell;6;9;9;2;1;129
cell;6;9;9;3;1;129
cell;6;9;10;-3;1;129
cell;6;9;10;-2;1;129
cell;6;9;10;-1;1;129
cell;6;9;10;0;1;129
cell;6;9;10;1;1;129
cell;6;9;10;2;1;129
cell;6;9;10;3;1;129
cell;6;9;11;-3;1;129
cell;6;9;11;-2;1;129
cell;6;9;11;-1;1;129
cell;6;9;11;0;1;129
cell;6;9;11;1;1;129
cell;6;9;11;2;1;129
cell;6;9;11;3;1;129
cell;6;9;12;-3;1;129
cell;6;9;12;-2;1;129
cell;6;9;12;-1;1;129
cell;6;9;12;0;1;129
cell;6;9;12;1;1;129
cell;6;9;12;2;1;129
cell;6;9;12;3;1;129
cell;6;9;13;-3;1;129
cell;6;9;13;-2;1;129
cell;6;9;13;-1;1;129
cell;6;9;13;0;1;129
cell;6;9;13;1;1;129
cell;6;9;13;2;1;129
cell;6;9;13;3;1;129
line;6;10;8;11;2;13;3
cell;6;10;0;-1;1;129
cell;6;10;0;0;1;129
cell;6;10;0;1;1;129
cell;6;10;1;-1;1;129
cell;6;10;1;0;1;129
cell;6;10;1;1;1;129
cell;6;10;2;-1;1;129
cell;6;10;2;0;1;129
cell;6;10;2;1;1;129
cell;6;10;3;-1;1;129
cell;6;10;3;0;1;129
cell;6;10;3;1;1;129
cell;6;10;4;-1;1;129
cell;6;10;4;0;1;129
cell;6;10;4;1;1;129
cell;6;10;5;-1;1;129
cell;6;10;5;0;1;129
cell;6;10;5;1;1;129
cell;6;10;6;-1;1;129
cell;6;10;6;0;1;129
cell;6;10;6;1;1;129
cell;6;10;7;-1;1;129
cell;6;10;7;0;1;129
cell;6;10;7;1;1;129
cell;6;10;8;-1;1;129
cell;6;10;8;0;1;129
cell;6;10;8;1;1;129
cell;6;10;9;-1;1;129
cell;6;10;9;0;1;129
cell;6;10;9;1;1;129
cell;6;10;10;-1;1;129
cell;6;10;10;0;1;129
cell;6;10;10;1;1;129
cell;6;10;11;-1;1;129
cell;6;10;11;0;1;129
cell;6;10;11;1;1;129
cell;6;10;12;-1;1;129
cell;6;10;12;0;1;129
cell;6;10;12;1;1;129
line;6;11;0;12;3;2;11
cell;6;11;0;-5;1;129
cell;6;11;0;-4;1;129
cell;6;11;0;-3;1;129
cell;6;11;0;-2;1;129
cell;6;11;0;-1;1;129
cell;6;11;0;0;1;129
cell;6;11;0;1;1;129
cell;6;11;0;2;1;129
cell;6;11;0;3;1;129
cell;6;11;0;4;1;129
cell;6;11;0;5;1;129
cell;6;11;1;-5;1;129
cell;6;11;1;2;1;129
cell;6;11;1;3;1;129
cell;6;11;1;4;1;129
cell;6;11;1;5;1;129
line;6;12;9;13;3;2;11
cell;6;12;0;-5;1;129
cell;6;12;0;-4;1;129
cell;6;12;0;-3;1;129
cell;6;12;0;-2;1;129
cell;6;12;0;-1;1;129
cell;6;12;0;0;1;129
cell;6;12;0;1;1;129
cell;6;12;0;2;1;129
cell;6;12;0;3;1;129
cell;6;12;0;4;1;129
cell;6;12;0;5;1;129
cell;6;12;1;-5;1;129
cell;6;12;1;-4;1;129
cell;6;12;1;-3;1;129
cell;6;12;1;-2;1;129
cell;6;12;1;5;1;129
line;6;13;1;14;3;4;11
cell;6;13;0;-5;1;129
cell;6;13;0;-4;1;129
cell;6;13;0;5;1;129
cell;6;13;1;-5;1;129
cell;6;13;1;-4;1;129
cell;6;13;1;5;1;129
cell;6;13;2;-5;1;129
cell;6;13;2;-4;1;129
cell;6;13;2;5;1;129
cell;6;13;3;-5;1;129
cell;6;13;3;-4;1;129
cell;6;13;3;5;1;129
line;6;14;4;15;3;6;3
line;6;15;7;16;3;6;7
cell;6;15;0;-3;1;129
cell;6;15;0;-2;1;129
cell;6;15;0;3;1;129
cell;6;15;1;-3;1;129
cell;6;15;1;3;1;129
cell;6;15;2;-3;1;129
cell;6;15;2;3;1;129
cell;6;15;3;-3;1;129
cell;6;15;3;3;1;129
cell;6;15;4;-3;1;129
cell;6;15;4;3;1;129
cell;6;15;5;-3;1;129
cell;6;15;5;3;1;129
line;6;16;10;17;3;3;11
cell;6;16;0;-5;1;129
cell;6;16;0;5;1;129
cell;6;16;1;-5;1;129
cell;6;16;1;5;1;129
cell;6;16;2;-5;1;129
cell;6;16;2;5;1;129
area;7;209
point;7;0;31.500;9.250;16.500
point;7;1;26.500;9.250;16.500
point;7;2;26.500;9.250;14.500
point;7;3;16.500;14.000;5.500
point;7;4;15.500;14.000;26.500
point;7;5;5.500;19.000;14.500
point;7;6;5.500;19.000;10.500
point;7;7;14.500;14.000;5.500
point;7;8;14.500;14.000;9.500
point;7;9;16.500;14.000;9.500
point;7;10;18.500;14.000;26.500
point;7;11;16.500;14.000;16.500
point;7;12;14.500;14.000;16.500
point;7;13;14.500;14.000;12.500
point;7;14;18.500;14.000;9.500
point;7;15;18.500;14.000;19.500
point;7;16;13.500;14.000;19.500
point;7;17;9.500;14.000;19.500
point;7;18;9.500;14.000;12.500
point;7;19;9.500;14.000;6.500
point;7;20;20.500;14.000;9.500
point;7;21;20.500;14.000;22.500
point;7;22;18.500;14.000;22.500
point;7;23;13.500;14.000;22.500
point;7;24;14.500;14.000;4.500
point;7;25;19.500;14.000;26.500
point;7;26;21.500;14.000;22.500
point;7;27;26.500;9.250;18.500
line;7;0;0;1;4;5;3
cell;7;0;0;-1;1;129
cell;7;0;0;0;1;129
cell;7;0;0;1;1;129
cell;7;0;1;-1;1;129
cell;7;0;1;0;1;129
cell;7;0;1;1;1;129
line;7;1;1;2;1;2;3
line;7;2;2;3;1;15;3
line;7;3;4;5;1;17;3
line;7;4;5;6;1;4;9
cell;7;4;0;-4;1;129
cell;7;4;0;2;1;129
cell;7;4;0;3;1;129
cell;7;4;0;4;1;129
cell;7;4;1;-4;1;129
cell;7;4;1;2;1;129
cell;7;4;1;3;1;129
cell;7;4;1;4;1;129
cell;7;4;2;-4;1;129
cell;7;4;2;2;1;129
cell;7;4;2;3;1;129
cell;7;4;2;4;1;129
cell;7;4;3;-4;1;129
cell;7;4;3;-3;1;129
cell;7;4;3;-2;1;129
cell;7;4;3;-1;1;129
cell;7;4;3;0;1;129
cell;7;4;3;1;1;129
cell;7;4;3;2;1;129
cell;7;4;3;3;1;129
cell;7;4;3;4;1;129
line;7;5;3;7;1;2;3
line;7;6;7;8;4;4;3
cell;7;6;2;-1;1;129
cell;7;6;3;-1;1;129
line;7;7;8;9;3;2;3
cell;7;7;1;-1;1;129
cell;7;7;1;0;117;1
cell;7;7;1;1;1;129
line;7;8;11;9;2;7;1
cell;7;8;1;0;115;1
cell;7;8;5;0;115;1
line;7;9;10;4;1;3;3
line;7;10;12;11;3;2;1
line;7;11;8;13;4;3;3
cell;7;11;1;-1;1;129
cell;7;11;2;-1;1;129
cell;7;11;2;0;114;1
cell;7;11;2;1;1;129
line;7;12;13;12;4;4;1
cell;7;12;1;0;114;1
line;7;13;9;14;3;2;3
cell;7;13;0;-1;1;129
cell;7;13;1;-1;1;129
line;7;14;14;15;4;10;1
cell;7;14;2;0;115;1
cell;7;14;6;0;115;1
cell;7;14;8;0;115;1
line;7;15;15;16;1;5;3
cell;7;15;0;-1;1;129
cell;7;15;1;-1;1;129
cell;7;15;2;-1;1;129
cell;7;15;3;-1;1;129
cell;7;15;3;0;116;1
cell;7;15;3;1;1;129
cell;7;15;4;-1;1;129
line;7;16;16;17;1;4;3
cell;7;16;0;-1;1;129
cell;7;16;1;-1;114;1
cell;7;16;2;-1;1;129
cell;7;16;2;0;116;1
cell;7;16;2;1;1;129
cell;7;16;3;-1;1;129
line;7;17;17;18;2;7;3
cell;7;17;0;-1;1;129
cell;7;17;1;-1;1;129
cell;7;17;2;-1;1;129
cell;7;17;3;-1;1;129
cell;7;17;4;-1;1;129
cell;7;17;5;-1;1;129
cell;7;17;6;-1;1;129
cell;7;17;6;0;114;1
cell;7;17;6;1;1;129
line;7;18;18;13;3;5;1
cell;7;18;2;0;117;1
cell;7;18;4;0;117;1
line;7;19;18;19;2;6;3
cell;7;19;0;-1;1;129
cell;7;19;1;-1;1;129
cell;7;19;2;-1;1;129
cell;7;19;3;-1;1;129
cell;7;19;4;-1;1;129
cell;7;19;5;-1;1;129
line;7;20;14;20;3;2;3
cell;7;20;0;-1;1;129
cell;7;20;1;-1;1;129
line;7;21;20;21;4;13;3
cell;7;21;0;-1;1;129
cell;7;21;1;-1;1;129
cell;7;21;2;-1;1;129
cell;7;21;2;0;115;1
cell;7;21;2;1;1;129
cell;7;21;3;-1;1;129
cell;7;21;3;1;1;129
cell;7;21;4;-1;1;129
cell;7;21;4;1;1;129
cell;7;21;5;-1;1;129
cell;7;21;5;1;1;129
cell;7;21;6;-1;1;129
cell;7;21;6;0;115;1
cell;7;21;6;1;1;129
cell;7;21;7;1;1;129
cell;7;21;8;1;1;129
cell;7;21;9;1;1;129
cell;7;21;10;1;1;129
cell;7;21;11;-1;1;129
cell;7;21;11;0;115;1
cell;7;21;11;1;1;129
cell;7;21;12;1;1;129
line;7;22;21;22;1;2;3
cell;7;22;0;-1;1;129
cell;7;22;1;-1;1;129
cell;7;22;1;0;116;1
cell;7;22;1;1;1;129
line;7;23;22;10;4;4;3
cell;7;23;0;-1;1;129
cell;7;23;1;-1;1;129
cell;7;23;2;-1;1;129
line;7;24;22;23;1;5;1
cell;7;24;2;0;116;1
cell;7;24;4;0;116;1
line;7;25;23;16;2;3;1
cell;7;25;2;0;114;1
line;7;26;24;7;4;1;3
line;7;27;25;10;1;1;3
line;7;28;26;21;1;1;3
cell;7;28;0;-1;1;129
line;7;29;27;1;1;2;3
cell;7;29;0;-1;1;129
cell;7;29;0;0;1;129
cell;7;29;0;1;1;129
area;8;211
point;8;0;15.500;0.000;29.500
point;8;1;29.750;0.000;16.500
point;8;2;19.625;0.000;3.000
point;8;3;5.813;0.000;6.813
point;8;4;12.313;0.000;3.000
point;8;5;17.500;3.000;2.500
point;8;6;20.500;0.000;25.500
point;8;7;26.500;0.000;16.500
point;8;8;19.063;0.000;5.750
point;8;9;12.125;0.000;6.000
point;8;10;8.313;0.000;8.750
point;8;11;13.375;0.000;23.188
point;8;12;23.750;0.000;16.125
point;8;13;18.438;0.000;8.688
point;8;14;13.563;0.000;8.750
point;8;15;9.625;0.000;20.188
point;8;16;12.000;0.000;18.125
point;8;17;20.500;0.000;16.500
point;8;18;11.813;0.000;14.625
point;8;19;15.500;0.000;32.500
point;8;20;29.688;0.000;15.438
point;8;21;29.625;0.000;14.375
point;8;22;18.688;0.000;2.750
point;8;23;5.125;0.000;7.563
point;8;24;4.500;0.000;8.375
point;8;25;2.563;0.000;14.500
point;8;26;2.500;0.000;16.500
point;8;27;13.938;0.000;26.250
point;8;28;11.438;0.000;25.313
point;8;29;26.500;0.000;15.500
point;8;30;26.438;0.000;14.500
point;8;31;18.125;0.000;5.438
point;8;32;17.188;0.000;5.250
point;8;33;11.250;0.000;6.500
point;8;34;10.313;0.000;6.938
point;8;35;7.563;0.000;9.500
point;8;36;6.813;0.000;10.625
point;8;37;14.500;0.000;23.500
point;8;38;18.250;0.000;23.188
point;8;39;23.688;0.000;15.125
point;8;40;23.500;0.000;14.125
point;8;41;17.500;0.000;8.563
point;8;42;16.563;0.000;8.438
point;8;43;12.625;0.000;9.063
point;8;44;11.750;0.000;9.625
point;8;45;10.250;0.000;21.000
point;8;46;10.875;0.000;21.813
point;8;47;12.688;0.000;19.063
point;8;48;13.375;0.000;19.875
point;8;49;20.500;0.000;15.500
point;8;50;20.375;0.000;14.500
point;8;51;16.125;0.000;2.313
line;8;0;0;1;2;21;1
line;8;1;21;2;2;16;1
cell;8;1;2;0;1;129
line;8;2;24;25;2;6;1
line;8;3;4;3;2;8;1
line;8;4;5;4;2;5;1
cell;8;4;0;0;1;129
cell;8;4;1;0;1;129
cell;8;4;2;0;1;129
cell;8;4;3;0;1;129
cell;8;4;4;0;1;129
line;8;5;6;7;2;11;1
line;8;6;30;8;2;12;1
line;8;7;32;9;2;5;1
cell;8;7;2;0;1;129
line;8;8;34;35;2;4;1
line;8;9;36;28;2;17;1
cell;8;9;16;0;1;129
line;8;10;38;12;2;10;1
line;8;11;40;13;2;8;1
line;8;12;42;14;2;3;1
cell;8;12;1;0;1;129
line;8;13;44;15;2;12;1
line;8;14;46;11;2;3;1
cell;8;14;2;0;1;129
line;8;15;48;17;2;10;1
cell;8;15;0;0;1;129
line;8;16;50;18;2;11;1
line;8;17;18;16;2;4;1
cell;8;17;1;0;114;1
line;8;18;20;29;1;3;1
line;8;19;22;31;1;3;1
line;8;20;23;35;1;3;1
line;8;21;27;37;1;3;1
line;8;22;39;49;1;3;1
line;8;23;31;41;1;3;1
line;8;24;33;43;1;3;1
line;8;25;45;47;1;3;1
line;8;26;0;19;3;3;1
cell;8;26;1;0;1;129
cell;8;26;2;0;1;129
line;8;27;1;20;2;1;1
line;8;28;20;21;2;1;1
line;8;29;2;22;2;1;1
line;8;30;3;23;2;1;1
line;8;31;23;24;2;1;1
line;8;32;25;26;2;2;1
cell;8;32;1;0;114;1
line;8;33;26;0;2;20;1
line;8;34;28;27;2;3;1
cell;8;34;0;0;1;129
line;8;35;27;6;2;7;1
line;8;36;7;29;2;1;1
line;8;37;29;30;2;1;1
line;8;38;8;31;2;1;1
line;8;39;31;32;2;1;1
line;8;40;9;33;2;1;1
line;8;41;33;34;2;1;1
line;8;42;10;35;2;1;1
line;8;43;35;36;2;1;1
line;8;44;11;37;2;1;1
line;8;45;37;38;2;4;1
cell;8;45;2;0;114;1
line;8;46;12;39;2;1;1
line;8;47;39;40;2;1;1
line;8;48;13;41;2;1;1
line;8;49;41;42;2;1;1
line;8;50;14;43;2;1;1
line;8;51;43;44;2;1;1
line;8;52;16;47;2;1;1
line;8;53;47;48;2;1;1
line;8;54;17;49;2;1;1
line;8;55;49;50;2;1;1
line;8;56;15;45;2;1;1
line;8;57;45;46;2;1;1
line;8;58;22;51;2;3;1
cell;8;58;2;0;1;129
area;9;214
point;9;0;26.500;0.500;56.500
point;9;1;37.500;0.500;56.500
point;9;2;40.125;0.500;56.188
point;9;3;50.938;0.500;54.000
point;9;4;53.500;0.500;53.250
point;9;5;63.625;0.500;48.938
point;9;6;66.000;0.500;47.688
point;9;7;76.750;0.500;40.375
point;9;8;23.813;0.500;56.188
point;9;9;15.938;0.500;54.625
point;9;10;7.688;0.500;52.063
point;9;11;3.063;0.500;50.125
point;9;12;-4.500;0.500;46.000
point;9;13;-11.938;0.500;40.938
point;9;14;27.500;5.625;45.500
point;9;15;36.500;5.625;45.500
point;9;16;38.938;5.625;45.250
point;9;17;47.750;5.625;43.438
point;9;18;50.125;5.625;42.688
point;9;19;58.438;5.625;39.188
point;9;20;60.625;5.625;38.000
point;9;21;70.563;5.625;31.250
point;9;22;5.188;5.188;38.813
point;9;23;-4.750;5.188;32.063
point;9;24;28.500;10.625;35.500
point;9;25;35.500;10.625;35.500
point;9;26;37.938;10.625;35.250
point;9;27;43.813;10.625;34.063
point;9;28;48.125;10.625;32.688
point;9;29;52.688;10.625;30.750
point;9;30;56.625;10.625;28.625
point;9;31;63.250;10.625;24.125
point;9;32;26.000;10.625;35.250
point;9;33;19.125;10.625;33.813
point;9;34;20.875;0.188;38.563
point;9;35;7.938;0.188;33.188
point;9;36;29.563;15.438;29.438
point;9;37;34.563;15.438;29.438
point;9;38;37.813;15.438;29.063
point;9;39;44.688;15.438;27.688
point;9;40;26.250;15.438;29.063
point;9;41;21.375;15.438;28.063
point;9;42;18.250;15.438;27.125
point;9;43;13.625;15.438;25.188
point;9;44;10.750;15.438;23.625
point;9;45;5.750;15.438;20.250
point;9;46;51.063;15.313;20.313
point;9;47;56.063;15.313;16.938
point;9;48;30.625;20.438;20.438
point;9;49;33.625;20.438;20.438
point;9;50;37.063;20.438;20.063
point;9;51;41.938;20.438;19.063
point;9;52;27.125;20.438;20.063
point;9;53;24.188;20.438;19.438
point;9;54;20.875;20.438;18.438
point;9;55;18.125;20.438;17.250
point;9;56;15.063;20.438;15.625
point;9;57;11.750;20.438;13.375
point;9;58;31.438;25.438;10.500
point;9;59;32.438;25.438;10.500
point;9;60;35.938;25.438;10.125
point;9;61;28.000;25.438;10.125
point;9;62;26.063;25.438;9.750
point;9;63;36.938;25.438;9.938
point;9;64;40.250;25.438;8.875
point;9;65;41.188;25.438;8.500
point;9;66;44.250;25.438;6.875
point;9;67;46.688;25.438;5.188
point;9;68;21.375;25.563;8.000
point;9;69;18.063;25.563;5.750
point;9;70;28.938;30.188;0.125
point;9;71;35.375;30.188;-0.063
point;9;72;41.188;30.188;-3.000
point;9;73;23.375;30.188;-2.500
point;9;74;44.313;15.313;23.438
point;9;75;48.875;15.313;21.500
line;9;0;0;1;2;11;7
cell;9;0;0;-3;1;129
cell;9;0;0;2;1;129
cell;9;0;0;3;1;129
cell;9;0;1;-3;1;129
cell;9;0;1;-2;114;1
cell;9;0;1;-1;114;1
cell;9;0;1;0;114;1
cell;9;0;1;1;114;1
cell;9;0;1;2;1;129
cell;9;0;1;3;1;129
cell;9;0;2;-3;1;129
cell;9;0;2;2;1;129
cell;9;0;2;3;1;129
cell;9;0;3;-3;1;129
cell;9;0;3;2;1;129
cell;9;0;3;3;1;129
cell;9;0;4;-3;1;129
cell;9;0;4;2;1;129
cell;9;0;4;3;1;129
cell;9;0;5;-3;1;129
cell;9;0;5;2;1;129
cell;9;0;5;3;1;129
cell;9;0;6;-3;1;129
cell;9;0;6;2;1;129
cell;9;0;6;3;1;129
cell;9;0;7;-3;1;129
cell;9;0;7;2;1;129
cell;9;0;7;3;1;129
cell;9;0;8;-3;1;129
cell;9;0;8;2;1;129
cell;9;0;8;3;1;129
cell;9;0;9;-3;1;129
cell;9;0;9;2;1;129
cell;9;0;9;3;1;129
cell;9;0;10;-3;1;129
cell;9;0;10;-2;115;1
cell;9;0;10;-1;115;1
cell;9;0;10;0;115;1
cell;9;0;10;1;115;1
cell;9;0;10;2;1;129
cell;9;0;10;3;1;129
line;9;1;1;2;2;3;7
cell;9;1;0;-3;1;129
cell;9;1;0;2;1;129
cell;9;1;0;3;1;129
cell;9;1;1;-3;1;129
cell;9;1;1;2;1;129
cell;9;1;1;3;1;129
cell;9;1;2;-3;1;129
cell;9;1;2;2;1;129
cell;9;1;2;3;1;129
line;9;2;2;3;2;11;7
cell;9;2;0;-3;1;129
cell;9;2;0;2;1;129
cell;9;2;0;3;1;129
cell;9;2;1;-3;1;129
cell;9;2;1;2;1;129
cell;9;2;1;3;1;129
cell;9;2;2;-3;1;129
cell;9;2;2;2;1;129
cell;9;2;2;3;1;129
cell;9;2;3;-3;1;129
cell;9;2;3;2;1;129
cell;9;2;3;3;1;129
cell;9;2;4;-3;1;129
cell;9;2;4;2;1;129
cell;9;2;4;3;1;129
cell;9;2;5;-3;1;129
cell;9;2;5;2;1;129
cell;9;2;5;3;1;129
cell;9;2;6;-3;1;129
cell;9;2;6;2;1;129
cell;9;2;6;3;1;129
cell;9;2;7;-3;1;129
cell;9;2;7;2;1;129
cell;9;2;7;3;1;129
cell;9;2;8;-3;1;129
cell;9;2;8;2;1;129
cell;9;2;8;3;1;129
cell;9;2;9;-3;1;129
cell;9;2;9;2;1;129
cell;9;2;9;3;1;129
cell;9;2;10;-3;1;129
cell;9;2;10;2;1;129
cell;9;2;10;3;1;129
line;9;3;3;4;2;3;7
cell;9;3;0;-3;1;129
cell;9;3;0;2;1;129
cell;9;3;0;3;1;129
cell;9;3;1;-3;1;129
cell;9;3;1;2;1;129
cell;9;3;1;3;1;129
cell;9;3;2;-3;1;129
cell;9;3;2;2;1;129
cell;9;3;2;3;1;129
line;9;4;4;5;2;11;7
cell;9;4;0;-3;1;129
cell;9;4;0;2;1;129
cell;9;4;0;3;1;129
cell;9;4;1;-3;1;129
cell;9;4;1;2;1;129
cell;9;4;1;3;1;129
cell;9;4;2;-3;1;129
cell;9;4;2;2;1;129
cell;9;4;2;3;1;129
cell;9;4;3;-3;1;129
cell;9;4;3;2;1;129
cell;9;4;3;3;1;129
cell;9;4;4;-3;1;129
cell;9;4;4;2;1;129
cell;9;4;4;3;1;129
cell;9;4;5;-3;1;129
cell;9;4;5;2;1;129
cell;9;4;5;3;1;129
cell;9;4;6;-3;1;129
cell;9;4;6;2;1;129
cell;9;4;6;3;1;129
cell;9;4;7;-3;1;129
cell;9;4;7;2;1;129
cell;9;4;7;3;1;129
cell;9;4;8;-3;1;129
cell;9;4;8;2;1;129
cell;9;4;8;3;1;129
cell;9;4;9;-3;1;129
cell;9;4;9;2;1;129
cell;9;4;9;3;1;129
cell;9;4;10;-3;1;129
cell;9;4;10;2;1;129
cell;9;4;10;3;1;129
line;9;5;5;6;2;3;7
cell;9;5;0;-3;1;129
cell;9;5;0;2;1;129
cell;9;5;0;3;1;129
cell;9;5;1;-3;1;129
cell;9;5;1;2;1;129
cell;9;5;1;3;1;129
cell;9;5;2;-3;1;129
cell;9;5;2;2;1;129
cell;9;5;2;3;1;129
line;9;6;6;7;2;13;7
cell;9;6;0;-3;1;129
cell;9;6;0;2;1;129
cell;9;6;0;3;1;129
cell;9;6;1;-3;1;129
cell;9;6;1;2;1;129
cell;9;6;1;3;1;129
cell;9;6;2;-3;1;129
cell;9;6;2;2;1;129
cell;9;6;2;3;1;129
cell;9;6;3;-3;1;129
cell;9;6;3;2;1;129
cell;9;6;3;3;1;129
cell;9;6;4;-3;1;129
cell;9;6;4;2;1;129
cell;9;6;4;3;1;129
cell;9;6;5;-3;1;129
cell;9;6;5;2;1;129
cell;9;6;5;3;1;129
cell;9;6;6;-3;1;129
cell;9;6;6;2;1;129
cell;9;6;6;3;1;129
cell;9;6;7;-3;1;129
cell;9;6;7;2;1;129
cell;9;6;7;3;1;129
cell;9;6;8;-3;1;129
cell;9;6;8;2;1;129
cell;9;6;8;3;1;129
cell;9;6;9;-3;1;129
cell;9;6;9;2;1;129
cell;9;6;9;3;1;129
cell;9;6;10;-3;1;129
cell;9;6;10;2;1;129
cell;9;6;10;3;1;129
cell;9;6;11;-3;1;129
cell;9;6;11;2;1;129
cell;9;6;11;3;1;129
cell;9;6;12;-3;1;129
cell;9;6;12;-2;1;129
cell;9;6;12;-1;1;129
cell;9;6;12;0;1;129
cell;9;6;12;1;1;129
cell;9;6;12;2;1;129
cell;9;6;12;3;1;129
line;9;7;8;0;2;3;7
cell;9;7;0;-3;1;129
cell;9;7;0;2;1;129
cell;9;7;0;3;1;129
cell;9;7;1;-3;1;129
cell;9;7;1;2;1;129
cell;9;7;1;3;1;129
cell;9;7;2;-3;1;129
cell;9;7;2;2;1;129
cell;9;7;2;3;1;129
line;9;8;9;8;2;8;17
cell;9;8;0;-8;1;129
cell;9;8;0;2;1;129
cell;9;8;0;3;1;129
cell;9;8;0;4;1;129
cell;9;8;0;5;1;129
cell;9;8;0;6;1;129
cell;9;8;0;7;1;129
cell;9;8;0;8;1;129
cell;9;8;1;-8;1;129
cell;9;8;1;2;1;129
cell;9;8;1;3;1;129
cell;9;8;1;4;1;129
cell;9;8;1;5;1;129
cell;9;8;1;6;1;129
cell;9;8;1;7;1;129
cell;9;8;1;8;1;129
cell;9;8;2;-8;1;129
cell;9;8;2;-7;1;129
cell;9;8;2;-6;1;129
cell;9;8;2;-5;1;129
cell;9;8;2;-4;1;129
cell;9;8;2;-3;1;129
cell;9;8;2;2;1;129
cell;9;8;2;3;1;129
cell;9;8;2;4;1;129
cell;9;8;2;5;1;129
cell;9;8;2;6;1;129
cell;9;8;2;7;1;129
cell;9;8;2;8;1;129
cell;9;8;3;-8;1;129
cell;9;8;3;-7;1;129
cell;9;8;3;-6;1;129
cell;9;8;3;-5;1;129
cell;9;8;3;-4;1;129
cell;9;8;3;-3;1;129
cell;9;8;3;2;1;129
cell;9;8;3;3;1;129
cell;9;8;3;4;1;129
cell;9;8;3;5;1;129
cell;9;8;3;6;1;129
cell;9;8;3;7;1;129
cell;9;8;3;8;1;129
cell;9;8;4;-8;1;129
cell;9;8;4;-7;1;129
cell;9;8;4;-6;1;129
cell;9;8;4;-5;1;129
cell;9;8;4;-4;1;129
cell;9;8;4;-3;1;129
cell;9;8;4;2;1;129
cell;9;8;4;3;1;129
cell;9;8;4;4;1;129
cell;9;8;4;5;1;129
cell;9;8;4;6;1;129
cell;9;8;4;7;1;129
cell;9;8;4;8;1;129
cell;9;8;5;-8;1;129
cell;9;8;5;-7;1;129
cell;9;8;5;-6;1;129
cell;9;8;5;-5;1;129
cell;9;8;5;-4;1;129
cell;9;8;5;-3;1;129
cell;9;8;5;2;1;129
cell;9;8;5;3;1;129
cell;9;8;5;4;1;129
cell;9;8;5;5;1;129
cell;9;8;5;6;1;129
cell;9;8;5;7;1;129
cell;9;8;5;8;1;129
cell;9;8;6;-8;1;129
cell;9;8;6;-7;1;129
cell;9;8;6;-6;1;129
cell;9;8;6;-5;1;129
cell;9;8;6;-4;1;129
cell;9;8;6;-3;1;129
cell;9;8;6;2;1;129
cell;9;8;6;3;1;129
cell;9;8;6;4;1;129
cell;9;8;6;5;1;129
cell;9;8;6;6;1;129
cell;9;8;6;7;1;129
cell;9;8;6;8;1;129
cell;9;8;7;-8;1;129
cell;9;8;7;-7;1;129
cell;9;8;7;-6;1;129
cell;9;8;7;-5;1;129
cell;9;8;7;-4;1;129
cell;9;8;7;-3;1;129
cell;9;8;7;2;1;129
cell;9;8;7;3;1;129
cell;9;8;7;4;1;129
cell;9;8;7;5;1;129
cell;9;8;7;6;1;129
cell;9;8;7;7;1;129
cell;9;8;7;8;1;129
line;9;9;10;9;2;9;23
cell;9;9;0;-11;1;129
cell;9;9;0;2;1;129
cell;9;9;0;3;1;129
cell;9;9;0;4;1;129
cell;9;9;0;5;1;129
cell;9;9;0;6;1;129
cell;9;9;0;7;1;129
cell;9;9;0;8;1;129
cell;9;9;0;9;1;129
cell;9;9;0;10;1;129
cell;9;9;0;11;1;129
cell;9;9;1;-11;1;129
cell;9;9;1;2;1;129
cell;9;9;1;3;1;129
cell;9;9;1;4;1;129
cell;9;9;1;5;1;129
cell;9;9;1;6;1;129
cell;9;9;1;7;1;129
cell;9;9;1;8;1;129
cell;9;9;1;9;1;129
cell;9;9;1;10;1;129
cell;9;9;1;11;1;129
cell;9;9;2;-11;1;129
cell;9;9;2;2;1;129
cell;9;9;2;3;1;129
cell;9;9;2;4;1;129
cell;9;9;2;5;1;129
cell;9;9;2;6;1;129
cell;9;9;2;7;1;129
cell;9;9;2;8;1;129
cell;9;9;2;9;1;129
cell;9;9;2;10;1;129
cell;9;9;2;11;1;129
cell;9;9;3;-11;1;129
cell;9;9;3;2;1;129
cell;9;9;3;3;1;129
cell;9;9;3;4;1;129
cell;9;9;3;5;1;129
cell;9;9;3;6;1;129
cell;9;9;3;7;1;129
cell;9;9;3;8;1;129
cell;9;9;3;9;1;129
cell;9;9;3;10;1;129
cell;9;9;3;11;1;129
cell;9;9;4;-11;1;129
cell;9;9;4;-10;1;129
cell;9;9;4;-9;1;129
cell;9;9;4;-8;1;129
cell;9;9;4;2;1;129
cell;9;9;4;3;1;129
cell;9;9;4;4;1;129
cell;9;9;4;5;1;129
cell;9;9;4;6;1;129
cell;9;9;4;7;1;129
cell;9;9;4;8;1;129
cell;9;9;4;9;1;129
cell;9;9;4;10;1;129
cell;9;9;4;11;1;129
cell;9;9;5;-11;1;129
cell;9;9;5;-10;1;129
cell;9;9;5;-9;1;129
cell;9;9;5;-8;1;129
cell;9;9;5;2;1;129
cell;9;9;5;3;1;129
cell;9;9;5;4;1;129
cell;9;9;5;5;1;129
cell;9;9;5;6;1;129
cell;9;9;5;7;1;129
cell;9;9;5;8;1;129
cell;9;9;5;9;1;129
cell;9;9;5;10;1;129
cell;9;9;5;11;1;129
cell;9;9;6;-11;1;129
cell;9;9;6;-10;1;129
cell;9;9;6;-9;1;129
cell;9;9;6;-8;1;129
cell;9;9;6;2;1;129
cell;9;9;6;3;1;129
cell;9;9;6;4;1;129
cell;9;9;6;5;1;129
cell;9;9;6;6;1;129
cell;9;9;6;7;1;129
cell;9;9;6;8;1;129
cell;9;9;6;9;1;129
cell;9;9;6;10;1;129
cell;9;9;6;11;1;129
cell;9;9;7;-11;1;129
cell;9;9;7;-10;1;129
cell;9;9;7;-9;1;129
cell;9;9;7;-8;1;129
cell;9;9;7;2;1;129
cell;9;9;7;3;1;129
cell;9;9;7;4;1;129
cell;9;9;7;5;1;129
cell;9;9;7;6;1;129
cell;9;9;7;7;1;129
cell;9;9;7;8;1;129
cell;9;9;7;9;1;129
cell;9;9;7;10;1;129
cell;9;9;7;11;1;129
cell;9;9;8;-11;1;129
cell;9;9;8;-10;1;129
cell;9;9;8;-9;1;129
cell;9;9;8;-8;1;129
cell;9;9;8;2;1;129
cell;9;9;8;3;1;129
cell;9;9;8;4;1;129
cell;9;9;8;5;1;129
cell;9;9;8;6;1;129
cell;9;9;8;7;1;129
cell;9;9;8;8;1;129
cell;9;9;8;9;1;129
cell;9;9;8;10;1;129
cell;9;9;8;11;1;129
line;9;10;11;10;2;5;23
cell;9;10;0;-11;1;129
cell;9;10;0;2;1;129
cell;9;10;0;3;1;129
cell;9;10;0;4;1;129
cell;9;10;0;5;1;129
cell;9;10;0;6;1;129
cell;9;10;0;7;1;129
cell;9;10;0;8;1;129
cell;9;10;0;9;1;129
cell;9;10;0;10;1;129
cell;9;10;0;11;1;129
cell;9;10;1;-11;1;129
cell;9;10;1;2;1;129
cell;9;10;1;3;1;129
cell;9;10;1;4;1;129
cell;9;10;1;5;1;129
cell;9;10;1;6;1;129
cell;9;10;1;7;1;129
cell;9;10;1;8;1;129
cell;9;10;1;9;1;129
cell;9;10;1;10;1;129
cell;9;10;1;11;1;129
cell;9;10;2;-11;1;129
cell;9;10;2;2;1;129
cell;9;10;2;3;1;129
cell;9;10;2;4;1;129
cell;9;10;2;5;1;129
cell;9;10;2;6;1;129
cell;9;10;2;7;1;129
cell;9;10;2;8;1;129
cell;9;10;2;9;1;129
cell;9;10;2;10;1;129
cell;9;10;2;11;1;129
cell;9;10;3;-11;1;129
cell;9;10;3;2;1;129
cell;9;10;3;3;1;129
cell;9;10;3;4;1;129
cell;9;10;3;5;1;129
cell;9;10;3;6;1;129
cell;9;10;3;7;1;129
cell;9;10;3;8;1;129
cell;9;10;3;9;1;129
cell;9;10;3;10;1;129
cell;9;10;3;11;1;129
cell;9;10;4;-11;1;129
cell;9;10;4;2;1;129
cell;9;10;4;3;1;129
cell;9;10;4;4;1;129
cell;9;10;4;5;1;129
cell;9;10;4;6;1;129
cell;9;10;4;7;1;129
cell;9;10;4;8;1;129
cell;9;10;4;9;1;129
cell;9;10;4;10;1;129
cell;9;10;4;11;1;129
line;9;11;12;11;2;9;23
cell;9;11;0;-11;1;129
cell;9;11;0;-10;1;129
cell;9;11;0;-9;1;129
cell;9;11;0;-8;1;129
cell;9;11;0;-7;1;129
cell;9;11;0;-6;1;129
cell;9;11;0;-5;1;129
cell;9;11;0;-4;1;129
cell;9;11;0;-3;1;129
cell;9;11;0;2;1;129
cell;9;11;0;3;1;129
cell;9;11;0;4;1;129
cell;9;11;0;5;1;129
cell;9;11;0;6;1;129
cell;9;11;0;7;1;129
cell;9;11;0;8;1;129
cell;9;11;0;9;1;129
cell;9;11;0;10;1;129
cell;9;11;0;11;1;129
cell;9;11;1;-11;1;129
cell;9;11;1;-10;1;129
cell;9;11;1;-9;1;129
cell;9;11;1;-8;1;129
cell;9;11;1;-7;1;129
cell;9;11;1;-6;1;129
cell;9;11;1;-5;1;129
cell;9;11;1;-4;1;129
cell;9;11;1;-3;1;129
cell;9;11;1;2;1;129
cell;9;11;1;3;1;129
cell;9;11;1;4;1;129
cell;9;11;1;5;1;129
cell;9;11;1;6;1;129
cell;9;11;1;7;1;129
cell;9;11;1;8;1;129
cell;9;11;1;9;1;129
cell;9;11;1;10;1;129
cell;9;11;1;11;1;129
cell;9;11;2;-11;1;129
cell;9;11;2;-10;1;129
cell;9;11;2;-9;1;129
cell;9;11;2;-8;1;129
cell;9;11;2;-7;1;129
cell;9;11;2;-6;1;129
cell;9;11;2;-5;1;129
cell;9;11;2;-4;1;129
cell;9;11;2;-3;1;129
cell;9;11;2;2;1;129
cell;9;11;2;3;1;129
cell;9;11;2;4;1;129
cell;9;11;2;5;1;129
cell;9;11;2;6;1;129
cell;9;11;2;7;1;129
cell;9;11;2;8;1;129
cell;9;11;2;9;1;129
cell;9;11;2;10;1;129
cell;9;11;2;11;1;129
cell;9;11;3;-11;1;129
cell;9;11;3;-10;1;129
cell;9;11;3;-9;1;129
cell;9;11;3;-8;1;129
cell;9;11;3;-7;1;129
cell;9;11;3;-6;1;129
cell;9;11;3;-5;1;129
cell;9;11;3;-4;1;129
cell;9;11;3;-3;1;129
cell;9;11;3;2;1;129
cell;9;11;3;3;1;129
cell;9;11;3;4;1;129
cell;9;11;3;5;1;129
cell;9;11;3;6;1;129
cell;9;11;3;7;1;129
cell;9;11;3;8;1;129
cell;9;11;3;9;1;129
cell;9;11;3;10;1;129
cell;9;11;3;11;1;129
cell;9;11;4;-11;1;129
cell;9;11;4;-10;1;129
cell;9;11;4;-9;1;129
cell;9;11;4;-8;1;129
cell;9;11;4;-7;1;129
cell;9;11;4;-6;1;129
cell;9;11;4;-5;1;129
cell;9;11;4;-4;1;129
cell;9;11;4;-3;1;129
cell;9;11;4;2;1;129
cell;9;11;4;3;1;129
cell;9;11;4;4;1;129
cell;9;11;4;5;1;129
cell;9;11;4;6;1;129
cell;9;11;4;7;1;129
cell;9;11;4;8;1;129
cell;9;11;4;9;1;129
cell;9;11;4;10;1;129
cell;9;11;4;11;1;129
cell;9;11;5;-11;1;129
cell;9;11;5;-10;1;129
cell;9;11;5;-9;1;129
cell;9;11;5;-8;1;129
cell;9;11;5;-7;1;129
cell;9;11;5;-6;1;129
cell;9;11;5;-5;1;129
cell;9;11;5;-4;1;129
cell;9;11;5;-3;1;129
cell;9;11;5;2;1;129
cell;9;11;5;3;1;129
cell;9;11;5;4;1;129
cell;9;11;5;5;1;129
cell;9;11;5;6;1;129
cell;9;11;5;7;1;129
cell;9;11;5;8;1;129
cell;9;11;5;9;1;129
cell;9;11;5;10;1;129
cell;9;11;5;11;1;129
cell;9;11;6;-11;1;129
cell;9;11;6;2;1;129
cell;9;11;6;3;1;129
cell;9;11;6;4;1;129
cell;9;11;6;5;1;129
cell;9;11;6;6;1;129
cell;9;11;6;7;1;129
cell;9;11;6;8;1;129
cell;9;11;6;9;1;129
cell;9;11;6;10;1;129
cell;9;11;6;11;1;129
cell;9;11;7;-11;1;129
cell;9;11;7;2;1;129
cell;9;11;7;3;1;129
cell;9;11;7;4;1;129
cell;9;11;7;5;1;129
cell;9;11;7;6;1;129
cell;9;11;7;7;1;129
cell;9;11;7;8;1;129
cell;9;11;7;9;1;129
cell;9;11;7;10;1;129
cell;9;11;7;11;1;129
cell;9;11;8;-11;1;129
cell;9;11;8;2;1;129
cell;9;11;8;3;1;129
cell;9;11;8;4;1;129
cell;9;11;8;5;1;129
cell;9;11;8;6;1;129
cell;9;11;8;7;1;129
cell;9;11;8;8;1;129
cell;9;11;8;9;1;129
cell;9;11;8;10;1;129
cell;9;11;8;11;1;129
line;9;12;13;12;2;9;7
cell;9;12;0;-3;1;129
cell;9;12;0;-2;1;129
cell;9;12;0;-1;1;129
cell;9;12;0;0;1;129
cell;9;12;0;1;1;129
cell;9;12;0;2;1;129
cell;9;12;0;3;1;129
cell;9;12;1;-3;1;129
cell;9;12;1;2;1;129
cell;9;12;1;3;1;129
cell;9;12;2;-3;1;129
cell;9;12;2;2;1;129
cell;9;12;2;3;1;129
cell;9;12;3;-3;1;129
cell;9;12;3;2;1;129
cell;9;12;3;3;1;129
cell;9;12;4;-3;1;129
cell;9;12;4;2;1;129
cell;9;12;4;3;1;129
cell;9;12;5;-3;1;129
cell;9;12;5;2;1;129
cell;9;12;5;3;1;129
cell;9;12;6;-3;1;129
cell;9;12;6;2;1;129
cell;9;12;6;3;1;129
cell;9;12;7;-3;1;129
cell;9;12;7;2;1;129
cell;9;12;7;3;1;129
cell;9;12;8;-3;1;129
cell;9;12;8;2;1;129
cell;9;12;8;3;1;129
line;9;13;14;15;2;9;5
cell;9;13;0;-2;1;129
cell;9;13;0;2;1;129
cell;9;13;1;-2;1;129
cell;9;13;1;2;1;129
cell;9;13;2;-2;1;129
cell;9;13;2;2;1;129
cell;9;13;3;-2;1;129
cell;9;13;3;2;1;129
cell;9;13;4;-2;1;129
cell;9;13;4;2;1;129
cell;9;13;5;-2;1;129
cell;9;13;5;2;1;129
cell;9;13;6;-2;1;129
cell;9;13;6;2;1;129
cell;9;13;7;-2;1;129
cell;9;13;7;2;1;129
cell;9;13;8;-2;1;129
cell;9;13;8;2;1;129
line;9;14;15;16;2;2;5
cell;9;14;0;-2;1;129
cell;9;14;0;2;1;129
cell;9;14;1;-2;1;129
cell;9;14;1;2;1;129
line;9;15;16;17;2;9;5
cell;9;15;0;-2;1;129
cell;9;15;0;2;1;129
cell;9;15;1;-2;1;129
cell;9;15;2;-2;1;129
cell;9;15;3;-2;1;129
cell;9;15;3;-1;1;129
cell;9;15;3;0;1;129
cell;9;15;3;1;1;129
cell;9;15;3;2;1;129
cell;9;15;4;-2;1;129
cell;9;15;5;-2;1;129
cell;9;15;6;-2;1;129
cell;9;15;6;-1;1;129
cell;9;15;6;0;1;129
cell;9;15;6;1;1;129
cell;9;15;6;2;1;129
cell;9;15;7;-2;1;129
cell;9;15;8;-2;1;129
line;9;16;17;18;2;2;5
cell;9;16;0;-2;1;129
cell;9;16;1;-2;1;129
line;9;17;18;19;2;9;5
cell;9;17;0;-2;1;129
cell;9;17;1;-2;1;129
cell;9;17;2;-2;1;129
cell;9;17;3;-2;1;129
cell;9;17;3;2;1;129
cell;9;17;4;-2;1;129
cell;9;17;4;2;1;129
cell;9;17;5;-2;1;129
cell;9;17;5;2;1;129
cell;9;17;6;-2;1;129
cell;9;17;6;2;1;129
cell;9;17;7;-2;1;129
cell;9;17;7;2;1;129
cell;9;17;8;-2;1;129
cell;9;17;8;2;1;129
line;9;18;19;20;2;2;5
cell;9;18;0;-2;1;129
cell;9;18;0;2;1;129
cell;9;18;1;-2;1;129
cell;9;18;1;2;1;129
line;9;19;20;21;2;12;5
cell;9;19;0;-2;1;129
cell;9;19;0;2;1;129
cell;9;19;1;-2;1;129
cell;9;19;2;-2;1;129
cell;9;19;3;-2;1;129
cell;9;19;4;-2;1;129
cell;9;19;5;-2;1;129
cell;9;19;6;-2;1;129
cell;9;19;7;-2;1;129
cell;9;19;8;-2;1;129
cell;9;19;9;-2;1;129
cell;9;19;10;-2;1;129
cell;9;19;10;-1;1;129
cell;9;19;10;0;1;129
cell;9;19;10;1;1;129
cell;9;19;10;2;1;129
cell;9;19;11;-2;1;129
cell;9;19;11;-1;1;129
cell;9;19;11;0;1;129
cell;9;19;11;1;1;129
cell;9;19;11;2;1;129
line;9;20;23;22;2;12;5
cell;9;20;0;-2;1;129
cell;9;20;0;-1;1;129
cell;9;20;0;0;1;129
cell;9;20;0;1;1;129
cell;9;20;0;2;1;129
cell;9;20;1;-2;1;129
cell;9;20;2;-2;1;129
cell;9;20;3;-2;1;129
cell;9;20;4;-2;1;129
cell;9;20;5;-2;1;129
cell;9;20;6;-2;1;129
cell;9;20;7;-2;1;129
cell;9;20;8;-2;1;129
cell;9;20;8;2;1;129
cell;9;20;9;-2;1;129
cell;9;20;10;-2;1;129
cell;9;20;11;-2;1;129
cell;9;20;11;-1;1;129
cell;9;20;11;0;1;129
cell;9;20;11;1;1;129
cell;9;20;11;2;1;129
line;9;21;24;25;2;7;5
cell;9;21;0;-2;1;129
cell;9;21;0;2;1;129
cell;9;21;1;-2;1;129
cell;9;21;1;2;1;129
cell;9;21;2;-2;1;129
cell;9;21;2;2;1;129
cell;9;21;3;-2;1;129
cell;9;21;3;2;1;129
cell;9;21;4;-2;1;129
cell;9;21;4;2;1;129
cell;9;21;5;-2;1;129
cell;9;21;6;-2;1;129
line;9;22;25;26;2;2;5
cell;9;22;0;-2;1;129
cell;9;22;1;-2;1;129
cell;9;22;1;2;1;129
line;9;23;26;27;2;6;5
cell;9;23;0;-2;1;129
cell;9;23;0;2;1;129
cell;9;23;1;-2;1;129
cell;9;23;1;2;1;129
cell;9;23;2;-2;1;129
cell;9;23;2;2;1;129
cell;9;23;3;-2;1;129
cell;9;23;3;2;1;129
cell;9;23;4;-2;1;129
cell;9;23;4;2;1;129
cell;9;23;5;-2;1;129
cell;9;23;5;2;1;129
line;9;24;27;28;2;5;15
cell;9;24;0;-7;1;129
cell;9;24;0;-6;1;129
cell;9;24;0;-5;1;129
cell;9;24;0;-4;1;129
cell;9;24;0;-3;1;129
cell;9;24;0;-2;1;129
cell;9;24;0;2;1;129
cell;9;24;0;3;1;129
cell;9;24;0;4;1;129
cell;9;24;0;5;1;129
cell;9;24;0;6;1;129
cell;9;24;0;7;1;129
cell;9;24;1;-7;1;129
cell;9;24;1;-6;1;129
cell;9;24;1;-5;1;129
cell;9;24;1;-4;1;129
cell;9;24;1;-3;1;129
cell;9;24;1;-2;1;129
cell;9;24;1;2;1;129
cell;9;24;1;3;1;129
cell;9;24;1;4;1;129
cell;9;24;1;5;1;129
cell;9;24;1;6;1;129
cell;9;24;1;7;1;129
cell;9;24;2;-7;1;129
cell;9;24;2;-6;1;129
cell;9;24;2;-5;1;129
cell;9;24;2;-4;1;129
cell;9;24;2;-3;1;129
cell;9;24;2;-2;1;129
cell;9;24;2;2;1;129
cell;9;24;2;3;1;129
cell;9;24;2;4;1;129
cell;9;24;2;5;1;129
cell;9;24;2;6;1;129
cell;9;24;2;7;1;129
cell;9;24;3;-7;1;129
cell;9;24;3;-6;1;129
cell;9;24;3;-5;1;129
cell;9;24;3;-4;1;129
cell;9;24;3;-3;1;129
cell;9;24;3;-2;1;129
cell;9;24;3;2;1;129
cell;9;24;3;3;1;129
cell;9;24;3;4;1;129
cell;9;24;3;5;1;129
cell;9;24;3;6;1;129
cell;9;24;3;7;1;129
cell;9;24;4;-7;1;129
cell;9;24;4;2;1;129
cell;9;24;4;3;1;129
cell;9;24;4;4;1;129
cell;9;24;4;5;1;129
cell;9;24;4;6;1;129
cell;9;24;4;7;1;129
line;9;25;28;29;2;5;15
cell;9;25;0;-7;1;129
cell;9;25;0;2;1;129
cell;9;25;0;3;1;129
cell;9;25;0;4;1;129
cell;9;25;0;5;1;129
cell;9;25;0;6;1;129
cell;9;25;0;7;1;129
cell;9;25;1;-7;1;129
cell;9;25;1;2;1;129
cell;9;25;1;3;1;129
cell;9;25;1;4;1;129
cell;9;25;1;5;1;129
cell;9;25;1;6;1;129
cell;9;25;1;7;1;129
cell;9;25;2;-7;1;129
cell;9;25;2;2;1;129
cell;9;25;2;3;1;129
cell;9;25;2;4;1;129
cell;9;25;2;5;1;129
cell;9;25;2;6;1;129
cell;9;25;2;7;1;129
cell;9;25;3;-7;1;129
cell;9;25;3;2;1;129
cell;9;25;3;3;1;129
cell;9;25;3;4;1;129
cell;9;25;3;5;1;129
cell;9;25;3;6;1;129
cell;9;25;3;7;1;129
cell;9;25;4;-7;1;129
cell;9;25;4;2;1;129
cell;9;25;4;3;1;129
cell;9;25;4;4;1;129
cell;9;25;4;5;1;129
cell;9;25;4;6;1;129
cell;9;25;4;7;1;129
line;9;26;29;30;2;4;15
cell;9;26;0;-7;1;129
cell;9;26;0;2;1;129
cell;9;26;0;3;1;129
cell;9;26;0;4;1;129
cell;9;26;0;5;1;129
cell;9;26;0;6;1;129
cell;9;26;0;7;1;129
cell;9;26;1;-7;1;129
cell;9;26;1;2;1;129
cell;9;26;1;3;1;129
cell;9;26;1;4;1;129
cell;9;26;1;5;1;129
cell;9;26;1;6;1;129
cell;9;26;1;7;1;129
cell;9;26;2;-7;1;129
cell;9;26;2;2;1;129
cell;9;26;2;3;1;129
cell;9;26;2;4;1;129
cell;9;26;2;5;1;129
cell;9;26;2;6;1;129
cell;9;26;2;7;1;129
cell;9;26;3;-7;1;129
cell;9;26;3;2;1;129
cell;9;26;3;3;1;129
cell;9;26;3;4;1;129
cell;9;26;3;5;1;129
cell;9;26;3;6;1;129
cell;9;26;3;7;1;129
line;9;27;30;31;2;8;15
cell;9;27;0;-7;1;129
cell;9;27;0;2;1;129
cell;9;27;0;3;1;129
cell;9;27;0;4;1;129
cell;9;27;0;5;1;129
cell;9;27;0;6;1;129
cell;9;27;0;7;1;129
cell;9;27;1;-7;1;129
cell;9;27;1;2;1;129
cell;9;27;1;3;1;129
cell;9;27;1;4;1;129
cell;9;27;1;5;1;129
cell;9;27;1;6;1;129
cell;9;27;1;7;1;129
cell;9;27;2;-7;1;129
cell;9;27;2;2;1;129
cell;9;27;2;3;1;129
cell;9;27;2;4;1;129
cell;9;27;2;5;1;129
cell;9;27;2;6;1;129
cell;9;27;2;7;1;129
cell;9;27;3;-7;1;129
cell;9;27;3;2;1;129
cell;9;27;3;3;1;129
cell;9;27;3;4;1;129
cell;9;27;3;5;1;129
cell;9;27;3;6;1;129
cell;9;27;3;7;1;129
cell;9;27;4;-7;1;129
cell;9;27;4;2;1;129
cell;9;27;4;3;1;129
cell;9;27;4;4;1;129
cell;9;27;4;5;1;129
cell;9;27;4;6;1;129
cell;9;27;4;7;1;129
cell;9;27;5;-7;1;129
cell;9;27;5;3;1;129
cell;9;27;5;4;1;129
cell;9;27;5;5;1;129
cell;9;27;5;6;1;129
cell;9;27;5;7;1;129
cell;9;27;6;-7;1;129
cell;9;27;6;3;1;129
cell;9;27;6;4;1;129
cell;9;27;6;5;1;129
cell;9;27;6;6;1;129
cell;9;27;6;7;1;129
cell;9;27;7;-7;1;129
cell;9;27;7;-6;1;129
cell;9;27;7;-5;1;129
cell;9;27;7;-4;1;129
cell;9;27;7;-3;1;129
cell;9;27;7;-2;1;129
cell;9;27;7;-1;1;129
cell;9;27;7;0;1;129
cell;9;27;7;1;1;129
cell;9;27;7;2;1;129
cell;9;27;7;3;1;129
cell;9;27;7;4;1;129
cell;9;27;7;5;1;129
cell;9;27;7;6;1;129
cell;9;27;7;7;1;129
line;9;28;32;24;2;2;5
cell;9;28;0;-2;1;129
cell;9;28;0;2;1;129
cell;9;28;1;-2;1;129
cell;9;28;1;2;1;129
line;9;29;33;32;2;7;5
cell;9;29;0;-2;1;129
cell;9;29;0;2;1;129
cell;9;29;1;-2;1;129
cell;9;29;1;2;1;129
cell;9;29;2;-2;1;129
cell;9;29;2;2;1;129
cell;9;29;3;-2;1;129
cell;9;29;3;2;1;129
cell;9;29;4;-2;1;129
cell;9;29;4;2;1;129
cell;9;29;5;-2;1;129
cell;9;29;5;2;1;129
cell;9;29;6;-2;1;129
cell;9;29;6;2;1;129
line;9;30;35;34;2;14;11
cell;9;30;0;-5;1;129
cell;9;30;0;-4;1;129
cell;9;30;0;-3;1;129
cell;9;30;0;-2;1;129
cell;9;30;0;-1;1;129
cell;9;30;0;0;1;129
cell;9;30;0;1;1;129
cell;9;30;0;2;1;129
cell;9;30;0;3;1;129
cell;9;30;0;4;1;129
cell;9;30;0;5;1;129
cell;9;30;1;5;1;129
cell;9;30;2;5;1;129
cell;9;30;3;5;1;129
cell;9;30;4;5;1;129
cell;9;30;5;5;1;129
cell;9;30;6;5;1;129
cell;9;30;7;5;1;129
cell;9;30;8;5;1;129
cell;9;30;9;-5;1;129
cell;9;30;9;-4;1;129
cell;9;30;9;-3;1;129
cell;9;30;9;-2;1;129
cell;9;30;9;-1;1;129
cell;9;30;9;0;1;129
cell;9;30;9;1;1;129
cell;9;30;9;2;1;129
cell;9;30;9;3;1;129
cell;9;30;9;4;1;129
cell;9;30;9;5;1;129
cell;9;30;10;-5;1;129
cell;9;30;10;-4;1;129
cell;9;30;10;-3;1;129
cell;9;30;10;-2;1;129
cell;9;30;10;-1;1;129
cell;9;30;10;0;1;129
cell;9;30;10;1;1;129
cell;9;30;10;2;1;129
cell;9;30;10;3;1;129
cell;9;30;10;4;1;129
cell;9;30;10;5;1;129
cell;9;30;11;-5;1;129
cell;9;30;11;-4;1;129
cell;9;30;11;-3;1;129
cell;9;30;11;-2;1;129
cell;9;30;11;-1;1;129
cell;9;30;11;0;1;129
cell;9;30;11;1;1;129
cell;9;30;11;2;1;129
cell;9;30;11;3;1;129
cell;9;30;11;4;1;129
cell;9;30;11;5;1;129
cell;9;30;12;-5;1;129
cell;9;30;12;-4;1;129
cell;9;30;12;-3;1;129
cell;9;30;12;-2;1;129
cell;9;30;12;-1;1;129
cell;9;30;12;0;1;129
cell;9;30;12;1;1;129
cell;9;30;12;2;1;129
cell;9;30;12;3;1;129
cell;9;30;12;4;1;129
cell;9;30;12;5;1;129
cell;9;30;13;-5;1;129
cell;9;30;13;-4;1;129
cell;9;30;13;-3;1;129
cell;9;30;13;-2;1;129
cell;9;30;13;-1;1;129
cell;9;30;13;0;1;129
cell;9;30;13;1;1;129
cell;9;30;13;2;1;129
cell;9;30;13;3;1;129
cell;9;30;13;4;1;129
cell;9;30;13;5;1;129
line;9;31;36;37;2;5;3
cell;9;31;0;-1;1;129
cell;9;31;1;-1;1;129
cell;9;31;2;-1;1;129
cell;9;31;3;-1;1;129
cell;9;31;4;-1;1;129
line;9;32;37;38;2;3;3
cell;9;32;0;-1;1;129
cell;9;32;1;-1;1;129
cell;9;32;2;-1;1;129
line;9;33;38;39;2;7;3
cell;9;33;0;-1;1;129
cell;9;33;0;0;1;129
cell;9;33;0;1;1;129
cell;9;33;1;-1;1;129
cell;9;33;2;-1;1;129
cell;9;33;3;-1;1;129
cell;9;33;4;-1;1;129
cell;9;33;5;-1;1;129
cell;9;33;6;-1;1;129
line;9;34;40;36;2;3;3
cell;9;34;0;-1;1;129
cell;9;34;1;-1;1;129
cell;9;34;2;-1;1;129
line;9;35;41;40;2;5;3
cell;9;35;0;-1;1;129
cell;9;35;1;-1;1;129
cell;9;35;2;-1;1;129
cell;9;35;3;-1;1;129
cell;9;35;4;-1;1;129
line;9;36;42;41;2;3;3
cell;9;36;0;-1;1;129
cell;9;36;1;-1;1;129
cell;9;36;2;-1;1;129
line;9;37;43;42;2;5;3
cell;9;37;0;-1;1;129
cell;9;37;1;-1;1;129
cell;9;37;2;-1;1;129
cell;9;37;3;-1;1;129
cell;9;37;4;-1;1;129
line;9;38;44;43;2;3;7
cell;9;38;0;-3;1;129
cell;9;38;0;-2;1;129
cell;9;38;0;-1;1;129
cell;9;38;1;-3;1;129
cell;9;38;1;-2;1;129
cell;9;38;1;-1;1;129
cell;9;38;1;3;1;129
cell;9;38;2;-3;1;129
cell;9;38;2;-2;1;129
cell;9;38;2;-1;1;129
cell;9;38;2;2;1;129
cell;9;38;2;3;1;129
line;9;39;45;44;2;6;7
cell;9;39;0;-3;1;129
cell;9;39;0;-2;1;129
cell;9;39;0;-1;1;129
cell;9;39;1;-3;1;129
cell;9;39;1;-2;1;129
cell;9;39;1;-1;1;129
cell;9;39;2;-3;1;129
cell;9;39;2;-2;1;129
cell;9;39;2;-1;1;129
cell;9;39;3;-3;1;129
cell;9;39;3;-2;1;129
cell;9;39;3;-1;1;129
cell;9;39;4;-3;1;129
cell;9;39;4;-2;1;129
cell;9;39;4;-1;1;129
cell;9;39;5;-3;1;129
cell;9;39;5;-2;1;129
cell;9;39;5;-1;1;129
line;9;40;46;47;2;6;5
cell;9;40;0;-2;1;129
cell;9;40;1;-2;1;129
cell;9;40;2;-2;1;129
cell;9;40;3;-2;1;129
cell;9;40;4;-2;1;129
cell;9;40;5;-2;1;129
line;9;41;48;49;2;3;5
cell;9;41;0;-2;1;129
cell;9;41;0;2;1;129
cell;9;41;1;-2;1;129
cell;9;41;1;2;1;129
cell;9;41;2;-2;1;129
cell;9;41;2;2;1;129
line;9;42;49;50;2;3;5
cell;9;42;0;-2;1;129
cell;9;42;1;-2;1;129
cell;9;42;2;-2;1;129
cell;9;42;2;2;1;129
line;9;43;50;51;2;5;5
cell;9;43;0;-2;1;129
cell;9;43;0;2;1;129
cell;9;43;1;-2;1;129
cell;9;43;1;2;1;129
cell;9;43;2;-2;1;129
cell;9;43;2;2;1;129
cell;9;43;3;-2;1;129
cell;9;43;3;2;1;129
cell;9;43;4;-2;1;129
cell;9;43;4;2;1;129
line;9;44;52;48;2;4;5
cell;9;44;0;-2;1;129
cell;9;44;1;-2;1;129
cell;9;44;2;-2;1;129
cell;9;44;3;-2;1;129
line;9;45;53;52;2;3;5
cell;9;45;0;-2;1;129
cell;9;45;0;2;1;129
cell;9;45;1;-2;1;129
cell;9;45;1;2;1;129
cell;9;45;2;-2;1;129
cell;9;45;2;-1;1;129
cell;9;45;2;0;1;129
cell;9;45;2;1;1;129
cell;9;45;2;2;1;129
line;9;46;54;53;2;3;5
cell;9;46;0;-2;1;129
cell;9;46;1;-2;1;129
cell;9;46;2;-2;1;129
cell;9;46;2;2;1;129
line;9;47;55;54;2;3;5
cell;9;47;0;-2;1;129
cell;9;47;1;-2;1;129
cell;9;47;2;-2;1;129
line;9;48;56;55;2;4;5
cell;9;48;0;-2;1;129
cell;9;48;1;-2;1;129
cell;9;48;2;-2;1;129
cell;9;48;3;-2;1;129
line;9;49;57;56;2;4;5
cell;9;49;0;-2;1;129
cell;9;49;1;-2;1;129
cell;9;49;2;-2;1;129
cell;9;49;3;-2;1;129
line;9;50;58;59;2;1;5
cell;9;50;0;-2;1;129
cell;9;50;0;2;1;129
line;9;51;59;60;2;4;5
cell;9;51;0;-2;1;129
cell;9;51;0;-1;1;129
cell;9;51;0;0;1;129
cell;9;51;0;1;1;129
cell;9;51;0;2;1;129
cell;9;51;1;-2;1;129
cell;9;51;1;2;1;129
cell;9;51;2;-2;1;129
cell;9;51;2;2;1;129
cell;9;51;3;-2;1;129
cell;9;51;3;2;1;129
line;9;52;61;58;2;3;5
cell;9;52;0;-2;1;129
cell;9;52;0;2;1;129
cell;9;52;1;-2;1;129
cell;9;52;1;2;1;129
cell;9;52;2;-2;1;129
cell;9;52;2;2;1;129
line;9;53;62;61;2;2;5
cell;9;53;0;-2;1;129
cell;9;53;0;2;1;129
cell;9;53;1;-2;1;129
cell;9;53;1;2;1;129
line;9;54;60;63;2;1;5
cell;9;54;0;-2;1;129
line;9;55;63;64;2;4;5
cell;9;55;0;-2;1;129
cell;9;55;1;-2;1;129
cell;9;55;2;-2;1;129
cell;9;55;2;2;1;129
cell;9;55;3;-2;1;129
line;9;56;64;65;2;1;5
cell;9;56;0;-2;1;129
line;9;57;65;66;2;4;5
cell;9;57;0;-2;1;129
cell;9;57;1;-2;1;129
cell;9;57;1;2;1;129
cell;9;57;2;-2;1;129
cell;9;57;2;2;1;129
cell;9;57;3;-2;1;129
cell;9;57;3;2;1;129
line;9;58;66;67;2;3;5
cell;9;58;0;-2;1;129
cell;9;58;0;2;1;129
cell;9;58;1;-2;1;129
cell;9;58;1;2;1;129
cell;9;58;2;-2;1;129
cell;9;58;2;2;1;129
line;9;59;69;68;2;4;5
cell;9;59;0;-2;1;129
cell;9;59;1;-2;1;129
cell;9;59;2;-2;1;129
cell;9;59;3;-2;1;129
cell;9;59;3;2;1;129
line;9;60;70;71;2;6;21
cell;9;60;0;-10;1;129
cell;9;60;0;-9;1;129
cell;9;60;0;-8;1;129
cell;9;60;0;-7;1;129
cell;9;60;0;-6;1;129
cell;9;60;0;-5;1;129
cell;9;60;0;-4;1;129
cell;9;60;0;-3;1;129
cell;9;60;0;-2;1;129
cell;9;60;0;2;1;129
cell;9;60;0;3;1;129
cell;9;60;0;4;1;129
cell;9;60;0;5;1;129
cell;9;60;0;6;1;129
cell;9;60;0;7;1;129
cell;9;60;0;8;1;129
cell;9;60;0;9;1;129
cell;9;60;0;10;1;129
cell;9;60;1;-10;1;129
cell;9;60;1;-9;1;129
cell;9;60;1;-8;1;129
cell;9;60;1;-7;1;129
cell;9;60;1;-6;1;129
cell;9;60;1;-5;1;129
cell;9;60;1;-4;1;129
cell;9;60;1;-3;1;129
cell;9;60;1;-2;1;129
cell;9;60;1;2;1;129
cell;9;60;1;3;1;129
cell;9;60;1;4;1;129
cell;9;60;1;5;1;129
cell;9;60;1;6;1;129
cell;9;60;1;7;1;129
cell;9;60;1;8;1;129
cell;9;60;1;9;1;129
cell;9;60;1;10;1;129
cell;9;60;2;2;1;129
cell;9;60;2;3;1;129
cell;9;60;2;4;1;129
cell;9;60;2;5;1;129
cell;9;60;2;6;1;129
cell;9;60;2;7;1;129
cell;9;60;2;8;1;129
cell;9;60;2;9;1;129
cell;9;60;2;10;1;129
cell;9;60;3;2;1;129
cell;9;60;3;3;1;129
cell;9;60;3;4;1;129
cell;9;60;3;5;1;129
cell;9;60;3;6;1;129
cell;9;60;3;7;1;129
cell;9;60;3;8;1;129
cell;9;60;3;9;1;129
cell;9;60;3;10;1;129
cell;9;60;4;2;1;129
cell;9;60;4;3;1;129
cell;9;60;4;4;1;129
cell;9;60;4;5;1;129
cell;9;60;4;6;1;129
cell;9;60;4;7;1;129
cell;9;60;4;8;1;129
cell;9;60;4;9;1;129
cell;9;60;4;10;1;129
cell;9;60;5;-10;1;129
cell;9;60;5;-9;1;129
cell;9;60;5;-8;1;129
cell;9;60;5;-7;1;129
cell;9;60;5;-6;1;129
cell;9;60;5;-5;1;129
cell;9;60;5;-4;1;129
cell;9;60;5;-3;1;129
cell;9;60;5;-2;1;129
cell;9;60;5;2;1;129
cell;9;60;5;3;1;129
cell;9;60;5;4;1;129
cell;9;60;5;5;1;129
cell;9;60;5;6;1;129
cell;9;60;5;7;1;129
cell;9;60;5;8;1;129
cell;9;60;5;9;1;129
cell;9;60;5;10;1;129
line;9;61;71;72;2;6;5
cell;9;61;0;-2;1;129
cell;9;61;0;2;1;129
cell;9;61;1;-2;1;129
cell;9;61;1;2;1;129
cell;9;61;2;-2;1;129
cell;9;61;3;-2;1;129
cell;9;61;4;-2;1;129
cell;9;61;4;2;1;129
cell;9;61;5;-2;1;129
cell;9;61;5;-1;1;129
cell;9;61;5;0;1;129
cell;9;61;5;1;1;129
cell;9;61;5;2;1;129
line;9;62;73;70;2;6;5
cell;9;62;0;-2;1;129
cell;9;62;0;-1;1;129
cell;9;62;0;0;1;129
cell;9;62;0;1;1;129
cell;9;62;0;2;1;129
cell;9;62;1;-2;1;129
cell;9;62;1;-1;1;129
cell;9;62;2;-2;1;129
cell;9;62;3;-2;1;129
cell;9;62;4;-2;1;129
cell;9;62;5;-2;1;129
line;9;63;74;75;2;5;5
cell;9;63;0;-2;1;129
cell;9;63;1;-2;1;129
cell;9;63;2;-2;1;129
cell;9;63;3;-2;1;129
cell;9;63;4;-2;1;129
line;9;64;75;46;2;2;5
cell;9;64;0;-2;1;129
cell;9;64;1;-2;1;129
area;10;241
area;10;242
area;10;243
area;10;244
point;10;0;11.500;7.000;15.500
point;10;1;19.500;26.000;7.500
point;10;2;27.500;21.000;15.500
point;10;3;11.500;32.000;15.500
point;10;4;11.500;5.000;10.500
point;10;5;19.500;15.000;23.500
point;10;6;12.000;33.813;18.313
line;10;0;5;0;1;13;3
line;10;1;3;1;1;13;3
line;10;2;1;2;1;13;3
line;10;3;0;4;1;5;3
cell;10;3;4;-1;1;129
cell;10;3;4;0;1;129
cell;10;3;4;1;1;129
line;10;4;2;5;1;13;3
line;10;5;6;3;1;3;3
area;11;249
point;11;0;97.000;2.000;275.938
point;11;1;109.313;13.938;275.938
point;11;2;127.000;14.938;275.938
point;11;3;114.188;27.375;290.063
point;11;4;113.938;31.563;69.375
point;11;5;113.938;26.000;48.000
point;11;6;141.500;19.125;290.938
point;11;7;125.000;23.438;303.250
point;11;8;113.938;31.000;250.750
point;11;9;113.938;31.938;210.813
point;11;10;113.813;31.625;96.438
point;11;11;113.750;31.125;159.500
point;11;12;113.938;2.000;14.000
point;11;13;89.313;2.000;275.938
point;11;14;113.750;31.125;138.438
point;11;15;113.938;2.000;20.500
point;11;16;113.938;31.188;265.625
point;11;17;113.938;30.813;244.688
point;11;18;113.875;31.875;205.750
point;11;19;113.750;31.188;134.375
point;11;20;113.750;31.125;163.500
line;11;0;0;1;1;17;3
line;11;1;1;2;1;18;3
line;11;2;7;3;1;19;3
line;11;3;10;4;1;27;3
line;11;4;4;5;1;22;3
line;11;5;5;15;1;36;3
line;11;6;2;6;1;24;3
line;11;7;6;7;1;23;3
line;11;8;16;8;1;15;3
line;11;9;17;9;1;34;3
line;11;10;19;10;1;38;3
line;11;11;20;11;1;4;3
line;11;12;15;12;1;6;7
cell;11;12;0;-3;1;129
cell;11;12;0;-2;1;129
cell;11;12;0;2;1;129
cell;11;12;0;3;1;129
cell;11;12;3;-3;1;129
cell;11;12;3;3;1;129
cell;11;12;4;-3;1;129
cell;11;12;4;-2;1;129
cell;11;12;4;-1;1;129
cell;11;12;4;0;1;129
cell;11;12;4;1;1;129
cell;11;12;4;2;1;129
cell;11;12;4;3;1;129
cell;11;12;5;-3;1;129
cell;11;12;5;-2;1;129
cell;11;12;5;-1;1;129
cell;11;12;5;0;1;129
cell;11;12;5;1;1;129
cell;11;12;5;2;1;129
cell;11;12;5;3;1;129
line;11;13;13;0;1;8;9
cell;11;13;0;-4;1;129
cell;11;13;0;-3;1;129
cell;11;13;0;-2;1;129
cell;11;13;0;-1;1;129
cell;11;13;0;0;1;129
cell;11;13;0;1;1;129
cell;11;13;0;2;1;129
cell;11;13;0;3;1;129
cell;11;13;0;4;1;129
cell;11;13;7;-4;1;129
cell;11;13;7;4;1;129
line;11;14;11;14;1;21;3
line;11;15;3;16;1;25;3
line;11;16;8;17;1;6;3
line;11;17;9;18;1;5;3
line;11;18;14;19;1;4;3
line;11;19;18;20;1;42;3
area;12;255
point;12;0;10.500;2.000;32.500
point;12;1;94.500;0.000;32.500
point;12;2;1.500;0.000;32.500
point;12;3;8.500;0.000;32.500
point;12;4;15.500;2.000;32.500
point;12;5;17.500;4.000;32.500
point;12;6;22.500;4.000;32.500
point;12;7;24.500;6.000;32.500
point;12;8;55.375;6.000;32.500
point;12;9;71.375;6.000;32.500
point;12;10;73.500;4.000;32.500
point;12;11;78.500;4.000;32.500
point;12;12;80.500;2.000;32.500
point;12;13;85.500;2.000;32.500
point;12;14;87.500;0.000;32.500
point;12;15;38.500;6.000;32.500
point;12;16;49.500;6.000;32.500
point;12;17;44.500;6.000;32.500
line;12;0;14;1;2;7;19
cell;12;0;0;-9;1;129
cell;12;0;0;-8;1;129
cell;12;0;0;-7;1;129
cell;12;0;0;-6;1;129
cell;12;0;0;-5;1;129
cell;12;0;0;-4;1;129
cell;12;0;0;3;1;129
cell;12;0;0;4;1;129
cell;12;0;0;5;1;129
cell;12;0;0;6;1;129
cell;12;0;0;7;1;129
cell;12;0;0;8;1;129
cell;12;0;0;9;1;129
cell;12;0;1;-9;1;129
cell;12;0;1;-8;1;129
cell;12;0;1;-7;1;129
cell;12;0;1;-6;1;129
cell;12;0;1;-5;1;129
cell;12;0;1;-4;1;129
cell;12;0;1;3;1;129
cell;12;0;1;4;1;129
cell;12;0;1;5;1;129
cell;12;0;1;6;1;129
cell;12;0;1;7;1;129
cell;12;0;1;8;1;129
cell;12;0;1;9;1;129
cell;12;0;2;-9;1;129
cell;12;0;2;-8;1;129
cell;12;0;2;-7;1;129
cell;12;0;2;-6;1;129
cell;12;0;2;-5;1;129
cell;12;0;2;-4;1;129
cell;12;0;2;-3;1;129
cell;12;0;2;-2;1;129
cell;12;0;2;-1;1;129
cell;12;0;2;0;1;129
cell;12;0;2;1;1;129
cell;12;0;2;2;1;129
cell;12;0;2;3;1;129
cell;12;0;2;4;1;129
cell;12;0;2;5;1;129
cell;12;0;2;6;1;129
cell;12;0;2;7;1;129
cell;12;0;2;8;1;129
cell;12;0;2;9;1;129
cell;12;0;3;-9;1;129
cell;12;0;3;-8;1;129
cell;12;0;3;-7;1;129
cell;12;0;3;-6;1;129
cell;12;0;3;-5;1;129
cell;12;0;3;-4;1;129
cell;12;0;3;-3;1;129
cell;12;0;3;-2;1;129
cell;12;0;3;-1;1;129
cell;12;0;3;0;1;129
cell;12;0;3;1;1;129
cell;12;0;3;2;1;129
cell;12;0;3;3;1;129
cell;12;0;3;4;1;129
cell;12;0;3;5;1;129
cell;12;0;3;6;1;129
cell;12;0;3;7;1;129
cell;12;0;3;8;1;129
cell;12;0;3;9;1;129
cell;12;0;4;-9;1;129
cell;12;0;4;-8;1;129
cell;12;0;4;-7;1;129
cell;12;0;4;-6;1;129
cell;12;0;4;-5;1;129
cell;12;0;4;-4;1;129
cell;12;0;4;-3;1;129
cell;12;0;4;-2;1;129
cell;12;0;4;-1;1;129
cell;12;0;4;0;1;129
cell;12;0;4;1;1;129
cell;12;0;4;2;1;129
cell;12;0;4;3;1;129
cell;12;0;4;4;1;129
cell;12;0;4;5;1;129
cell;12;0;4;6;1;129
cell;12;0;4;7;1;129
cell;12;0;4;8;1;129
cell;12;0;4;9;1;129
cell;12;0;5;-9;1;129
cell;12;0;5;-8;1;129
cell;12;0;5;-7;1;129
cell;12;0;5;-6;1;129
cell;12;0;5;-5;1;129
cell;12;0;5;-4;1;129
cell;12;0;5;-3;1;129
cell;12;0;5;-2;1;129
cell;12;0;5;-1;1;129
cell;12;0;5;0;1;129
cell;12;0;5;1;1;129
cell;12;0;5;2;1;129
cell;12;0;5;3;1;129
cell;12;0;5;4;1;129
cell;12;0;5;5;1;129
cell;12;0;5;6;1;129
cell;12;0;5;7;1;129
cell;12;0;5;8;1;129
cell;12;0;5;9;1;129
cell;12;0;6;-9;1;129
cell;12;0;6;-8;1;129
cell;12;0;6;-7;1;129
cell;12;0;6;-6;1;129
cell;12;0;6;-5;1;129
cell;12;0;6;-4;1;129
cell;12;0;6;-3;1;129
cell;12;0;6;-2;1;129
cell;12;0;6;-1;1;129
cell;12;0;6;0;1;129
cell;12;0;6;1;1;129
cell;12;0;6;2;1;129
cell;12;0;6;3;1;129
cell;12;0;6;4;1;129
cell;12;0;6;5;1;129
cell;12;0;6;6;1;129
cell;12;0;6;7;1;129
cell;12;0;6;8;1;129
cell;12;0;6;9;1;129
line;12;1;3;0;2;3;19
cell;12;1;0;-9;1;129
cell;12;1;0;-8;1;129
cell;12;1;0;-7;1;129
cell;12;1;0;-6;1;129
cell;12;1;0;-5;1;129
cell;12;1;0;-4;1;129
cell;12;1;0;3;1;129
cell;12;1;0;4;1;129
cell;12;1;0;5;1;129
cell;12;1;0;6;1;129
cell;12;1;0;7;1;129
cell;12;1;0;8;1;129
cell;12;1;0;9;1;129
cell;12;1;1;-9;1;129
cell;12;1;1;-8;1;129
cell;12;1;1;-7;1;129
cell;12;1;1;-6;1;129
cell;12;1;1;-5;1;129
cell;12;1;1;-4;1;129
cell;12;1;1;3;1;129
cell;12;1;1;4;1;129
cell;12;1;1;5;1;129
cell;12;1;1;6;1;129
cell;12;1;1;7;1;129
cell;12;1;1;8;1;129
cell;12;1;1;9;1;129
cell;12;1;2;-9;1;129
cell;12;1;2;-8;1;129
cell;12;1;2;-7;1;129
cell;12;1;2;-6;1;129
cell;12;1;2;-5;1;129
cell;12;1;2;-4;1;129
cell;12;1;2;3;1;129
cell;12;1;2;4;1;129
cell;12;1;2;5;1;129
cell;12;1;2;6;1;129
cell;12;1;2;7;1;129
cell;12;1;2;8;1;129
cell;12;1;2;9;1;129
line;12;2;2;3;2;7;19
cell;12;2;0;-9;1;129
cell;12;2;0;-8;1;129
cell;12;2;0;-7;1;129
cell;12;2;0;-6;1;129
cell;12;2;0;-5;1;129
cell;12;2;0;-4;1;129
cell;12;2;0;-3;1;129
cell;12;2;0;-2;1;129
cell;12;2;0;-1;1;129
cell;12;2;0;0;1;129
cell;12;2;0;1;1;129
cell;12;2;0;2;1;129
cell;12;2;0;3;1;129
cell;12;2;0;4;1;129
cell;12;2;0;5;1;129
cell;12;2;0;6;1;129
cell;12;2;0;7;1;129
cell;12;2;0;8;1;129
cell;12;2;0;9;1;129
cell;12;2;1;-9;1;129
cell;12;2;1;-8;1;129
cell;12;2;1;-7;1;129
cell;12;2;1;-6;1;129
cell;12;2;1;-5;1;129
cell;12;2;1;-4;1;129
cell;12;2;1;-3;1;129
cell;12;2;1;-2;1;129
cell;12;2;1;-1;1;129
cell;12;2;1;0;1;129
cell;12;2;1;1;1;129
cell;12;2;1;2;1;129
cell;12;2;1;3;1;129
cell;12;2;1;4;1;129
cell;12;2;1;5;1;129
cell;12;2;1;6;1;129
cell;12;2;1;7;1;129
cell;12;2;1;8;1;129
cell;12;2;1;9;1;129
cell;12;2;2;-9;1;129
cell;12;2;2;-8;1;129
cell;12;2;2;-7;1;129
cell;12;2;2;-6;1;129
cell;12;2;2;-5;1;129
cell;12;2;2;-4;1;129
cell;12;2;2;-3;1;129
cell;12;2;2;-2;1;129
cell;12;2;2;-1;1;129
cell;12;2;2;0;1;129
cell;12;2;2;1;1;129
cell;12;2;2;2;1;129
cell;12;2;2;3;1;129
cell;12;2;2;4;1;129
cell;12;2;2;5;1;129
cell;12;2;2;6;1;129
cell;12;2;2;7;1;129
cell;12;2;2;8;1;129
cell;12;2;2;9;1;129
cell;12;2;3;-9;1;129
cell;12;2;3;-8;1;129
cell;12;2;3;-7;1;129
cell;12;2;3;-6;1;129
cell;12;2;3;-5;1;129
cell;12;2;3;-4;1;129
cell;12;2;3;-3;1;129
cell;12;2;3;-2;1;129
cell;12;2;3;-1;1;129
cell;12;2;3;0;1;129
cell;12;2;3;1;1;129
cell;12;2;3;2;1;129
cell;12;2;3;3;1;129
cell;12;2;3;4;1;129
cell;12;2;3;5;1;129
cell;12;2;3;6;1;129
cell;12;2;3;7;1;129
cell;12;2;3;8;1;129
cell;12;2;3;9;1;129
cell;12;2;4;-9;1;129
cell;12;2;4;-8;1;129
cell;12;2;4;-7;1;129
cell;12;2;4;-6;1;129
cell;12;2;4;-5;1;129
cell;12;2;4;-4;1;129
cell;12;2;4;-3;1;129
cell;12;2;4;-2;1;129
cell;12;2;4;-1;1;129
cell;12;2;4;0;1;129
cell;12;2;4;1;1;129
cell;12;2;4;2;1;129
cell;12;2;4;3;1;129
cell;12;2;4;4;1;129
cell;12;2;4;5;1;129
cell;12;2;4;6;1;129
cell;12;2;4;7;1;129
cell;12;2;4;8;1;129
cell;12;2;4;9;1;129
cell;12;2;5;-9;1;129
cell;12;2;5;-8;1;129
cell;12;2;5;-7;1;129
cell;12;2;5;-6;1;129
cell;12;2;5;-5;1;129
cell;12;2;5;-4;1;129
cell;12;2;5;-3;1;129
cell;12;2;5;-2;1;129
cell;12;2;5;-1;1;129
cell;12;2;5;0;1;129
cell;12;2;5;1;1;129
cell;12;2;5;2;1;129
cell;12;2;5;3;1;129
cell;12;2;5;4;1;129
cell;12;2;5;5;1;129
cell;12;2;5;6;1;129
cell;12;2;5;7;1;129
cell;12;2;5;8;1;129
cell;12;2;5;9;1;129
cell;12;2;6;-9;1;129
cell;12;2;6;-8;1;129
cell;12;2;6;-7;1;129
cell;12;2;6;-6;1;129
cell;12;2;6;-5;1;129
cell;12;2;6;-4;1;129
cell;12;2;6;3;1;129
cell;12;2;6;4;1;129
cell;12;2;6;5;1;129
cell;12;2;6;6;1;129
cell;12;2;6;7;1;129
cell;12;2;6;8;1;129
cell;12;2;6;9;1;129
line;12;3;0;4;2;5;19
cell;12;3;0;-9;1;129
cell;12;3;0;-8;1;129
cell;12;3;0;-7;1;129
cell;12;3;0;-6;1;129
cell;12;3;0;-5;1;129
cell;12;3;0;-4;1;129
cell;12;3;0;3;1;129
cell;12;3;0;4;1;129
cell;12;3;0;5;1;129
cell;12;3;0;6;1;129
cell;12;3;0;7;1;129
cell;12;3;0;8;1;129
cell;12;3;0;9;1;129
cell;12;3;1;-9;1;129
cell;12;3;1;-8;1;129
cell;12;3;1;-7;1;129
cell;12;3;1;-6;1;129
cell;12;3;1;4;1;129
cell;12;3;1;5;1;129
cell;12;3;1;6;1;129
cell;12;3;1;7;1;129
cell;12;3;1;8;1;129
cell;12;3;1;9;1;129
cell;12;3;2;-9;1;129
cell;12;3;2;-8;1;129
cell;12;3;2;-7;1;129
cell;12;3;2;-6;1;129
cell;12;3;2;4;1;129
cell;12;3;2;5;1;129
cell;12;3;2;6;1;129
cell;12;3;2;7;1;129
cell;12;3;2;8;1;129
cell;12;3;2;9;1;129
cell;12;3;3;-9;1;129
cell;12;3;3;-8;1;129
cell;12;3;3;-7;1;129
cell;12;3;3;-6;1;129
cell;12;3;3;4;1;129
cell;12;3;3;5;1;129
cell;12;3;3;6;1;129
cell;12;3;3;7;1;129
cell;12;3;3;8;1;129
cell;12;3;3;9;1;129
cell;12;3;4;-9;1;129
cell;12;3;4;-8;1;129
cell;12;3;4;-7;1;129
cell;12;3;4;-6;1;129
cell;12;3;4;4;1;129
cell;12;3;4;5;1;129
cell;12;3;4;6;1;129
cell;12;3;4;7;1;129
cell;12;3;4;8;1;129
cell;12;3;4;9;1;129
line;12;4;4;5;2;3;19
cell;12;4;0;-9;1;129
cell;12;4;0;-8;1;129
cell;12;4;0;-7;1;129
cell;12;4;0;-6;1;129
cell;12;4;0;5;1;129
cell;12;4;0;6;1;129
cell;12;4;0;7;1;129
cell;12;4;0;8;1;129
cell;12;4;0;9;1;129
cell;12;4;1;-9;1;129
cell;12;4;1;9;1;129
cell;12;4;2;-9;1;129
cell;12;4;2;9;1;129
line;12;5;5;6;2;5;19
cell;12;5;0;-9;1;129
cell;12;5;0;9;1;129
cell;12;5;1;-9;1;129
cell;12;5;1;-8;1;129
cell;12;5;1;-7;1;129
cell;12;5;1;-6;1;129
cell;12;5;1;4;1;129
cell;12;5;1;5;1;129
cell;12;5;1;6;1;129
cell;12;5;1;7;1;129
cell;12;5;1;8;1;129
cell;12;5;1;9;1;129
cell;12;5;2;-9;1;129
cell;12;5;2;-8;1;129
cell;12;5;2;-7;1;129
cell;12;5;2;-6;1;129
cell;12;5;2;4;1;129
cell;12;5;2;5;1;129
cell;12;5;2;6;1;129
cell;12;5;2;7;1;129
cell;12;5;2;8;1;129
cell;12;5;2;9;1;129
cell;12;5;3;-9;1;129
cell;12;5;3;-8;1;129
cell;12;5;3;-7;1;129
cell;12;5;3;-6;1;129
cell;12;5;3;4;1;129
cell;12;5;3;5;1;129
cell;12;5;3;6;1;129
cell;12;5;3;7;1;129
cell;12;5;3;8;1;129
cell;12;5;3;9;1;129
cell;12;5;4;-9;1;129
cell;12;5;4;-8;1;129
cell;12;5;4;-7;1;129
cell;12;5;4;-6;1;129
cell;12;5;4;4;1;129
cell;12;5;4;5;1;129
cell;12;5;4;6;1;129
cell;12;5;4;7;1;129
cell;12;5;4;8;1;129
cell;12;5;4;9;1;129
line;12;6;6;7;2;3;19
cell;12;6;0;-9;1;129
cell;12;6;0;-8;1;129
cell;12;6;0;-7;1;129
cell;12;6;0;-6;1;129
cell;12;6;0;5;1;129
cell;12;6;0;6;1;129
cell;12;6;0;7;1;129
cell;12;6;0;8;1;129
cell;12;6;0;9;1;129
cell;12;6;1;-9;1;129
cell;12;6;1;9;1;129
cell;12;6;2;-9;1;129
cell;12;6;2;9;1;129
line;12;7;16;8;2;6;19
cell;12;7;0;-9;1;129
cell;12;7;0;-8;1;129
cell;12;7;0;-7;1;129
cell;12;7;0;-6;1;129
cell;12;7;0;-5;1;129
cell;12;7;0;4;1;129
cell;12;7;0;5;1;129
cell;12;7;0;6;1;129
cell;12;7;0;7;1;129
cell;12;7;0;8;1;129
cell;12;7;0;9;1;129
cell;12;7;1;-9;1;129
cell;12;7;1;-8;1;129
cell;12;7;1;-7;1;129
cell;12;7;1;-6;1;129
cell;12;7;1;-5;1;129
cell;12;7;1;4;1;129
cell;12;7;1;5;1;129
cell;12;7;1;6;1;129
cell;12;7;1;7;1;129
cell;12;7;1;8;1;129
cell;12;7;1;9;1;129
cell;12;7;2;-9;1;129
cell;12;7;2;-8;1;129
cell;12;7;2;-7;1;129
cell;12;7;2;-6;1;129
cell;12;7;2;-5;1;129
cell;12;7;2;4;1;129
cell;12;7;2;5;1;129
cell;12;7;2;6;1;129
cell;12;7;2;7;1;129
cell;12;7;2;8;1;129
cell;12;7;2;9;1;129
cell;12;7;3;-9;1;129
cell;12;7;3;-8;1;129
cell;12;7;3;-7;1;129
cell;12;7;3;-6;1;129
cell;12;7;3;-5;1;129
cell;12;7;3;4;1;129
cell;12;7;3;5;1;129
cell;12;7;3;6;1;129
cell;12;7;3;7;1;129
cell;12;7;3;8;1;129
cell;12;7;3;9;1;129
cell;12;7;4;-9;1;129
cell;12;7;4;-8;1;129
cell;12;7;4;-7;1;129
cell;12;7;4;-6;1;129
cell;12;7;4;-5;1;129
cell;12;7;4;4;1;129
cell;12;7;4;5;1;129
cell;12;7;4;6;1;129
cell;12;7;4;7;1;129
cell;12;7;4;8;1;129
cell;12;7;4;9;1;129
cell;12;7;5;-9;1;129
cell;12;7;5;-8;1;129
cell;12;7;5;-7;1;129
cell;12;7;5;-6;1;129
cell;12;7;5;-5;1;129
cell;12;7;5;-4;1;129
cell;12;7;5;3;1;129
cell;12;7;5;4;1;129
cell;12;7;5;5;1;129
cell;12;7;5;6;1;129
cell;12;7;5;7;1;129
cell;12;7;5;8;1;129
cell;12;7;5;9;1;129
line;12;8;8;9;2;16;19
cell;12;8;0;-9;1;129
cell;12;8;0;-8;1;129
cell;12;8;0;-7;1;129
cell;12;8;0;-6;1;129
cell;12;8;0;-5;1;129
cell;12;8;0;4;1;129
cell;12;8;0;5;1;129
cell;12;8;0;6;1;129
cell;12;8;0;7;1;129
cell;12;8;0;8;1;129
cell;12;8;0;9;1;129
cell;12;8;1;-9;1;129
cell;12;8;1;-8;1;129
cell;12;8;1;-7;1;129
cell;12;8;1;-6;1;129
cell;12;8;1;-5;1;129
cell;12;8;1;4;1;129
cell;12;8;1;5;1;129
cell;12;8;1;6;1;129
cell;12;8;1;7;1;129
cell;12;8;1;8;1;129
cell;12;8;1;9;1;129
cell;12;8;2;-9;1;129
cell;12;8;2;-8;1;129
cell;12;8;2;-7;1;129
cell;12;8;2;-6;1;129
cell;12;8;2;-5;1;129
cell;12;8;2;4;1;129
cell;12;8;2;5;1;129
cell;12;8;2;6;1;129
cell;12;8;2;7;1;129
cell;12;8;2;8;1;129
cell;12;8;2;9;1;129
cell;12;8;3;-9;1;129
cell;12;8;3;-8;1;129
cell;12;8;3;-7;1;129
cell;12;8;3;-6;1;129
cell;12;8;3;-5;1;129
cell;12;8;3;4;1;129
cell;12;8;3;5;1;129
cell;12;8;3;6;1;129
cell;12;8;3;7;1;129
cell;12;8;3;8;1;129
cell;12;8;3;9;1;129
cell;12;8;4;-9;1;129
cell;12;8;4;-8;1;129
cell;12;8;4;-7;1;129
cell;12;8;4;-6;1;129
cell;12;8;4;-5;1;129
cell;12;8;4;4;1;129
cell;12;8;4;5;1;129
cell;12;8;4;6;1;129
cell;12;8;4;7;1;129
cell;12;8;4;8;1;129
cell;12;8;4;9;1;129
cell;12;8;5;-9;1;129
cell;12;8;5;-8;1;129
cell;12;8;5;-7;1;129
cell;12;8;5;-6;1;129
cell;12;8;5;-5;1;129
cell;12;8;5;4;1;129
cell;12;8;5;5;1;129
cell;12;8;5;6;1;129
cell;12;8;5;7;1;129
cell;12;8;5;8;1;129
cell;12;8;5;9;1;129
cell;12;8;6;-9;1;129
cell;12;8;6;-8;1;129
cell;12;8;6;-7;1;129
cell;12;8;6;-6;1;129
cell;12;8;6;-5;1;129
cell;12;8;6;4;1;129
cell;12;8;6;5;1;129
cell;12;8;6;6;1;129
cell;12;8;6;7;1;129
cell;12;8;6;8;1;129
cell;12;8;6;9;1;129
cell;12;8;7;-9;1;129
cell;12;8;7;-8;1;129
cell;12;8;7;-7;1;129
cell;12;8;7;-6;1;129
cell;12;8;7;-5;1;129
cell;12;8;7;4;1;129
cell;12;8;7;5;1;129
cell;12;8;7;6;1;129
cell;12;8;7;7;1;129
cell;12;8;7;8;1;129
cell;12;8;7;9;1;129
cell;12;8;8;-9;1;129
cell;12;8;8;-8;1;129
cell;12;8;8;-7;1;129
cell;12;8;8;-6;1;129
cell;12;8;8;-5;1;129
cell;12;8;8;4;1;129
cell;12;8;8;5;1;129
cell;12;8;8;6;1;129
cell;12;8;8;7;1;129
cell;12;8;8;8;1;129
cell;12;8;8;9;1;129
cell;12;8;9;-9;1;129
cell;12;8;9;-8;1;129
cell;12;8;9;-7;1;129
cell;12;8;9;-6;1;129
cell;12;8;9;-5;1;129
cell;12;8;9;4;1;129
cell;12;8;9;5;1;129
cell;12;8;9;6;1;129
cell;12;8;9;7;1;129
cell;12;8;9;8;1;129
cell;12;8;9;9;1;129
cell;12;8;10;-9;1;129
cell;12;8;10;-8;1;129
cell;12;8;10;-7;1;129
cell;12;8;10;-6;1;129
cell;12;8;10;-5;1;129
cell;12;8;10;3;1;129
cell;12;8;10;4;1;129
cell;12;8;10;5;1;129
cell;12;8;10;6;1;129
cell;12;8;10;7;1;129
cell;12;8;10;8;1;129
cell;12;8;10;9;1;129
cell;12;8;11;-9;1;129
cell;12;8;11;-8;1;129
cell;12;8;11;-7;1;129
cell;12;8;11;-6;1;129
cell;12;8;11;-5;1;129
cell;12;8;11;4;1;129
cell;12;8;11;5;1;129
cell;12;8;11;6;1;129
cell;12;8;11;7;1;129
cell;12;8;11;8;1;129
cell;12;8;11;9;1;129
cell;12;8;12;-9;1;129
cell;12;8;12;-8;1;129
cell;12;8;12;-7;1;129
cell;12;8;12;-6;1;129
cell;12;8;12;4;1;129
cell;12;8;12;5;1;129
cell;12;8;12;6;1;129
cell;12;8;12;7;1;129
cell;12;8;12;8;1;129
cell;12;8;12;9;1;129
cell;12;8;13;-9;1;129
cell;12;8;13;-8;1;129
cell;12;8;13;-7;1;129
cell;12;8;13;-6;1;129
cell;12;8;13;4;1;129
cell;12;8;13;5;1;129
cell;12;8;13;6;1;129
cell;12;8;13;7;1;129
cell;12;8;13;8;1;129
cell;12;8;13;9;1;129
cell;12;8;14;-9;1;129
cell;12;8;14;-8;1;129
cell;12;8;14;-7;1;129
cell;12;8;14;-6;1;129
cell;12;8;14;4;1;129
cell;12;8;14;5;1;129
cell;12;8;14;6;1;129
cell;12;8;14;7;1;129
cell;12;8;14;8;1;129
cell;12;8;14;9;1;129
cell;12;8;15;-9;1;129
cell;12;8;15;-8;1;129
cell;12;8;15;-7;1;129
cell;12;8;15;-6;1;129
cell;12;8;15;4;1;129
cell;12;8;15;5;1;129
cell;12;8;15;6;1;129
cell;12;8;15;7;1;129
cell;12;8;15;8;1;129
cell;12;8;15;9;1;129
line;12;9;9;10;2;3;19
cell;12;9;0;-9;1;129
cell;12;9;0;9;1;129
cell;12;9;1;-9;1;129
cell;12;9;1;9;1;129
cell;12;9;2;-9;1;129
cell;12;9;2;-8;1;129
cell;12;9;2;-7;1;129
cell;12;9;2;-6;1;129
cell;12;9;2;4;1;129
cell;12;9;2;5;1;129
cell;12;9;2;6;1;129
cell;12;9;2;7;1;129
cell;12;9;2;8;1;129
cell;12;9;2;9;1;129
line;12;10;10;11;2;5;19
cell;12;10;0;-9;1;129
cell;12;10;0;-8;1;129
cell;12;10;0;-7;1;129
cell;12;10;0;-6;1;129
cell;12;10;0;4;1;129
cell;12;10;0;5;1;129
cell;12;10;0;6;1;129
cell;12;10;0;7;1;129
cell;12;10;0;8;1;129
cell;12;10;0;9;1;129
cell;12;10;1;-9;1;129
cell;12;10;1;-8;1;129
cell;12;10;1;-7;1;129
cell;12;10;1;-6;1;129
cell;12;10;1;4;1;129
cell;12;10;1;5;1;129
cell;12;10;1;6;1;129
cell;12;10;1;7;1;129
cell;12;10;1;8;1;129
cell;12;10;1;9;1;129
cell;12;10;2;-9;1;129
cell;12;10;2;-8;1;129
cell;12;10;2;-7;1;129
cell;12;10;2;-6;1;129
cell;12;10;2;4;1;129
cell;12;10;2;5;1;129
cell;12;10;2;6;1;129
cell;12;10;2;7;1;129
cell;12;10;2;8;1;129
cell;12;10;2;9;1;129
cell;12;10;3;-9;1;129
cell;12;10;3;-8;1;129
cell;12;10;3;-7;1;129
cell;12;10;3;-6;1;129
cell;12;10;3;4;1;129
cell;12;10;3;5;1;129
cell;12;10;3;6;1;129
cell;12;10;3;7;1;129
cell;12;10;3;8;1;129
cell;12;10;3;9;1;129
cell;12;10;4;-9;1;129
cell;12;10;4;-8;1;129
cell;12;10;4;-7;1;129
cell;12;10;4;-6;1;129
cell;12;10;4;4;1;129
cell;12;10;4;5;1;129
cell;12;10;4;6;1;129
cell;12;10;4;7;1;129
cell;12;10;4;8;1;129
cell;12;10;4;9;1;129
line;12;11;11;12;2;3;19
cell;12;11;0;-9;1;129
cell;12;11;0;9;1;129
cell;12;11;1;-9;1;129
cell;12;11;1;9;1;129
cell;12;11;2;-9;1;129
cell;12;11;2;-8;1;129
cell;12;11;2;-7;1;129
cell;12;11;2;-6;1;129
cell;12;11;2;4;1;129
cell;12;11;2;5;1;129
cell;12;11;2;6;1;129
cell;12;11;2;7;1;129
cell;12;11;2;8;1;129
cell;12;11;2;9;1;129
line;12;12;12;13;2;5;19
cell;12;12;0;-9;1;129
cell;12;12;0;-8;1;129
cell;12;12;0;-7;1;129
cell;12;12;0;-6;1;129
cell;12;12;0;4;1;129
cell;12;12;0;5;1;129
cell;12;12;0;6;1;129
cell;12;12;0;7;1;129
cell;12;12;0;8;1;129
cell;12;12;0;9;1;129
cell;12;12;1;-9;1;129
cell;12;12;1;-8;1;129
cell;12;12;1;-7;1;129
cell;12;12;1;-6;1;129
cell;12;12;1;4;1;129
cell;12;12;1;5;1;129
cell;12;12;1;6;1;129
cell;12;12;1;7;1;129
cell;12;12;1;8;1;129
cell;12;12;1;9;1;129
cell;12;12;2;-9;1;129
cell;12;12;2;-8;1;129
cell;12;12;2;-7;1;129
cell;12;12;2;-6;1;129
cell;12;12;2;4;1;129
cell;12;12;2;5;1;129
cell;12;12;2;6;1;129
cell;12;12;2;7;1;129
cell;12;12;2;8;1;129
cell;12;12;2;9;1;129
cell;12;12;3;-9;1;129
cell;12;12;3;-8;1;129
cell;12;12;3;-7;1;129
cell;12;12;3;-6;1;129
cell;12;12;3;4;1;129
cell;12;12;3;5;1;129
cell;12;12;3;6;1;129
cell;12;12;3;7;1;129
cell;12;12;3;8;1;129
cell;12;12;3;9;1;129
cell;12;12;4;-9;1;129
cell;12;12;4;-8;1;129
cell;12;12;4;-7;1;129
cell;12;12;4;-6;1;129
cell;12;12;4;4;1;129
cell;12;12;4;5;1;129
cell;12;12;4;6;1;129
cell;12;12;4;7;1;129
cell;12;12;4;8;1;129
cell;12;12;4;9;1;129
line;12;13;13;14;2;3;19
cell;12;13;0;-9;1;129
cell;12;13;0;-8;1;129
cell;12;13;0;-7;1;129
cell;12;13;0;-6;1;129
cell;12;13;0;-5;1;129
cell;12;13;0;-4;1;129
cell;12;13;0;3;1;129
cell;12;13;0;4;1;129
cell;12;13;0;5;1;129
cell;12;13;0;6;1;129
cell;12;13;0;7;1;129
cell;12;13;0;8;1;129
cell;12;13;0;9;1;129
cell;12;13;1;-9;1;129
cell;12;13;1;-8;1;129
cell;12;13;1;-7;1;129
cell;12;13;1;-6;1;129
cell;12;13;1;-5;1;129
cell;12;13;1;-4;1;129
cell;12;13;1;3;1;129
cell;12;13;1;4;1;129
cell;12;13;1;5;1;129
cell;12;13;1;6;1;129
cell;12;13;1;7;1;129
cell;12;13;1;8;1;129
cell;12;13;1;9;1;129
cell;12;13;2;-9;1;129
cell;12;13;2;-8;1;129
cell;12;13;2;-7;1;129
cell;12;13;2;-6;1;129
cell;12;13;2;-5;1;129
cell;12;13;2;-4;1;129
cell;12;13;2;3;1;129
cell;12;13;2;4;1;129
cell;12;13;2;5;1;129
cell;12;13;2;6;1;129
cell;12;13;2;7;1;129
cell;12;13;2;8;1;129
cell;12;13;2;9;1;129
line;12;14;7;15;2;14;19
cell;12;14;0;-9;1;129
cell;12;14;0;9;1;129
cell;12;14;1;-9;1;129
cell;12;14;1;-8;1;129
cell;12;14;1;-7;1;129
cell;12;14;1;-6;1;129
cell;12;14;1;4;1;129
cell;12;14;1;5;1;129
cell;12;14;1;6;1;129
cell;12;14;1;7;1;129
cell;12;14;1;8;1;129
cell;12;14;1;9;1;129
cell;12;14;2;-9;1;129
cell;12;14;2;-8;1;129
cell;12;14;2;-7;1;129
cell;12;14;2;-6;1;129
cell;12;14;2;4;1;129
cell;12;14;2;5;1;129
cell;12;14;2;6;1;129
cell;12;14;2;7;1;129
cell;12;14;2;8;1;129
cell;12;14;2;9;1;129
cell;12;14;3;-9;1;129
cell;12;14;3;-8;1;129
cell;12;14;3;-7;1;129
cell;12;14;3;-6;1;129
cell;12;14;3;4;1;129
cell;12;14;3;5;1;129
cell;12;14;3;6;1;129
cell;12;14;3;7;1;129
cell;12;14;3;8;1;129
cell;12;14;3;9;1;129
cell;12;14;4;-9;1;129
cell;12;14;4;-8;1;129
cell;12;14;4;-7;1;129
cell;12;14;4;-6;1;129
cell;12;14;4;4;1;129
cell;12;14;4;5;1;129
cell;12;14;4;6;1;129
cell;12;14;4;7;1;129
cell;12;14;4;8;1;129
cell;12;14;4;9;1;129
cell;12;14;5;-9;1;129
cell;12;14;5;-8;1;129
cell;12;14;5;-7;1;129
cell;12;14;5;-6;1;129
cell;12;14;5;4;1;129
cell;12;14;5;5;1;129
cell;12;14;5;6;1;129
cell;12;14;5;7;1;129
cell;12;14;5;8;1;129
cell;12;14;5;9;1;129
cell;12;14;6;-9;1;129
cell;12;14;6;-8;1;129
cell;12;14;6;-7;1;129
cell;12;14;6;-6;1;129
cell;12;14;6;-5;1;129
cell;12;14;6;3;1;129
cell;12;14;6;4;1;129
cell;12;14;6;5;1;129
cell;12;14;6;6;1;129
cell;12;14;6;7;1;129
cell;12;14;6;8;1;129
cell;12;14;6;9;1;129
cell;12;14;7;-9;1;129
cell;12;14;7;-8;1;129
cell;12;14;7;-7;1;129
cell;12;14;7;-6;1;129
cell;12;14;7;-5;1;129
cell;12;14;7;4;1;129
cell;12;14;7;5;1;129
cell;12;14;7;6;1;129
cell;12;14;7;7;1;129
cell;12;14;7;8;1;129
cell;12;14;7;9;1;129
cell;12;14;8;-9;1;129
cell;12;14;8;-8;1;129
cell;12;14;8;-7;1;129
cell;12;14;8;-6;1;129
cell;12;14;8;-5;1;129
cell;12;14;8;4;1;129
cell;12;14;8;5;1;129
cell;12;14;8;6;1;129
cell;12;14;8;7;1;129
cell;12;14;8;8;1;129
cell;12;14;8;9;1;129
cell;12;14;9;-9;1;129
cell;12;14;9;-8;1;129
cell;12;14;9;-7;1;129
cell;12;14;9;-6;1;129
cell;12;14;9;-5;1;129
cell;12;14;9;4;1;129
cell;12;14;9;5;1;129
cell;12;14;9;6;1;129
cell;12;14;9;7;1;129
cell;12;14;9;8;1;129
cell;12;14;9;9;1;129
cell;12;14;10;-9;1;129
cell;12;14;10;-8;1;129
cell;12;14;10;-7;1;129
cell;12;14;10;-6;1;129
cell;12;14;10;-5;1;129
cell;12;14;10;4;1;129
cell;12;14;10;5;1;129
cell;12;14;10;6;1;129
cell;12;14;10;7;1;129
cell;12;14;10;8;1;129
cell;12;14;10;9;1;129
cell;12;14;11;-9;1;129
cell;12;14;11;-8;1;129
cell;12;14;11;-7;1;129
cell;12;14;11;-6;1;129
cell;12;14;11;-5;1;129
cell;12;14;11;4;1;129
cell;12;14;11;5;1;129
cell;12;14;11;6;1;129
cell;12;14;11;7;1;129
cell;12;14;11;8;1;129
cell;12;14;11;9;1;129
cell;12;14;12;-9;1;129
cell;12;14;12;-8;1;129
cell;12;14;12;-7;1;129
cell;12;14;12;-6;1;129
cell;12;14;12;-5;1;129
cell;12;14;12;4;1;129
cell;12;14;12;5;1;129
cell;12;14;12;6;1;129
cell;12;14;12;7;1;129
cell;12;14;12;8;1;129
cell;12;14;12;9;1;129
cell;12;14;13;-9;1;129
cell;12;14;13;-8;1;129
cell;12;14;13;-7;1;129
cell;12;14;13;-6;1;129
cell;12;14;13;-5;1;129
cell;12;14;13;4;1;129
cell;12;14;13;5;1;129
cell;12;14;13;6;1;129
cell;12;14;13;7;1;129
cell;12;14;13;8;1;129
cell;12;14;13;9;1;129
line;12;15;17;16;2;5;19
cell;12;15;0;-9;1;129
cell;12;15;0;-8;1;129
cell;12;15;0;-7;1;129
cell;12;15;0;-6;1;129
cell;12;15;0;-5;1;129
cell;12;15;0;4;1;129
cell;12;15;0;5;1;129
cell;12;15;0;6;1;129
cell;12;15;0;7;1;129
cell;12;15;0;8;1;129
cell;12;15;0;9;1;129
cell;12;15;1;-9;1;129
cell;12;15;1;-8;1;129
cell;12;15;1;-7;1;129
cell;12;15;1;-6;1;129
cell;12;15;1;-5;1;129
cell;12;15;1;4;1;129
cell;12;15;1;5;1;129
cell;12;15;1;6;1;129
cell;12;15;1;7;1;129
cell;12;15;1;8;1;129
cell;12;15;1;9;1;129
cell;12;15;2;-9;1;129
cell;12;15;2;-8;1;129
cell;12;15;2;-7;1;129
cell;12;15;2;-6;1;129
cell;12;15;2;-5;1;129
cell;12;15;2;4;1;129
cell;12;15;2;5;1;129
cell;12;15;2;6;1;129
cell;12;15;2;7;1;129
cell;12;15;2;8;1;129
cell;12;15;2;9;1;129
cell;12;15;3;-9;1;129
cell;12;15;3;-8;1;129
cell;12;15;3;-7;1;129
cell;12;15;3;-6;1;129
cell;12;15;3;-5;1;129
cell;12;15;3;4;1;129
cell;12;15;3;5;1;129
cell;12;15;3;6;1;129
cell;12;15;3;7;1;129
cell;12;15;3;8;1;129
cell;12;15;3;9;1;129
cell;12;15;4;-9;1;129
cell;12;15;4;-8;1;129
cell;12;15;4;-7;1;129
cell;12;15;4;-6;1;129
cell;12;15;4;-5;1;129
cell;12;15;4;4;1;129
cell;12;15;4;5;1;129
cell;12;15;4;6;1;129
cell;12;15;4;7;1;129
cell;12;15;4;8;1;129
cell;12;15;4;9;1;129
line;12;16;15;17;2;6;19
cell;12;16;0;-9;1;129
cell;12;16;0;-8;1;129
cell;12;16;0;-7;1;129
cell;12;16;0;-6;1;129
cell;12;16;0;-5;1;129
cell;12;16;0;4;1;129
cell;12;16;0;5;1;129
cell;12;16;0;6;1;129
cell;12;16;0;7;1;129
cell;12;16;0;8;1;129
cell;12;16;0;9;1;129
cell;12;16;1;-9;1;129
cell;12;16;1;-8;1;129
cell;12;16;1;-7;1;129
cell;12;16;1;-6;1;129
cell;12;16;1;-5;1;129
cell;12;16;1;-4;1;129
cell;12;16;1;3;1;129
cell;12;16;1;4;1;129
cell;12;16;1;5;1;129
cell;12;16;1;6;1;129
cell;12;16;1;7;1;129
cell;12;16;1;8;1;129
cell;12;16;1;9;1;129
cell;12;16;2;-9;1;129
cell;12;16;2;-8;1;129
cell;12;16;2;-7;1;129
cell;12;16;2;-6;1;129
cell;12;16;2;-5;1;129
cell;12;16;2;4;1;129
cell;12;16;2;5;1;129
cell;12;16;2;6;1;129
cell;12;16;2;7;1;129
cell;12;16;2;8;1;129
cell;12;16;2;9;1;129
cell;12;16;3;-9;1;129
cell;12;16;3;-8;1;129
cell;12;16;3;-7;1;129
cell;12;16;3;-6;1;129
cell;12;16;3;-5;1;129
cell;12;16;3;4;1;129
cell;12;16;3;5;1;129
cell;12;16;3;6;1;129
cell;12;16;3;7;1;129
cell;12;16;3;8;1;129
cell;12;16;3;9;1;129
cell;12;16;4;-9;1;129
cell;12;16;4;-8;1;129
cell;12;16;4;-7;1;129
cell;12;16;4;-6;1;129
cell;12;16;4;-5;1;129
cell;12;16;4;4;1;129
cell;12;16;4;5;1;129
cell;12;16;4;6;1;129
cell;12;16;4;7;1;129
cell;12;16;4;8;1;129
cell;12;16;4;9;1;129
cell;12;16;5;-9;1;129
cell;12;16;5;-8;1;129
cell;12;16;5;-7;1;129
cell;12;16;5;-6;1;129
cell;12;16;5;-5;1;129
cell;12;16;5;4;1;129
cell;12;16;5;5;1;129
cell;12;16;5;6;1;129
cell;12;16;5;7;1;129
cell;12;16;5;8;1;129
cell;12;16;5;9;1;129
area;13;338
point;13;0;13.500;0.000;25.500
point;13;1;15.500;14.000;7.500
point;13;2;15.500;0.000;25.500
line;13;0;0;1;4;25;3
cell;13;0;0;-1;1;129
cell;13;0;0;1;1;129
cell;13;0;23;-1;1;129
cell;13;0;23;0;1;129
cell;13;0;23;1;1;129
cell;13;0;24;-1;1;129
cell;13;0;24;0;1;129
cell;13;0;24;1;1;129
line;13;1;2;0;4;2;3
cell;13;1;0;-1;1;129
cell;13;1;0;0;1;129
cell;13;1;0;1;1;129
cell;13;1;1;-1;1;129
cell;13;1;1;1;1;129
area;14;339
point;14;0;17.500;12.000;23.500
point;14;1;16.500;0.000;8.500
point;14;2;24.000;6.625;16.500
point;14;3;14.500;0.000;8.500
line;14;0;2;0;2;10;3
cell;14;0;8;-1;1;129
cell;14;0;8;0;1;129
cell;14;0;8;1;1;129
cell;14;0;9;-1;1;129
cell;14;0;9;0;1;129
cell;14;0;9;1;1;129
line;14;1;1;2;2;12;3
cell;14;1;0;-1;1;129
cell;14;1;0;1;1;129
line;14;2;3;1;2;2;3
cell;14;2;0;-1;1;129
cell;14;2;0;0;1;129
cell;14;2;0;1;1;129
cell;14;2;1;-1;1;129
cell;14;2;1;1;1;129
area;15;340
point;15;0;15.500;0.000;22.500
point;15;1;15.500;10.625;9.500
point;15;2;9.500;5.000;16.500
point;15;3;17.500;0.000;22.500
line;15;0;2;1;4;10;3
cell;15;0;8;-1;1;129
cell;15;0;8;0;1;129
cell;15;0;8;1;1;129
cell;15;0;9;-1;1;129
cell;15;0;9;0;1;129
cell;15;0;9;1;1;129
line;15;1;0;2;4;9;3
cell;15;1;0;-1;1;129
cell;15;1;0;1;1;129
line;15;2;3;0;4;2;3
cell;15;2;0;-1;1;129
cell;15;2;0;0;1;129
cell;15;2;0;1;1;129
cell;15;2;1;-1;1;129
cell;15;2;1;1;1;129
area;16;341
point;16;0;15.500;0.000;10.500
point;16;1;21.500;9.000;15.500
point;16;2;21.625;6.875;16.500
point;16;3;13.500;0.000;10.500
point;16;4;16.500;12.000;21.000
line;16;0;0;2;2;10;3
cell;16;0;0;-1;1;129
cell;16;0;0;1;1;129
line;16;1;3;0;2;2;3
cell;16;1;0;-1;1;129
cell;16;1;0;0;1;129
cell;16;1;0;1;1;129
cell;16;1;1;-1;1;129
cell;16;1;1;1;1;129
line;16;2;2;4;2;8;3
cell;16;2;7;-1;1;129
cell;16;2;7;0;1;129
cell;16;2;7;1;1;129
