2;0;0;9;50;2;123;1;15;5;-1;-1;226;4
2;0;0;9;51;2;123;1;15;5;-1;-1;226;4
2;0;0;9;52;2;123;1;15;5;-1;-1;226;4
2;0;0;9;53;2;123;1;15;5;-1;-1;226;4
2;0;0;43;36;1;1;0;7;19;-1;-1;226;35
2;0;0;50;9;1;119;1;5;14;-1;-1;226;4
2;0;0;51;9;1;119;1;5;14;-1;-1;226;4
2;0;0;52;9;1;119;1;5;14;-1;-1;226;4
2;0;0;11;37;1;2;0;7;12;-1;-1;226;35
2;0;0;27;38;1;5;0;13;24;-1;-1;226;35
2;0;0;19;45;1;3;0;7;12;-1;-1;226;35
2;0;0;35;45;1;4;0;7;12;-1;-1;226;35
2;1;0;6;19;0;0;0;43;36;-1;-1;13;1
2;1;0;7;19;0;0;0;43;36;-1;-1;13;1
2;1;0;8;19;0;0;0;43;36;-1;-1;13;1
2;2;0;6;12;0;0;0;11;37;-1;-1;209;1
2;2;0;7;12;0;0;0;11;37;-1;-1;209;1
2;2;0;8;12;0;0;0;11;37;-1;-1;209;1
2;3;0;6;12;0;0;0;19;45;-1;-1;209;1
2;3;0;7;12;0;0;0;19;45;-1;-1;209;1
2;3;0;8;12;0;0;0;19;45;-1;-1;209;1
2;4;0;6;12;0;0;0;35;45;-1;-1;209;1
2;4;0;7;12;0;0;0;35;45;-1;-1;209;1
2;4;0;8;12;0;0;0;35;45;-1;-1;209;1
2;5;0;12;24;0;0;0;27;38;-1;-1;213;1
2;5;0;13;24;0;0;0;27;38;-1;-1;213;1
2;5;0;14;24;0;0;0;27;38;-1;-1;213;1
2;6;0;781;587;1;8;0;7;19;-1;-1;0;3
2;6;0;789;594;3;9;0;7;10;-1;-1;0;3
2;6;0;789;599;3;11;0;7;10;-1;-1;0;3
2;6;0;774;598;3;13;0;7;10;-1;-1;0;3
2;6;0;774;586;1;15;0;8;15;-1;-1;0;3
2;6;0;788;586;1;7;0;12;43;-1;-1;0;7
2;6;0;805;580;3;152;0;8;28;-1;-1;0;4
2;6;0;805;581;3;152;0;8;28;-1;-1;0;4
2;6;0;805;582;3;152;0;8;28;-1;-1;0;4
2;6;0;805;583;3;152;0;8;28;-1;-1;0;4
2;7;0;11;43;0;6;0;788;586;-1;-1;51;1
2;7;0;12;43;0;6;0;788;586;-1;-1;51;1
2;7;0;13;43;0;6;0;788;586;-1;-1;51;1
2;8;0;6;19;0;6;0;781;587;-1;-1;13;1
2;8;0;7;19;0;6;0;781;587;-1;-1;13;1
2;8;0;8;19;0;6;0;781;587;-1;-1;13;1
2;9;0;6;10;0;6;0;789;594;-1;-1;26;1
2;9;0;7;10;0;6;0;789;594;-1;-1;26;1
2;9;0;8;10;0;6;0;789;594;-1;-1;26;1
2;9;0;8;2;3;10;0;10;2;-1;-1;26;2
2;10;0;10;2;2;9;0;8;2;-1;-1;134;2
2;11;0;6;10;0;6;0;789;599;-1;-1;26;1
2;11;0;7;10;0;6;0;789;599;-1;-1;26;1
2;11;0;8;10;0;6;0;789;599;-1;-1;26;1
2;11;0;8;2;3;12;0;10;2;-1;-1;26;2
2;12;0;10;2;2;11;0;8;2;-1;-1;27;2
2;13;0;6;10;0;6;0;774;598;-1;-1;26;1
2;13;0;7;10;0;6;0;774;598;-1;-1;26;1
2;13;0;8;10;0;6;0;774;598;-1;-1;26;1
2;13;0;8;2;3;14;0;10;2;-1;-1;26;2
2;14;0;10;2;2;13;0;8;2;-1;-1;32;2
2;15;0;7;15;0;6;0;774;586;-1;-1;29;1
2;15;0;8;15;0;6;0;774;586;-1;-1;29;1
2;15;0;9;15;0;6;0;774;586;-1;-1;29;1
2;16;0;657;585;1;22;0;6;10;-1;-1;0;3
2;16;0;658;597;1;21;0;6;10;-1;-1;0;3
2;16;0;648;597;1;23;0;6;10;-1;-1;0;3
2;16;0;626;597;1;24;0;6;10;-1;-1;0;3
2;16;0;621;597;1;25;0;6;10;-1;-1;0;3
2;16;0;637;597;1;20;0;7;19;-1;-1;0;3
2;16;0;624;584;1;26;0;8;15;-1;-1;0;3
2;16;0;629;594;2;24;0;11;3;-1;-1;0;1
2;16;0;651;594;2;23;0;11;3;-1;-1;0;1
2;16;0;660;582;2;22;0;11;3;-1;-1;0;1
2;16;0;671;598;3;27;0;1;5;-1;-1;0;4
2;16;0;671;599;3;27;0;1;5;-1;-1;0;4
2;16;0;671;600;3;27;0;1;5;-1;-1;0;4
2;16;0;644;581;1;17;0;12;28;-1;-1;0;8
2;17;0;11;28;0;16;0;644;581;-1;-1;52;1
2;17;0;12;28;0;16;0;644;581;-1;-1;52;1
2;17;0;13;28;0;16;0;644;581;-1;-1;52;1
2;17;0;11;2;1;18;0;9;30;-1;-1;52;1
2;17;0;12;2;1;18;0;9;30;-1;-1;52;1
2;17;0;13;2;1;18;0;9;30;-1;-1;52;1
2;18;0;8;30;0;17;0;12;2;-1;-1;55;1
2;18;0;9;30;0;17;0;12;2;-1;-1;55;1
2;18;0;10;30;0;17;0;12;2;-1;-1;55;1
2;18;0;12;9;3;19;0;4;19;-1;-1;55;2
2;19;0;4;19;2;18;0;12;9;-1;-1;120;2
2;20;0;6;19;0;16;0;637;597;-1;-1;13;1
2;20;0;7;19;0;16;0;637;597;-1;-1;13;1
2;20;0;8;19;0;16;0;637;597;-1;-1;13;1
2;21;0;5;10;0;16;0;658;597;-1;-1;169;1
2;21;0;6;10;0;16;0;658;597;-1;-1;169;1
2;21;0;7;10;0;16;0;658;597;-1;-1;169;1
2;22;0;5;10;0;16;0;657;585;-1;-1;31;1
2;22;0;6;10;0;16;0;657;585;-1;-1;31;1
2;22;0;7;10;0;16;0;657;585;-1;-1;31;1
2;22;0;11;3;3;16;0;660;582;-1;-1;31;1
2;23;0;5;10;0;16;0;648;597;-1;-1;31;1
2;23;0;6;10;0;16;0;648;597;-1;-1;31;1
2;23;0;7;10;0;16;0;648;597;-1;-1;31;1
2;23;0;11;3;3;16;0;651;594;-1;-1;31;1
2;24;0;5;10;0;16;0;626;597;-1;-1;31;1
2;24;0;6;10;0;16;0;626;597;-1;-1;31;1
2;24;0;7;10;0;16;0;626;597;-1;-1;31;1
2;24;0;11;3;3;16;0;629;594;-1;-1;31;1
2;25;0;5;10;0;16;0;621;597;-1;-1;49;1
2;25;0;6;10;0;16;0;621;597;-1;-1;49;1
2;25;0;7;10;0;16;0;621;597;-1;-1;49;1
2;26;0;7;15;0;16;0;624;584;-1;-1;30;1
2;26;0;8;15;0;16;0;624;584;-1;-1;30;1
2;26;0;9;15;0;16;0;624;584;-1;-1;30;1
2;27;0;15;4;3;65;1;678;599;-1;-1;50;1
2;27;0;15;5;3;65;1;678;599;-1;-1;50;1
2;27;0;15;6;3;65;1;678;599;-1;-1;50;1
2;27;0;1;4;2;16;0;671;599;-1;-1;50;1
2;27;0;1;5;2;16;0;671;599;-1;-1;50;1
2;27;0;1;6;2;16;0;671;599;-1;-1;50;1
2;28;0;0;6;1;34;0;12;63;3;-1;132;36
2;28;0;1;6;1;34;0;12;63;3;-1;132;36
2;28;0;2;6;1;34;0;12;63;3;-1;132;36
2;28;0;3;6;1;34;0;12;63;3;-1;132;36
2;28;0;0;7;1;34;0;12;63;3;-1;132;36
2;28;0;1;7;1;34;0;12;63;3;-1;132;36
2;28;0;2;7;1;34;0;12;63;3;-1;132;36
2;28;0;3;7;1;34;0;12;63;3;-1;132;36
2;28;0;0;8;1;34;0;12;63;3;-1;132;36
2;28;0;1;8;1;34;0;12;63;3;-1;132;36
2;28;0;2;8;1;34;0;12;63;3;-1;132;36
2;28;0;3;8;1;34;0;12;63;3;-1;132;36
2;28;0;0;-7;0;40;0;1;16;2;-1;132;40
2;28;0;1;-7;0;40;0;1;16;2;-1;132;40
2;28;0;2;-7;0;40;0;1;16;2;-1;132;40
2;28;0;3;-7;0;40;0;1;16;2;-1;132;40
2;28;0;4;-7;0;40;0;1;16;2;-1;132;40
2;28;0;0;-6;0;40;0;1;16;2;-1;132;40
2;28;0;1;-6;0;40;0;1;16;2;-1;132;40
2;28;0;2;-6;0;40;0;1;16;2;-1;132;40
2;28;0;3;-6;0;40;0;1;16;2;-1;132;40
2;28;0;4;-6;0;40;0;1;16;2;-1;132;40
2;28;0;0;-5;0;40;0;1;16;2;-1;132;40
2;28;0;1;-5;0;40;0;1;16;2;-1;132;40
2;28;0;2;-5;0;40;0;1;16;2;-1;132;40
2;28;0;3;-5;0;40;0;1;16;2;-1;132;40
2;28;0;4;-5;0;40;0;1;16;2;-1;132;40
2;28;0;25;6;1;33;0;18;63;3;-1;132;36
2;28;0;26;6;1;33;0;18;63;3;-1;132;36
2;28;0;27;6;1;33;0;18;63;3;-1;132;36
2;28;0;28;6;1;33;0;18;63;3;-1;132;36
2;28;0;25;7;1;33;0;18;63;3;-1;132;36
2;28;0;26;7;1;33;0;18;63;3;-1;132;36
2;28;0;27;7;1;33;0;18;63;3;-1;132;36
2;28;0;28;7;1;33;0;18;63;3;-1;132;36
2;28;0;25;8;1;33;0;18;63;3;-1;132;36
2;28;0;26;8;1;33;0;18;63;3;-1;132;36
2;28;0;27;8;1;33;0;18;63;3;-1;132;36
2;28;0;28;8;1;33;0;18;63;3;-1;132;36
2;28;0;28;-7;0;39;0;17;3;2;-1;132;36
2;28;0;29;-7;0;39;0;17;3;2;-1;132;36
2;28;0;28;-6;0;39;0;17;3;2;-1;132;36
2;28;0;29;-6;0;39;0;17;3;2;-1;132;36
2;28;0;28;-5;0;39;0;17;3;2;-1;132;36
2;28;0;29;-5;0;39;0;17;3;2;-1;132;36
2;28;0;25;-6;0;38;0;18;1;3;-1;132;36
2;28;0;26;-6;0;38;0;18;1;3;-1;132;36
2;28;0;27;-6;0;38;0;18;1;3;-1;132;36
2;28;0;28;-6;0;38;0;18;1;3;-1;132;36
2;28;0;25;-5;0;38;0;18;1;3;-1;132;36
2;28;0;26;-5;0;38;0;18;1;3;-1;132;36
2;28;0;27;-5;0;38;0;18;1;3;-1;132;36
2;28;0;28;-5;0;38;0;18;1;3;-1;132;36
2;28;0;25;-4;0;38;0;18;1;3;-1;132;36
2;28;0;26;-4;0;38;0;18;1;3;-1;132;36
2;28;0;27;-4;0;38;0;18;1;3;-1;132;36
2;28;0;28;-4;0;38;0;18;1;3;-1;132;36
2;28;0;26;6;1;35;0;17;63;5;-1;132;36
2;28;0;27;6;1;35;0;17;63;5;-1;132;36
2;28;0;28;6;1;35;0;17;63;5;-1;132;36
2;28;0;26;7;1;35;0;17;63;5;-1;132;36
2;28;0;27;7;1;35;0;17;63;5;-1;132;36
2;28;0;28;7;1;35;0;17;63;5;-1;132;36
2;28;0;26;8;1;35;0;17;63;5;-1;132;36
2;28;0;27;8;1;35;0;17;63;5;-1;132;36
2;28;0;28;8;1;35;0;17;63;5;-1;132;36
2;28;0;20;-7;0;37;0;18;3;5;-1;132;36
2;28;0;21;-7;0;37;0;18;3;5;-1;132;36
2;28;0;22;-7;0;37;0;18;3;5;-1;132;36
2;28;0;23;-7;0;37;0;18;3;5;-1;132;36
2;28;0;24;-7;0;37;0;18;3;5;-1;132;36
2;28;0;25;-7;0;37;0;18;3;5;-1;132;36
2;28;0;26;-7;0;37;0;18;3;5;-1;132;36
2;28;0;27;-7;0;37;0;18;3;5;-1;132;36
2;28;0;28;-7;0;37;0;18;3;5;-1;132;36
2;28;0;20;-6;0;37;0;18;3;5;-1;132;36
2;28;0;21;-6;0;37;0;18;3;5;-1;132;36
2;28;0;22;-6;0;37;0;18;3;5;-1;132;36
2;28;0;23;-6;0;37;0;18;3;5;-1;132;36
2;28;0;24;-6;0;37;0;18;3;5;-1;132;36
2;28;0;25;-6;0;37;0;18;3;5;-1;132;36
2;28;0;26;-6;0;37;0;18;3;5;-1;132;36
2;28;0;27;-6;0;37;0;18;3;5;-1;132;36
2;28;0;28;-6;0;37;0;18;3;5;-1;132;36
2;28;0;20;-5;0;37;0;18;3;5;-1;132;36
2;28;0;21;-5;0;37;0;18;3;5;-1;132;36
2;28;0;22;-5;0;37;0;18;3;5;-1;132;36
2;28;0;23;-5;0;37;0;18;3;5;-1;132;36
2;28;0;24;-5;0;37;0;18;3;5;-1;132;36
2;28;0;25;-5;0;37;0;18;3;5;-1;132;36
2;28;0;26;-5;0;37;0;18;3;5;-1;132;36
2;28;0;27;-5;0;37;0;18;3;5;-1;132;36
2;28;0;28;-5;0;37;0;18;3;5;-1;132;36
2;28;0;25;6;1;31;0;16;63;4;-1;132;36
2;28;0;26;6;1;31;0;16;63;4;-1;132;36
2;28;0;27;6;1;31;0;16;63;4;-1;132;36
2;28;0;28;6;1;31;0;16;63;4;-1;132;36
2;28;0;29;6;1;31;0;16;63;4;-1;132;36
2;28;0;30;6;1;31;0;16;63;4;-1;132;36
2;28;0;25;7;1;31;0;16;63;4;-1;132;36
2;28;0;26;7;1;31;0;16;63;4;-1;132;36
2;28;0;27;7;1;31;0;16;63;4;-1;132;36
2;28;0;28;7;1;31;0;16;63;4;-1;132;36
2;28;0;29;7;1;31;0;16;63;4;-1;132;36
2;28;0;30;7;1;31;0;16;63;4;-1;132;36
2;28;0;25;8;1;31;0;16;63;4;-1;132;36
2;28;0;26;8;1;31;0;16;63;4;-1;132;36
2;28;0;27;8;1;31;0;16;63;4;-1;132;36
2;28;0;28;8;1;31;0;16;63;4;-1;132;36
2;28;0;29;8;1;31;0;16;63;4;-1;132;36
2;28;0;30;8;1;31;0;16;63;4;-1;132;36
2;28;0;25;-9;0;36;0;0;1;4;1;132;36
2;28;0;26;-9;0;36;0;0;1;4;1;132;36
2;28;0;27;-9;0;36;0;0;1;4;1;132;36
2;28;0;28;-9;0;36;0;0;1;4;1;132;36
2;28;0;29;-9;0;36;0;0;1;4;1;132;36
2;28;0;30;-9;0;36;0;0;1;4;1;132;36
2;28;0;25;-8;0;36;0;0;1;4;1;132;36
2;28;0;26;-8;0;36;0;0;1;4;1;132;36
2;28;0;27;-8;0;36;0;0;1;4;1;132;36
2;28;0;28;-8;0;36;0;0;1;4;1;132;36
2;28;0;29;-8;0;36;0;0;1;4;1;132;36
2;28;0;30;-8;0;36;0;0;1;4;1;132;36
2;28;0;25;-7;0;36;0;0;1;4;1;132;36
2;28;0;26;-7;0;36;0;0;1;4;1;132;36
2;28;0;27;-7;0;36;0;0;1;4;1;132;36
2;28;0;28;-7;0;36;0;0;1;4;1;132;36
2;28;0;29;-7;0;36;0;0;1;4;1;132;36
2;28;0;30;-7;0;36;0;0;1;4;1;132;36
2;28;0;1;-1;3;252;0;1;4;1;-1;132;4
2;28;0;2;-1;3;252;0;1;4;1;-1;132;4
2;28;0;3;-1;3;252;0;1;4;1;-1;132;4
2;28;0;1;0;3;252;0;1;4;1;-1;132;4
2;28;0;2;0;3;252;0;1;4;1;-1;132;4
2;28;0;3;0;3;252;0;1;4;1;-1;132;4
2;28;0;1;1;3;252;0;1;4;1;-1;132;4
2;28;0;2;1;3;252;0;1;4;1;-1;132;4
2;28;0;3;1;3;252;0;1;4;1;-1;132;4
2;28;0;1;2;3;252;0;1;4;1;-1;132;4
2;28;0;2;2;3;252;0;1;4;1;-1;132;4
2;28;0;3;2;3;252;0;1;4;1;-1;132;4
2;28;0;8;2;1;41;0;7;19;3;-1;132;36
2;28;0;7;3;1;41;0;7;19;3;-1;132;36
2;28;0;8;3;1;41;0;7;19;3;-1;132;36
2;28;0;9;3;1;41;0;7;19;3;-1;132;36
2;28;0;8;4;1;41;0;7;19;3;-1;132;36
2;28;0;9;3;1;44;0;7;12;5;-1;132;36
2;28;0;8;4;1;44;0;7;12;5;-1;132;36
2;28;0;9;4;1;44;0;7;12;5;-1;132;36
2;28;0;10;4;1;44;0;7;12;5;-1;132;36
2;28;0;9;5;1;44;0;7;12;5;-1;132;36
2;28;0;17;5;1;42;0;7;12;4;-1;132;36
2;28;0;16;6;1;42;0;7;12;4;-1;132;36
2;28;0;17;6;1;42;0;7;12;4;-1;132;36
2;28;0;18;6;1;42;0;7;12;4;-1;132;36
2;28;0;17;7;1;42;0;7;12;4;-1;132;36
2;28;0;25;6;1;34;0;19;63;2;-1;132;36
2;28;0;26;6;1;34;0;19;63;2;-1;132;36
2;28;0;27;6;1;34;0;19;63;2;-1;132;36
2;28;0;28;6;1;34;0;19;63;2;-1;132;36
2;28;0;29;6;1;34;0;19;63;2;-1;132;36
2;28;0;25;7;1;34;0;19;63;2;-1;132;36
2;28;0;26;7;1;34;0;19;63;2;-1;132;36
2;28;0;27;7;1;34;0;19;63;2;-1;132;36
2;28;0;28;7;1;34;0;19;63;2;-1;132;36
2;28;0;29;7;1;34;0;19;63;2;-1;132;36
2;28;0;25;8;1;34;0;19;63;2;-1;132;36
2;28;0;26;8;1;34;0;19;63;2;-1;132;36
2;28;0;27;8;1;34;0;19;63;2;-1;132;36
2;28;0;28;8;1;34;0;19;63;2;-1;132;36
2;28;0;29;8;1;34;0;19;63;2;-1;132;36
2;28;0;4;-7;0;40;0;1;10;1;-1;132;40
2;28;0;3;-6;0;40;0;1;10;1;-1;132;40
2;28;0;4;-6;0;40;0;1;10;1;-1;132;40
2;28;0;5;-6;0;40;0;1;10;1;-1;132;40
2;28;0;4;-5;0;40;0;1;10;1;-1;132;40
2;28;0;0;6;1;33;0;14;63;5;-1;132;36
2;28;0;1;6;1;33;0;14;63;5;-1;132;36
2;28;0;2;6;1;33;0;14;63;5;-1;132;36
2;28;0;0;7;1;33;0;14;63;5;-1;132;36
2;28;0;1;7;1;33;0;14;63;5;-1;132;36
2;28;0;2;7;1;33;0;14;63;5;-1;132;36
2;28;0;0;8;1;33;0;14;63;5;-1;132;36
2;28;0;1;8;1;33;0;14;63;5;-1;132;36
2;28;0;2;8;1;33;0;14;63;5;-1;132;36
2;28;0;0;-7;0;39;0;13;3;3;-1;132;36
2;28;0;1;-7;0;39;0;13;3;3;-1;132;36
2;28;0;2;-7;0;39;0;13;3;3;-1;132;36
2;28;0;3;-7;0;39;0;13;3;3;-1;132;36
2;28;0;0;-6;0;39;0;13;3;3;-1;132;36
2;28;0;1;-6;0;39;0;13;3;3;-1;132;36
2;28;0;2;-6;0;39;0;13;3;3;-1;132;36
2;28;0;3;-6;0;39;0;13;3;3;-1;132;36
2;28;0;0;-5;0;39;0;13;3;3;-1;132;36
2;28;0;1;-5;0;39;0;13;3;3;-1;132;36
2;28;0;2;-5;0;39;0;13;3;3;-1;132;36
2;28;0;3;-5;0;39;0;13;3;3;-1;132;36
2;28;0;0;-6;0;38;0;13;1;5;-1;132;36
2;28;0;1;-6;0;38;0;13;1;5;-1;132;36
2;28;0;2;-6;0;38;0;13;1;5;-1;132;36
2;28;0;3;-6;0;38;0;13;1;5;-1;132;36
2;28;0;4;-6;0;38;0;13;1;5;-1;132;36
2;28;0;0;-5;0;38;0;13;1;5;-1;132;36
2;28;0;1;-5;0;38;0;13;1;5;-1;132;36
2;28;0;2;-5;0;38;0;13;1;5;-1;132;36
2;28;0;3;-5;0;38;0;13;1;5;-1;132;36
2;28;0;4;-5;0;38;0;13;1;5;-1;132;36
2;28;0;0;-4;0;38;0;13;1;5;-1;132;36
2;28;0;1;-4;0;38;0;13;1;5;-1;132;36
2;28;0;2;-4;0;38;0;13;1;5;-1;132;36
2;28;0;3;-4;0;38;0;13;1;5;-1;132;36
2;28;0;4;-4;0;38;0;13;1;5;-1;132;36
2;28;0;0;6;1;35;0;14;63;4;-1;132;36
2;28;0;1;6;1;35;0;14;63;4;-1;132;36
2;28;0;2;6;1;35;0;14;63;4;-1;132;36
2;28;0;3;6;1;35;0;14;63;4;-1;132;36
2;28;0;0;7;1;35;0;14;63;4;-1;132;36
2;28;0;1;7;1;35;0;14;63;4;-1;132;36
2;28;0;2;7;1;35;0;14;63;4;-1;132;36
2;28;0;3;7;1;35;0;14;63;4;-1;132;36
2;28;0;0;8;1;35;0;14;63;4;-1;132;36
2;28;0;1;8;1;35;0;14;63;4;-1;132;36
2;28;0;2;8;1;35;0;14;63;4;-1;132;36
2;28;0;3;8;1;35;0;14;63;4;-1;132;36
2;28;0;0;-7;0;37;0;14;3;4;-1;132;36
2;28;0;-1;-6;0;37;0;14;3;4;-1;132;36
2;28;0;0;-6;0;37;0;14;3;4;-1;132;36
2;28;0;1;-6;0;37;0;14;3;4;-1;132;36
2;28;0;0;-5;0;37;0;14;3;4;-1;132;36
2;29;0;31;48;0;31;0;25;48;-1;-1;56;1
2;29;0;32;48;0;31;0;25;48;-1;-1;56;1
2;29;0;33;48;0;31;0;25;48;-1;-1;56;1
2;30;0;13;0;1;32;0;16;63;-1;-1;1;36
2;30;0;14;0;1;32;0;16;63;-1;-1;1;36
2;30;0;15;0;1;32;0;16;63;-1;-1;1;36
2;30;0;16;0;1;32;0;16;63;-1;-1;1;36
2;30;0;17;0;1;32;0;16;63;-1;-1;1;36
2;30;0;18;0;1;32;0;16;63;-1;-1;1;36
2;30;0;4;-3;0;31;0;16;16;1;-1;1;36
2;30;0;5;-3;0;31;0;16;16;1;-1;1;36
2;30;0;6;-3;0;31;0;16;16;1;-1;1;36
2;30;0;4;-2;0;31;0;16;16;1;-1;1;36
2;30;0;5;-2;0;31;0;16;16;1;-1;1;36
2;30;0;6;-2;0;31;0;16;16;1;-1;1;36
2;30;0;4;-1;0;31;0;16;16;1;-1;1;36
2;30;0;5;-1;0;31;0;16;16;1;-1;1;36
2;30;0;6;-1;0;31;0;16;16;1;-1;1;36
2;30;0;4;0;0;31;0;16;16;1;-1;1;36
2;30;0;5;0;0;31;0;16;16;1;-1;1;36
2;30;0;6;0;0;31;0;16;16;1;-1;1;36
2;30;0;4;1;0;31;0;16;16;1;-1;1;36
2;30;0;5;1;0;31;0;16;16;1;-1;1;36
2;30;0;6;1;0;31;0;16;16;1;-1;1;36
2;30;0;4;2;0;31;0;16;16;1;-1;1;36
2;30;0;5;2;0;31;0;16;16;1;-1;1;36
2;30;0;6;2;0;31;0;16;16;1;-1;1;36
2;30;0;4;3;0;31;0;16;16;1;-1;1;36
2;30;0;5;3;0;31;0;16;16;1;-1;1;36
2;30;0;6;3;0;31;0;16;16;1;-1;1;36
2;30;0;4;4;0;31;0;16;16;1;-1;1;36
2;30;0;5;4;0;31;0;16;16;1;-1;1;36
2;30;0;6;4;0;31;0;16;16;1;-1;1;36
2;30;0;5;-1;0;35;0;17;29;3;-1;1;36
2;30;0;6;-1;0;35;0;17;29;3;-1;1;36
2;30;0;7;-1;0;35;0;17;29;3;-1;1;36
2;30;0;5;0;0;35;0;17;29;3;-1;1;36
2;30;0;6;0;0;35;0;17;29;3;-1;1;36
2;30;0;7;0;0;35;0;17;29;3;-1;1;36
2;30;0;5;1;0;35;0;17;29;3;-1;1;36
2;30;0;6;1;0;35;0;17;29;3;-1;1;36
2;30;0;7;1;0;35;0;17;29;3;-1;1;36
2;30;0;5;-2;0;33;0;16;16;5;-1;1;36
2;30;0;6;-2;0;33;0;16;16;5;-1;1;36
2;30;0;7;-2;0;33;0;16;16;5;-1;1;36
2;30;0;5;-1;0;33;0;16;16;5;-1;1;36
2;30;0;6;-1;0;33;0;16;16;5;-1;1;36
2;30;0;7;-1;0;33;0;16;16;5;-1;1;36
2;30;0;5;0;0;33;0;16;16;5;-1;1;36
2;30;0;6;0;0;33;0;16;16;5;-1;1;36
2;30;0;7;0;0;33;0;16;16;5;-1;1;36
2;30;0;5;1;0;33;0;16;16;5;-1;1;36
2;30;0;6;1;0;33;0;16;16;5;-1;1;36
2;30;0;7;1;0;33;0;16;16;5;-1;1;36
2;30;0;5;2;0;33;0;16;16;5;-1;1;36
2;30;0;6;2;0;33;0;16;16;5;-1;1;36
2;30;0;7;2;0;33;0;16;16;5;-1;1;36
2;30;0;4;-4;0;34;0;16;16;7;-1;1;36
2;30;0;5;-4;0;34;0;16;16;7;-1;1;36
2;30;0;6;-4;0;34;0;16;16;7;-1;1;36
2;30;0;4;-3;0;34;0;16;16;7;-1;1;36
2;30;0;5;-3;0;34;0;16;16;7;-1;1;36
2;30;0;6;-3;0;34;0;16;16;7;-1;1;36
2;30;0;4;-2;0;34;0;16;16;7;-1;1;36
2;30;0;5;-2;0;34;0;16;16;7;-1;1;36
2;30;0;6;-2;0;34;0;16;16;7;-1;1;36
2;30;0;4;-1;0;34;0;16;16;7;-1;1;36
2;30;0;5;-1;0;34;0;16;16;7;-1;1;36
2;30;0;6;-1;0;34;0;16;16;7;-1;1;36
2;30;0;4;0;0;34;0;16;16;7;-1;1;36
2;30;0;5;0;0;34;0;16;16;7;-1;1;36
2;30;0;6;0;0;34;0;16;16;7;-1;1;36
2;30;0;4;1;0;34;0;16;16;7;-1;1;36
2;30;0;5;1;0;34;0;16;16;7;-1;1;36
2;30;0;6;1;0;34;0;16;16;7;-1;1;36
2;30;0;4;2;0;34;0;16;16;7;-1;1;36
2;30;0;5;2;0;34;0;16;16;7;-1;1;36
2;30;0;6;2;0;34;0;16;16;7;-1;1;36
2;30;0;4;3;0;34;0;16;16;7;-1;1;36
2;30;0;5;3;0;34;0;16;16;7;-1;1;36
2;30;0;6;3;0;34;0;16;16;7;-1;1;36
2;30;0;4;4;0;34;0;16;16;7;-1;1;36
2;30;0;5;4;0;34;0;16;16;7;-1;1;36
2;30;0;6;4;0;34;0;16;16;7;-1;1;36
2;31;0;9;16;1;30;0;5;1;-1;1;2;36
2;31;0;10;16;1;30;0;5;1;-1;1;2;36
2;31;0;11;16;1;30;0;5;1;-1;1;2;36
2;31;0;12;16;1;30;0;5;1;-1;1;2;36
2;31;0;13;16;1;30;0;5;1;-1;1;2;36
2;31;0;14;16;1;30;0;5;1;-1;1;2;36
2;31;0;15;16;1;30;0;5;1;-1;1;2;36
2;31;0;16;16;1;30;0;5;1;-1;1;2;36
2;31;0;17;16;1;30;0;5;1;-1;1;2;36
2;31;0;18;16;1;30;0;5;1;-1;1;2;36
2;31;0;19;16;1;30;0;5;1;-1;1;2;36
2;31;0;20;16;1;30;0;5;1;-1;1;2;36
2;31;0;21;16;1;30;0;5;1;-1;1;2;36
2;31;0;22;16;1;30;0;5;1;-1;1;2;36
2;31;0;9;63;0;28;0;28;7;-1;4;2;36
2;31;0;10;63;0;28;0;28;7;-1;4;2;36
2;31;0;11;63;0;28;0;28;7;-1;4;2;36
2;31;0;12;63;0;28;0;28;7;-1;4;2;36
2;31;0;13;63;0;28;0;28;7;-1;4;2;36
2;31;0;14;63;0;28;0;28;7;-1;4;2;36
2;31;0;15;63;0;28;0;28;7;-1;4;2;36
2;31;0;16;63;0;28;0;28;7;-1;4;2;36
2;31;0;17;63;0;28;0;28;7;-1;4;2;36
2;31;0;18;63;0;28;0;28;7;-1;4;2;36
2;31;0;19;63;0;28;0;28;7;-1;4;2;36
2;31;0;20;63;0;28;0;28;7;-1;4;2;36
2;31;0;21;63;0;28;0;28;7;-1;4;2;36
2;31;0;22;63;0;28;0;28;7;-1;4;2;36
2;31;0;25;48;3;29;0;32;48;-1;-1;2;3
2;31;0;6;32;2;56;0;7;12;-1;-1;2;3
2;31;0;6;33;2;56;0;7;12;-1;-1;2;3
2;31;0;6;34;2;56;0;7;12;-1;-1;2;3
2;32;0;13;16;1;51;0;5;14;-1;-1;3;36
2;32;0;14;16;1;51;0;5;14;-1;-1;3;36
2;32;0;15;16;1;51;0;5;14;-1;-1;3;36
2;32;0;16;16;1;51;0;5;14;-1;-1;3;36
2;32;0;17;16;1;51;0;5;14;-1;-1;3;36
2;32;0;18;16;1;51;0;5;14;-1;-1;3;36
2;32;0;10;42;2;49;0;7;12;-1;-1;3;3
2;32;0;21;36;3;58;0;7;12;-1;-1;3;3
2;32;0;21;43;3;60;0;7;12;-1;-1;3;3
2;32;0;12;63;0;30;0;16;0;-1;-1;3;36
2;32;0;13;63;0;30;0;16;0;-1;-1;3;36
2;32;0;14;63;0;30;0;16;0;-1;-1;3;36
2;32;0;15;63;0;30;0;16;0;-1;-1;3;36
2;32;0;16;63;0;30;0;16;0;-1;-1;3;36
2;32;0;17;63;0;30;0;16;0;-1;-1;3;36
2;32;0;18;63;0;30;0;16;0;-1;-1;3;36
2;32;0;19;63;0;30;0;16;0;-1;-1;3;36
2;33;0;12;63;0;28;0;1;7;-1;5;4;36
2;33;0;13;63;0;28;0;1;7;-1;5;4;36
2;33;0;14;63;0;28;0;1;7;-1;5;4;36
2;33;0;15;63;0;28;0;1;7;-1;5;4;36
2;33;0;22;40;3;43;0;9;12;-1;-1;4;3
2;33;0;12;16;1;30;0;6;0;-1;5;4;36
2;33;0;13;16;1;30;0;6;0;-1;5;4;36
2;33;0;14;16;1;30;0;6;0;-1;5;4;36
2;33;0;15;16;1;30;0;6;0;-1;5;4;36
2;33;0;16;16;1;30;0;6;0;-1;5;4;36
2;33;0;17;16;1;30;0;6;0;-1;5;4;36
2;33;0;18;16;1;30;0;6;0;-1;5;4;36
2;33;0;19;16;1;30;0;6;0;-1;5;4;36
2;33;0;16;63;0;28;0;27;7;-1;3;4;36
2;33;0;17;63;0;28;0;27;7;-1;3;4;36
2;33;0;18;63;0;28;0;27;7;-1;3;4;36
2;33;0;19;63;0;28;0;27;7;-1;3;4;36
2;34;0;9;63;0;28;0;2;7;-1;3;5;36
2;34;0;10;63;0;28;0;2;7;-1;3;5;36
2;34;0;11;63;0;28;0;2;7;-1;3;5;36
2;34;0;12;63;0;28;0;2;7;-1;3;5;36
2;34;0;13;63;0;28;0;2;7;-1;3;5;36
2;34;0;14;63;0;28;0;2;7;-1;3;5;36
2;34;0;25;46;3;47;0;7;12;-1;-1;5;3
2;34;0;25;47;3;47;0;7;12;-1;-1;5;3
2;34;0;25;48;3;47;0;7;12;-1;-1;5;3
2;34;0;7;32;2;54;0;7;12;-1;-1;5;3
2;34;0;7;33;2;54;0;7;12;-1;-1;5;3
2;34;0;7;34;2;54;0;7;12;-1;-1;5;3
2;34;0;9;16;1;30;0;5;0;-1;7;5;36
2;34;0;10;16;1;30;0;5;0;-1;7;5;36
2;34;0;11;16;1;30;0;5;0;-1;7;5;36
2;34;0;12;16;1;30;0;5;0;-1;7;5;36
2;34;0;13;16;1;30;0;5;0;-1;7;5;36
2;34;0;14;16;1;30;0;5;0;-1;7;5;36
2;34;0;15;16;1;30;0;5;0;-1;7;5;36
2;34;0;16;16;1;30;0;5;0;-1;7;5;36
2;34;0;17;16;1;30;0;5;0;-1;7;5;36
2;34;0;18;16;1;30;0;5;0;-1;7;5;36
2;34;0;19;16;1;30;0;5;0;-1;7;5;36
2;34;0;20;16;1;30;0;5;0;-1;7;5;36
2;34;0;21;16;1;30;0;5;0;-1;7;5;36
2;34;0;22;16;1;30;0;5;0;-1;7;5;36
2;34;0;15;63;0;28;0;27;7;-1;2;5;36
2;34;0;16;63;0;28;0;27;7;-1;2;5;36
2;34;0;17;63;0;28;0;27;7;-1;2;5;36
2;34;0;18;63;0;28;0;27;7;-1;2;5;36
2;34;0;19;63;0;28;0;27;7;-1;2;5;36
2;34;0;20;63;0;28;0;27;7;-1;2;5;36
2;34;0;21;63;0;28;0;27;7;-1;2;5;36
2;34;0;22;63;0;28;0;27;7;-1;2;5;36
2;35;0;13;63;0;28;0;2;7;-1;4;6;36
2;35;0;14;63;0;28;0;2;7;-1;4;6;36
2;35;0;15;63;0;28;0;2;7;-1;4;6;36
2;35;0;20;46;3;53;0;5;10;-1;-1;6;3
2;35;0;15;29;1;30;0;6;0;-1;3;6;36
2;35;0;16;29;1;30;0;6;0;-1;3;6;36
2;35;0;17;29;1;30;0;6;0;-1;3;6;36
2;35;0;18;29;1;30;0;6;0;-1;3;6;36
2;35;0;16;63;0;28;0;27;7;-1;5;6;36
2;35;0;17;63;0;28;0;27;7;-1;5;6;36
2;35;0;18;63;0;28;0;27;7;-1;5;6;36
2;36;0;-1;-2;1;28;0;28;-8;1;4;7;36
2;36;0;0;-2;1;28;0;28;-8;1;4;7;36
2;36;0;1;-2;1;28;0;28;-8;1;4;7;36
2;36;0;-1;-1;1;28;0;28;-8;1;4;7;36
2;36;0;0;-1;1;28;0;28;-8;1;4;7;36
2;36;0;1;-1;1;28;0;28;-8;1;4;7;36
2;36;0;-1;0;1;28;0;28;-8;1;4;7;36
2;36;0;0;0;1;28;0;28;-8;1;4;7;36
2;36;0;1;0;1;28;0;28;-8;1;4;7;36
2;36;0;-1;1;1;28;0;28;-8;1;4;7;36
2;36;0;0;1;1;28;0;28;-8;1;4;7;36
2;36;0;1;1;1;28;0;28;-8;1;4;7;36
2;36;0;-1;2;1;28;0;28;-8;1;4;7;36
2;36;0;0;2;1;28;0;28;-8;1;4;7;36
2;36;0;1;2;1;28;0;28;-8;1;4;7;36
2;36;0;-1;3;1;28;0;28;-8;1;4;7;36
2;36;0;0;3;1;28;0;28;-8;1;4;7;36
2;36;0;1;3;1;28;0;28;-8;1;4;7;36
2;37;0;14;3;1;28;0;0;-6;-1;4;8;36
2;37;0;15;3;1;28;0;24;-6;-1;5;8;36
2;37;0;16;3;1;28;0;24;-6;-1;5;8;36
2;37;0;17;3;1;28;0;24;-6;-1;5;8;36
2;37;0;18;3;1;28;0;24;-6;-1;5;8;36
2;37;0;19;3;1;28;0;24;-6;-1;5;8;36
2;37;0;20;3;1;28;0;24;-6;-1;5;8;36
2;37;0;21;3;1;28;0;24;-6;-1;5;8;36
2;38;0;11;1;1;28;0;2;-5;-1;5;9;36
2;38;0;12;1;1;28;0;2;-5;-1;5;9;36
2;38;0;13;1;1;28;0;2;-5;-1;5;9;36
2;38;0;14;1;1;28;0;2;-5;-1;5;9;36
2;38;0;15;1;1;28;0;2;-5;-1;5;9;36
2;38;0;16;1;1;28;0;27;-5;-1;3;9;36
2;38;0;17;1;1;28;0;27;-5;-1;3;9;36
2;38;0;18;1;1;28;0;27;-5;-1;3;9;36
2;38;0;19;1;1;28;0;27;-5;-1;3;9;36
2;38;0;20;1;1;28;0;27;-5;-1;3;9;36
2;39;0;10;3;1;28;0;2;-6;-1;3;10;36
2;39;0;11;3;1;28;0;2;-6;-1;3;10;36
2;39;0;12;3;1;28;0;2;-6;-1;3;10;36
2;39;0;13;3;1;28;0;2;-6;-1;3;10;36
2;39;0;14;3;1;28;0;2;-6;-1;3;10;36
2;39;0;15;3;1;28;0;2;-6;-1;3;10;36
2;39;0;16;3;1;28;0;29;-6;-1;2;10;36
2;39;0;17;3;1;28;0;29;-6;-1;2;10;36
2;39;0;18;3;1;28;0;29;-6;-1;2;10;36
2;40;0;1;9;2;28;0;4;-6;-1;1;11;36
2;40;0;1;10;2;28;0;4;-6;-1;1;11;36
2;40;0;1;11;2;28;0;4;-6;-1;1;11;36
2;40;0;1;12;2;28;0;2;-6;-1;2;11;36
2;40;0;1;13;2;28;0;2;-6;-1;2;11;36
2;40;0;1;14;2;28;0;2;-6;-1;2;11;36
2;40;0;1;15;2;28;0;2;-6;-1;2;11;36
2;40;0;1;16;2;28;0;2;-6;-1;2;11;36
2;40;0;1;17;2;28;0;2;-6;-1;2;11;36
2;40;0;1;18;2;28;0;2;-6;-1;2;11;36
2;40;0;1;19;2;28;0;2;-6;-1;2;11;36
2;41;0;6;19;0;28;0;8;3;-1;3;13;1
2;41;0;7;19;0;28;0;8;3;-1;3;13;1
2;41;0;8;19;0;28;0;8;3;-1;3;13;1
2;42;0;6;12;0;28;0;17;6;-1;4;177;1
2;42;0;7;12;0;28;0;17;6;-1;4;177;1
2;42;0;8;12;0;28;0;17;6;-1;4;177;1
2;43;0;8;12;0;33;0;22;40;-1;-1;48;1
2;43;0;9;12;0;33;0;22;40;-1;-1;48;1
2;43;0;10;12;0;33;0;22;40;-1;-1;48;1
2;44;0;6;12;0;28;0;9;4;-1;5;33;1
2;44;0;7;12;0;28;0;9;4;-1;5;33;1
2;44;0;8;12;0;28;0;9;4;-1;5;33;1
2;47;0;6;12;0;34;0;25;47;-1;-1;243;1
2;47;0;7;12;0;34;0;25;47;-1;-1;243;1
2;47;0;8;12;0;34;0;25;47;-1;-1;243;1
2;49;0;6;12;0;32;0;10;42;-1;-1;33;1
2;49;0;7;12;0;32;0;10;42;-1;-1;33;1
2;49;0;8;12;0;32;0;10;42;-1;-1;33;1
2;51;0;4;14;0;32;0;16;16;-1;-1;139;1
2;51;0;5;14;0;32;0;16;16;-1;-1;139;1
2;51;0;6;14;0;32;0;16;16;-1;-1;139;1
2;51;0;4;1;1;70;1;430;599;-1;-1;139;1
2;51;0;5;1;1;70;1;430;599;-1;-1;139;1
2;51;0;6;1;1;70;1;430;599;-1;-1;139;1
2;52;0;8;24;1;52;0;111;7;-1;-1;179;3
2;52;0;9;7;1;52;0;105;23;-1;-1;179;3
2;52;0;14;14;1;52;0;73;7;-1;-1;179;3
2;52;0;19;14;1;52;0;79;7;-1;-1;179;3
2;52;0;19;4;1;52;0;73;23;-1;-1;179;3
2;52;0;24;4;1;52;0;79;23;-1;-1;179;3
2;52;0;24;24;1;52;0;118;23;-1;-1;179;3
2;52;0;34;24;1;52;0;131;23;-1;-1;179;3
2;52;0;44;24;1;52;0;144;23;-1;-1;179;3
2;52;0;34;10;1;52;0;124;7;-1;-1;179;3
2;52;0;40;14;1;52;0;92;7;-1;-1;179;3
2;52;0;45;14;1;52;0;98;7;-1;-1;179;3
2;52;0;41;1;1;52;0;137;7;-1;-1;179;3
2;52;0;50;4;1;52;0;150;7;-1;-1;179;3
2;52;0;72;7;0;52;0;14;14;-1;-1;179;1
2;52;0;73;7;0;52;0;14;14;-1;-1;179;1
2;52;0;74;7;0;52;0;14;14;-1;-1;179;1
2;52;0;72;23;0;52;0;19;4;-1;-1;179;1
2;52;0;73;23;0;52;0;19;4;-1;-1;179;1
2;52;0;74;23;0;52;0;19;4;-1;-1;179;1
2;52;0;78;23;0;52;0;24;4;-1;-1;179;1
2;52;0;79;23;0;52;0;24;4;-1;-1;179;1
2;52;0;80;23;0;52;0;24;4;-1;-1;179;1
2;52;0;78;7;0;52;0;19;14;-1;-1;179;1
2;52;0;79;7;0;52;0;19;14;-1;-1;179;1
2;52;0;80;7;0;52;0;19;14;-1;-1;179;1
2;52;0;91;7;0;52;0;40;14;-1;-1;179;1
2;52;0;92;7;0;52;0;40;14;-1;-1;179;1
2;52;0;93;7;0;52;0;40;14;-1;-1;179;1
2;52;0;97;7;0;52;0;45;14;-1;-1;179;1
2;52;0;98;7;0;52;0;45;14;-1;-1;179;1
2;52;0;99;7;0;52;0;45;14;-1;-1;179;1
2;52;0;110;7;0;52;0;8;24;-1;-1;179;1
2;52;0;111;7;0;52;0;8;24;-1;-1;179;1
2;52;0;112;7;0;52;0;8;24;-1;-1;179;1
2;52;0;104;23;0;52;0;9;7;-1;-1;179;1
2;52;0;105;23;0;52;0;9;7;-1;-1;179;1
2;52;0;106;23;0;52;0;9;7;-1;-1;179;1
2;52;0;117;23;0;52;0;24;24;-1;-1;179;1
2;52;0;118;23;0;52;0;24;24;-1;-1;179;1
2;52;0;119;23;0;52;0;24;24;-1;-1;179;1
2;52;0;123;7;0;52;0;34;10;-1;-1;179;1
2;52;0;124;7;0;52;0;34;10;-1;-1;179;1
2;52;0;125;7;0;52;0;34;10;-1;-1;179;1
2;52;0;130;23;0;52;0;34;24;-1;-1;179;1
2;52;0;131;23;0;52;0;34;24;-1;-1;179;1
2;52;0;132;23;0;52;0;34;24;-1;-1;179;1
2;52;0;136;7;0;52;0;41;1;-1;-1;179;1
2;52;0;137;7;0;52;0;41;1;-1;-1;179;1
2;52;0;138;7;0;52;0;41;1;-1;-1;179;1
2;52;0;143;23;0;52;0;44;24;-1;-1;179;1
2;52;0;144;23;0;52;0;44;24;-1;-1;179;1
2;52;0;145;23;0;52;0;44;24;-1;-1;179;1
2;52;0;149;7;0;52;0;50;4;-1;-1;179;1
2;52;0;150;7;0;52;0;50;4;-1;-1;179;1
2;52;0;151;7;0;52;0;50;4;-1;-1;179;1
2;52;0;4;14;1;52;0;92;23;-1;-1;179;3
2;52;0;91;23;0;52;0;4;14;-1;-1;179;1
2;52;0;92;23;0;52;0;4;14;-1;-1;179;1
2;52;0;93;23;0;52;0;4;14;-1;-1;179;1
2;53;0;4;10;0;35;0;20;46;-1;-1;192;1
2;53;0;5;10;0;35;0;20;46;-1;-1;192;1
2;53;0;6;10;0;35;0;20;46;-1;-1;192;1
2;54;0;6;12;0;34;0;7;33;-1;-1;33;1
2;54;0;7;12;0;34;0;7;33;-1;-1;33;1
2;54;0;8;12;0;34;0;7;33;-1;-1;33;1
2;56;0;6;12;0;31;0;6;33;-1;-1;33;1
2;56;0;7;12;0;31;0;6;33;-1;-1;33;1
2;56;0;8;12;0;31;0;6;33;-1;-1;33;1
2;58;0;6;12;0;32;0;21;36;-1;-1;33;1
2;58;0;7;12;0;32;0;21;36;-1;-1;33;1
2;58;0;8;12;0;32;0;21;36;-1;-1;33;1
2;60;0;6;12;0;32;0;21;43;-1;-1;33;1
2;60;0;7;12;0;32;0;21;43;-1;-1;33;1
2;60;0;8;12;0;32;0;21;43;-1;-1;33;1
2;62;0;429;479;0;90;0;5;1;-1;-1;0;4
2;62;0;430;479;0;90;0;5;1;-1;-1;0;4
2;62;0;431;479;0;90;0;5;1;-1;-1;0;4
2;62;0;384;437;2;91;0;15;5;-1;-1;0;4
2;62;0;384;438;2;91;0;15;5;-1;-1;0;4
2;62;0;384;439;2;91;0;15;5;-1;-1;0;4
2;62;0;447;437;3;92;0;1;5;-1;-1;0;4
2;62;0;447;438;3;92;0;1;5;-1;-1;0;4
2;62;0;447;439;3;92;0;1;5;-1;-1;0;4
2;62;0;411;433;1;79;0;11;19;-1;-1;0;10
2;62;0;436;460;3;64;0;9;14;-1;-1;0;4
2;62;0;436;461;3;64;0;9;14;-1;-1;0;4
2;62;0;436;462;3;64;0;9;14;-1;-1;0;4
2;62;0;436;463;3;64;0;9;14;-1;-1;0;4
2;62;0;436;464;3;64;0;9;14;-1;-1;0;4
2;62;0;406;467;1;65;0;7;19;-1;-1;0;3
2;62;0;433;433;1;77;0;14;20;-1;-1;0;11
2;62;0;422;458;1;66;0;0;0;-1;5;0;12
2;62;0;399;455;1;88;0;7;10;-1;-1;0;3
2;62;0;393;433;1;84;0;11;19;-1;-1;0;9
2;62;0;406;455;1;94;0;7;10;-1;-1;0;3
2;62;0;399;467;1;93;0;7;13;-1;-1;0;3
2;63;0;13;45;0;64;0;39;10;-1;-1;57;1
2;63;0;14;45;0;64;0;39;10;-1;-1;57;1
2;63;0;15;45;0;64;0;39;10;-1;-1;57;1
2;64;0;9;12;2;62;0;436;462;-1;-1;107;4
2;64;0;9;13;2;62;0;436;462;-1;-1;107;4
2;64;0;9;14;2;62;0;436;462;-1;-1;107;4
2;64;0;9;15;2;62;0;436;462;-1;-1;107;4
2;64;0;39;10;1;63;0;14;45;-1;-1;107;4
2;65;0;6;19;0;62;0;406;467;-1;-1;13;1
2;65;0;7;19;0;62;0;406;467;-1;-1;13;1
2;65;0;8;19;0;62;0;406;467;-1;-1;13;1
2;66;0;9;-5;3;67;0;2;12;3;-1;101;4
2;66;0;10;-5;3;67;0;2;12;3;-1;101;4
2;66;0;11;-5;3;67;0;2;12;3;-1;101;4
2;66;0;9;-4;3;67;0;2;12;3;-1;101;4
2;66;0;10;-4;3;67;0;2;12;3;-1;101;4
2;66;0;11;-4;3;67;0;2;12;3;-1;101;4
2;66;0;9;-3;3;67;0;2;12;3;-1;101;4
2;66;0;10;-3;3;67;0;2;12;3;-1;101;4
2;66;0;11;-3;3;67;0;2;12;3;-1;101;4
2;66;0;2;-5;3;68;0;2;12;3;-1;101;4
2;66;0;3;-5;3;68;0;2;12;3;-1;101;4
2;66;0;4;-5;3;68;0;2;12;3;-1;101;4
2;66;0;2;-4;3;68;0;2;12;3;-1;101;4
2;66;0;3;-4;3;68;0;2;12;3;-1;101;4
2;66;0;4;-4;3;68;0;2;12;3;-1;101;4
2;66;0;2;-3;3;68;0;2;12;3;-1;101;4
2;66;0;3;-3;3;68;0;2;12;3;-1;101;4
2;66;0;4;-3;3;68;0;2;12;3;-1;101;4
2;66;0;12;-5;3;69;0;2;12;1;-1;101;4
2;66;0;13;-5;3;69;0;2;12;1;-1;101;4
2;66;0;14;-5;3;69;0;2;12;1;-1;101;4
2;66;0;12;-4;3;69;0;2;12;1;-1;101;4
2;66;0;13;-4;3;69;0;2;12;1;-1;101;4
2;66;0;14;-4;3;69;0;2;12;1;-1;101;4
2;66;0;12;-3;3;69;0;2;12;1;-1;101;4
2;66;0;13;-3;3;69;0;2;12;1;-1;101;4
2;66;0;14;-3;3;69;0;2;12;1;-1;101;4
2;66;0;6;-5;3;70;0;2;12;1;-1;101;4
2;66;0;7;-5;3;70;0;2;12;1;-1;101;4
2;66;0;8;-5;3;70;0;2;12;1;-1;101;4
2;66;0;6;-4;3;70;0;2;12;1;-1;101;4
2;66;0;7;-4;3;70;0;2;12;1;-1;101;4
2;66;0;8;-4;3;70;0;2;12;1;-1;101;4
2;66;0;6;-3;3;70;0;2;12;1;-1;101;4
2;66;0;7;-3;3;70;0;2;12;1;-1;101;4
2;66;0;8;-3;3;70;0;2;12;1;-1;101;4
2;66;0;12;-5;3;71;0;2;12;2;-1;101;4
2;66;0;13;-5;3;71;0;2;12;2;-1;101;4
2;66;0;14;-5;3;71;0;2;12;2;-1;101;4
2;66;0;12;-4;3;71;0;2;12;2;-1;101;4
2;66;0;13;-4;3;71;0;2;12;2;-1;101;4
2;66;0;14;-4;3;71;0;2;12;2;-1;101;4
2;66;0;12;-3;3;71;0;2;12;2;-1;101;4
2;66;0;13;-3;3;71;0;2;12;2;-1;101;4
2;66;0;14;-3;3;71;0;2;12;2;-1;101;4
2;66;0;3;-5;3;72;0;2;12;0;-1;101;4
2;66;0;4;-5;3;72;0;2;12;0;-1;101;4
2;66;0;5;-5;3;72;0;2;12;0;-1;101;4
2;66;0;3;-4;3;72;0;2;12;0;-1;101;4
2;66;0;4;-4;3;72;0;2;12;0;-1;101;4
2;66;0;5;-4;3;72;0;2;12;0;-1;101;4
2;66;0;3;-3;3;72;0;2;12;0;-1;101;4
2;66;0;4;-3;3;72;0;2;12;0;-1;101;4
2;66;0;5;-3;3;72;0;2;12;0;-1;101;4
2;66;0;6;-5;3;73;0;2;12;2;-1;101;4
2;66;0;7;-5;3;73;0;2;12;2;-1;101;4
2;66;0;8;-5;3;73;0;2;12;2;-1;101;4
2;66;0;6;-4;3;73;0;2;12;2;-1;101;4
2;66;0;7;-4;3;73;0;2;12;2;-1;101;4
2;66;0;8;-4;3;73;0;2;12;2;-1;101;4
2;66;0;6;-3;3;73;0;2;12;2;-1;101;4
2;66;0;7;-3;3;73;0;2;12;2;-1;101;4
2;66;0;8;-3;3;73;0;2;12;2;-1;101;4
2;66;0;9;-5;3;74;0;2;12;0;-1;101;4
2;66;0;10;-5;3;74;0;2;12;0;-1;101;4
2;66;0;11;-5;3;74;0;2;12;0;-1;101;4
2;66;0;9;-4;3;74;0;2;12;0;-1;101;4
2;66;0;10;-4;3;74;0;2;12;0;-1;101;4
2;66;0;11;-4;3;74;0;2;12;0;-1;101;4
2;66;0;9;-3;3;74;0;2;12;0;-1;101;4
2;66;0;10;-3;3;74;0;2;12;0;-1;101;4
2;66;0;11;-3;3;74;0;2;12;0;-1;101;4
2;66;0;0;-1;3;62;0;422;458;5;-1;101;1
2;66;0;-1;0;3;62;0;422;458;5;-1;101;1
2;66;0;0;0;3;62;0;422;458;5;-1;101;1
2;66;0;1;0;3;62;0;422;458;5;-1;101;1
2;66;0;0;1;3;62;0;422;458;5;-1;101;1
2;67;0;2;11;2;66;0;10;-4;-1;3;165;2
2;67;0;2;12;2;66;0;10;-4;-1;3;165;2
2;67;0;2;13;2;66;0;10;-4;-1;3;165;2
2;68;0;2;11;2;66;0;3;-4;-1;3;165;2
2;68;0;2;12;2;66;0;3;-4;-1;3;165;2
2;68;0;2;13;2;66;0;3;-4;-1;3;165;2
2;69;0;2;11;2;66;0;13;-4;-1;1;165;2
2;69;0;2;12;2;66;0;13;-4;-1;1;165;2
2;69;0;2;13;2;66;0;13;-4;-1;1;165;2
2;70;0;2;11;2;66;0;7;-4;-1;1;165;2
2;70;0;2;12;2;66;0;7;-4;-1;1;165;2
2;70;0;2;13;2;66;0;7;-4;-1;1;165;2
2;71;0;2;11;2;66;0;13;-4;-1;2;165;2
2;71;0;2;12;2;66;0;13;-4;-1;2;165;2
2;71;0;2;13;2;66;0;13;-4;-1;2;165;2
2;72;0;2;11;2;66;0;4;-4;-1;0;165;2
2;72;0;2;12;2;66;0;4;-4;-1;0;165;2
2;72;0;2;13;2;66;0;4;-4;-1;0;165;2
2;73;0;2;11;2;66;0;7;-4;-1;2;165;2
2;73;0;2;12;2;66;0;7;-4;-1;2;165;2
2;73;0;2;13;2;66;0;7;-4;-1;2;165;2
2;74;0;2;11;2;66;0;10;-4;-1;0;165;2
2;74;0;2;12;2;66;0;10;-4;-1;0;165;2
2;74;0;2;13;2;66;0;10;-4;-1;0;165;2
2;77;0;13;20;0;62;0;433;433;-1;-1;58;1
2;77;0;14;20;0;62;0;433;433;-1;-1;58;1
2;77;0;15;20;0;62;0;433;433;-1;-1;58;1
2;79;0;10;19;0;62;0;411;433;-1;-1;98;1
2;79;0;11;19;0;62;0;411;433;-1;-1;98;1
2;79;0;12;19;0;62;0;411;433;-1;-1;98;1
2;79;0;11;8;1;81;0;9;29;-1;-1;98;5
2;79;0;11;1;1;80;0;16;29;-1;-1;98;4
2;80;0;15;29;0;79;0;11;1;-1;-1;221;1
2;80;0;16;29;0;79;0;11;1;-1;-1;221;1
2;80;0;17;29;0;79;0;11;1;-1;-1;221;1
2;81;0;9;29;-1;79;0;11;8;-1;-1;105;5
2;82;0;9;61;-1;79;0;11;8;-1;-1;222;5
2;83;0;10;29;-1;79;0;11;8;-1;-1;176;5
2;84;0;10;19;0;62;0;393;433;-1;-1;99;1
2;84;0;11;19;0;62;0;393;433;-1;-1;99;1
2;84;0;12;19;0;62;0;393;433;-1;-1;99;1
2;84;0;11;1;1;85;0;16;29;-1;-1;99;4
2;84;0;11;8;1;86;0;6;25;-1;-1;99;5
2;85;0;15;29;0;84;0;11;1;-1;-1;223;1
2;85;0;16;29;0;84;0;11;1;-1;-1;223;1
2;85;0;17;29;0;84;0;11;1;-1;-1;223;1
2;86;0;6;25;-1;84;0;11;8;-1;-1;100;5
2;87;0;6;25;-1;84;0;11;8;-1;-1;220;5
2;88;0;6;10;0;62;0;399;455;-1;-1;26;1
2;88;0;7;10;0;62;0;399;455;-1;-1;26;1
2;88;0;8;10;0;62;0;399;455;-1;-1;26;1
2;88;0;8;2;3;89;0;10;2;-1;-1;26;2
2;89;0;10;2;2;88;0;8;2;-1;-1;27;2
2;90;0;4;1;1;62;0;430;479;-1;-1;12;1
2;90;0;5;1;1;62;0;430;479;-1;-1;12;1
2;90;0;6;1;1;62;0;430;479;-1;-1;12;1
2;90;0;4;14;0;70;1;430;489;-1;-1;12;1
2;90;0;5;14;0;70;1;430;489;-1;-1;12;1
2;90;0;6;14;0;70;1;430;489;-1;-1;12;1
2;91;0;15;4;3;62;0;384;438;-1;-1;50;1
2;91;0;15;5;3;62;0;384;438;-1;-1;50;1
2;91;0;15;6;3;62;0;384;438;-1;-1;50;1
2;91;0;1;4;2;73;1;377;438;-1;-1;50;1
2;91;0;1;5;2;73;1;377;438;-1;-1;50;1
2;91;0;1;6;2;73;1;377;438;-1;-1;50;1
2;92;0;15;4;3;127;1;454;438;-1;-1;50;1
2;92;0;15;5;3;127;1;454;438;-1;-1;50;1
2;92;0;15;6;3;127;1;454;438;-1;-1;50;1
2;92;0;1;4;2;62;0;447;438;-1;-1;50;1
2;92;0;1;5;2;62;0;447;438;-1;-1;50;1
2;92;0;1;6;2;62;0;447;438;-1;-1;50;1
2;93;0;6;13;0;62;0;399;467;-1;-1;241;1
2;93;0;7;13;0;62;0;399;467;-1;-1;241;1
2;93;0;8;13;0;62;0;399;467;-1;-1;241;1
2;94;0;8;2;3;95;0;10;2;-1;-1;26;2
2;94;0;6;10;0;62;0;406;455;-1;-1;26;1
2;94;0;7;10;0;62;0;406;455;-1;-1;26;1
2;94;0;8;10;0;62;0;406;455;-1;-1;26;1
2;95;0;10;2;2;94;0;8;2;-1;-1;27;2
2;96;0;246;431;3;253;0;43;47;-1;-1;0;4
2;96;0;246;432;3;253;0;43;47;-1;-1;0;4
2;96;0;246;433;3;253;0;43;47;-1;-1;0;4
2;96;0;187;420;1;100;0;5;9;-1;-1;0;3
2;96;0;194;420;1;101;0;5;9;-1;-1;0;3
2;96;0;187;429;1;102;0;5;9;-1;-1;0;3
2;96;0;195;429;1;103;0;5;9;-1;-1;0;3
2;96;0;174;425;1;105;0;9;18;-1;-1;0;4
2;96;0;178;421;2;105;0;18;9;-1;-1;0;4
2;96;0;174;416;0;105;0;9;0;-1;-1;0;4
2;96;0;187;412;1;99;0;7;19;-1;-1;0;3
2;96;0;212;400;1;98;0;7;15;-1;-1;0;14
2;96;0;197;395;1;104;0;7;18;-1;-1;0;3
2;96;0;173;411;1;106;0;6;9;-1;-1;0;3
2;96;0;170;421;3;105;0;0;9;-1;-1;0;4
2;98;0;6;15;0;96;0;212;400;-1;-1;180;1
2;98;0;7;15;0;96;0;212;400;-1;-1;180;1
2;98;0;8;15;0;96;0;212;400;-1;-1;180;1
2;99;0;6;19;0;96;0;187;412;-1;-1;13;1
2;99;0;7;19;0;96;0;187;412;-1;-1;13;1
2;99;0;8;19;0;96;0;187;412;-1;-1;13;1
2;100;0;4;9;0;96;0;187;420;-1;-1;46;1
2;100;0;5;9;0;96;0;187;420;-1;-1;46;1
2;100;0;6;9;0;96;0;187;420;-1;-1;46;1
2;101;0;4;9;0;96;0;194;420;-1;-1;46;1
2;101;0;5;9;0;96;0;194;420;-1;-1;46;1
2;101;0;6;9;0;96;0;194;420;-1;-1;46;1
2;102;0;4;9;0;96;0;187;429;-1;-1;46;1
2;102;0;5;9;0;96;0;187;429;-1;-1;46;1
2;102;0;6;9;0;96;0;187;429;-1;-1;46;1
2;103;0;4;9;0;96;0;195;429;-1;-1;46;1
2;103;0;5;9;0;96;0;195;429;-1;-1;46;1
2;103;0;6;9;0;96;0;195;429;-1;-1;46;1
2;104;0;6;18;0;96;0;197;395;-1;-1;59;1
2;104;0;7;18;0;96;0;197;395;-1;-1;59;1
2;104;0;8;18;0;96;0;197;395;-1;-1;59;1
2;105;0;8;18;0;96;0;174;425;-1;-1;60;1
2;105;0;9;18;0;96;0;174;425;-1;-1;60;1
2;105;0;10;18;0;96;0;174;425;-1;-1;60;1
2;105;0;18;8;3;96;0;178;421;-1;-1;60;1
2;105;0;18;9;3;96;0;178;421;-1;-1;60;1
2;105;0;18;10;3;96;0;178;421;-1;-1;60;1
2;105;0;8;0;1;96;0;174;416;-1;-1;60;1
2;105;0;9;0;1;96;0;174;416;-1;-1;60;1
2;105;0;10;0;1;96;0;174;416;-1;-1;60;1
2;105;0;0;8;2;96;0;170;421;-1;-1;60;1
2;105;0;0;9;2;96;0;170;421;-1;-1;60;1
2;105;0;0;10;2;96;0;170;421;-1;-1;60;1
2;106;0;5;9;0;96;0;173;411;-1;-1;44;1
2;106;0;6;9;0;96;0;173;411;-1;-1;44;1
2;106;0;7;9;0;96;0;173;411;-1;-1;44;1
2;107;0;108;304;1;109;0;7;19;-1;-1;0;3
2;107;0;118;307;1;112;0;5;9;-1;-1;0;3
2;107;0;78;268;1;108;0;15;40;-1;-1;0;3
2;107;0;92;295;1;111;0;14;24;-1;-1;0;15
2;107;0;104;295;1;110;0;5;9;-1;-1;0;3
2;107;0;103;311;0;195;0;75;5;-1;-1;0;4
2;108;0;14;40;0;107;0;78;268;-1;-1;62;1
2;108;0;15;40;0;107;0;78;268;-1;-1;62;1
2;108;0;16;40;0;107;0;78;268;-1;-1;62;1
2;109;0;6;19;0;107;0;108;304;-1;-1;13;1
2;109;0;7;19;0;107;0;108;304;-1;-1;13;1
2;109;0;8;19;0;107;0;108;304;-1;-1;13;1
2;110;0;4;9;0;107;0;104;295;-1;-1;46;1
2;110;0;5;9;0;107;0;104;295;-1;-1;46;1
2;110;0;6;9;0;107;0;104;295;-1;-1;46;1
2;111;0;13;24;0;107;0;92;295;-1;-1;63;1
2;111;0;14;24;0;107;0;92;295;-1;-1;63;1
2;111;0;15;24;0;107;0;92;295;-1;-1;63;1
2;112;0;4;9;0;107;0;118;307;-1;-1;46;1
2;112;0;5;9;0;107;0;118;307;-1;-1;46;1
2;112;0;6;9;0;107;0;118;307;-1;-1;46;1
2;113;0;183;167;1;117;0;6;9;-1;-1;0;3
2;113;0;184;195;1;115;0;7;19;-1;-1;0;3
2;113;0;185;181;1;116;0;5;9;-1;-1;0;3
2;113;0;171;167;1;114;0;17;63;-1;-1;0;4
2;113;0;172;167;1;114;0;17;63;-1;-1;0;4
2;113;0;173;167;1;114;0;17;63;-1;-1;0;4
2;113;0;170;208;2;202;0;61;14;-1;-1;0;4
2;113;0;169;181;1;119;0;5;9;-1;-1;0;3
2;113;0;210;217;1;118;0;5;9;-1;-1;0;3
2;114;0;16;63;0;113;0;172;167;-1;-1;64;1
2;114;0;17;63;0;113;0;172;167;-1;-1;64;1
2;114;0;18;63;0;113;0;172;167;-1;-1;64;1
2;115;0;6;19;0;113;0;184;195;-1;-1;13;1
2;115;0;7;19;0;113;0;184;195;-1;-1;13;1
2;115;0;8;19;0;113;0;184;195;-1;-1;13;1
2;116;0;4;9;0;113;0;185;181;-1;-1;46;1
2;116;0;5;9;0;113;0;185;181;-1;-1;46;1
2;116;0;6;9;0;113;0;185;181;-1;-1;46;1
2;117;0;5;9;0;113;0;183;167;-1;-1;44;1
2;117;0;6;9;0;113;0;183;167;-1;-1;44;1
2;117;0;7;9;0;113;0;183;167;-1;-1;44;1
2;118;0;4;9;0;113;0;210;217;-1;-1;46;1
2;118;0;5;9;0;113;0;210;217;-1;-1;46;1
2;118;0;6;9;0;113;0;210;217;-1;-1;46;1
2;119;0;4;9;0;113;0;169;181;-1;-1;46;1
2;119;0;5;9;0;113;0;169;181;-1;-1;46;1
2;119;0;6;9;0;113;0;169;181;-1;-1;46;1
2;120;0;384;174;2;131;0;15;5;-1;-1;0;4
2;120;0;384;175;2;131;0;15;5;-1;-1;0;4
2;120;0;384;176;2;131;0;15;5;-1;-1;0;4
2;120;0;425;172;1;122;0;7;19;-1;-1;0;3
2;120;0;405;144;1;121;0;27;50;-1;-1;0;21
2;120;0;418;159;1;123;0;9;14;-1;-1;0;3
2;120;0;424;144;1;125;0;9;14;-1;-1;0;3
2;120;0;398;164;1;127;0;9;14;-1;-1;0;3
2;120;0;425;154;1;129;0;9;14;-1;-1;0;3
2;120;0;447;174;3;133;0;1;5;-1;-1;0;4
2;120;0;447;175;3;133;0;1;5;-1;-1;0;4
2;120;0;447;176;3;133;0;1;5;-1;-1;0;4
2;120;0;430;134;1;132;0;5;14;-1;-1;0;4
2;120;0;431;134;1;132;0;5;14;-1;-1;0;4
2;120;0;432;134;1;132;0;5;14;-1;-1;0;4
2;120;0;415;144;1;134;0;9;14;-1;-1;0;3
2;121;0;26;50;0;120;0;405;144;-1;-1;66;1
2;121;0;27;50;0;120;0;405;144;-1;-1;66;1
2;121;0;28;50;0;120;0;405;144;-1;-1;66;1
2;121;0;27;0;-1;121;0;26;45;-1;-1;66;5
2;121;0;26;45;1;121;0;27;0;-1;-1;66;5
2;122;0;6;19;0;120;0;425;172;-1;-1;13;1
2;122;0;7;19;0;120;0;425;172;-1;-1;13;1
2;122;0;8;19;0;120;0;425;172;-1;-1;13;1
2;123;0;8;14;0;120;0;418;159;-1;-1;68;1
2;123;0;9;14;0;120;0;418;159;-1;-1;68;1
2;123;0;10;14;0;120;0;418;159;-1;-1;68;1
2;123;0;10;4;3;124;0;9;4;-1;-1;68;2
2;124;0;9;4;2;123;0;10;4;-1;-1;161;2
2;125;0;8;14;0;120;0;424;144;-1;-1;68;1
2;125;0;9;14;0;120;0;424;144;-1;-1;68;1
2;125;0;10;14;0;120;0;424;144;-1;-1;68;1
2;125;0;10;4;3;126;0;9;4;-1;-1;68;2
2;126;0;9;4;2;125;0;10;4;-1;-1;161;2
2;127;0;8;14;0;120;0;398;164;-1;-1;68;1
2;127;0;9;14;0;120;0;398;164;-1;-1;68;1
2;127;0;10;14;0;120;0;398;164;-1;-1;68;1
2;127;0;10;4;3;128;0;9;4;-1;-1;68;2
2;128;0;9;4;2;127;0;10;4;-1;-1;161;2
2;129;0;8;14;0;120;0;425;154;-1;-1;68;1
2;129;0;9;14;0;120;0;425;154;-1;-1;68;1
2;129;0;10;14;0;120;0;425;154;-1;-1;68;1
2;129;0;10;4;3;130;0;9;4;-1;-1;68;2
2;130;0;9;4;2;129;0;10;4;-1;-1;161;2
2;131;0;1;4;2;92;1;377;175;-1;-1;50;1
2;131;0;1;5;2;92;1;377;175;-1;-1;50;1
2;131;0;1;6;2;92;1;377;175;-1;-1;50;1
2;131;0;15;4;3;120;0;384;175;-1;-1;50;1
2;131;0;15;5;3;120;0;384;175;-1;-1;50;1
2;131;0;15;6;3;120;0;384;175;-1;-1;50;1
2;132;0;4;14;0;120;0;431;134;-1;-1;12;1
2;132;0;5;14;0;120;0;431;134;-1;-1;12;1
2;132;0;6;14;0;120;0;431;134;-1;-1;12;1
2;132;0;4;1;1;99;1;431;127;-1;-1;12;1
2;132;0;5;1;1;99;1;431;127;-1;-1;12;1
2;132;0;6;1;1;99;1;431;127;-1;-1;12;1
2;133;0;1;4;2;120;0;447;175;-1;-1;50;1
2;133;0;1;5;2;120;0;447;175;-1;-1;50;1
2;133;0;1;6;2;120;0;447;175;-1;-1;50;1
2;133;0;15;4;3;109;1;454;175;-1;-1;50;1
2;133;0;15;5;3;109;1;454;175;-1;-1;50;1
2;133;0;15;6;3;109;1;454;175;-1;-1;50;1
2;134;0;8;14;0;120;0;415;144;-1;-1;68;1
2;134;0;9;14;0;120;0;415;144;-1;-1;68;1
2;134;0;10;14;0;120;0;415;144;-1;-1;68;1
2;134;0;10;4;3;135;0;9;4;-1;-1;68;2
2;135;0;9;4;2;134;0;10;4;-1;-1;161;2
2;136;0;28;58;0;214;0;3;-3;-1;60;87;1
2;136;0;29;58;0;214;0;3;-3;-1;60;87;1
2;136;0;30;58;0;214;0;3;-3;-1;60;87;1
2;136;0;31;58;0;214;0;3;-3;-1;60;87;1
2;136;0;32;58;0;214;0;3;-3;-1;60;87;1
2;136;0;33;58;0;214;0;3;-3;-1;60;87;1
2;136;0;34;58;0;214;0;3;-3;-1;60;87;1
2;136;0;35;58;0;214;0;3;-3;-1;60;87;1
2;136;0;36;58;0;214;0;3;-3;-1;60;87;1
2;136;0;31;45;1;137;0;31;51;-1;-1;87;0
2;136;0;32;45;1;137;0;31;51;-1;-1;87;0
2;136;0;33;45;1;137;0;31;51;-1;-1;87;0
2;136;0;18;47;1;146;0;7;19;-1;-1;87;4
2;136;0;19;47;1;146;0;7;19;-1;-1;87;4
2;136;0;20;47;1;146;0;7;19;-1;-1;87;4
2;137;0;5;-1;1;140;0;15;30;1;-1;210;38
2;137;0;4;0;1;140;0;15;30;1;-1;210;38
2;137;0;5;0;1;140;0;15;30;1;-1;210;38
2;137;0;6;0;1;140;0;15;30;1;-1;210;38
2;137;0;5;1;1;140;0;15;30;1;-1;210;38
2;137;0;5;-1;1;142;0;15;30;8;-1;210;41
2;137;0;4;0;1;142;0;15;30;8;-1;210;41
2;137;0;5;0;1;142;0;15;30;8;-1;210;41
2;137;0;6;0;1;142;0;15;30;8;-1;210;41
2;137;0;5;1;1;142;0;15;30;8;-1;210;41
2;137;0;3;-1;1;143;0;15;30;6;-1;210;42
2;137;0;2;0;1;143;0;15;30;6;-1;210;42
2;137;0;3;0;1;143;0;15;30;6;-1;210;42
2;137;0;4;0;1;143;0;15;30;6;-1;210;42
2;137;0;3;1;1;143;0;15;30;6;-1;210;42
2;137;0;3;-1;1;141;0;15;30;3;-1;210;39
2;137;0;2;0;1;141;0;15;30;3;-1;210;39
2;137;0;3;0;1;141;0;15;30;3;-1;210;39
2;137;0;4;0;1;141;0;15;30;3;-1;210;39
2;137;0;3;1;1;141;0;15;30;3;-1;210;39
2;138;0;31;2;1;144;0;16;29;-1;-1;211;4
2;138;0;32;2;1;144;0;16;29;-1;-1;211;4
2;139;0;30;11;1;8;1;25;20;-1;-1;219;4
2;139;0;30;33;0;144;0;14;0;-1;-1;219;4
2;144;0;15;29;0;138;0;32;2;-1;-1;125;1
2;144;0;16;29;0;138;0;32;2;-1;-1;125;1
2;144;0;17;29;0;138;0;32;2;-1;-1;125;1
2;144;0;14;0;1;139;0;30;33;-1;-1;125;4
2;146;0;6;19;0;136;0;19;47;-1;-1;54;1
2;146;0;7;19;0;136;0;19;47;-1;-1;54;1
2;146;0;8;19;0;136;0;19;47;-1;-1;54;1
2;147;0;395;746;1;148;0;17;22;-1;-1;0;37
2;148;0;16;22;0;147;0;395;746;-1;-1;168;1
2;148;0;17;22;0;147;0;395;746;-1;-1;168;1
2;148;0;18;22;0;147;0;395;746;-1;-1;168;1
2;152;0;52;11;2;153;0;26;3;-1;-1;14;2
2;152;0;52;12;2;153;0;26;3;-1;-1;14;2
2;152;0;52;13;2;153;0;26;3;-1;-1;14;2
2;152;0;52;46;2;153;0;26;27;-1;-1;14;2
2;152;0;52;47;2;153;0;26;27;-1;-1;14;2
2;152;0;52;48;2;153;0;26;27;-1;-1;14;2
2;152;0;8;26;2;6;0;805;582;-1;-1;14;4
2;152;0;8;27;2;6;0;805;582;-1;-1;14;4
2;152;0;8;28;2;6;0;805;582;-1;-1;14;4
2;152;0;8;29;2;6;0;805;582;-1;-1;14;4
2;152;0;20;38;3;153;0;3;20;-1;-1;14;2
2;152;0;20;39;3;153;0;3;20;-1;-1;14;2
2;152;0;20;40;3;153;0;3;20;-1;-1;14;2
2;153;0;26;3;3;152;0;52;12;-1;-1;15;2
2;153;0;26;27;3;152;0;52;47;-1;-1;15;2
2;153;0;3;20;2;152;0;20;39;-1;-1;15;2
2;154;0;584;588;2;155;0;86;75;-1;-1;0;4
2;154;0;584;589;2;155;0;86;75;-1;-1;0;4
2;154;0;584;590;2;155;0;86;75;-1;-1;0;4
2;154;0;584;591;2;155;0;86;75;-1;-1;0;4
2;155;0;86;73;3;154;0;584;590;-1;-1;16;4
2;155;0;86;74;3;154;0;584;590;-1;-1;16;4
2;155;0;86;75;3;154;0;584;590;-1;-1;16;4
2;155;0;86;76;3;154;0;584;590;-1;-1;16;4
2;155;0;86;77;3;154;0;584;590;-1;-1;16;4
2;155;0;72;23;1;250;0;16;30;-1;-1;16;4
2;155;0;73;23;1;250;0;16;30;-1;-1;16;4
2;155;0;74;23;1;250;0;16;30;-1;-1;16;4
2;155;0;75;23;1;250;0;16;30;-1;-1;16;4
2;155;0;107;27;1;156;0;16;23;-1;-1;16;4
2;155;0;108;27;1;156;0;16;23;-1;-1;16;4
2;156;0;15;23;0;155;0;108;27;-1;-1;224;4
2;156;0;16;23;0;155;0;108;27;-1;-1;224;4
2;157;0;370;488;1;159;0;5;14;-1;-1;0;4
2;157;0;371;488;1;159;0;5;14;-1;-1;0;4
2;157;0;372;488;1;159;0;5;14;-1;-1;0;4
2;158;0;82;83;0;159;0;5;1;-1;-1;103;4
2;158;0;83;83;0;159;0;5;1;-1;-1;103;4
2;158;0;84;83;0;159;0;5;1;-1;-1;103;4
2;158;0;61;29;1;160;0;24;24;-1;-1;103;4
2;158;0;27;31;1;190;0;15;21;-1;-1;103;25
2;159;0;4;14;0;157;0;371;488;-1;-1;12;1
2;159;0;5;14;0;157;0;371;488;-1;-1;12;1
2;159;0;6;14;0;157;0;371;488;-1;-1;12;1
2;159;0;4;1;1;158;0;83;83;-1;-1;12;1
2;159;0;5;1;1;158;0;83;83;-1;-1;12;1
2;159;0;6;1;1;158;0;83;83;-1;-1;12;1
2;160;0;7;20;3;161;0;18;19;-1;-1;17;2
2;160;0;23;6;2;161;0;26;4;-1;-1;17;2
2;160;0;24;24;0;158;0;61;29;-1;-1;17;2
2;161;0;26;4;3;160;0;23;6;-1;-1;18;2
2;161;0;19;4;2;162;0;13;7;-1;-1;18;2
2;161;0;18;19;2;160;0;7;20;-1;-1;18;2
2;162;0;13;7;3;161;0;19;4;-1;-1;19;2
2;162;0;8;7;2;163;0;15;5;-1;-1;19;2
2;163;0;15;5;3;162;0;8;7;-1;-1;20;2
2;163;0;10;5;2;164;0;12;6;-1;-1;20;2
2;164;0;12;6;3;163;0;10;5;-1;-1;21;2
2;164;0;6;6;2;165;0;7;7;-1;-1;21;2
2;165;0;7;7;3;164;0;6;6;-1;-1;22;2
2;165;0;22;17;1;166;0;26;24;-1;-1;22;4
2;166;0;9;8;2;167;0;12;7;-1;-1;70;4
2;166;0;25;24;0;165;0;22;17;-1;-1;70;4
2;166;0;26;24;0;165;0;22;17;-1;-1;70;4
2;166;0;27;24;0;165;0;22;17;-1;-1;70;4
2;167;0;12;7;3;166;0;9;8;-1;-1;71;4
2;167;0;6;13;0;177;0;6;1;-1;-1;71;4
2;167;0;0;7;2;171;0;12;7;-1;-1;71;4
2;168;0;12;7;3;173;0;0;7;-1;-1;71;4
2;168;0;6;13;0;179;0;6;1;-1;-1;71;4
2;168;0;0;7;2;183;0;26;24;-1;-1;71;4
2;169;0;12;7;3;174;0;0;7;-1;-1;71;4
2;169;0;6;13;0;180;0;6;1;-1;-1;71;4
2;169;0;0;7;2;179;0;12;7;-1;-1;71;4
2;170;0;12;7;3;177;0;0;7;-1;-1;71;4
2;170;0;6;13;0;178;0;6;1;-1;-1;71;4
2;170;0;0;7;2;174;0;12;7;-1;-1;71;4
2;171;0;12;7;3;167;0;0;7;-1;-1;72;4
2;171;0;0;7;2;172;0;12;7;-1;-1;72;4
2;172;0;12;7;3;171;0;0;7;-1;-1;72;4
2;172;0;0;7;2;173;0;12;7;-1;-1;72;4
2;173;0;12;7;3;172;0;0;7;-1;-1;72;4
2;173;0;0;7;2;168;0;12;7;-1;-1;72;4
2;174;0;12;7;3;170;0;0;7;-1;-1;72;4
2;174;0;0;7;2;169;0;12;7;-1;-1;72;4
2;175;0;12;7;3;181;0;0;7;-1;-1;72;4
2;175;0;0;7;2;180;0;12;7;-1;-1;72;4
2;176;0;12;7;3;178;0;0;7;-1;-1;72;4
2;176;0;0;7;2;181;0;12;7;-1;-1;72;4
2;177;0;6;1;1;167;0;6;13;-1;-1;73;4
2;177;0;0;7;2;170;0;12;7;-1;-1;73;4
2;178;0;6;1;1;170;0;6;13;-1;-1;73;4
2;178;0;0;7;2;176;0;12;7;-1;-1;73;4
2;179;0;6;1;1;168;0;6;13;-1;-1;74;4
2;179;0;12;7;3;169;0;0;7;-1;-1;74;4
2;180;0;6;1;1;169;0;6;13;-1;-1;74;4
2;180;0;12;7;3;175;0;0;7;-1;-1;74;4
2;181;0;0;7;2;175;0;12;7;-1;-1;75;4
2;181;0;12;7;3;176;0;0;7;-1;-1;75;4
2;181;0;6;1;1;182;0;16;27;-1;-1;75;4
2;182;0;16;27;0;181;0;6;1;-1;-1;76;4
2;183;0;26;24;3;168;0;0;7;-1;-1;78;4
2;183;0;9;7;1;184;0;13;26;-1;-1;78;4
2;184;0;10;19;3;185;0;15;19;-1;-1;79;2
2;184;0;13;26;0;183;0;9;7;-1;-1;79;4
2;185;0;10;19;3;186;0;15;19;-1;-1;80;2
2;185;0;15;19;2;184;0;10;19;-1;-1;80;2
2;186;0;10;19;3;187;0;17;14;-1;-1;81;2
2;186;0;15;19;2;185;0;10;19;-1;-1;81;2
2;187;0;12;14;3;188;0;17;14;-1;-1;82;2
2;187;0;17;14;2;186;0;10;19;-1;-1;82;2
2;188;0;12;14;3;189;0;17;14;-1;-1;83;2
2;188;0;17;14;2;187;0;12;14;-1;-1;83;2
2;189;0;12;14;3;190;0;18;13;-1;-1;84;2
2;189;0;17;14;2;188;0;12;14;-1;-1;84;2
2;190;0;15;21;0;158;0;27;31;-1;-1;85;4
2;190;0;18;13;2;189;0;12;14;-1;-1;85;2
2;191;0;164;472;1;192;0;8;31;-1;-1;0;13
2;192;0;7;31;0;191;0;164;472;-1;-1;86;1
2;192;0;8;31;0;191;0;164;472;-1;-1;86;1
2;192;0;9;31;0;191;0;164;472;-1;-1;86;1
2;192;0;5;7;1;193;0;4;17;-1;-1;86;3
2;193;0;3;17;0;192;0;5;7;-1;-1;69;1
2;193;0;4;17;0;192;0;5;7;-1;-1;69;1
2;193;0;5;17;0;192;0;5;7;-1;-1;69;1
2;194;0;107;339;1;195;0;7;60;-1;-1;0;4
2;195;0;7;60;0;194;0;107;339;-1;-1;23;4
2;195;0;75;5;1;107;0;103;311;-1;-1;23;4
2;195;0;66;50;2;196;0;61;50;-1;-1;23;2
2;195;0;22;42;3;196;0;23;42;-1;-1;23;2
2;195;0;55;5;2;196;0;53;5;-1;-1;23;2
2;196;0;23;42;2;195;0;22;42;-1;-1;24;2
2;196;0;61;50;3;195;0;66;50;-1;-1;24;2
2;196;0;53;5;3;195;0;55;5;-1;-1;24;2
2;196;0;41;8;2;197;0;9;7;-1;-1;24;2
2;197;0;9;7;3;196;0;41;8;-1;-1;25;2
2;198;0;140;202;1;200;0;4;61;-1;-1;0;4
2;199;0;13;47;2;200;0;17;48;-1;-1;93;4
2;199;0;33;54;0;200;0;36;50;-1;-1;93;4
2;199;0;48;51;0;200;0;49;47;-1;-1;93;4
2;199;0;55;38;3;200;0;53;36;-1;-1;93;4
2;199;0;49;18;3;200;0;34;4;-1;-1;93;4
2;199;0;46;42;3;201;0;46;53;-1;-1;93;4
2;199;0;17;42;2;201;0;29;59;-1;-1;93;4
2;199;0;14;25;2;201;0;26;42;-1;-1;93;4
2;199;0;22;15;1;201;0;7;29;-1;-1;93;4
2;199;0;23;21;1;202;0;7;26;-1;-1;93;4
2;199;0;40;22;1;202;0;50;29;-1;-1;93;4
2;199;0;25;36;1;202;0;4;61;-1;-1;93;4
2;199;0;44;33;3;202;0;49;48;-1;-1;93;4
2;199;0;33;19;1;201;0;21;29;-1;-1;93;4
2;199;0;43;14;1;201;0;56;29;-1;-1;93;4
2;199;0;43;8;1;200;0;22;17;-1;-1;93;4
2;199;0;21;30;1;204;0;4;10;-1;-1;93;3
2;200;0;4;61;0;198;0;140;202;-1;-1;94;4
2;200;0;17;48;3;199;0;13;47;-1;-1;94;4
2;200;0;36;50;1;199;0;33;54;-1;-1;94;4
2;200;0;49;47;1;199;0;48;51;-1;-1;94;4
2;200;0;53;36;2;199;0;55;38;-1;-1;94;4
2;200;0;34;4;2;199;0;49;18;-1;-1;94;4
2;200;0;48;18;0;201;0;59;40;-1;-1;94;4
2;200;0;7;5;1;201;0;27;11;-1;-1;94;4
2;200;0;22;17;0;199;0;43;8;-1;-1;94;4
2;201;0;46;53;2;199;0;46;42;-1;-1;95;4
2;201;0;29;59;3;199;0;17;42;-1;-1;95;4
2;201;0;26;42;3;199;0;14;25;-1;-1;95;4
2;201;0;7;29;0;199;0;22;15;-1;-1;95;4
2;201;0;7;5;1;202;0;24;12;-1;-1;95;4
2;201;0;59;40;1;200;0;48;18;-1;-1;95;4
2;201;0;27;11;0;200;0;7;5;-1;-1;95;4
2;201;0;56;9;1;202;0;42;6;-1;-1;95;4
2;201;0;21;29;0;199;0;33;19;-1;-1;95;4
2;201;0;56;29;0;199;0;43;14;-1;-1;95;4
2;202;0;4;61;0;199;0;25;36;-1;-1;96;4
2;202;0;7;26;0;199;0;23;21;-1;-1;96;4
2;202;0;50;29;0;199;0;40;22;-1;-1;96;4
2;202;0;61;14;3;113;0;170;208;-1;-1;96;4
2;202;0;24;12;0;201;0;7;5;-1;-1;96;4
2;202;0;21;49;1;203;0;7;26;-1;-1;96;4
2;202;0;42;6;0;201;0;56;9;-1;-1;96;4
2;202;0;49;48;2;199;0;44;33;-1;-1;96;4
2;203;0;7;26;0;202;0;21;49;-1;-1;97;4
2;204;0;3;10;0;199;0;21;30;-1;-1;91;1
2;204;0;4;10;0;199;0;21;30;-1;-1;91;1
2;204;0;5;10;0;199;0;21;30;-1;-1;91;1
2;205;0;179;141;1;206;0;22;51;-1;-1;0;4
2;205;0;180;141;1;206;0;22;51;-1;-1;0;4
2;206;0;21;51;0;205;0;180;141;-1;-1;207;4
2;206;0;22;51;0;205;0;180;141;-1;-1;207;4
2;206;0;21;34;1;207;0;14;30;-1;-1;207;26
2;206;0;22;34;1;207;0;14;30;-1;-1;207;26
2;207;0;14;30;0;206;0;22;34;-1;-1;200;1
2;207;0;25;0;1;208;0;15;26;-1;-1;200;2
2;208;0;15;26;0;207;0;25;0;-1;-1;201;2
2;208;0;0;13;2;209;0;1;0;-1;0;201;4
2;208;0;0;14;2;209;0;1;0;-1;0;201;4
2;208;0;0;15;2;209;0;1;0;-1;0;201;4
2;209;0;1;-1;3;208;0;0;14;0;-1;202;4
2;209;0;0;0;3;208;0;0;14;0;-1;202;4
2;209;0;1;0;3;208;0;0;14;0;-1;202;4
2;209;0;2;0;3;208;0;0;14;0;-1;202;4
2;209;0;1;1;3;208;0;0;14;0;-1;202;4
2;209;0;1;-5;2;210;0;31;15;4;-1;202;4
2;209;0;0;-4;2;210;0;31;15;4;-1;202;4
2;209;0;1;-4;2;210;0;31;15;4;-1;202;4
2;209;0;2;-4;2;210;0;31;15;4;-1;202;4
2;209;0;1;-3;2;210;0;31;15;4;-1;202;4
2;210;0;31;15;3;209;0;1;-4;-1;4;203;4
2;210;0;15;1;1;211;0;1;0;-1;26;203;4
2;211;0;1;-1;0;210;0;15;1;26;-1;204;4
2;211;0;0;0;0;210;0;15;1;26;-1;204;4
2;211;0;1;0;0;210;0;15;1;26;-1;204;4
2;211;0;2;0;0;210;0;15;1;26;-1;204;4
2;211;0;1;1;0;210;0;15;1;26;-1;204;4
2;211;0;4;-1;2;212;0;17;28;4;-1;204;4
2;211;0;3;0;2;212;0;17;28;4;-1;204;4
2;211;0;4;0;2;212;0;17;28;4;-1;204;4
2;211;0;5;0;2;212;0;17;28;4;-1;204;4
2;211;0;4;1;2;212;0;17;28;4;-1;204;4
2;212;0;17;28;3;211;0;4;0;-1;4;205;2
2;212;0;9;24;3;213;0;11;24;-1;-1;205;2
2;213;0;11;24;2;212;0;9;24;-1;-1;206;2
2;214;0;4;-3;1;219;0;5;16;15;-1;162;4
2;214;0;5;-3;1;219;0;5;16;15;-1;162;4
2;214;0;4;-2;1;219;0;5;16;15;-1;162;4
2;214;0;5;-2;1;219;0;5;16;15;-1;162;4
2;214;0;4;-1;1;219;0;5;16;15;-1;162;4
2;214;0;5;-1;1;219;0;5;16;15;-1;162;4
2;214;0;1;-3;1;226;0;13;22;53;-1;162;4
2;214;0;0;-2;1;226;0;13;22;53;-1;162;4
2;214;0;1;-2;1;226;0;13;22;53;-1;162;4
2;214;0;2;-2;1;226;0;13;22;53;-1;162;4
2;214;0;1;-1;1;226;0;13;22;53;-1;162;4
2;214;0;2;-2;1;224;0;15;20;31;-1;162;4
2;214;0;3;-2;1;224;0;15;20;31;-1;162;4
2;214;0;2;-1;1;224;0;15;20;31;-1;162;4
2;214;0;3;-1;1;224;0;15;20;31;-1;162;4
2;214;0;2;0;1;224;0;15;20;31;-1;162;4
2;214;0;3;0;1;224;0;15;20;31;-1;162;4
2;214;0;3;-3;1;223;0;14;21;29;-1;162;4
2;214;0;4;-3;1;223;0;14;21;29;-1;162;4
2;214;0;3;-2;1;223;0;14;21;29;-1;162;4
2;214;0;4;-2;1;223;0;14;21;29;-1;162;4
2;214;0;3;-1;1;223;0;14;21;29;-1;162;4
2;214;0;4;-1;1;223;0;14;21;29;-1;162;4
2;214;0;1;-3;1;225;0;4;18;41;-1;162;4
2;214;0;2;-3;1;225;0;4;18;41;-1;162;4
2;214;0;1;-2;1;225;0;4;18;41;-1;162;4
2;214;0;2;-2;1;225;0;4;18;41;-1;162;4
2;214;0;1;-1;1;225;0;4;18;41;-1;162;4
2;214;0;2;-1;1;225;0;4;18;41;-1;162;4
2;214;0;0;-3;1;226;0;23;22;54;-1;162;4
2;214;0;-1;-2;1;226;0;23;22;54;-1;162;4
2;214;0;0;-2;1;226;0;23;22;54;-1;162;4
2;214;0;1;-2;1;226;0;23;22;54;-1;162;4
2;214;0;0;-1;1;226;0;23;22;54;-1;162;4
2;214;0;5;-4;1;220;0;5;25;4;-1;162;4
2;214;0;6;-4;1;220;0;5;25;4;-1;162;4
2;214;0;5;-3;1;220;0;5;25;4;-1;162;4
2;214;0;6;-3;1;220;0;5;25;4;-1;162;4
2;214;0;5;-2;1;220;0;5;25;4;-1;162;4
2;214;0;6;-2;1;220;0;5;25;4;-1;162;4
2;214;0;3;-3;1;217;0;6;16;21;-1;162;4
2;214;0;4;-3;1;217;0;6;16;21;-1;162;4
2;214;0;3;-2;1;217;0;6;16;21;-1;162;4
2;214;0;4;-2;1;217;0;6;16;21;-1;162;4
2;214;0;3;-1;1;217;0;6;16;21;-1;162;4
2;214;0;4;-1;1;217;0;6;16;21;-1;162;4
2;214;0;2;-2;1;218;0;9;12;33;-1;162;4
2;214;0;3;-2;1;218;0;9;12;33;-1;162;4
2;214;0;2;-1;1;218;0;9;12;33;-1;162;4
2;214;0;3;-1;1;218;0;9;12;33;-1;162;4
2;214;0;2;0;1;218;0;9;12;33;-1;162;4
2;214;0;3;0;1;218;0;9;12;33;-1;162;4
2;214;0;2;-3;1;227;0;11;41;40;-1;162;4
2;214;0;3;-3;1;227;0;11;41;40;-1;162;4
2;214;0;2;-2;1;227;0;11;41;40;-1;162;4
2;214;0;3;-2;1;227;0;11;41;40;-1;162;4
2;214;0;2;-1;1;227;0;11;41;40;-1;162;4
2;214;0;3;-1;1;227;0;11;41;40;-1;162;4
2;214;0;0;-3;1;226;0;23;22;55;-1;162;4
2;214;0;-1;-2;1;226;0;23;22;55;-1;162;4
2;214;0;0;-2;1;226;0;23;22;55;-1;162;4
2;214;0;1;-2;1;226;0;23;22;55;-1;162;4
2;214;0;0;-1;1;226;0;23;22;55;-1;162;4
2;214;0;6;-7;1;222;0;18;21;30;-1;162;4
2;214;0;7;-7;1;222;0;18;21;30;-1;162;4
2;214;0;6;-6;1;222;0;18;21;30;-1;162;4
2;214;0;7;-6;1;222;0;18;21;30;-1;162;4
2;214;0;6;-5;1;222;0;18;21;30;-1;162;4
2;214;0;7;-5;1;222;0;18;21;30;-1;162;4
2;214;0;3;-3;1;221;0;8;10;23;-1;162;4
2;214;0;4;-3;1;221;0;8;10;23;-1;162;4
2;214;0;3;-2;1;221;0;8;10;23;-1;162;4
2;214;0;4;-2;1;221;0;8;10;23;-1;162;4
2;214;0;3;-1;1;221;0;8;10;23;-1;162;4
2;214;0;4;-1;1;221;0;8;10;23;-1;162;4
2;214;0;5;1;0;108;1;15;3;0;-1;162;4
2;214;0;6;1;0;108;1;15;3;0;-1;162;4
2;214;0;5;2;0;108;1;15;3;0;-1;162;4
2;214;0;6;2;0;108;1;15;3;0;-1;162;4
2;214;0;5;3;0;108;1;15;3;0;-1;162;4
2;214;0;6;3;0;108;1;15;3;0;-1;162;4
2;214;0;5;-4;1;215;0;12;40;0;-1;162;4
2;214;0;6;-4;1;215;0;12;40;0;-1;162;4
2;214;0;5;-3;1;215;0;12;40;0;-1;162;4
2;214;0;6;-3;1;215;0;12;40;0;-1;162;4
2;214;0;5;-2;1;215;0;12;40;0;-1;162;4
2;214;0;6;-2;1;215;0;12;40;0;-1;162;4
2;214;0;4;-3;1;216;0;5;18;13;-1;162;4
2;214;0;5;-3;1;216;0;5;18;13;-1;162;4
2;214;0;4;-2;1;216;0;5;18;13;-1;162;4
2;214;0;5;-2;1;216;0;5;18;13;-1;162;4
2;214;0;4;-1;1;216;0;5;18;13;-1;162;4
2;214;0;5;-1;1;216;0;5;18;13;-1;162;4
2;214;0;0;-3;1;226;0;13;22;52;-1;162;4
2;214;0;-1;-2;1;226;0;13;22;52;-1;162;4
2;214;0;0;-2;1;226;0;13;22;52;-1;162;4
2;214;0;1;-2;1;226;0;13;22;52;-1;162;4
2;214;0;0;-1;1;226;0;13;22;52;-1;162;4
2;214;0;2;-3;1;228;0;9;10;61;-1;162;4
2;214;0;3;-3;1;228;0;9;10;61;-1;162;4
2;214;0;2;-2;1;228;0;9;10;61;-1;162;4
2;214;0;3;-2;1;228;0;9;10;61;-1;162;4
2;214;0;2;-1;1;228;0;9;10;61;-1;162;4
2;214;0;3;-1;1;228;0;9;10;61;-1;162;4
2;215;0;12;40;0;214;0;6;-3;-1;0;151;4
2;215;0;16;24;3;216;0;12;10;-1;-1;151;2
2;216;0;12;10;2;215;0;16;24;-1;-1;152;2
2;216;0;5;18;0;214;0;5;-2;-1;13;152;4
2;216;0;13;4;2;217;0;13;9;-1;-1;152;2
2;217;0;13;9;3;216;0;13;4;-1;-1;153;2
2;217;0;6;16;0;214;0;4;-2;-1;21;153;4
2;217;0;6;4;3;218;0;5;4;-1;-1;153;2
2;218;0;5;4;2;217;0;6;4;-1;-1;154;2
2;218;0;9;12;0;214;0;3;-1;-1;33;154;4
2;219;0;11;14;3;220;0;3;16;-1;-1;155;2
2;219;0;5;16;0;214;0;5;-2;-1;15;155;4
2;219;0;7;4;2;221;0;7;4;-1;-1;155;2
2;220;0;5;25;0;214;0;6;-3;-1;4;156;4
2;220;0;3;16;2;219;0;11;14;-1;-1;156;2
2;221;0;8;10;0;214;0;4;-2;-1;23;157;4
2;221;0;7;4;3;219;0;7;4;-1;-1;157;2
2;222;0;18;21;0;214;0;7;-6;-1;30;158;4
2;222;0;11;3;3;223;0;5;4;-1;-1;158;2
2;223;0;14;21;0;214;0;4;-2;-1;29;159;4
2;223;0;11;13;3;224;0;8;18;-1;-1;159;2
2;223;0;5;4;2;222;0;11;3;-1;-1;159;2
2;224;0;15;20;0;214;0;3;-1;-1;31;194;4
2;224;0;13;6;3;225;0;5;12;-1;-1;194;2
2;224;0;8;18;2;223;0;11;13;-1;-1;194;2
2;225;0;4;18;0;214;0;2;-2;-1;41;195;4
2;225;0;5;12;2;224;0;13;6;-1;-1;195;2
2;225;0;7;4;2;226;0;18;16;-1;-1;195;2
2;226;0;13;22;0;214;0;1;-2;-1;53;196;4
2;226;0;23;22;0;214;0;0;-2;-1;54;196;4
2;226;0;18;16;3;225;0;7;4;-1;-1;196;2
2;226;0;5;11;1;229;0;5;9;-1;-1;196;4
2;226;0;21;5;3;228;0;5;4;-1;-1;196;2
2;227;0;11;41;0;214;0;3;-2;-1;40;197;4
2;227;0;12;12;2;228;0;13;4;-1;-1;197;2
2;228;0;9;10;0;214;0;3;-2;-1;61;198;4
2;228;0;5;4;2;226;0;21;5;-1;-1;198;2
2;228;0;13;4;3;227;0;12;12;-1;-1;198;2
2;229;0;5;9;0;226;0;5;11;-1;-1;199;4
2;230;0;684;152;1;231;0;23;62;-1;-1;0;4
2;231;0;23;62;0;230;0;684;152;-1;-1;184;4
2;231;0;23;50;1;232;0;26;79;-1;-1;184;4
2;231;0;23;48;1;233;0;26;79;-1;-1;184;4
2;232;0;26;79;0;231;0;23;50;-1;-1;250;4
2;232;0;62;21;1;234;0;16;30;-1;-1;250;4
2;233;0;26;79;0;231;0;23;50;-1;-1;251;4
2;233;0;62;21;1;234;0;16;30;-1;-1;251;4
2;234;0;16;31;0;232;0;62;21;-1;-1;252;4
2;234;0;16;30;0;233;0;62;21;-1;-1;252;4
2;235;0;304;755;1;236;0;8;23;-1;-1;0;4
2;236;0;7;23;0;235;0;304;755;-1;-1;239;1
2;236;0;8;23;0;235;0;304;755;-1;-1;239;1
2;236;0;9;23;0;235;0;304;755;-1;-1;239;1
2;236;0;8;1;1;237;0;4;10;-1;-1;239;4
2;237;0;3;10;0;236;0;8;1;-1;-1;240;1
2;237;0;4;10;0;236;0;8;1;-1;-1;240;1
2;237;0;5;10;0;236;0;8;1;-1;-1;240;1
2;238;0;725;711;1;239;0;6;9;-1;-1;0;3
2;239;0;5;9;0;238;0;725;711;-1;-1;191;1
2;239;0;6;9;0;238;0;725;711;-1;-1;191;1
2;239;0;7;9;0;238;0;725;711;-1;-1;191;1
2;241;0;3;-1;1;245;0;87;23;3;-1;236;36
2;241;0;4;-1;1;245;0;87;23;3;-1;236;36
2;241;0;5;-1;1;245;0;87;23;3;-1;236;36
2;241;0;3;0;1;245;0;87;23;3;-1;236;36
2;241;0;4;0;1;245;0;87;23;3;-1;236;36
2;241;0;5;0;1;245;0;87;23;3;-1;236;36
2;241;0;3;1;1;245;0;87;23;3;-1;236;36
2;241;0;4;1;1;245;0;87;23;3;-1;236;36
2;241;0;5;1;1;245;0;87;23;3;-1;236;36
2;242;0;3;-1;1;245;0;6;93;3;-1;244;36
2;242;0;4;-1;1;245;0;6;93;3;-1;244;36
2;242;0;5;-1;1;245;0;6;93;3;-1;244;36
2;242;0;3;0;1;245;0;6;93;3;-1;244;36
2;242;0;4;0;1;245;0;6;93;3;-1;244;36
2;242;0;5;0;1;245;0;6;93;3;-1;244;36
2;242;0;3;1;1;245;0;6;93;3;-1;244;36
2;242;0;4;1;1;245;0;6;93;3;-1;244;36
2;242;0;5;1;1;245;0;6;93;3;-1;244;36
2;243;0;3;-1;1;245;0;141;90;3;-1;245;36
2;243;0;4;-1;1;245;0;141;90;3;-1;245;36
2;243;0;5;-1;1;245;0;141;90;3;-1;245;36
2;243;0;3;0;1;245;0;141;90;3;-1;245;36
2;243;0;4;0;1;245;0;141;90;3;-1;245;36
2;243;0;5;0;1;245;0;141;90;3;-1;245;36
2;243;0;3;1;1;245;0;141;90;3;-1;245;36
2;243;0;4;1;1;245;0;141;90;3;-1;245;36
2;243;0;5;1;1;245;0;141;90;3;-1;245;36
2;244;0;3;-1;1;245;0;69;156;3;-1;246;36
2;244;0;4;-1;1;245;0;69;156;3;-1;246;36
2;244;0;5;-1;1;245;0;69;156;3;-1;246;36
2;244;0;3;0;1;245;0;69;156;3;-1;246;36
2;244;0;4;0;1;245;0;69;156;3;-1;246;36
2;244;0;5;0;1;245;0;69;156;3;-1;246;36
2;244;0;3;1;1;245;0;69;156;3;-1;246;36
2;244;0;4;1;1;245;0;69;156;3;-1;246;36
2;244;0;5;1;1;245;0;69;156;3;-1;246;36
2;245;0;86;23;0;241;0;4;0;-1;3;247;4
2;245;0;87;23;0;241;0;4;0;-1;3;247;4
2;245;0;88;23;0;241;0;4;0;-1;3;247;4
2;245;0;68;156;0;244;0;4;0;-1;3;247;4
2;245;0;69;156;0;244;0;4;0;-1;3;247;4
2;245;0;70;156;0;244;0;4;0;-1;3;247;4
2;245;0;5;93;0;242;0;4;0;-1;3;247;4
2;245;0;6;93;0;242;0;4;0;-1;3;247;4
2;245;0;7;93;0;242;0;4;0;-1;3;247;4
2;245;0;140;90;0;243;0;4;0;-1;3;247;4
2;245;0;141;90;0;243;0;4;0;-1;3;247;4
2;245;0;142;90;0;243;0;4;0;-1;3;247;4
2;249;0;-1;-3;0;251;0;13;0;13;-1;133;4
2;249;0;0;-3;0;251;0;13;0;13;-1;133;4
2;249;0;1;-3;0;251;0;13;0;13;-1;133;4
2;249;0;-1;-2;0;251;0;13;0;13;-1;133;4
2;249;0;0;-2;0;251;0;13;0;13;-1;133;4
2;249;0;1;-2;0;251;0;13;0;13;-1;133;4
2;249;0;-1;-1;0;251;0;13;0;13;-1;133;4
2;249;0;0;-1;0;251;0;13;0;13;-1;133;4
2;249;0;1;-1;0;251;0;13;0;13;-1;133;4
2;249;0;-1;0;0;251;0;13;0;13;-1;133;4
2;249;0;0;0;0;251;0;13;0;13;-1;133;4
2;249;0;1;0;0;251;0;13;0;13;-1;133;4
2;249;0;-1;1;0;251;0;13;0;13;-1;133;4
2;249;0;0;1;0;251;0;13;0;13;-1;133;4
2;249;0;1;1;0;251;0;13;0;13;-1;133;4
2;249;0;-1;2;0;251;0;13;0;13;-1;133;4
2;249;0;0;2;0;251;0;13;0;13;-1;133;4
2;249;0;1;2;0;251;0;13;0;13;-1;133;4
2;249;0;-1;3;0;251;0;13;0;13;-1;133;4
2;249;0;0;3;0;251;0;13;0;13;-1;133;4
2;249;0;1;3;0;251;0;13;0;13;-1;133;4
2;249;0;3;-2;1;252;0;9;11;12;-1;133;4
2;249;0;4;-2;1;252;0;9;11;12;-1;133;4
2;249;0;5;-2;1;252;0;9;11;12;-1;133;4
2;249;0;3;-1;1;252;0;9;11;12;-1;133;4
2;249;0;4;-1;1;252;0;9;11;12;-1;133;4
2;249;0;5;-1;1;252;0;9;11;12;-1;133;4
2;249;0;3;0;1;252;0;9;11;12;-1;133;4
2;249;0;4;0;1;252;0;9;11;12;-1;133;4
2;249;0;5;0;1;252;0;9;11;12;-1;133;4
2;249;0;3;1;1;252;0;9;11;12;-1;133;4
2;249;0;4;1;1;252;0;9;11;12;-1;133;4
2;249;0;5;1;1;252;0;9;11;12;-1;133;4
2;249;0;3;2;1;252;0;9;11;12;-1;133;4
2;249;0;4;2;1;252;0;9;11;12;-1;133;4
2;249;0;5;2;1;252;0;9;11;12;-1;133;4
2;250;0;15;30;0;155;0;74;23;-1;-1;41;4
2;250;0;16;30;0;155;0;74;23;-1;-1;41;4
2;250;0;17;30;0;155;0;74;23;-1;-1;41;4
2;250;0;20;25;3;251;0;1;5;-1;-1;41;4
2;250;0;20;26;3;251;0;1;5;-1;-1;41;4
2;251;0;1;4;2;250;0;20;26;-1;-1;137;1
2;251;0;1;5;2;250;0;20;26;-1;-1;137;1
2;251;0;1;6;2;250;0;20;26;-1;-1;137;1
2;251;0;12;0;1;249;0;0;0;-1;13;137;1
2;251;0;13;0;1;249;0;0;0;-1;13;137;1
2;251;0;14;0;1;249;0;0;0;-1;13;137;1
2;252;0;8;11;0;249;0;4;0;-1;12;138;1
2;252;0;9;11;0;249;0;4;0;-1;12;138;1
2;252;0;10;11;0;249;0;4;0;-1;12;138;1
2;252;0;1;3;2;28;0;2;1;-1;1;138;1
2;252;0;1;4;2;28;0;2;1;-1;1;138;1
2;252;0;1;5;2;28;0;2;1;-1;1;138;1
2;253;0;43;44;2;96;0;246;432;-1;-1;106;4
2;253;0;43;45;2;96;0;246;432;-1;-1;106;4
2;253;0;43;46;2;96;0;246;432;-1;-1;106;4
2;253;0;43;47;2;96;0;246;432;-1;-1;106;4
2;253;0;43;48;2;96;0;246;432;-1;-1;106;4
2;253;0;43;49;2;96;0;246;432;-1;-1;106;4
2;253;0;43;50;2;96;0;246;432;-1;-1;106;4
2;253;0;212;44;3;73;1;329;432;-1;-1;106;4
2;253;0;212;45;3;73;1;329;432;-1;-1;106;4
2;253;0;212;46;3;73;1;329;432;-1;-1;106;4
2;253;0;212;47;3;73;1;329;432;-1;-1;106;4
2;253;0;212;48;3;73;1;329;432;-1;-1;106;4
2;253;0;212;49;3;73;1;329;432;-1;-1;106;4
2;253;0;212;50;3;73;1;329;432;-1;-1;106;4
2;254;0;7;159;0;91;1;15;8;-1;-1;136;4
2;254;0;8;159;0;91;1;15;8;-1;-1;136;4
2;254;0;9;159;0;91;1;15;8;-1;-1;136;4
2;254;0;10;159;0;91;1;15;8;-1;-1;136;4
2;254;0;11;159;0;91;1;15;8;-1;-1;136;4
2;254;0;12;159;0;91;1;15;8;-1;-1;136;4
2;254;0;13;159;0;91;1;15;8;-1;-1;136;4
2;254;0;14;159;0;91;1;15;8;-1;-1;136;4
2;254;0;15;159;0;91;1;15;8;-1;-1;136;4
2;254;0;16;159;0;91;1;15;8;-1;-1;136;4
2;254;0;17;159;0;91;1;15;8;-1;-1;136;4
2;254;0;18;159;0;91;1;15;8;-1;-1;136;4
2;254;0;19;159;0;91;1;15;8;-1;-1;136;4
2;254;0;20;159;0;91;1;15;8;-1;-1;136;4
2;254;0;21;159;0;91;1;15;8;-1;-1;136;4
2;254;0;22;159;0;91;1;15;8;-1;-1;136;4
2;254;0;23;159;0;91;1;15;8;-1;-1;136;4
2;254;0;24;159;0;91;1;15;8;-1;-1;136;4
2;254;0;7;32;1;93;1;0;8;-1;-1;136;4
2;254;0;8;32;1;93;1;0;8;-1;-1;136;4
2;254;0;9;32;1;93;1;0;8;-1;-1;136;4
2;254;0;10;32;1;93;1;0;8;-1;-1;136;4
2;254;0;11;32;1;93;1;0;8;-1;-1;136;4
2;254;0;12;32;1;93;1;0;8;-1;-1;136;4
2;254;0;13;32;1;93;1;0;8;-1;-1;136;4
2;254;0;14;32;1;93;1;0;8;-1;-1;136;4
2;254;0;15;32;1;93;1;0;8;-1;-1;136;4
2;254;0;16;32;1;93;1;0;8;-1;-1;136;4
2;254;0;17;32;1;93;1;0;8;-1;-1;136;4
2;254;0;18;32;1;93;1;0;8;-1;-1;136;4
2;254;0;19;32;1;93;1;0;8;-1;-1;136;4
2;254;0;20;32;1;93;1;0;8;-1;-1;136;4
2;254;0;21;32;1;93;1;0;8;-1;-1;136;4
2;254;0;22;32;1;93;1;0;8;-1;-1;136;4
2;254;0;23;32;1;93;1;0;8;-1;-1;136;4
2;254;0;24;32;1;93;1;0;8;-1;-1;136;4
2;255;0;2;31;2;110;1;15;5;-1;-1;182;4
2;255;0;2;32;2;110;1;15;5;-1;-1;182;4
2;255;0;2;33;2;110;1;15;5;-1;-1;182;4
2;255;0;93;31;3;113;1;1;5;-1;-1;182;4
2;255;0;93;32;3;113;1;1;5;-1;-1;182;4
2;255;0;93;33;3;113;1;1;5;-1;-1;182;4
2;255;0;3;-7;1;0;1;6;9;3;-1;182;3
2;255;0;2;-6;1;0;1;6;9;3;-1;182;3
2;255;0;3;-6;1;0;1;6;9;3;-1;182;3
2;255;0;4;-6;1;0;1;6;9;3;-1;182;3
2;255;0;3;-5;1;0;1;6;9;3;-1;182;3
2;255;0;13;-7;1;2;1;6;9;8;-1;182;3
2;255;0;12;-6;1;2;1;6;9;8;-1;182;3
2;255;0;13;-6;1;2;1;6;9;8;-1;182;3
2;255;0;14;-6;1;2;1;6;9;8;-1;182;3
2;255;0;13;-5;1;2;1;6;9;8;-1;182;3
2;255;0;3;-7;1;3;1;6;9;14;-1;182;3
2;255;0;2;-6;1;3;1;6;9;14;-1;182;3
2;255;0;3;-6;1;3;1;6;9;14;-1;182;3
2;255;0;4;-6;1;3;1;6;9;14;-1;182;3
2;255;0;3;-5;1;3;1;6;9;14;-1;182;3
2;255;0;2;-7;1;5;1;6;9;12;-1;182;3
2;255;0;1;-6;1;5;1;6;9;12;-1;182;3
2;255;0;2;-6;1;5;1;6;9;12;-1;182;3
2;255;0;3;-6;1;5;1;6;9;12;-1;182;3
2;255;0;2;-5;1;5;1;6;9;12;-1;182;3
2;255;0;2;-7;1;4;1;6;9;10;-1;182;3
2;255;0;1;-6;1;4;1;6;9;10;-1;182;3
2;255;0;2;-6;1;4;1;6;9;10;-1;182;3
2;255;0;3;-6;1;4;1;6;9;10;-1;182;3
2;255;0;2;-5;1;4;1;6;9;10;-1;182;3
2;255;0;3;-7;1;1;1;6;9;5;-1;182;3
2;255;0;2;-6;1;1;1;6;9;5;-1;182;3
2;255;0;3;-6;1;1;1;6;9;5;-1;182;3
2;255;0;4;-6;1;1;1;6;9;5;-1;182;3
2;255;0;3;-5;1;1;1;6;9;5;-1;182;3
2;255;0;77;46;1;6;1;5;5;-1;-1;182;4
2;0;1;5;9;0;255;0;3;-6;-1;3;44;1
2;0;1;6;9;0;255;0;3;-6;-1;3;44;1
2;0;1;7;9;0;255;0;3;-6;-1;3;44;1
2;1;1;5;9;0;255;0;3;-6;-1;5;44;1
2;1;1;6;9;0;255;0;3;-6;-1;5;44;1
2;1;1;7;9;0;255;0;3;-6;-1;5;44;1
2;2;1;5;9;0;255;0;13;-6;-1;8;44;1
2;2;1;6;9;0;255;0;13;-6;-1;8;44;1
2;2;1;7;9;0;255;0;13;-6;-1;8;44;1
2;3;1;5;9;0;255;0;3;-6;-1;14;44;1
2;3;1;6;9;0;255;0;3;-6;-1;14;44;1
2;3;1;7;9;0;255;0;3;-6;-1;14;44;1
2;4;1;5;9;0;255;0;2;-6;-1;10;44;1
2;4;1;6;9;0;255;0;2;-6;-1;10;44;1
2;4;1;7;9;0;255;0;2;-6;-1;10;44;1
2;5;1;5;9;0;255;0;2;-6;-1;12;44;1
2;5;1;6;9;0;255;0;2;-6;-1;12;44;1
2;5;1;7;9;0;255;0;2;-6;-1;12;44;1
2;6;1;4;5;0;255;0;77;46;-1;-1;65;1
2;6;1;5;5;0;255;0;77;46;-1;-1;65;1
2;6;1;6;5;0;255;0;77;46;-1;-1;65;1
2;7;1;14;31;1;128;1;20;3;-1;-1;135;3
2;7;1;161;31;1;124;1;4;1;-1;-1;135;3
2;8;1;43;4;3;9;1;6;16;-1;-1;127;2
2;8;1;43;5;3;9;1;6;16;-1;-1;127;2
2;8;1;43;6;3;9;1;6;16;-1;-1;127;2
2;8;1;43;7;3;9;1;6;16;-1;-1;127;2
2;8;1;25;20;0;139;0;30;11;-1;-1;127;4
2;9;1;6;14;2;8;1;43;6;-1;-1;171;2
2;9;1;6;15;2;8;1;43;6;-1;-1;171;2
2;9;1;6;16;2;8;1;43;6;-1;-1;171;2
2;9;1;6;17;2;8;1;43;6;-1;-1;171;2
2;9;1;42;8;2;13;1;42;16;-1;-1;171;2
2;9;1;42;9;2;13;1;42;16;-1;-1;171;2
2;9;1;42;10;2;13;1;42;16;-1;-1;171;2
2;9;1;42;11;2;13;1;42;16;-1;-1;171;2
2;9;1;10;8;1;10;1;9;20;-1;-1;171;3
2;9;1;22;8;1;11;1;9;20;-1;-1;171;3
2;9;1;34;8;1;12;1;9;20;-1;-1;171;3
2;10;1;8;20;0;9;1;10;8;-1;-1;164;1
2;10;1;9;20;0;9;1;10;8;-1;-1;164;1
2;10;1;10;20;0;9;1;10;8;-1;-1;164;1
2;11;1;8;20;0;9;1;22;8;-1;-1;164;1
2;11;1;9;20;0;9;1;22;8;-1;-1;164;1
2;11;1;10;20;0;9;1;22;8;-1;-1;164;1
2;12;1;8;20;0;9;1;34;8;-1;-1;164;1
2;12;1;9;20;0;9;1;34;8;-1;-1;164;1
2;12;1;10;20;0;9;1;34;8;-1;-1;164;1
2;13;1;42;14;3;9;1;42;10;-1;-1;173;2
2;13;1;42;15;3;9;1;42;10;-1;-1;173;2
2;13;1;42;16;3;9;1;42;10;-1;-1;173;2
2;13;1;42;17;3;9;1;42;10;-1;-1;173;2
2;13;1;38;8;1;14;1;9;20;-1;-1;173;3
2;13;1;26;8;1;15;1;9;20;-1;-1;173;3
2;13;1;14;8;1;16;1;9;20;-1;-1;173;3
2;13;1;6;8;3;17;1;6;16;-1;-1;173;2
2;13;1;6;9;3;17;1;6;16;-1;-1;173;2
2;13;1;6;10;3;17;1;6;16;-1;-1;173;2
2;13;1;6;11;3;17;1;6;16;-1;-1;173;2
2;14;1;8;20;0;13;1;38;8;-1;-1;170;1
2;14;1;9;20;0;13;1;38;8;-1;-1;170;1
2;14;1;10;20;0;13;1;38;8;-1;-1;170;1
2;15;1;8;20;0;13;1;26;8;-1;-1;164;1
2;15;1;9;20;0;13;1;26;8;-1;-1;164;1
2;15;1;10;20;0;13;1;26;8;-1;-1;164;1
2;16;1;8;20;0;13;1;14;8;-1;-1;164;1
2;16;1;9;20;0;13;1;14;8;-1;-1;164;1
2;16;1;10;20;0;13;1;14;8;-1;-1;164;1
2;17;1;6;14;2;13;1;6;10;-1;-1;171;2
2;17;1;6;15;2;13;1;6;10;-1;-1;171;2
2;17;1;6;16;2;13;1;6;10;-1;-1;171;2
2;17;1;6;17;2;13;1;6;10;-1;-1;171;2
2;17;1;10;8;1;18;1;9;20;-1;-1;171;3
2;17;1;22;8;1;19;1;9;20;-1;-1;171;3
2;17;1;34;8;1;20;1;9;20;-1;-1;171;3
2;17;1;42;8;2;21;1;42;15;-1;-1;171;2
2;17;1;42;9;2;21;1;42;15;-1;-1;171;2
2;17;1;42;10;2;21;1;42;15;-1;-1;171;2
2;17;1;42;11;2;21;1;42;15;-1;-1;171;2
2;18;1;8;20;0;17;1;10;8;-1;-1;163;1
2;18;1;9;20;0;17;1;10;8;-1;-1;163;1
2;18;1;10;20;0;17;1;10;8;-1;-1;163;1
2;19;1;8;20;0;17;1;22;8;-1;-1;164;1
2;19;1;9;20;0;17;1;22;8;-1;-1;164;1
2;19;1;10;20;0;17;1;22;8;-1;-1;164;1
2;20;1;8;20;0;17;1;34;8;-1;-1;164;1
2;20;1;9;20;0;17;1;34;8;-1;-1;164;1
2;20;1;10;20;0;17;1;34;8;-1;-1;164;1
2;21;1;42;14;3;17;1;42;10;-1;-1;174;2
2;21;1;42;15;3;17;1;42;10;-1;-1;174;2
2;21;1;42;16;3;17;1;42;10;-1;-1;174;2
2;21;1;23;8;1;22;1;16;60;-1;-1;174;4
2;21;1;24;8;1;22;1;16;60;-1;-1;174;4
2;21;1;25;8;1;22;1;16;60;-1;-1;174;4
2;22;1;15;60;0;21;1;24;8;-1;-1;172;1
2;22;1;16;60;0;21;1;24;8;-1;-1;172;1
2;22;1;17;60;0;21;1;24;8;-1;-1;172;1
2;38;1;11;51;-1;122;1;630;427;-1;-1;226;6
2;38;1;51;12;-1;118;1;692;373;-1;-1;226;6
2;39;1;10;51;2;122;1;630;427;-1;-1;225;6
2;39;1;51;12;1;118;1;692;373;-1;-1;225;6
2;45;1;211;47;3;73;1;331;432;-1;-1;106;6
2;45;1;44;47;2;96;0;243;432;-1;-1;106;6
2;46;1;15;158;0;89;1;242;180;-1;-1;136;6
2;46;1;15;33;-1;92;1;336;175;-1;-1;136;6
2;47;1;14;33;-1;127;1;501;431;-1;-1;135;6
2;47;1;161;33;-1;122;1;585;436;-1;-1;135;6
2;61;1;742;747;2;62;1;15;5;-1;-1;0;4
2;61;1;742;748;2;62;1;15;5;-1;-1;0;4
2;61;1;742;749;2;62;1;15;5;-1;-1;0;4
2;62;1;15;4;3;61;1;742;748;-1;-1;50;1
2;62;1;15;5;3;61;1;742;748;-1;-1;50;1
2;62;1;15;6;3;61;1;742;748;-1;-1;50;1
2;62;1;1;4;2;167;1;735;748;-1;-1;50;1
2;62;1;1;5;2;167;1;735;748;-1;-1;50;1
2;62;1;1;6;2;167;1;735;748;-1;-1;50;1
2;63;1;761;647;3;64;1;1;5;-1;-1;0;4
2;63;1;761;648;3;64;1;1;5;-1;-1;0;4
2;63;1;761;649;3;64;1;1;5;-1;-1;0;4
2;64;1;15;4;3;141;1;768;648;-1;-1;50;1
2;64;1;15;5;3;141;1;768;648;-1;-1;50;1
2;64;1;15;6;3;141;1;768;648;-1;-1;50;1
2;64;1;1;4;2;63;1;761;648;-1;-1;50;1
2;64;1;1;5;2;63;1;761;648;-1;-1;50;1
2;64;1;1;6;2;63;1;761;648;-1;-1;50;1
2;65;1;678;598;2;27;0;15;5;-1;-1;0;4
2;65;1;678;599;2;27;0;15;5;-1;-1;0;4
2;65;1;678;600;2;27;0;15;5;-1;-1;0;4
2;65;1;740;555;1;66;1;5;11;-1;-1;0;3
2;65;1;749;555;1;67;1;6;13;-1;-1;0;3
2;65;1;679;554;2;68;1;30;5;-1;-1;0;4
2;65;1;679;555;2;68;1;30;5;-1;-1;0;4
2;66;1;4;11;0;65;1;740;555;-1;-1;53;1
2;66;1;6;11;0;65;1;740;555;-1;-1;53;1
2;66;1;5;11;0;65;1;740;555;-1;-1;53;1
2;67;1;5;13;0;65;1;749;555;-1;-1;28;1
2;67;1;7;13;0;65;1;749;555;-1;-1;28;1
2;67;1;6;13;0;65;1;749;555;-1;-1;28;1
2;68;1;30;5;3;65;1;679;555;-1;-1;108;4
2;68;1;27;23;3;69;1;2;58;-1;-1;108;2
2;69;1;2;58;2;68;1;27;23;-1;-1;109;2
2;70;1;429;489;1;90;0;5;14;-1;-1;0;4
2;70;1;430;489;1;90;0;5;14;-1;-1;0;4
2;70;1;431;489;1;90;0;5;14;-1;-1;0;4
2;70;1;429;599;0;51;0;5;1;-1;-1;0;4
2;70;1;430;599;0;51;0;5;1;-1;-1;0;4
2;70;1;431;599;0;51;0;5;1;-1;-1;0;4
2;70;1;422;577;1;71;1;4;10;-1;-1;0;3
2;70;1;394;536;1;72;1;4;10;-1;-1;0;3
2;71;1;3;10;0;70;1;422;577;-1;-1;91;1
2;71;1;4;10;0;70;1;422;577;-1;-1;91;1
2;71;1;5;10;0;70;1;422;577;-1;-1;91;1
2;72;1;3;10;0;70;1;394;536;-1;-1;91;1
2;72;1;4;10;0;70;1;394;536;-1;-1;91;1
2;72;1;5;10;0;70;1;394;536;-1;-1;91;1
2;73;1;377;437;3;91;0;1;5;-1;-1;0;4
2;73;1;377;438;3;91;0;1;5;-1;-1;0;4
2;73;1;377;439;3;91;0;1;5;-1;-1;0;4
2;73;1;329;431;2;253;0;212;47;-1;-1;0;4
2;73;1;329;432;2;253;0;212;47;-1;-1;0;4
2;73;1;329;433;2;253;0;212;47;-1;-1;0;4
2;73;1;365;434;1;74;1;5;5;-1;-1;0;4
2;74;1;4;5;0;73;1;365;434;-1;-1;65;1
2;74;1;5;5;0;73;1;365;434;-1;-1;65;1
2;74;1;6;5;0;73;1;365;434;-1;-1;65;1
2;75;1;135;369;1;76;1;6;9;-1;-1;0;3
2;75;1;156;361;3;77;1;1;6;-1;-1;0;4
2;75;1;156;362;3;77;1;1;6;-1;-1;0;4
2;75;1;116;361;1;80;1;6;9;-1;-1;0;3
2;76;1;5;9;0;75;1;135;369;-1;-1;92;1
2;76;1;6;9;0;75;1;135;369;-1;-1;92;1
2;76;1;7;9;0;75;1;135;369;-1;-1;92;1
2;77;1;1;6;2;75;1;156;362;-1;-1;110;4
2;77;1;13;16;3;78;1;4;20;-1;-1;110;2
2;78;1;4;20;2;77;1;13;16;-1;-1;111;2
2;78;1;17;12;1;79;1;16;27;-1;-1;111;2
2;78;1;18;12;1;79;1;16;27;-1;-1;111;2
2;78;1;19;12;1;79;1;16;27;-1;-1;111;2
2;79;1;16;27;0;78;1;18;12;-1;-1;112;2
2;80;1;5;9;0;75;1;116;361;-1;-1;44;1
2;80;1;6;9;0;75;1;116;361;-1;-1;44;1
2;80;1;7;9;0;75;1;116;361;-1;-1;44;1
2;81;1;107;232;1;82;1;16;28;-1;-1;0;16
2;81;1;102;260;1;87;1;6;9;-1;-1;0;3
2;81;1;130;242;1;88;1;6;9;-1;-1;0;3
2;82;1;15;28;0;81;1;107;232;-1;-1;185;1
2;82;1;16;28;0;81;1;107;232;-1;-1;185;1
2;82;1;17;28;0;81;1;107;232;-1;-1;185;1
2;82;1;22;-1;2;83;1;17;23;0;-1;185;4
2;82;1;23;-1;2;83;1;17;23;0;-1;185;4
2;82;1;24;-1;2;83;1;17;23;0;-1;185;4
2;82;1;22;0;2;83;1;17;23;0;-1;185;4
2;82;1;23;0;2;83;1;17;23;0;-1;185;4
2;82;1;24;0;2;83;1;17;23;0;-1;185;4
2;82;1;22;1;2;83;1;17;23;0;-1;185;4
2;82;1;23;1;2;83;1;17;23;0;-1;185;4
2;82;1;24;1;2;83;1;17;23;0;-1;185;4
2;83;1;17;22;3;82;1;23;0;-1;0;186;2
2;83;1;17;23;3;82;1;23;0;-1;0;186;2
2;83;1;17;24;3;82;1;23;0;-1;0;186;2
2;83;1;7;-1;3;84;1;15;9;0;-1;186;4
2;83;1;8;-1;3;84;1;15;9;0;-1;186;4
2;83;1;9;-1;3;84;1;15;9;0;-1;186;4
2;83;1;7;0;3;84;1;15;9;0;-1;186;4
2;83;1;8;0;3;84;1;15;9;0;-1;186;4
2;83;1;9;0;3;84;1;15;9;0;-1;186;4
2;83;1;7;1;3;84;1;15;9;0;-1;186;4
2;83;1;8;1;3;84;1;15;9;0;-1;186;4
2;83;1;9;1;3;84;1;15;9;0;-1;186;4
2;84;1;15;8;2;83;1;8;0;-1;0;187;2
2;84;1;15;9;2;83;1;8;0;-1;0;187;2
2;84;1;15;10;2;83;1;8;0;-1;0;187;2
2;84;1;7;-1;2;85;1;16;21;0;-1;187;4
2;84;1;8;-1;2;85;1;16;21;0;-1;187;4
2;84;1;9;-1;2;85;1;16;21;0;-1;187;4
2;84;1;7;0;2;85;1;16;21;0;-1;187;4
2;84;1;8;0;2;85;1;16;21;0;-1;187;4
2;84;1;9;0;2;85;1;16;21;0;-1;187;4
2;84;1;7;1;2;85;1;16;21;0;-1;187;4
2;84;1;8;1;2;85;1;16;21;0;-1;187;4
2;84;1;9;1;2;85;1;16;21;0;-1;187;4
2;85;1;16;20;3;84;1;8;0;-1;0;188;2
2;85;1;16;21;3;84;1;8;0;-1;0;188;2
2;85;1;16;22;3;84;1;8;0;-1;0;188;2
2;85;1;6;-1;3;86;1;21;15;2;-1;188;4
2;85;1;7;-1;3;86;1;21;15;2;-1;188;4
2;85;1;8;-1;3;86;1;21;15;2;-1;188;4
2;85;1;6;0;3;86;1;21;15;2;-1;188;4
2;85;1;7;0;3;86;1;21;15;2;-1;188;4
2;85;1;8;0;3;86;1;21;15;2;-1;188;4
2;85;1;6;1;3;86;1;21;15;2;-1;188;4
2;85;1;7;1;3;86;1;21;15;2;-1;188;4
2;85;1;8;1;3;86;1;21;15;2;-1;188;4
2;86;1;21;14;2;85;1;7;0;-1;2;189;2
2;86;1;21;15;2;85;1;7;0;-1;2;189;2
2;86;1;21;16;2;85;1;7;0;-1;2;189;2
2;87;1;5;9;0;81;1;102;260;-1;-1;44;1
2;87;1;6;9;0;81;1;102;260;-1;-1;44;1
2;87;1;7;9;0;81;1;102;260;-1;-1;44;1
2;88;1;5;9;0;81;1;130;242;-1;-1;44;1
2;88;1;6;9;0;81;1;130;242;-1;-1;44;1
2;88;1;7;9;0;81;1;130;242;-1;-1;44;1
2;89;1;244;180;3;91;1;1;8;-1;-1;0;4
2;89;1;233;165;1;90;1;30;49;-1;-1;0;4
2;89;1;234;165;1;90;1;30;49;-1;-1;0;4
2;90;1;29;49;0;89;1;234;165;-1;-1;183;4
2;90;1;30;49;0;89;1;234;165;-1;-1;183;4
2;91;1;1;7;2;89;1;244;180;-1;-1;129;1
2;91;1;1;8;2;89;1;244;180;-1;-1;129;1
2;91;1;1;9;2;89;1;244;180;-1;-1;129;1
2;91;1;15;8;3;254;0;16;159;-1;-1;129;33
2;91;1;15;7;3;254;0;16;159;-1;-1;129;33
2;91;1;15;9;3;254;0;16;159;-1;-1;129;33
2;92;1;335;175;2;93;1;14;8;-1;-1;0;4
2;92;1;377;174;3;131;0;1;5;-1;-1;0;4
2;92;1;377;175;3;131;0;1;5;-1;-1;0;4
2;92;1;377;176;3;131;0;1;5;-1;-1;0;4
2;92;1;357;167;1;94;1;15;28;-1;-1;0;27
2;92;1;358;167;1;94;1;15;28;-1;-1;0;27
2;92;1;346;185;1;96;1;12;25;-1;-1;0;4
2;93;1;0;8;2;254;0;16;32;-1;-1;129;34
2;93;1;14;7;3;92;1;335;175;-1;-1;129;1
2;93;1;14;8;3;92;1;335;175;-1;-1;129;1
2;93;1;14;9;3;92;1;335;175;-1;-1;129;1
2;93;1;0;7;2;254;0;16;32;-1;-1;129;34
2;93;1;0;9;2;254;0;16;32;-1;-1;129;34
2;94;1;14;28;0;92;1;358;167;-1;-1;90;1
2;94;1;15;28;0;92;1;358;167;-1;-1;90;1
2;94;1;16;28;0;92;1;358;167;-1;-1;90;1
2;94;1;23;13;1;95;1;6;9;-1;-1;90;3
2;95;1;5;9;0;94;1;23;13;-1;-1;141;1
2;95;1;6;9;0;94;1;23;13;-1;-1;141;1
2;95;1;7;9;0;94;1;23;13;-1;-1;141;1
2;96;1;12;25;0;92;1;346;185;-1;-1;113;4
2;96;1;16;18;3;97;1;5;28;-1;-1;113;2
2;97;1;5;28;2;96;1;16;18;-1;-1;114;2
2;97;1;8;18;2;98;1;13;26;-1;-1;114;2
2;98;1;13;26;3;97;1;8;18;-1;-1;115;2
2;99;1;430;127;0;132;0;5;1;-1;-1;0;4
2;99;1;431;127;0;132;0;5;1;-1;-1;0;4
2;99;1;432;127;0;132;0;5;1;-1;-1;0;4
2;99;1;498;107;1;100;1;15;25;-1;-1;0;22
2;100;1;14;25;0;99;1;498;107;-1;-1;142;4
2;100;1;15;25;0;99;1;498;107;-1;-1;142;4
2;100;1;16;25;0;99;1;498;107;-1;-1;142;4
2;100;1;13;7;1;101;1;15;21;-1;-1;142;4
2;100;1;14;7;1;101;1;15;21;-1;-1;142;4
2;100;1;15;7;1;101;1;15;21;-1;-1;142;4
2;100;1;16;7;1;101;1;15;21;-1;-1;142;4
2;100;1;17;7;1;101;1;15;21;-1;-1;142;4
2;101;1;13;21;0;100;1;15;7;-1;-1;143;4
2;101;1;14;21;0;100;1;15;7;-1;-1;143;4
2;101;1;15;21;0;100;1;15;7;-1;-1;143;4
2;101;1;16;21;0;100;1;15;7;-1;-1;143;4
2;101;1;17;21;0;100;1;15;7;-1;-1;143;4
2;101;1;13;7;1;102;1;15;21;-1;-1;143;4
2;101;1;14;7;1;102;1;15;21;-1;-1;143;4
2;101;1;15;7;1;102;1;15;21;-1;-1;143;4
2;101;1;16;7;1;102;1;15;21;-1;-1;143;4
2;101;1;17;7;1;102;1;15;21;-1;-1;143;4
2;102;1;13;21;0;101;1;15;7;-1;-1;144;4
2;102;1;14;21;0;101;1;15;7;-1;-1;144;4
2;102;1;15;21;0;101;1;15;7;-1;-1;144;4
2;102;1;16;21;0;101;1;15;7;-1;-1;144;4
2;102;1;17;21;0;101;1;15;7;-1;-1;144;4
2;102;1;13;7;1;103;1;15;21;-1;-1;144;4
2;102;1;14;7;1;103;1;15;21;-1;-1;144;4
2;102;1;15;7;1;103;1;15;21;-1;-1;144;4
2;102;1;16;7;1;103;1;15;21;-1;-1;144;4
2;102;1;17;7;1;103;1;15;21;-1;-1;144;4
2;103;1;15;21;0;102;1;15;7;-1;-1;145;4
2;103;1;13;7;1;104;1;15;21;-1;-1;145;4
2;103;1;14;7;1;104;1;15;21;-1;-1;145;4
2;103;1;15;7;1;104;1;15;21;-1;-1;145;4
2;103;1;16;7;1;104;1;15;21;-1;-1;145;4
2;103;1;17;7;1;104;1;15;21;-1;-1;145;4
2;104;1;13;21;0;103;1;15;7;-1;-1;146;4
2;104;1;14;21;0;103;1;15;7;-1;-1;146;4
2;104;1;15;21;0;103;1;15;7;-1;-1;146;4
2;104;1;16;21;0;103;1;15;7;-1;-1;146;4
2;104;1;17;21;0;103;1;15;7;-1;-1;146;4
2;104;1;13;7;1;105;1;14;21;-1;-1;146;4
2;104;1;14;7;1;105;1;14;21;-1;-1;146;4
2;104;1;15;7;1;105;1;14;21;-1;-1;146;4
2;104;1;16;7;1;105;1;16;21;-1;-1;146;4
2;104;1;17;7;1;105;1;16;21;-1;-1;146;4
2;105;1;13;21;0;104;1;14;7;-1;-1;147;4
2;105;1;14;21;0;104;1;14;7;-1;-1;147;4
2;105;1;15;21;0;104;1;14;7;-1;-1;147;4
2;105;1;13;7;1;106;1;15;21;-1;-1;147;4
2;105;1;14;7;1;106;1;15;21;-1;-1;147;4
2;105;1;15;7;1;106;1;15;21;-1;-1;147;4
2;105;1;16;7;1;106;1;15;21;-1;-1;147;4
2;105;1;17;7;1;106;1;15;21;-1;-1;147;4
2;105;1;16;21;0;104;1;16;7;-1;-1;147;4
2;106;1;14;21;0;105;1;15;7;-1;-1;148;4
2;106;1;15;21;0;105;1;15;7;-1;-1;148;4
2;106;1;16;21;0;105;1;15;7;-1;-1;148;4
2;106;1;13;7;1;107;1;15;21;-1;-1;148;4
2;106;1;14;7;1;107;1;15;21;-1;-1;148;4
2;106;1;15;7;1;107;1;15;21;-1;-1;148;4
2;106;1;16;7;1;107;1;15;21;-1;-1;148;4
2;106;1;17;7;1;107;1;15;21;-1;-1;148;4
2;107;1;13;21;0;106;1;15;7;-1;-1;149;4
2;107;1;14;21;0;106;1;15;7;-1;-1;149;4
2;107;1;15;21;0;106;1;15;7;-1;-1;149;4
2;107;1;16;21;0;106;1;15;7;-1;-1;149;4
2;107;1;17;21;0;106;1;15;7;-1;-1;149;4
2;107;1;13;7;1;108;1;15;21;-1;-1;149;4
2;107;1;14;7;1;108;1;15;21;-1;-1;149;4
2;107;1;15;7;1;108;1;15;21;-1;-1;149;4
2;107;1;16;7;1;108;1;15;21;-1;-1;149;4
2;107;1;17;7;1;108;1;15;21;-1;-1;149;4
2;108;1;13;21;0;107;1;15;7;-1;-1;150;4
2;108;1;14;21;0;107;1;15;7;-1;-1;150;4
2;108;1;15;21;0;107;1;15;7;-1;-1;150;4
2;108;1;16;21;0;107;1;15;7;-1;-1;150;4
2;108;1;17;21;0;107;1;15;7;-1;-1;150;4
2;108;1;15;3;1;214;0;6;2;-1;0;150;4
2;109;1;503;174;3;110;1;1;5;-1;-1;0;4
2;109;1;503;175;3;110;1;1;5;-1;-1;0;4
2;109;1;503;176;3;110;1;1;5;-1;-1;0;4
2;109;1;454;174;2;133;0;15;5;-1;-1;0;4
2;109;1;454;175;2;133;0;15;5;-1;-1;0;4
2;109;1;454;176;2;133;0;15;5;-1;-1;0;4
2;109;1;487;172;1;111;1;5;5;-1;-1;0;4
2;110;1;1;4;2;109;1;503;175;-1;-1;50;1
2;110;1;1;5;2;109;1;503;175;-1;-1;50;1
2;110;1;1;6;2;109;1;503;175;-1;-1;50;1
2;110;1;15;4;3;255;0;2;32;-1;-1;50;1
2;110;1;15;5;3;255;0;2;32;-1;-1;50;1
2;110;1;15;6;3;255;0;2;32;-1;-1;50;1
2;111;1;4;5;0;109;1;487;172;-1;-1;65;1
2;111;1;5;5;0;109;1;487;172;-1;-1;65;1
2;111;1;6;5;0;109;1;487;172;-1;-1;65;1
2;112;1;583;174;2;113;1;15;5;-1;-1;0;4
2;112;1;583;175;2;113;1;15;5;-1;-1;0;4
2;112;1;583;176;2;113;1;15;5;-1;-1;0;4
2;113;1;1;4;2;255;0;93;32;-1;-1;50;1
2;113;1;1;5;2;255;0;93;32;-1;-1;50;1
2;113;1;1;6;2;255;0;93;32;-1;-1;50;1
2;113;1;15;4;3;112;1;583;175;-1;-1;50;1
2;113;1;15;5;3;112;1;583;175;-1;-1;50;1
2;113;1;15;6;3;112;1;583;175;-1;-1;50;1
2;114;1;644;207;1;115;1;6;9;-1;-1;0;3
2;114;1;752;287;0;116;1;5;1;-1;-1;0;4
2;114;1;753;287;0;116;1;5;1;-1;-1;0;4
2;114;1;754;287;0;116;1;5;1;-1;-1;0;4
2;114;1;677;234;1;117;1;6;9;-1;-1;0;3
2;115;1;5;9;0;114;1;644;207;-1;-1;47;1
2;115;1;6;9;0;114;1;644;207;-1;-1;47;1
2;115;1;7;9;0;114;1;644;207;-1;-1;47;1
2;116;1;4;1;1;114;1;753;287;-1;-1;12;1
2;116;1;5;1;1;114;1;753;287;-1;-1;12;1
2;116;1;6;1;1;114;1;753;287;-1;-1;12;1
2;116;1;4;14;0;156;1;753;295;-1;-1;12;1
2;116;1;5;14;0;156;1;753;295;-1;-1;12;1
2;116;1;6;14;0;156;1;753;295;-1;-1;12;1
2;117;1;5;9;0;114;1;677;234;-1;-1;47;1
2;117;1;6;9;0;114;1;677;234;-1;-1;47;1
2;117;1;7;9;0;114;1;677;234;-1;-1;47;1
2;118;1;677;357;1;120;1;51;54;-1;-1;0;4
2;118;1;678;357;1;120;1;51;54;-1;-1;0;4
2;118;1;691;376;0;119;1;5;1;-1;-1;0;4
2;118;1;692;376;0;119;1;5;1;-1;-1;0;4
2;118;1;693;376;0;119;1;5;1;-1;-1;0;4
2;119;1;4;14;0;0;0;51;9;-1;-1;12;1
2;119;1;5;14;0;0;0;51;9;-1;-1;12;1
2;119;1;6;14;0;0;0;51;9;-1;-1;12;1
2;119;1;4;1;1;118;1;692;376;-1;-1;12;1
2;119;1;5;1;1;118;1;692;376;-1;-1;12;1
2;119;1;6;1;1;118;1;692;376;-1;-1;12;1
2;120;1;50;54;0;118;1;678;357;-1;-1;190;4
2;120;1;51;54;0;118;1;678;357;-1;-1;190;4
2;120;1;36;46;1;121;1;5;9;-1;-1;190;3
2;121;1;4;9;0;120;1;36;46;-1;-1;46;1
2;121;1;5;9;0;120;1;36;46;-1;-1;46;1
2;121;1;6;9;0;120;1;36;46;-1;-1;46;1
2;122;1;633;426;3;123;1;1;5;-1;-1;0;4
2;122;1;633;427;3;123;1;1;5;-1;-1;0;4
2;122;1;633;428;3;123;1;1;5;-1;-1;0;4
2;122;1;583;435;2;124;1;23;7;-1;-1;0;4
2;122;1;583;436;2;124;1;23;7;-1;-1;0;4
2;122;1;608;425;1;125;1;10;23;-1;-1;0;24
2;122;1;591;431;1;126;1;5;5;-1;-1;0;4
2;123;1;1;4;2;122;1;633;427;-1;-1;50;1
2;123;1;1;5;2;122;1;633;427;-1;-1;50;1
2;123;1;1;6;2;122;1;633;427;-1;-1;50;1
2;123;1;15;4;3;0;0;9;52;-1;-1;50;1
2;123;1;15;5;3;0;0;9;52;-1;-1;50;1
2;123;1;15;6;3;0;0;9;52;-1;-1;50;1
2;124;1;4;1;1;7;1;161;31;-1;-1;131;3
2;124;1;23;6;3;122;1;583;436;-1;-1;131;1
2;124;1;23;7;3;122;1;583;436;-1;-1;131;1
2;124;1;23;8;3;122;1;583;436;-1;-1;131;1
2;125;1;9;23;0;122;1;608;425;-1;-1;140;1
2;125;1;10;23;0;122;1;608;425;-1;-1;140;1
2;125;1;11;23;0;122;1;608;425;-1;-1;140;1
2;126;1;4;5;0;122;1;591;431;-1;-1;65;1
2;126;1;5;5;0;122;1;591;431;-1;-1;65;1
2;126;1;6;5;0;122;1;591;431;-1;-1;65;1
2;127;1;503;431;3;128;1;1;9;-1;-1;0;4
2;127;1;503;432;3;128;1;1;9;-1;-1;0;4
2;127;1;454;437;2;92;0;15;5;-1;-1;0;4
2;127;1;454;438;2;92;0;15;5;-1;-1;0;4
2;127;1;454;439;2;92;0;15;5;-1;-1;0;4
2;127;1;483;416;1;129;1;13;52;-1;-1;0;4
2;127;1;484;416;1;129;1;13;52;-1;-1;0;4
2;128;1;1;8;2;127;1;503;432;-1;-1;130;1
2;128;1;1;9;2;127;1;503;432;-1;-1;130;1
2;128;1;1;10;2;127;1;503;432;-1;-1;130;1
2;128;1;20;3;1;7;1;14;31;-1;-1;130;3
2;129;1;12;52;0;127;1;484;416;-1;-1;237;4
2;129;1;13;52;0;127;1;484;416;-1;-1;237;4
2;129;1;16;17;1;130;1;5;5;-1;-1;237;4
2;130;1;4;5;0;129;1;16;17;-1;-1;65;1
2;130;1;5;5;0;129;1;16;17;-1;-1;65;1
2;130;1;6;5;0;129;1;16;17;-1;-1;65;1
2;131;1;636;737;1;132;1;4;10;-1;-1;0;3
2;132;1;3;10;0;131;1;636;737;-1;-1;91;1
2;132;1;4;10;0;131;1;636;737;-1;-1;91;1
2;132;1;5;10;0;131;1;636;737;-1;-1;91;1
2;133;1;782;748;1;134;1;6;10;-1;-1;0;3
2;133;1;776;757;1;136;1;6;10;-1;-1;0;3
2;133;1;787;757;1;138;1;6;10;-1;-1;0;3
2;133;1;777;740;1;140;1;4;11;-1;-1;0;3
2;134;1;5;10;0;133;1;782;748;-1;-1;39;1
2;134;1;6;10;0;133;1;782;748;-1;-1;39;1
2;134;1;7;10;0;133;1;782;748;-1;-1;39;1
2;134;1;2;2;2;135;1;9;2;-1;-1;39;2
2;135;1;9;2;3;134;1;2;2;-1;-1;40;2
2;136;1;5;10;0;133;1;776;757;-1;-1;37;1
2;136;1;6;10;0;133;1;776;757;-1;-1;37;1
2;136;1;7;10;0;133;1;776;757;-1;-1;37;1
2;136;1;11;2;3;137;1;2;2;-1;-1;37;2
2;137;1;2;2;2;136;1;11;2;-1;-1;38;2
2;138;1;5;10;0;133;1;787;757;-1;-1;35;1
2;138;1;6;10;0;133;1;787;757;-1;-1;35;1
2;138;1;7;10;0;133;1;787;757;-1;-1;35;1
2;138;1;11;2;3;139;1;2;2;-1;-1;35;2
2;139;1;2;2;2;138;1;11;2;-1;-1;36;2
2;140;1;3;11;0;133;1;777;740;-1;-1;42;1
2;140;1;4;11;0;133;1;777;740;-1;-1;42;1
2;140;1;5;11;0;133;1;777;740;-1;-1;42;1
2;141;1;796;657;1;142;1;7;19;-1;-1;0;3
2;141;1;771;660;1;143;1;7;10;-1;-1;0;3
2;141;1;785;646;1;145;1;7;10;-1;-1;0;3
2;141;1;777;646;1;147;1;7;10;-1;-1;0;3
2;141;1;794;648;1;149;1;5;9;-1;-1;0;3
2;141;1;768;647;2;64;1;15;5;-1;-1;0;4
2;141;1;768;648;2;64;1;15;5;-1;-1;0;4
2;141;1;768;649;2;64;1;15;5;-1;-1;0;4
2;142;1;6;19;0;141;1;796;657;-1;-1;13;1
2;142;1;7;19;0;141;1;796;657;-1;-1;13;1
2;142;1;8;19;0;141;1;796;657;-1;-1;13;1
2;143;1;6;10;0;141;1;771;660;-1;-1;26;1
2;143;1;7;10;0;141;1;771;660;-1;-1;26;1
2;143;1;8;10;0;141;1;771;660;-1;-1;26;1
2;143;1;8;2;3;144;1;10;2;-1;-1;26;2
2;144;1;10;2;2;143;1;8;2;-1;-1;27;2
2;145;1;6;10;0;141;1;785;646;-1;-1;26;1
2;145;1;7;10;0;141;1;785;646;-1;-1;26;1
2;145;1;8;10;0;141;1;785;646;-1;-1;26;1
2;145;1;8;2;3;146;1;10;2;-1;-1;26;2
2;146;1;10;2;2;145;1;8;2;-1;-1;27;2
2;147;1;6;10;0;141;1;777;646;-1;-1;26;1
2;147;1;7;10;0;141;1;777;646;-1;-1;26;1
2;147;1;8;10;0;141;1;777;646;-1;-1;26;1
2;147;1;8;2;3;148;1;10;2;-1;-1;26;2
2;148;1;10;2;2;147;1;8;2;-1;-1;32;2
2;149;1;4;9;0;141;1;794;648;-1;-1;45;1
2;149;1;5;9;0;141;1;794;648;-1;-1;45;1
2;149;1;6;9;0;141;1;794;648;-1;-1;45;1
2;150;1;660;184;1;151;1;7;19;-1;-1;0;3
2;150;1;648;184;1;152;1;6;9;-1;-1;0;3
2;150;1;652;169;1;153;1;6;9;-1;-1;0;3
2;150;1;657;169;1;154;1;6;9;-1;-1;0;3
2;150;1;667;165;1;155;1;6;9;-1;-1;0;3
2;151;1;6;19;0;150;1;660;184;-1;-1;13;1
2;151;1;7;19;0;150;1;660;184;-1;-1;13;1
2;151;1;8;19;0;150;1;660;184;-1;-1;13;1
2;152;1;5;9;0;150;1;648;184;-1;-1;47;1
2;152;1;6;9;0;150;1;648;184;-1;-1;47;1
2;152;1;7;9;0;150;1;648;184;-1;-1;47;1
2;153;1;5;9;0;150;1;652;169;-1;-1;47;1
2;153;1;6;9;0;150;1;652;169;-1;-1;47;1
2;153;1;7;9;0;150;1;652;169;-1;-1;47;1
2;154;1;5;9;0;150;1;657;169;-1;-1;47;1
2;154;1;6;9;0;150;1;657;169;-1;-1;47;1
2;154;1;7;9;0;150;1;657;169;-1;-1;47;1
2;155;1;5;9;0;150;1;667;165;-1;-1;47;1
2;155;1;6;9;0;150;1;667;165;-1;-1;47;1
2;155;1;7;9;0;150;1;667;165;-1;-1;47;1
2;156;1;760;299;1;157;1;7;19;-1;-1;0;3
2;156;1;716;299;1;158;1;18;20;-1;-1;0;23
2;156;1;729;299;1;159;1;6;9;-1;-1;0;3
2;156;1;736;299;1;160;1;6;9;-1;-1;0;3
2;156;1;752;295;1;116;1;5;14;-1;-1;0;3
2;156;1;753;295;1;116;1;5;14;-1;-1;0;3
2;156;1;754;295;1;116;1;5;14;-1;-1;0;3
2;156;1;744;299;1;161;1;6;9;-1;-1;0;3
2;157;1;6;19;0;156;1;760;299;-1;-1;13;1
2;157;1;7;19;0;156;1;760;299;-1;-1;13;1
2;157;1;8;19;0;156;1;760;299;-1;-1;13;1
2;158;1;17;20;0;156;1;716;299;-1;-1;104;1
2;158;1;18;20;0;156;1;716;299;-1;-1;104;1
2;158;1;19;20;0;156;1;716;299;-1;-1;104;1
2;159;1;5;9;0;156;1;729;299;-1;-1;44;1
2;159;1;6;9;0;156;1;729;299;-1;-1;44;1
2;159;1;7;9;0;156;1;729;299;-1;-1;44;1
2;160;1;5;9;0;156;1;736;299;-1;-1;44;1
2;160;1;6;9;0;156;1;736;299;-1;-1;44;1
2;160;1;7;9;0;156;1;736;299;-1;-1;44;1
2;161;1;5;9;0;156;1;744;299;-1;-1;44;1
2;161;1;6;9;0;156;1;744;299;-1;-1;44;1
2;161;1;7;9;0;156;1;744;299;-1;-1;44;1
2;162;1;40;37;1;163;1;5;9;-1;-1;128;3
2;162;1;35;47;1;164;1;5;9;-1;-1;128;3
2;162;1;44;47;1;165;1;5;9;-1;-1;128;3
2;163;1;4;9;0;162;1;40;37;-1;-1;46;1
2;163;1;5;9;0;162;1;40;37;-1;-1;46;1
2;163;1;6;9;0;162;1;40;37;-1;-1;46;1
2;164;1;4;9;0;162;1;35;47;-1;-1;46;1
2;164;1;5;9;0;162;1;35;47;-1;-1;46;1
2;164;1;6;9;0;162;1;35;47;-1;-1;46;1
2;165;1;4;9;0;162;1;44;47;-1;-1;46;1
2;165;1;5;9;0;162;1;44;47;-1;-1;46;1
2;165;1;6;9;0;162;1;44;47;-1;-1;46;1
2;167;1;735;747;3;62;1;1;5;-1;-1;0;4
2;167;1;735;748;3;62;1;1;5;-1;-1;0;4
2;167;1;735;749;3;62;1;1;5;-1;-1;0;4
2;168;1;8;50;2;123;1;15;5;-1;-1;225;4
2;168;1;8;51;2;123;1;15;5;-1;-1;225;4
2;168;1;8;52;2;123;1;15;5;-1;-1;225;4
2;168;1;8;53;2;123;1;15;5;-1;-1;225;4
2;168;1;43;36;1;169;1;7;19;-1;-1;225;35
2;168;1;50;9;1;119;1;5;14;-1;-1;225;4
2;168;1;51;9;1;119;1;5;14;-1;-1;225;4
2;168;1;52;9;1;119;1;5;14;-1;-1;225;4
2;168;1;19;46;1;170;1;6;9;-1;-1;225;35
2;169;1;6;19;0;168;1;43;36;-1;-1;13;1
2;169;1;7;19;0;168;1;43;36;-1;-1;13;1
2;169;1;8;19;0;168;1;43;36;-1;-1;13;1
2;170;1;5;9;0;168;1;19;46;-1;-1;44;1
2;170;1;6;9;0;168;1;19;46;-1;-1;44;1
2;170;1;7;9;0;168;1;19;46;-1;-1;44;1
3;3;0;180;755;-1;24;0;11;12;-1;-1;0;0
3;3;0;149;778;-1;28;0;13;18;-1;-1;0;0
3;3;0;180;776;-1;6;0;8;12;-1;-1;0;0
3;3;0;164;751;-1;11;0;9;18;-1;-1;0;0
3;3;0;167;788;-1;19;0;11;12;-1;-1;0;0
3;3;0;145;751;-1;8;0;16;12;-1;-1;0;0
3;3;0;179;766;-1;4;0;3;11;-1;-1;0;0
3;3;0;168;776;-1;29;0;7;11;-1;-1;0;0
3;3;0;141;751;-1;8;0;3;12;-1;-1;0;0
3;3;0;140;788;-1;30;0;11;12;-1;-1;0;0
3;3;0;129;736;-1;31;0;5;8;-1;-1;0;0
3;3;0;128;736;-1;32;0;5;8;-1;-1;0;0
3;3;0;128;758;-1;133;1;10;7;-1;-1;0;0
3;3;0;128;759;-1;133;1;10;7;-1;-1;0;0
3;4;0;3;11;-1;3;0;179;766;-1;-1;122;0
3;5;0;4;14;-1;3;0;145;751;-1;-1;123;0
3;6;0;8;12;-1;3;0;180;776;-1;-1;116;0
3;6;0;2;10;-1;7;0;2;10;-1;-1;116;0
3;6;0;14;10;-1;218;1;14;10;-1;-1;116;0
3;7;0;2;10;-1;6;0;2;10;-1;-1;117;0
3;7;0;8;2;-1;210;1;8;14;-1;-1;117;0
3;8;0;3;12;-1;3;0;141;751;-1;-1;141;0
3;8;0;16;12;-1;3;0;145;751;-1;-1;141;0
3;8;0;6;3;-1;9;0;15;3;-1;-1;141;0
3;9;0;15;3;-1;8;0;6;3;-1;-1;142;0
3;9;0;6;3;-1;10;0;15;3;-1;-1;142;0
3;10;0;15;3;-1;9;0;6;3;-1;-1;143;0
3;11;0;9;18;-1;3;0;164;751;-1;-1;148;0
3;11;0;14;4;-1;12;0;7;3;-1;-1;148;0
3;11;0;18;3;-1;18;0;3;6;-1;-1;148;0
3;12;0;7;3;-1;11;0;14;4;-1;-1;149;0
3;12;0;14;3;-1;13;0;7;3;-1;-1;149;0
3;12;0;3;2;-1;15;0;3;13;-1;-1;149;0
3;12;0;18;2;-1;18;0;3;6;-1;-1;149;0
3;13;0;7;3;-1;12;0;14;3;-1;-1;150;0
3;13;0;14;3;-1;14;0;7;3;-1;-1;150;0
3;13;0;5;2;-1;17;0;8;10;-1;-1;150;0
3;13;0;2;2;-1;16;0;8;10;-1;-1;150;0
3;13;0;18;2;-1;18;0;3;6;-1;-1;150;0
3;14;0;7;3;-1;13;0;14;3;-1;-1;151;0
3;14;0;18;2;-1;18;0;3;6;-1;-1;151;0
3;15;0;3;13;-1;12;0;3;2;-1;-1;152;0
3;16;0;8;10;-1;13;0;2;2;-1;-1;153;0
3;17;0;8;10;-1;13;0;5;2;-1;-1;154;0
3;19;0;11;12;-1;3;0;167;788;-1;-1;132;0
3;19;0;15;3;-1;20;0;8;3;-1;-1;132;0
3;20;0;8;3;-1;19;0;15;3;-1;-1;208;0
3;20;0;0;0;-1;21;0;8;3;-1;-1;208;0
3;21;0;8;3;-1;20;0;0;0;-1;-1;208;0
3;21;0;15;3;-1;22;0;8;3;-1;-1;208;0
3;22;0;8;3;-1;21;0;15;3;-1;-1;208;0
3;23;0;9;11;-1;3;0;179;766;-1;-1;125;0
3;24;0;11;12;-1;3;0;180;755;-1;-1;132;0
3;24;0;15;3;-1;25;0;8;3;-1;-1;132;0
3;25;0;8;3;-1;24;0;15;3;-1;-1;208;0
3;25;0;0;0;-1;26;0;8;3;-1;-1;208;0
3;26;0;8;3;-1;25;0;0;0;-1;-1;208;0
3;26;0;15;3;-1;27;0;8;3;-1;-1;208;0
3;27;0;8;3;-1;26;0;15;3;-1;-1;208;0
3;28;0;13;18;-1;3;0;149;778;-1;-1;205;0
3;28;0;16;4;-1;55;2;16;5;-1;-1;205;0
3;28;0;20;4;-1;56;2;13;4;-1;-1;205;0
3;29;0;7;11;-1;3;0;168;776;-1;-1;140;0
3;30;0;11;12;-1;3;0;140;788;-1;-1;132;0
3;30;0;15;3;-1;5;2;8;3;-1;-1;132;0
3;31;0;5;8;-1;3;0;129;736;-1;-1;125;0
3;32;0;5;8;-1;3;0;128;736;-1;-1;125;0
3;33;0;39;731;-1;35;0;16;27;-1;-1;0;0
3;33;0;58;722;-1;36;0;8;12;-1;-1;0;0
3;33;0;53;740;-1;34;0;3;11;-1;-1;0;0
3;33;0;37;718;-1;38;0;11;11;-1;-1;0;0
3;33;0;54;748;-1;41;0;4;8;-1;-1;0;0
3;33;0;58;713;-1;43;0;4;8;-1;-1;0;0
3;33;0;39;748;-1;44;0;4;8;-1;-1;0;0
3;33;0;63;754;-1;134;1;1;7;-1;-1;0;0
3;33;0;63;755;-1;134;1;1;7;-1;-1;0;0
3;33;0;53;732;-1;42;0;4;8;-1;-1;0;0
3;33;0;38;740;-1;235;1;4;8;-1;-1;0;0
3;34;0;3;11;-1;33;0;53;740;-1;-1;122;0
3;35;0;16;27;-1;33;0;39;731;-1;-1;112;0
3;36;0;8;12;-1;33;0;58;722;-1;-1;116;0
3;36;0;2;10;-1;37;0;2;10;-1;-1;116;0
3;36;0;14;10;-1;219;1;14;10;-1;-1;116;0
3;37;0;2;10;-1;36;0;2;10;-1;-1;117;0
3;37;0;8;2;-1;210;1;8;14;-1;-1;117;0
3;38;0;11;11;-1;33;0;37;718;-1;-1;217;0
3;38;0;11;4;-1;39;0;4;4;-1;-1;217;0
3;39;0;4;4;-1;38;0;11;4;-1;-1;218;0
3;39;0;11;4;-1;40;0;4;3;-1;-1;218;0
3;40;0;4;3;-1;39;0;11;4;-1;-1;219;0
3;41;0;4;8;-1;33;0;54;748;-1;-1;123;0
3;42;0;4;8;-1;33;0;53;732;-1;-1;123;0
3;43;0;4;8;-1;33;0;58;713;-1;-1;243;0
3;44;0;4;8;-1;33;0;39;748;-1;-1;243;0
3;45;0;282;756;-1;47;0;5;24;-1;-1;0;0
3;45;0;303;756;-1;48;0;8;12;-1;-1;0;0
3;45;0;285;746;-1;46;0;3;11;-1;-1;0;0
3;45;0;271;746;-1;50;0;11;12;-1;-1;0;0
3;45;0;273;756;-1;60;0;4;8;-1;-1;0;0
3;45;0;293;752;-1;58;0;4;8;-1;-1;0;0
3;45;0;305;747;-1;59;0;5;13;-1;-1;0;0
3;45;0;312;764;-1;61;0;11;12;-1;-1;0;0
3;45;0;278;746;-1;54;0;11;12;-1;-1;0;0
3;45;0;307;772;-1;64;0;4;8;-1;-1;0;0
3;45;0;258;749;-1;2;1;27;22;-1;-1;0;0
3;45;0;300;795;-1;198;0;11;1;-1;-1;0;0
3;45;0;301;795;-1;198;0;11;1;-1;-1;0;0
3;45;0;302;795;-1;198;0;12;1;-1;-1;0;0
3;45;0;303;795;-1;198;0;13;1;-1;-1;0;0
3;45;0;304;795;-1;198;0;13;1;-1;-1;0;0
3;46;0;3;11;-1;45;0;285;746;-1;-1;122;0
3;47;0;5;24;-1;45;0;282;756;-1;-1;113;0
3;48;0;8;12;-1;45;0;303;756;-1;-1;116;0
3;48;0;2;10;-1;49;0;2;10;-1;-1;116;0
3;48;0;14;10;-1;220;1;14;10;-1;-1;116;0
3;49;0;2;10;-1;48;0;2;10;-1;-1;117;0
3;49;0;8;2;-1;210;1;8;14;-1;-1;117;0
3;50;0;11;12;-1;45;0;271;746;-1;-1;132;0
3;50;0;15;3;-1;51;0;8;3;-1;-1;132;0
3;51;0;8;3;-1;50;0;15;3;-1;-1;208;0
3;51;0;1;1;-1;52;0;8;3;-1;-1;208;0
3;52;0;8;3;-1;51;0;1;1;-1;-1;136;0
3;52;0;15;3;-1;53;0;8;3;-1;-1;136;0
3;53;0;8;3;-1;52;0;15;3;-1;-1;208;0
3;54;0;11;12;-1;45;0;278;746;-1;-1;132;0
3;54;0;15;3;-1;55;0;8;3;-1;-1;132;0
3;55;0;8;3;-1;54;0;15;3;-1;-1;208;0
3;55;0;1;1;-1;56;0;8;3;-1;-1;208;0
3;56;0;8;3;-1;55;0;1;1;-1;-1;136;0
3;56;0;15;3;-1;57;0;8;3;-1;-1;136;0
3;57;0;8;3;-1;56;0;15;3;-1;-1;208;0
3;58;0;4;8;-1;45;0;293;752;-1;-1;123;0
3;59;0;5;13;-1;45;0;305;747;-1;-1;155;0
3;60;0;4;8;-1;45;0;273;756;-1;-1;123;0
3;61;0;11;12;-1;45;0;312;764;-1;-1;132;0
3;61;0;15;3;-1;62;0;8;3;-1;-1;132;0
3;62;0;8;3;-1;61;0;15;3;-1;-1;208;0
3;62;0;1;1;-1;63;0;8;3;-1;-1;208;0
3;63;0;8;3;-1;62;0;1;1;-1;-1;208;0
3;64;0;4;8;-1;45;0;307;772;-1;-1;123;0
3;65;0;305;530;-1;69;0;8;12;-1;-1;0;0
3;65;0;309;548;-1;66;0;3;11;-1;-1;0;0
3;65;0;310;539;-1;71;0;7;11;-1;-1;0;0
3;65;0;305;519;-1;72;0;11;15;-1;-1;0;0
3;65;0;315;548;-1;76;0;11;12;-1;-1;0;0
3;65;0;298;562;-1;82;0;4;8;-1;-1;0;0
3;65;0;327;537;-1;83;0;4;8;-1;-1;0;0
3;65;0;316;521;-1;81;0;4;8;-1;-1;0;0
3;65;0;304;569;-1;80;0;7;2;-1;-1;0;0
3;65;0;305;569;-1;80;0;7;2;-1;-1;0;0
3;65;0;312;562;-1;67;0;11;27;-1;-1;0;0
3;65;0;310;530;-1;84;0;4;8;-1;-1;0;0
3;66;0;3;11;-1;65;0;309;548;-1;-1;122;0
3;67;0;11;27;-1;65;0;312;562;-1;-1;220;0
3;67;0;11;0;-1;68;0;16;29;-1;-1;220;0
3;68;0;16;29;-1;67;0;11;0;-1;-1;221;0
3;69;0;8;12;-1;65;0;305;530;-1;-1;116;0
3;69;0;2;10;-1;70;0;2;10;-1;-1;116;0
3;69;0;14;10;-1;221;1;14;10;-1;-1;116;0
3;70;0;2;10;-1;69;0;2;10;-1;-1;117;0
3;70;0;8;2;-1;210;1;8;14;-1;-1;117;0
3;71;0;7;11;-1;65;0;310;539;-1;-1;138;0
3;72;0;11;15;-1;65;0;305;519;-1;-1;266;0
3;72;0;14;6;-1;73;0;3;3;-1;-1;266;0
3;72;0;20;6;-1;73;0;8;3;-1;-1;266;0
3;72;0;2;2;-1;59;2;7;11;-1;-1;266;0
3;73;0;3;3;-1;72;0;14;6;-1;-1;162;0
3;73;0;20;3;-1;74;0;8;3;-1;-1;162;0
3;73;0;8;3;-1;72;0;20;6;-1;-1;162;0
3;73;0;14;3;-1;74;0;2;3;-1;-1;162;0
3;74;0;8;3;-1;73;0;20;3;-1;-1;163;0
3;74;0;20;3;-1;75;0;8;3;-1;-1;163;0
3;74;0;2;3;-1;73;0;14;3;-1;-1;163;0
3;74;0;14;3;-1;75;0;3;3;-1;-1;163;0
3;75;0;8;3;-1;74;0;20;3;-1;-1;164;0
3;75;0;3;3;-1;74;0;14;3;-1;-1;164;0
3;76;0;11;12;-1;65;0;315;548;-1;-1;132;0
3;76;0;15;3;-1;77;0;8;3;-1;-1;132;0
3;77;0;8;3;-1;76;0;15;3;-1;-1;135;0
3;77;0;15;3;-1;78;0;8;3;-1;-1;135;0
3;78;0;8;3;-1;77;0;15;3;-1;-1;208;0
3;78;0;1;1;-1;79;0;8;3;-1;-1;208;0
3;79;0;8;3;-1;78;0;1;1;-1;-1;208;0
3;80;0;7;2;-1;65;0;304;569;-1;-1;259;0
3;80;0;7;12;-1;94;1;304;576;-1;-1;259;0
3;80;0;6;12;-1;94;1;304;576;-1;-1;259;0
3;80;0;8;12;-1;94;1;304;576;-1;-1;259;0
3;80;0;6;2;-1;65;0;304;569;-1;-1;259;0
3;80;0;8;2;-1;65;0;304;569;-1;-1;259;0
3;81;0;4;8;-1;65;0;316;521;-1;-1;170;0
3;82;0;4;8;-1;65;0;298;562;-1;-1;124;0
3;83;0;4;8;-1;65;0;327;537;-1;-1;124;0
3;84;0;4;8;-1;65;0;310;530;-1;-1;248;0
3;86;0;458;683;-1;107;0;5;12;-1;-1;0;0
3;86;0;459;683;-1;107;0;5;12;-1;-1;0;0
3;86;0;479;691;-1;117;0;16;13;-1;-1;0;0
3;86;0;500;683;-1;108;0;5;12;-1;-1;0;0
3;86;0;501;683;-1;108;0;5;12;-1;-1;0;0
3;86;0;465;697;-1;101;0;8;12;-1;-1;0;0
3;86;0;470;697;-1;115;0;5;8;-1;-1;0;0
3;86;0;494;710;-1;103;0;10;12;-1;-1;0;0
3;86;0;499;697;-1;88;0;4;8;-1;-1;0;0
3;86;0;460;709;-1;119;0;8;20;-1;-1;0;0
3;86;0;472;710;-1;116;0;8;13;-1;-1;0;0
3;86;0;477;710;-1;87;0;3;11;-1;-1;0;0
3;86;0;488;710;-1;106;0;6;17;-1;-1;0;0
3;86;0;486;697;-1;112;0;10;12;-1;-1;0;0
3;86;0;454;726;-1;109;0;10;7;-1;-1;0;0
3;86;0;458;729;-1;111;0;5;2;-1;-1;0;0
3;86;0;459;729;-1;111;0;5;2;-1;-1;0;0
3;86;0;505;727;-1;110;0;1;7;-1;-1;0;0
3;86;0;454;727;-1;109;0;10;7;-1;-1;0;0
3;86;0;505;726;-1;110;0;1;7;-1;-1;0;0
3;87;0;3;11;-1;86;0;477;710;-1;-1;122;0
3;88;0;11;7;-1;90;0;14;22;-1;-1;222;0
3;88;0;4;2;-1;89;0;8;10;-1;-1;222;0
3;88;0;12;7;-1;91;0;4;13;-1;-1;222;0
3;88;0;4;8;-1;86;0;499;697;-1;-1;222;0
3;88;0;11;3;-1;91;0;14;3;-1;-1;222;0
3;89;0;8;10;-1;88;0;4;2;-1;-1;223;0
3;89;0;4;2;-1;90;0;14;22;-1;-1;223;0
3;89;0;8;2;-1;90;0;14;22;-1;-1;223;0
3;89;0;12;2;-1;90;0;14;22;-1;-1;223;0
3;90;0;14;22;-1;88;0;4;2;-1;-1;224;0
3;90;0;4;2;-1;91;0;4;13;-1;-1;224;0
3;90;0;9;2;-1;91;0;4;13;-1;-1;224;0
3;90;0;14;2;-1;91;0;4;13;-1;-1;224;0
3;90;0;19;2;-1;91;0;4;13;-1;-1;224;0
3;90;0;24;2;-1;91;0;4;13;-1;-1;224;0
3;91;0;3;17;-1;93;0;9;22;-1;-1;225;0
3;91;0;1;17;-1;92;0;7;10;-1;-1;225;0
3;91;0;5;17;-1;94;0;7;10;-1;-1;225;0
3;91;0;4;13;-1;88;0;4;2;-1;-1;225;0
3;91;0;14;3;-1;88;0;11;3;-1;-1;225;0
3;92;0;7;10;-1;91;0;1;17;-1;-1;223;0
3;93;0;9;2;-1;96;0;7;10;-1;-1;224;0
3;93;0;4;2;-1;95;0;9;22;-1;-1;224;0
3;93;0;14;2;-1;97;0;7;10;-1;-1;224;0
3;93;0;9;22;-1;91;0;3;17;-1;-1;224;0
3;94;0;7;10;-1;91;0;5;17;-1;-1;223;0
3;95;0;9;2;-1;99;0;7;10;-1;-1;224;0
3;95;0;4;2;-1;98;0;7;10;-1;-1;224;0
3;95;0;14;2;-1;100;0;9;12;-1;-1;224;0
3;95;0;9;22;-1;93;0;4;2;-1;-1;224;0
3;96;0;7;10;-1;93;0;9;2;-1;-1;223;0
3;97;0;7;10;-1;93;0;14;2;-1;-1;223;0
3;98;0;7;10;-1;95;0;4;2;-1;-1;223;0
3;99;0;7;10;-1;95;0;9;2;-1;-1;223;0
3;100;0;9;12;-1;95;0;14;2;-1;-1;225;0
3;101;0;8;12;-1;86;0;465;697;-1;-1;116;0
3;101;0;2;10;-1;102;0;2;10;-1;-1;116;0
3;101;0;14;10;-1;222;1;14;10;-1;-1;116;0
3;102;0;2;10;-1;101;0;2;10;-1;-1;117;0
3;102;0;8;2;-1;210;1;8;14;-1;-1;117;0
3;103;0;10;12;-1;86;0;494;710;-1;-1;209;0
3;103;0;18;2;-1;105;0;3;6;-1;-1;209;0
3;104;0;18;2;-1;105;0;3;6;-1;-1;210;0
3;106;0;6;17;-1;86;0;488;710;-1;-1;156;0
3;107;0;5;12;-1;86;0;458;683;-1;-1;157;0
3;107;0;5;2;-1;253;0;10;51;-1;-1;157;0
3;108;0;5;12;-1;86;0;500;683;-1;-1;157;0
3;108;0;5;2;-1;253;0;52;51;-1;-1;157;0
3;109;0;10;7;-1;86;0;454;726;-1;-1;258;0
3;109;0;1;7;-1;98;1;447;726;-1;-1;258;0
3;110;0;1;7;-1;86;0;505;726;-1;-1;258;0
3;110;0;10;7;-1;100;1;512;726;-1;-1;258;0
3;111;0;5;2;-1;86;0;458;729;-1;-1;257;0
3;111;0;5;12;-1;111;1;458;736;-1;-1;257;0
3;112;0;10;12;-1;86;0;486;697;-1;-1;209;0
3;112;0;18;2;-1;114;0;3;6;-1;-1;209;0
3;113;0;18;2;-1;114;0;3;6;-1;-1;210;0
3;115;0;5;8;-1;86;0;470;697;-1;-1;245;0
3;116;0;8;13;-1;86;0;472;710;-1;-1;237;0
3;117;0;16;13;-1;86;0;479;691;-1;-1;165;0
3;117;0;23;2;-1;46;2;29;14;-1;-1;165;0
3;119;0;8;20;-1;86;0;460;709;-1;-1;167;0
3;120;0;589;827;-1;122;0;13;42;-1;-1;0;0
3;120;0;601;835;-1;128;0;4;8;-1;-1;0;0
3;120;0;601;844;-1;121;0;3;11;-1;-1;0;0
3;120;0;600;824;-1;130;0;4;8;-1;-1;0;0
3;120;0;611;835;-1;129;0;4;8;-1;-1;0;0
3;120;0;624;819;-1;131;0;4;8;-1;-1;0;0
3;120;0;589;844;-1;127;0;4;8;-1;-1;0;0
3;120;0;610;809;-1;125;0;5;11;-1;-1;0;0
3;120;0;611;809;-1;125;0;5;11;-1;-1;0;0
3;120;0;600;815;-1;123;0;8;12;-1;-1;0;0
3;120;0;639;812;-1;118;1;1;7;-1;-1;0;0
3;120;0;639;813;-1;118;1;1;7;-1;-1;0;0
3;121;0;3;11;-1;120;0;601;844;-1;-1;206;0
3;122;0;13;42;-1;120;0;589;827;-1;-1;111;0
3;123;0;8;12;-1;120;0;600;815;-1;-1;116;0
3;123;0;2;10;-1;124;0;2;10;-1;-1;116;0
3;123;0;14;10;-1;223;1;14;10;-1;-1;116;0
3;124;0;2;10;-1;123;0;2;10;-1;-1;117;0
3;124;0;8;2;-1;210;1;8;14;-1;-1;117;0
3;125;0;5;11;-1;120;0;610;809;-1;-1;181;0
3;125;0;10;8;-1;126;0;7;8;-1;-1;181;0
3;125;0;5;2;-1;253;1;68;118;-1;-1;181;0
3;126;0;7;8;-1;125;0;10;8;-1;-1;182;0
3;127;0;4;8;-1;120;0;589;844;-1;-1;123;0
3;128;0;4;8;-1;120;0;601;835;-1;-1;123;0
3;129;0;4;8;-1;120;0;611;835;-1;-1;125;0
3;130;0;4;8;-1;120;0;600;824;-1;-1;123;0
3;131;0;4;8;-1;120;0;624;819;-1;-1;123;0
3;132;0;678;598;-1;149;0;10;7;-1;-1;0;0
3;132;0;678;599;-1;149;0;10;7;-1;-1;0;0
3;132;0;706;623;-1;136;0;5;11;-1;-1;0;0
3;132;0;701;603;-1;137;0;10;12;-1;-1;0;0
3;132;0;701;591;-1;143;0;8;11;-1;-1;0;0
3;132;0;716;623;-1;144;0;4;8;-1;-1;0;0
3;132;0;690;623;-1;148;0;4;8;-1;-1;0;0
3;132;0;696;623;-1;145;0;4;8;-1;-1;0;0
3;132;0;711;602;-1;146;0;4;8;-1;-1;0;0
3;132;0;717;602;-1;147;0;4;8;-1;-1;0;0
3;132;0;717;611;-1;134;0;8;12;-1;-1;0;0
3;132;0;718;638;-1;125;1;5;2;-1;-1;0;0
3;132;0;719;638;-1;125;1;5;2;-1;-1;0;0
3;132;0;684;611;-1;133;0;12;30;-1;-1;0;0
3;132;0;714;589;-1;49;1;8;22;-1;-1;0;0
3;132;0;717;589;-1;49;1;29;22;-1;-1;0;0
3;132;0;720;589;-1;49;1;42;22;-1;-1;0;0
3;133;0;12;30;-1;132;0;684;611;-1;-1;115;0
3;134;0;8;12;-1;132;0;717;611;-1;-1;116;0
3;134;0;2;10;-1;135;0;2;10;-1;-1;116;0
3;134;0;14;10;-1;224;1;14;10;-1;-1;116;0
3;135;0;2;10;-1;134;0;2;10;-1;-1;117;0
3;135;0;8;2;-1;210;1;8;14;-1;-1;117;0
3;136;0;5;11;-1;132;0;706;623;-1;-1;139;0
3;137;0;10;12;-1;132;0;701;603;-1;-1;172;0
3;137;0;12;8;-1;138;0;7;8;-1;-1;172;0
3;137;0;15;2;-1;142;0;3;6;-1;-1;172;0
3;137;0;7;8;-1;54;2;11;8;-1;-1;172;0
3;138;0;7;8;-1;137;0;12;8;-1;-1;173;0
3;138;0;12;8;-1;139;0;7;8;-1;-1;173;0
3;138;0;15;2;-1;142;0;3;6;-1;-1;173;0
3;139;0;7;8;-1;138;0;12;8;-1;-1;174;0
3;139;0;12;8;-1;140;0;7;8;-1;-1;174;0
3;139;0;15;2;-1;142;0;3;6;-1;-1;174;0
3;140;0;7;8;-1;139;0;12;8;-1;-1;175;0
3;140;0;12;8;-1;141;0;7;8;-1;-1;175;0
3;140;0;15;2;-1;142;0;3;6;-1;-1;175;0
3;141;0;7;8;-1;140;0;12;8;-1;-1;176;0
3;141;0;15;2;-1;142;0;3;6;-1;-1;176;0
3;143;0;8;11;-1;132;0;701;591;-1;-1;177;0
3;143;0;13;3;-1;54;1;3;16;-1;-1;177;0
3;144;0;4;8;-1;132;0;716;623;-1;-1;204;0
3;145;0;4;8;-1;132;0;696;623;-1;-1;125;0
3;146;0;4;8;-1;132;0;711;602;-1;-1;125;0
3;147;0;4;8;-1;132;0;717;602;-1;-1;123;0
3;148;0;4;8;-1;132;0;690;623;-1;-1;123;0
3;149;0;10;7;-1;132;0;678;598;-1;-1;258;0
3;149;0;1;7;-1;126;1;671;598;-1;-1;258;0
3;150;0;849;762;-1;157;0;5;12;-1;-1;0;0
3;150;0;883;743;-1;158;0;4;8;-1;-1;0;0
3;150;0;845;768;-1;159;0;4;8;-1;-1;0;0
3;150;0;832;790;-1;142;1;10;7;-1;-1;0;0
3;150;0;875;743;-1;160;0;4;8;-1;-1;0;0
3;150;0;853;768;-1;153;0;3;11;-1;-1;0;0
3;150;0;832;791;-1;142;1;10;7;-1;-1;0;0
3;150;0;832;751;-1;161;0;4;8;-1;-1;0;0
3;150;0;832;750;-1;162;0;4;8;-1;-1;0;0
3;150;0;888;771;-1;163;0;4;8;-1;-1;0;0
3;150;0;886;790;-1;4;2;3;6;-1;-1;0;0
3;150;0;860;784;-1;151;0;8;12;-1;-1;0;0
3;150;0;845;747;-1;154;0;8;14;-1;-1;0;0
3;150;0;850;762;-1;157;0;5;12;-1;-1;0;0
3;151;0;8;12;-1;150;0;860;784;-1;-1;116;0
3;151;0;2;10;-1;152;0;2;10;-1;-1;116;0
3;151;0;14;10;-1;225;1;14;10;-1;-1;116;0
3;152;0;2;10;-1;151;0;2;10;-1;-1;117;0
3;152;0;8;2;-1;210;1;8;14;-1;-1;117;0
3;153;0;3;11;-1;150;0;853;768;-1;-1;122;0
3;154;0;8;14;-1;150;0;845;747;-1;-1;226;0
3;154;0;8;2;-1;155;0;9;21;-1;-1;226;0
3;155;0;9;21;-1;154;0;8;2;-1;-1;227;0
3;155;0;9;2;-1;156;0;11;25;-1;-1;227;0
3;156;0;11;25;-1;155;0;9;2;-1;-1;228;0
3;157;0;5;12;-1;150;0;849;762;-1;-1;203;0
3;158;0;4;8;-1;150;0;883;743;-1;-1;243;0
3;159;0;4;8;-1;150;0;845;768;-1;-1;248;0
3;160;0;4;8;-1;150;0;875;743;-1;-1;243;0
3;161;0;4;8;-1;150;0;832;751;-1;-1;243;0
3;162;0;4;8;-1;150;0;832;750;-1;-1;243;0
3;163;0;4;8;-1;150;0;888;771;-1;-1;125;0
3;164;0;6;9;-1;4;2;3;6;-1;-1;230;0
3;165;0;353;208;-1;170;0;4;8;-1;-1;0;0
3;165;0;379;208;-1;171;0;4;8;-1;-1;0;0
3;165;0;366;197;-1;22;1;8;13;-1;-1;0;0
3;165;0;353;232;-1;166;0;3;11;-1;-1;0;0
3;165;0;379;233;-1;168;0;8;12;-1;-1;0;0
3;165;0;367;222;-1;167;0;11;28;-1;-1;0;0
3;165;0;367;197;-1;22;1;8;13;-1;-1;0;0
3;166;0;3;11;-1;165;0;353;232;-1;-1;122;0
3;167;0;11;28;-1;165;0;367;222;-1;-1;114;0
3;168;0;8;12;-1;165;0;379;233;-1;-1;116;0
3;168;0;2;10;-1;169;0;2;10;-1;-1;116;0
3;168;0;14;10;-1;226;1;14;10;-1;-1;116;0
3;169;0;2;10;-1;168;0;2;10;-1;-1;117;0
3;169;0;8;2;-1;210;1;8;14;-1;-1;117;0
3;170;0;4;8;-1;165;0;353;208;-1;-1;123;0
3;171;0;4;8;-1;165;0;379;208;-1;-1;244;0
3;172;0;842;598;-1;173;0;8;12;-1;-1;0;0
3;172;0;847;559;-1;175;0;11;11;-1;-1;0;0
3;172;0;851;597;-1;244;0;15;78;-1;-1;0;0
3;172;0;853;582;-1;244;0;34;5;-1;-1;0;0
3;172;0;850;597;-1;244;0;15;78;-1;-1;0;0
3;172;0;852;597;-1;244;0;15;78;-1;-1;0;0
3;172;0;853;581;-1;244;0;34;5;-1;-1;0;0
3;172;0;853;583;-1;244;0;34;5;-1;-1;0;0
3;173;0;8;12;-1;172;0;842;598;-1;-1;116;0
3;173;0;2;10;-1;174;0;2;10;-1;-1;116;0
3;173;0;14;10;-1;227;1;14;10;-1;-1;116;0
3;174;0;2;10;-1;173;0;2;10;-1;-1;117;0
3;174;0;8;2;-1;210;1;8;14;-1;-1;117;0
3;175;0;11;2;-1;176;0;4;15;-1;-1;144;0
3;175;0;11;11;-1;172;0;847;559;-1;-1;144;0
3;175;0;2;12;-1;239;1;2;10;-1;-1;144;0
3;175;0;6;14;-1;240;1;14;10;-1;-1;144;0
3;176;0;4;2;-1;177;0;8;11;-1;-1;187;0
3;176;0;4;15;-1;175;0;11;2;-1;-1;187;0
3;177;0;8;2;-1;178;0;4;15;-1;-1;183;0
3;177;0;8;11;-1;176;0;4;2;-1;-1;183;0
3;178;0;4;2;-1;179;0;8;11;-1;-1;188;0
3;178;0;4;15;-1;177;0;8;2;-1;-1;188;0
3;179;0;8;2;-1;180;0;4;15;-1;-1;184;0
3;179;0;8;11;-1;178;0;4;2;-1;-1;184;0
3;180;0;4;2;-1;181;0;8;11;-1;-1;188;0
3;180;0;4;15;-1;179;0;8;2;-1;-1;188;0
3;181;0;8;2;-1;182;0;4;15;-1;-1;185;0
3;181;0;8;11;-1;180;0;4;2;-1;-1;185;0
3;182;0;4;2;-1;183;0;8;11;-1;-1;188;0
3;182;0;4;15;-1;181;0;8;2;-1;-1;188;0
3;183;0;8;2;-1;184;0;4;23;-1;-1;186;0
3;183;0;8;11;-1;182;0;4;2;-1;-1;186;0
3;184;0;4;2;-1;185;0;8;18;-1;-1;189;0
3;184;0;4;23;-1;183;0;8;2;-1;-1;189;0
3;185;0;8;2;-1;186;0;5;23;-1;-1;190;0
3;185;0;8;18;-1;184;0;4;2;-1;-1;190;0
3;186;0;5;2;-1;187;0;8;15;-1;-1;192;0
3;186;0;5;23;-1;185;0;8;2;-1;-1;192;0
3;187;0;8;15;-1;186;0;5;2;-1;-1;191;0
3;188;0;630;421;-1;193;0;5;12;-1;-1;0;0
3;188;0;631;421;-1;193;0;5;12;-1;-1;0;0
3;188;0;654;423;-1;48;2;7;20;-1;-1;0;0
3;188;0;655;423;-1;48;2;7;20;-1;-1;0;0
3;188;0;654;438;-1;194;0;4;8;-1;-1;0;0
3;188;0;654;444;-1;195;0;4;8;-1;-1;0;0
3;188;0;647;429;-1;189;0;8;12;-1;-1;0;0
3;188;0;660;429;-1;191;0;3;11;-1;-1;0;0
3;189;0;8;12;-1;188;0;647;429;-1;-1;116;0
3;189;0;2;10;-1;190;0;2;10;-1;-1;116;0
3;189;0;14;10;-1;228;1;14;10;-1;-1;116;0
3;190;0;2;10;-1;189;0;2;10;-1;-1;117;0
3;190;0;8;2;-1;210;1;8;14;-1;-1;117;0
3;191;0;3;11;-1;188;0;660;429;-1;-1;122;0
3;192;0;5;2;-1;66;1;24;53;-1;-1;250;0
3;193;0;5;12;-1;188;0;630;421;-1;-1;257;0
3;193;0;5;2;-1;144;1;630;413;-1;-1;257;0
3;194;0;4;8;-1;188;0;654;438;-1;-1;123;0
3;195;0;4;8;-1;188;0;654;444;-1;-1;123;0
3;198;0;11;1;-1;45;0;301;795;-1;-1;5;0
3;198;0;12;1;-1;45;0;302;795;-1;-1;5;0
3;198;0;13;1;-1;45;0;303;795;-1;-1;5;0
3;198;0;12;21;-1;199;0;15;1;-1;-1;5;0
3;198;0;11;21;-1;199;0;15;1;-1;-1;5;0
3;198;0;13;21;-1;199;0;15;1;-1;-1;5;0
3;199;0;15;1;-1;198;0;12;21;-1;-1;6;0
3;200;0;243;654;-1;201;0;12;16;-1;-1;0;0
3;201;0;12;16;-1;200;0;243;654;-1;-1;234;0
3;203;0;28;86;-1;91;1;206;581;-1;-1;7;0
3;203;0;29;86;-1;91;1;207;581;-1;-1;7;0
3;203;0;86;36;-1;93;1;259;524;-1;-1;7;0
3;203;0;86;37;-1;93;1;259;525;-1;-1;7;0
3;203;0;74;15;-1;39;1;9;15;-1;-1;7;0
3;204;0;169;587;-1;205;0;26;26;-1;-1;0;0
3;204;0;168;587;-1;205;0;26;26;-1;-1;0;0
3;204;0;170;587;-1;205;0;26;26;-1;-1;0;0
3;205;0;26;26;-1;204;0;169;587;-1;-1;8;0
3;207;0;4;8;-1;97;1;341;712;-1;-1;9;0
3;207;0;27;20;-1;98;1;392;724;-1;-1;9;0
3;207;0;25;3;-1;208;0;27;48;-1;-1;9;0
3;208;0;27;48;-1;207;0;25;3;-1;-1;10;0
3;208;0;2;59;-1;97;1;348;717;-1;-1;10;0
3;208;0;7;23;-1;208;0;7;12;-1;-1;10;0
3;208;0;7;12;-1;208;0;7;23;-1;-1;10;0
3;208;0;11;4;-1;209;0;14;26;-1;-1;10;0
3;208;0;21;4;-1;209;0;18;26;-1;-1;10;0
3;209;0;14;26;-1;208;0;11;4;-1;-1;11;0
3;209;0;18;26;-1;208;0;21;4;-1;-1;11;0
3;209;0;3;29;-1;211;0;12;35;-1;-1;11;0
3;210;0;42;40;-1;212;0;40;10;-1;-1;12;0
3;210;0;13;19;-1;213;0;2;3;-1;-1;12;0
3;210;0;45;28;-1;216;0;2;58;-1;-1;12;0
3;211;0;12;35;-1;209;0;3;29;-1;-1;13;0
3;211;0;11;17;-1;212;0;7;25;-1;-1;13;0
3;211;0;39;18;-1;212;0;35;24;-1;-1;13;0
3;212;0;7;25;-1;211;0;11;17;-1;-1;14;0
3;212;0;35;24;-1;211;0;39;18;-1;-1;14;0
3;212;0;17;6;-1;212;0;59;6;-1;-1;14;0
3;212;0;59;6;-1;212;0;17;6;-1;-1;14;0
3;212;0;40;10;-1;210;0;42;40;-1;-1;14;0
3;213;0;2;3;-1;210;0;13;19;-1;-1;15;0
3;213;0;18;8;-1;214;0;21;7;-1;-1;15;0
3;214;0;21;7;-1;213;0;18;8;-1;-1;16;0
3;214;0;13;24;-1;215;0;10;24;-1;-1;16;0
3;215;0;10;24;-1;214;0;13;24;-1;-1;17;0
3;215;0;7;5;-1;220;0;31;53;-1;-1;17;0
3;215;0;7;5;-1;221;0;31;53;-1;-1;17;0
3;215;0;7;5;-1;72;2;31;53;-1;-1;17;0
3;215;0;7;5;-1;73;2;31;53;-1;-1;17;0
3;216;0;2;58;-1;210;0;45;28;-1;-1;18;0
3;216;0;16;13;-1;218;0;21;61;-1;-1;18;0
3;217;0;10;27;-1;219;0;8;3;-1;-1;19;0
3;217;0;2;18;-1;127;1;375;403;-1;-1;19;0
3;217;0;15;16;-1;77;2;7;12;-1;-1;19;0
3;217;0;15;16;-1;78;2;7;12;-1;-1;19;0
3;218;0;21;61;-1;216;0;16;13;-1;-1;20;0
3;218;0;11;10;-1;219;0;8;60;-1;-1;20;0
3;218;0;2;41;-1;109;1;380;532;-1;-1;20;0
3;218;0;29;35;-1;110;1;419;527;-1;-1;20;0
3;219;0;8;60;-1;218;0;11;10;-1;-1;21;0
3;219;0;8;3;-1;217;0;10;27;-1;-1;21;0
3;220;0;31;53;-1;215;0;7;5;-1;-1;22;0
3;221;0;31;53;-1;215;0;7;5;-1;-1;23;0
3;225;0;5;11;-1;177;1;597;652;-1;-1;25;0
3;225;0;8;3;-1;1;2;2;7;-1;-1;25;0
3;226;0;5;11;-1;177;1;595;655;-1;-1;26;0
3;226;0;6;3;-1;229;0;4;3;-1;-1;26;0
3;226;0;6;10;-1;230;0;2;3;-1;-1;26;0
3;226;0;4;3;-1;228;0;5;3;-1;-1;26;0
3;227;0;4;3;-1;229;0;6;3;-1;-1;40;0
3;228;0;5;3;-1;226;0;4;3;-1;-1;35;0
3;229;0;4;3;-1;226;0;6;3;-1;-1;39;0
3;229;0;4;10;-1;231;0;6;10;-1;-1;39;0
3;229;0;6;3;-1;227;0;4;3;-1;-1;39;0
3;229;0;6;10;-1;232;0;2;3;-1;-1;39;0
3;230;0;2;3;-1;226;0;6;10;-1;-1;31;0
3;231;0;6;10;-1;229;0;4;10;-1;-1;34;0
3;231;0;6;3;-1;237;0;4;10;-1;-1;34;0
3;231;0;4;3;-1;235;0;5;3;-1;-1;34;0
3;231;0;4;10;-1;236;0;5;3;-1;-1;34;0
3;232;0;2;3;-1;229;0;6;10;-1;-1;31;0
3;233;0;4;3;-1;238;0;6;10;-1;-1;40;0
3;234;0;6;3;-1;239;0;2;10;-1;-1;42;0
3;235;0;5;3;-1;231;0;4;3;-1;-1;35;0
3;236;0;5;3;-1;231;0;4;10;-1;-1;35;0
3;237;0;4;3;-1;239;0;6;3;-1;-1;36;0
3;237;0;4;10;-1;231;0;6;3;-1;-1;36;0
3;237;0;6;10;-1;241;0;2;3;-1;-1;36;0
3;238;0;4;3;-1;242;0;5;3;-1;-1;34;0
3;238;0;6;3;-1;239;0;2;3;-1;-1;34;0
3;238;0;4;10;-1;240;0;8;3;-1;-1;34;0
3;238;0;6;10;-1;233;0;4;3;-1;-1;34;0
3;239;0;2;3;-1;238;0;6;3;-1;-1;30;0
3;239;0;6;3;-1;237;0;4;3;-1;-1;30;0
3;239;0;2;10;-1;234;0;6;3;-1;-1;30;0
3;239;0;6;10;-1;3;2;2;3;-1;-1;30;0
3;240;0;8;3;-1;238;0;4;10;-1;-1;41;0
3;241;0;2;3;-1;237;0;6;10;-1;-1;31;0
3;242;0;5;3;-1;238;0;4;3;-1;-1;35;0
3;244;0;4;37;-1;245;0;20;16;-1;-1;43;0
3;244;0;7;47;-1;245;0;23;26;-1;-1;43;0
3;244;0;42;41;-1;246;0;4;39;-1;-1;43;0
3;244;0;44;48;-1;246;0;6;46;-1;-1;43;0
3;244;0;41;24;-1;246;0;3;22;-1;-1;43;0
3;244;0;4;25;-1;245;0;20;4;-1;-1;43;0
3;244;0;45;33;-1;248;0;5;20;-1;-1;43;0
3;244;0;15;78;-1;172;0;851;597;-1;-1;43;0
3;244;0;34;5;-1;172;0;853;582;-1;-1;43;0
3;244;0;14;78;-1;172;0;851;597;-1;-1;43;0
3;244;0;16;78;-1;172;0;851;597;-1;-1;43;0
3;244;0;34;4;-1;172;0;853;582;-1;-1;43;0
3;244;0;34;6;-1;172;0;853;582;-1;-1;43;0
3;245;0;20;16;-1;244;0;4;37;-1;-1;44;0
3;245;0;23;26;-1;244;0;7;47;-1;-1;44;0
3;245;0;20;4;-1;244;0;4;25;-1;-1;44;0
3;246;0;4;39;-1;244;0;42;41;-1;-1;45;0
3;246;0;6;46;-1;244;0;44;48;-1;-1;45;0
3;246;0;3;22;-1;244;0;41;24;-1;-1;45;0
3;247;0;3;58;-1;248;0;21;10;-1;-1;46;0
3;247;0;56;13;-1;249;0;12;16;-1;-1;46;0
3;248;0;5;20;-1;244;0;45;33;-1;-1;47;0
3;248;0;21;10;-1;247;0;3;58;-1;-1;47;0
3;249;0;12;16;-1;247;0;56;13;-1;-1;48;0
3;249;0;29;16;-1;143;1;878;560;-1;-1;48;0
3;251;0;24;52;-1;137;1;7;7;-1;-1;49;0
3;251;0;25;52;-1;137;1;7;7;-1;-1;49;0
3;253;0;10;51;-1;107;0;5;2;-1;-1;50;0
3;253;0;11;51;-1;107;0;5;2;-1;-1;50;0
3;253;0;52;51;-1;108;0;5;2;-1;-1;50;0
3;253;0;53;51;-1;108;0;5;2;-1;-1;50;0
3;254;0;19;50;-1;89;1;171;705;-1;-1;51;0
3;254;0;28;44;-1;90;1;180;698;-1;-1;51;0
3;0;1;50;9;-1;170;1;180;612;-1;-1;52;0
3;0;1;51;9;-1;170;1;181;612;-1;-1;52;0
3;0;1;39;45;-1;1;1;4;8;-1;-1;52;0
3;0;1;12;54;-1;170;1;162;641;-1;-1;52;0
3;0;1;13;54;-1;170;1;163;641;-1;-1;52;0
3;1;1;4;8;-1;0;1;39;45;-1;-1;123;0
3;2;1;4;22;-1;88;1;246;749;-1;-1;3;0
3;2;1;27;22;-1;45;0;258;749;-1;-1;3;0
3;2;1;20;5;-1;3;1;48;4;-1;-1;3;0
3;3;1;48;4;-1;2;1;20;5;-1;-1;4;0
3;4;1;53;268;-1;5;1;16;21;-1;-1;0;0
3;4;1;54;268;-1;5;1;17;21;-1;-1;0;0
3;5;1;16;21;-1;4;1;53;268;-1;-1;53;0
3;5;1;17;21;-1;4;1;54;268;-1;-1;53;0
3;6;1;750;231;-1;7;1;20;29;-1;-1;0;0
3;7;1;20;29;-1;6;1;750;231;-1;-1;57;0
3;7;1;17;2;-1;8;1;42;86;-1;-1;57;0
3;8;1;47;2;-1;9;1;7;17;-1;-1;58;0
3;8;1;42;86;-1;7;1;17;2;-1;-1;58;0
3;9;1;7;17;-1;8;1;47;2;-1;-1;59;0
3;11;1;12;56;-1;85;1;762;713;-1;-1;60;0
3;11;1;13;56;-1;85;1;763;713;-1;-1;60;0
3;11;1;31;16;-1;12;1;11;16;-1;-1;60;0
3;12;1;11;1;-1;12;1;11;20;-1;-1;61;0
3;12;1;20;11;-1;12;1;2;11;-1;-1;61;0
3;12;1;11;20;-1;12;1;11;1;-1;-1;61;0
3;12;1;2;11;-1;12;1;20;11;-1;-1;61;0
3;12;1;11;16;-1;11;1;31;16;-1;-1;61;0
3;13;1;11;1;-1;12;1;11;20;-1;-1;62;0
3;13;1;20;11;-1;12;1;2;11;-1;-1;62;0
3;13;1;11;20;-1;12;1;11;1;-1;-1;62;0
3;13;1;2;11;-1;12;1;20;11;-1;-1;62;0
3;14;1;11;1;-1;12;1;11;20;-1;-1;63;0
3;14;1;20;11;-1;12;1;2;11;-1;-1;63;0
3;14;1;11;20;-1;12;1;11;1;-1;-1;63;0
3;14;1;2;11;-1;12;1;20;11;-1;-1;63;0
3;15;1;11;1;-1;12;1;11;20;-1;-1;64;0
3;15;1;20;11;-1;12;1;2;11;-1;-1;64;0
3;15;1;11;20;-1;12;1;11;1;-1;-1;64;0
3;15;1;2;11;-1;12;1;20;11;-1;-1;64;0
3;16;1;11;1;-1;12;1;11;20;-1;-1;64;0
3;16;1;20;11;-1;12;1;2;11;-1;-1;64;0
3;16;1;11;20;-1;12;1;11;1;-1;-1;64;0
3;16;1;2;11;-1;12;1;20;11;-1;-1;64;0
3;17;1;11;1;-1;12;1;11;20;-1;-1;65;0
3;17;1;20;11;-1;12;1;2;11;-1;-1;65;0
3;17;1;11;20;-1;12;1;11;1;-1;-1;65;0
3;17;1;2;11;-1;12;1;20;11;-1;-1;65;0
3;22;1;8;13;-1;165;0;366;197;-1;-1;68;0
3;22;1;14;3;-1;23;1;4;3;-1;-1;68;0
3;23;1;4;3;-1;22;1;14;3;-1;-1;69;0
3;23;1;14;3;-1;24;1;6;3;-1;-1;69;0
3;24;1;6;3;-1;23;1;14;3;-1;-1;70;0
3;24;1;14;3;-1;25;1;6;3;-1;-1;70;0
3;25;1;6;3;-1;24;1;14;3;-1;-1;71;0
3;25;1;14;3;-1;26;1;6;3;-1;-1;71;0
3;26;1;6;3;-1;25;1;14;3;-1;-1;72;0
3;26;1;14;3;-1;27;1;8;3;-1;-1;72;0
3;27;1;8;3;-1;26;1;14;3;-1;-1;73;0
3;28;1;30;55;-1;94;1;299;611;-1;-1;74;0
3;28;1;41;53;-1;94;1;310;607;-1;-1;74;0
3;28;1;28;54;-1;29;1;16;40;-1;-1;74;0
3;28;1;55;54;-1;29;1;43;38;-1;-1;74;0
3;29;1;43;38;-1;28;1;55;54;-1;-1;75;0
3;29;1;16;40;-1;28;1;28;54;-1;-1;75;0
3;30;1;6;7;-1;124;1;713;670;-1;-1;76;0
3;31;1;14;25;-1;112;1;33;2;-1;-1;79;0
3;31;1;15;25;-1;112;1;33;2;-1;-1;79;0
3;32;1;111;499;-1;2;2;4;8;-1;-1;0;0
3;32;1;117;489;-1;33;1;6;8;-1;-1;0;0
3;32;1;103;489;-1;38;1;2;5;-1;-1;0;0
3;33;1;6;8;-1;32;1;117;489;-1;-1;80;0
3;33;1;4;3;-1;34;1;15;3;-1;-1;80;0
3;33;1;8;3;-1;35;1;2;3;-1;-1;80;0
3;34;1;15;3;-1;33;1;4;3;-1;-1;81;0
3;35;1;6;26;-1;37;1;38;3;-1;-1;82;0
3;35;1;16;26;-1;36;1;2;3;-1;-1;82;0
3;35;1;2;3;-1;33;1;8;3;-1;-1;82;0
3;36;1;2;3;-1;35;1;16;26;-1;-1;83;0
3;37;1;38;3;-1;35;1;6;26;-1;-1;84;0
3;37;1;14;48;-1;38;1;14;15;-1;-1;84;0
3;38;1;2;5;-1;32;1;103;489;-1;-1;85;0
3;38;1;14;15;-1;37;1;14;48;-1;-1;85;0
3;38;1;14;1;-1;75;2;7;12;-1;-1;85;0
3;38;1;14;1;-1;76;2;7;12;-1;-1;85;0
3;39;1;1;6;-1;41;1;7;5;-1;-1;86;0
3;39;1;17;6;-1;41;1;24;5;-1;-1;86;0
3;39;1;9;5;-1;40;1;19;11;-1;-1;86;0
3;39;1;9;2;-1;42;1;19;5;-1;-1;86;0
3;39;1;9;15;-1;203;0;74;15;-1;-1;86;0
3;40;1;19;11;-1;39;1;9;5;-1;-1;87;0
3;41;1;7;5;-1;39;1;1;6;-1;-1;88;0
3;41;1;24;5;-1;39;1;17;6;-1;-1;88;0
3;42;1;19;5;-1;39;1;9;2;-1;-1;89;0
3;42;1;4;2;-1;43;1;4;7;-1;-1;89;0
3;42;1;11;2;-1;44;1;11;7;-1;-1;89;0
3;42;1;19;2;-1;45;1;12;7;-1;-1;89;0
3;42;1;27;2;-1;46;1;13;7;-1;-1;89;0
3;42;1;34;2;-1;47;1;10;7;-1;-1;89;0
3;43;1;4;7;-1;42;1;4;2;-1;-1;90;0
3;44;1;11;7;-1;42;1;11;2;-1;-1;91;0
3;45;1;12;7;-1;42;1;19;2;-1;-1;92;0
3;46;1;13;7;-1;42;1;27;2;-1;-1;93;0
3;47;1;10;7;-1;42;1;34;2;-1;-1;94;0
3;49;1;8;22;-1;132;0;714;589;-1;-1;95;0
3;49;1;29;22;-1;132;0;717;589;-1;-1;95;0
3;49;1;42;22;-1;132;0;720;589;-1;-1;95;0
3;49;1;4;3;-1;50;1;7;3;-1;-1;95;0
3;49;1;19;14;-1;50;1;10;11;-1;-1;95;0
3;49;1;27;3;-1;50;1;24;3;-1;-1;95;0
3;49;1;11;3;-1;54;1;50;3;-1;-1;95;0
3;49;1;46;3;-1;53;1;11;3;-1;-1;95;0
3;49;1;52;21;-1;49;1;41;3;-1;-1;95;0
3;49;1;41;3;-1;49;1;52;21;-1;-1;95;0
3;49;1;39;3;-1;49;1;32;3;-1;-1;95;0
3;49;1;32;3;-1;49;1;39;3;-1;-1;95;0
3;49;1;36;8;-1;49;1;1;8;-1;-1;95;0
3;49;1;1;8;-1;49;1;36;8;-1;-1;95;0
3;49;1;41;14;-1;52;1;21;17;-1;-1;95;0
3;50;1;7;3;-1;49;1;4;3;-1;-1;96;0
3;50;1;24;3;-1;49;1;27;3;-1;-1;96;0
3;50;1;10;11;-1;49;1;19;14;-1;-1;96;0
3;50;1;12;3;-1;51;1;15;3;-1;-1;96;0
3;50;1;50;3;-1;51;1;47;3;-1;-1;96;0
3;50;1;1;3;-1;50;1;17;5;-1;-1;96;0
3;50;1;17;5;-1;50;1;1;3;-1;-1;96;0
3;50;1;1;14;-1;50;1;45;12;-1;-1;96;0
3;50;1;45;12;-1;50;1;1;14;-1;-1;96;0
3;50;1;52;6;-1;57;2;1;12;-1;-1;96;0
3;50;1;29;13;-1;57;2;24;6;-1;-1;96;0
3;50;1;52;12;-1;50;1;18;20;-1;-1;96;0
3;50;1;18;20;-1;50;1;52;12;-1;-1;96;0
3;50;1;1;22;-1;50;1;45;22;-1;-1;96;0
3;50;1;45;22;-1;50;1;1;22;-1;-1;96;0
3;51;1;15;3;-1;50;1;12;3;-1;-1;97;0
3;51;1;47;3;-1;50;1;50;3;-1;-1;97;0
3;51;1;10;11;-1;52;1;3;15;-1;-1;97;0
3;51;1;6;14;-1;51;1;15;13;-1;-1;97;0
3;51;1;15;13;-1;51;1;6;14;-1;-1;97;0
3;51;1;17;11;-1;51;1;52;12;-1;-1;97;0
3;51;1;52;12;-1;51;1;17;11;-1;-1;97;0
3;51;1;19;11;-1;51;1;32;22;-1;-1;97;0
3;51;1;32;22;-1;51;1;19;11;-1;-1;97;0
3;52;1;3;15;-1;51;1;10;11;-1;-1;98;0
3;52;1;22;3;-1;241;1;1;11;-1;-1;98;0
3;52;1;21;17;-1;49;1;41;14;-1;-1;98;0
3;52;1;8;3;-1;57;2;17;3;-1;-1;98;0
3;53;1;11;3;-1;49;1;46;3;-1;-1;100;0
3;53;1;3;7;-1;54;1;81;3;-1;-1;100;0
3;54;1;50;3;-1;49;1;11;3;-1;-1;99;0
3;54;1;81;3;-1;53;1;3;7;-1;-1;99;0
3;54;1;3;16;-1;143;0;13;3;-1;-1;99;0
3;55;1;46;54;-1;78;1;80;843;-1;-1;101;0
3;55;1;47;54;-1;78;1;81;843;-1;-1;101;0
3;56;1;32;32;-1;57;1;14;29;-1;-1;102;0
3;56;1;46;54;-1;78;1;80;843;-1;-1;102;0
3;56;1;47;54;-1;78;1;81;843;-1;-1;102;0
3;57;1;14;29;-1;56;1;32;32;-1;-1;103;0
3;58;1;52;10;-1;80;1;717;760;-1;-1;104;0
3;58;1;32;32;-1;60;1;14;29;-1;-1;104;0
3;58;1;52;11;-1;80;1;717;761;-1;-1;104;0
3;59;1;51;8;-1;80;1;717;760;-1;-1;105;0
3;59;1;32;32;-1;60;1;14;29;-1;-1;105;0
3;59;1;51;7;-1;80;1;717;761;-1;-1;105;0
3;59;1;52;10;-1;80;1;717;760;-1;-1;105;0
3;59;1;52;11;-1;80;1;717;761;-1;-1;105;0
3;60;1;14;29;-1;58;1;32;32;-1;-1;106;0
3;60;1;14;29;-1;59;1;32;32;-1;-1;106;0
3;61;1;14;50;-1;84;1;308;229;-1;-1;107;0
3;61;1;15;50;-1;84;1;309;229;-1;-1;107;0
3;62;1;11;50;-1;84;1;308;229;-1;-1;108;0
3;62;1;32;32;-1;63;1;14;29;-1;-1;108;0
3;62;1;12;50;-1;84;1;309;229;-1;-1;108;0
3;62;1;14;50;-1;84;1;308;229;-1;-1;108;0
3;62;1;15;50;-1;84;1;309;229;-1;-1;108;0
3;63;1;14;29;-1;62;1;32;32;-1;-1;109;0
3;64;1;137;268;-1;65;1;16;21;-1;-1;0;0
3;64;1;138;268;-1;65;1;17;21;-1;-1;0;0
3;65;1;16;21;-1;64;1;137;268;-1;-1;110;0
3;65;1;17;21;-1;64;1;138;268;-1;-1;110;0
3;66;1;20;33;-1;67;1;5;17;-1;-1;229;0
3;66;1;29;33;-1;67;1;21;17;-1;-1;229;0
3;66;1;24;53;-1;192;0;5;2;-1;-1;229;0
3;66;1;25;53;-1;192;0;5;2;-1;-1;229;0
3;67;1;5;17;-1;66;1;20;33;-1;-1;231;0
3;67;1;21;17;-1;66;1;29;33;-1;-1;231;0
3;70;1;15;19;-1;47;2;48;17;-1;-1;193;0
3;70;1;14;19;-1;47;2;48;17;-1;-1;193;0
3;70;1;16;19;-1;47;2;48;17;-1;-1;193;0
3;78;1;81;843;-1;55;1;47;54;-1;-1;0;0
3;78;1;80;843;-1;55;1;46;54;-1;-1;0;0
3;78;1;80;843;-1;56;1;46;54;-1;-1;0;0
3;78;1;81;843;-1;56;1;47;54;-1;-1;0;0
3;80;1;706;790;-1;81;1;9;12;-1;-1;0;0
3;80;1;715;781;-1;82;1;6;8;-1;-1;0;0
3;80;1;690;791;-1;83;1;6;8;-1;-1;0;0
3;80;1;717;760;-1;58;1;52;10;-1;-1;0;0
3;80;1;717;761;-1;58;1;52;11;-1;-1;0;0
3;80;1;717;760;-1;59;1;52;10;-1;-1;0;0
3;80;1;717;761;-1;59;1;52;11;-1;-1;0;0
3;81;1;9;12;-1;80;1;706;790;-1;-1;147;0
3;82;1;6;8;-1;80;1;715;781;-1;-1;146;0
3;83;1;6;8;-1;80;1;690;791;-1;-1;146;0
3;84;1;308;229;-1;61;1;14;50;-1;-1;0;0
3;84;1;309;229;-1;61;1;15;50;-1;-1;0;0
3;84;1;308;229;-1;62;1;14;50;-1;-1;0;0
3;84;1;309;229;-1;62;1;15;50;-1;-1;0;0
3;85;1;762;713;-1;11;1;12;56;-1;-1;0;0
3;85;1;763;713;-1;11;1;13;56;-1;-1;0;0
3;88;1;246;749;-1;2;1;4;22;-1;-1;0;0
3;89;1;171;705;-1;254;0;19;50;-1;-1;0;0
3;90;1;180;698;-1;254;0;28;44;-1;-1;0;0
3;91;1;206;581;-1;203;0;28;86;-1;-1;0;0
3;91;1;207;581;-1;203;0;29;86;-1;-1;0;0
3;91;1;214;594;-1;92;1;4;8;-1;-1;0;0
3;92;1;4;8;-1;91;1;214;594;-1;-1;243;0
3;93;1;259;525;-1;203;0;86;37;-1;-1;0;0
3;93;1;259;524;-1;203;0;86;36;-1;-1;0;0
3;94;1;302;688;-1;95;1;7;12;-1;-1;0;0
3;94;1;303;688;-1;95;1;7;12;-1;-1;0;0
3;94;1;302;681;-1;95;1;7;2;-1;-1;0;0
3;94;1;303;681;-1;95;1;7;2;-1;-1;0;0
3;94;1;304;576;-1;80;0;7;12;-1;-1;0;0
3;94;1;305;576;-1;80;0;7;12;-1;-1;0;0
3;94;1;300;681;-1;95;1;6;2;-1;-1;0;0
3;94;1;301;681;-1;95;1;7;2;-1;-1;0;0
3;94;1;304;681;-1;95;1;7;2;-1;-1;0;0
3;94;1;305;681;-1;95;1;8;2;-1;-1;0;0
3;94;1;301;688;-1;95;1;6;12;-1;-1;0;0
3;94;1;304;688;-1;95;1;8;12;-1;-1;0;0
3;94;1;299;611;-1;28;1;30;55;-1;-1;0;0
3;94;1;310;607;-1;28;1;41;53;-1;-1;0;0
3;95;1;6;2;-1;94;1;301;681;-1;-1;260;0
3;95;1;6;12;-1;94;1;302;688;-1;-1;260;0
3;95;1;7;2;-1;94;1;302;681;-1;-1;260;0
3;95;1;8;2;-1;94;1;304;681;-1;-1;260;0
3;95;1;7;12;-1;94;1;302;688;-1;-1;260;0
3;95;1;8;12;-1;94;1;303;688;-1;-1;260;0
3;96;1;5;2;-1;65;0;304;569;-1;-1;157;0
3;96;1;5;12;-1;94;1;304;576;-1;-1;157;0
3;97;1;341;712;-1;207;0;4;8;-1;-1;0;0
3;97;1;348;717;-1;208;0;2;59;-1;-1;0;0
3;98;1;447;726;-1;109;0;1;7;-1;-1;0;0
3;98;1;447;727;-1;109;0;1;7;-1;-1;0;0
3;98;1;441;716;-1;99;1;4;8;-1;-1;0;0
3;98;1;392;724;-1;207;0;27;20;-1;-1;0;0
3;99;1;4;8;-1;98;1;441;716;-1;-1;249;0
3;100;1;512;726;-1;110;0;10;7;-1;-1;0;0
3;100;1;512;727;-1;110;0;10;7;-1;-1;0;0
3;100;1;568;680;-1;101;1;7;14;-1;-1;0;0
3;101;1;7;14;-1;100;1;568;680;-1;-1;212;0
3;101;1;4;3;-1;102;1;11;3;-1;-1;212;0
3;102;1;11;3;-1;101;1;4;3;-1;-1;213;0
3;102;1;4;3;-1;103;1;11;3;-1;-1;213;0
3;103;1;11;3;-1;102;1;4;3;-1;-1;214;0
3;103;1;4;3;-1;104;1;11;3;-1;-1;214;0
3;104;1;11;3;-1;103;1;4;3;-1;-1;215;0
3;104;1;4;3;-1;105;1;11;3;-1;-1;215;0
3;105;1;11;3;-1;104;1;4;3;-1;-1;216;0
3;106;1;566;591;-1;236;1;5;8;-1;-1;0;0
3;107;1;564;516;-1;108;1;4;8;-1;-1;0;0
3;108;1;4;8;-1;107;1;564;516;-1;-1;123;0
3;109;1;380;532;-1;218;0;2;41;-1;-1;0;0
3;110;1;419;527;-1;218;0;29;35;-1;-1;0;0
3;111;1;458;736;-1;111;0;5;12;-1;-1;0;0
3;111;1;459;736;-1;111;0;5;12;-1;-1;0;0
3;111;1;470;772;-1;112;1;33;16;-1;-1;0;0
3;112;1;33;16;-1;111;1;470;772;-1;-1;178;0
3;112;1;5;5;-1;113;1;4;9;-1;-1;178;0
3;112;1;13;5;-1;113;1;12;9;-1;-1;178;0
3;112;1;21;5;-1;113;1;20;9;-1;-1;178;0
3;112;1;48;5;-1;114;1;16;10;-1;-1;178;0
3;112;1;33;2;-1;31;1;14;25;-1;-1;178;0
3;113;1;20;9;-1;112;1;21;5;-1;-1;179;0
3;113;1;4;9;-1;112;1;5;5;-1;-1;179;0
3;113;1;12;9;-1;112;1;13;5;-1;-1;179;0
3;114;1;16;10;-1;112;1;48;5;-1;-1;180;0
3;115;1;517;846;-1;116;1;4;8;-1;-1;0;0
3;116;1;4;8;-1;115;1;517;846;-1;-1;244;0
3;117;1;646;812;-1;118;1;10;7;-1;-1;0;0
3;117;1;646;813;-1;118;1;10;7;-1;-1;0;0
3;117;1;663;834;-1;119;1;4;8;-1;-1;0;0
3;117;1;706;818;-1;120;1;8;11;-1;-1;0;0
3;117;1;706;813;-1;120;1;8;2;-1;-1;0;0
3;117;1;710;810;-1;121;1;6;8;-1;-1;0;0
3;117;1;701;805;-1;122;1;6;8;-1;-1;0;0
3;117;1;712;805;-1;123;1;6;8;-1;-1;0;0
3;118;1;10;7;-1;117;1;646;812;-1;-1;258;0
3;118;1;1;7;-1;120;0;639;812;-1;-1;258;0
3;119;1;4;8;-1;117;1;663;834;-1;-1;247;0
3;120;1;8;2;-1;117;1;706;813;-1;-1;145;0
3;120;1;8;11;-1;117;1;706;818;-1;-1;145;0
3;121;1;6;8;-1;117;1;710;810;-1;-1;146;0
3;122;1;6;8;-1;117;1;701;805;-1;-1;146;0
3;123;1;6;8;-1;117;1;712;805;-1;-1;146;0
3;124;1;718;645;-1;125;1;5;12;-1;-1;0;0
3;124;1;719;645;-1;125;1;5;12;-1;-1;0;0
3;124;1;713;670;-1;30;1;6;7;-1;-1;0;0
3;124;1;713;670;-1;0;2;60;7;-1;-1;0;0
3;124;1;713;670;-1;1;2;92;7;-1;-1;0;0
3;125;1;5;2;-1;132;0;718;638;-1;-1;257;0
3;125;1;5;12;-1;124;1;718;645;-1;-1;257;0
3;126;1;671;598;-1;149;0;1;7;-1;-1;0;0
3;126;1;671;599;-1;149;0;1;7;-1;-1;0;0
3;127;1;375;403;-1;217;0;2;18;-1;-1;0;0
3;127;1;303;398;-1;128;1;4;8;-1;-1;0;0
3;128;1;4;8;-1;127;1;303;398;-1;-1;243;0
3;129;1;293;311;-1;130;1;4;8;-1;-1;0;0
3;129;1;316;285;-1;131;1;4;8;-1;-1;0;0
3;130;1;4;8;-1;129;1;293;311;-1;-1;124;0
3;131;1;4;8;-1;129;1;316;285;-1;-1;124;0
3;132;1;70;754;-1;134;1;10;7;-1;-1;0;0
3;132;1;70;755;-1;134;1;10;7;-1;-1;0;0
3;132;1;121;758;-1;133;1;1;7;-1;-1;0;0
3;132;1;121;759;-1;133;1;1;7;-1;-1;0;0
3;133;1;1;7;-1;132;1;121;758;-1;-1;258;0
3;133;1;10;7;-1;3;0;128;758;-1;-1;258;0
3;134;1;1;7;-1;33;0;63;754;-1;-1;258;0
3;134;1;10;7;-1;132;1;70;754;-1;-1;258;0
3;136;1;261;900;-1;138;1;4;8;-1;-1;0;0
3;136;1;306;909;-1;137;1;7;19;-1;-1;0;0
3;136;1;307;909;-1;137;1;7;19;-1;-1;0;0
3;137;1;7;19;-1;136;1;306;909;-1;-1;201;0
3;137;1;7;7;-1;251;0;24;52;-1;-1;201;0
3;138;1;4;8;-1;136;1;261;900;-1;-1;244;0
3;139;1;825;790;-1;142;1;1;7;-1;-1;0;0
3;139;1;825;791;-1;142;1;1;7;-1;-1;0;0
3;139;1;801;784;-1;141;1;4;8;-1;-1;0;0
3;139;1;795;784;-1;140;1;4;8;-1;-1;0;0
3;140;1;4;8;-1;139;1;795;784;-1;-1;123;0
3;141;1;4;8;-1;139;1;801;784;-1;-1;123;0
3;142;1;1;7;-1;139;1;825;790;-1;-1;258;0
3;142;1;10;7;-1;150;0;832;790;-1;-1;258;0
3;143;1;878;560;-1;249;0;29;16;-1;-1;0;0
3;144;1;630;413;-1;193;0;5;2;-1;-1;0;0
3;144;1;631;413;-1;193;0;5;2;-1;-1;0;0
3;144;1;617;368;-1;242;1;4;8;-1;-1;0;0
3;147;1;740;302;-1;244;1;4;8;-1;-1;0;0
3;150;1;774;331;-1;245;1;10;7;-1;-1;0;0
3;150;1;774;330;-1;245;1;10;7;-1;-1;0;0
3;150;1;789;356;-1;246;1;4;8;-1;-1;0;0
3;150;1;775;386;-1;247;1;4;8;-1;-1;0;0
3;150;1;785;340;-1;79;2;7;12;-1;-1;0;0
3;150;1;785;340;-1;80;2;7;12;-1;-1;0;0
3;155;1;105;875;-1;156;1;6;10;-1;-1;0;0
3;155;1;116;885;-1;158;1;6;10;-1;-1;0;0
3;155;1;116;875;-1;160;1;4;8;-1;-1;0;0
3;155;1;106;885;-1;161;1;4;8;-1;-1;0;0
3;156;1;6;10;-1;155;1;105;875;-1;-1;126;0
3;156;1;2;3;-1;157;1;3;4;-1;-1;126;0
3;157;1;3;4;-1;156;1;2;3;-1;-1;127;0
3;158;1;6;10;-1;155;1;116;885;-1;-1;128;0
3;158;1;10;3;-1;159;1;8;4;-1;-1;128;0
3;159;1;8;4;-1;158;1;10;3;-1;-1;129;0
3;160;1;4;8;-1;155;1;116;875;-1;-1;123;0
3;161;1;4;8;-1;155;1;106;885;-1;-1;123;0
3;162;1;187;842;-1;163;1;3;11;-1;-1;0;0
3;162;1;177;842;-1;164;1;8;12;-1;-1;0;0
3;162;1;168;842;-1;166;1;7;15;-1;-1;0;0
3;162;1;176;854;-1;167;1;6;10;-1;-1;0;0
3;162;1;167;854;-1;169;1;4;8;-1;-1;0;0
3;163;1;3;11;-1;162;1;187;842;-1;-1;122;0
3;164;1;8;12;-1;162;1;177;842;-1;-1;116;0
3;164;1;2;10;-1;165;1;2;10;-1;-1;116;0
3;164;1;14;10;-1;229;1;14;10;-1;-1;116;0
3;165;1;2;10;-1;164;1;2;10;-1;-1;117;0
3;165;1;8;2;-1;210;1;8;14;-1;-1;117;0
3;166;1;7;15;-1;162;1;168;842;-1;-1;160;0
3;167;1;6;10;-1;162;1;176;854;-1;-1;130;0
3;167;1;9;3;-1;168;1;6;3;-1;-1;130;0
3;168;1;6;3;-1;167;1;9;3;-1;-1;131;0
3;169;1;4;8;-1;162;1;167;854;-1;-1;123;0
3;170;1;184;657;-1;171;1;3;11;-1;-1;0;0
3;170;1;176;666;-1;172;1;8;12;-1;-1;0;0
3;170;1;180;651;-1;174;1;8;11;-1;-1;0;0
3;170;1;184;666;-1;175;1;4;8;-1;-1;0;0
3;170;1;171;654;-1;176;1;4;8;-1;-1;0;0
3;170;1;180;612;-1;0;1;50;9;-1;-1;0;0
3;170;1;181;612;-1;0;1;51;9;-1;-1;0;0
3;170;1;162;641;-1;0;1;12;54;-1;-1;0;0
3;170;1;163;641;-1;0;1;13;54;-1;-1;0;0
3;171;1;3;11;-1;170;1;184;657;-1;-1;122;0
3;172;1;8;12;-1;170;1;176;666;-1;-1;116;0
3;172;1;2;10;-1;173;1;2;10;-1;-1;116;0
3;172;1;14;10;-1;230;1;14;10;-1;-1;116;0
3;173;1;2;10;-1;172;1;2;10;-1;-1;117;0
3;173;1;8;2;-1;210;1;8;14;-1;-1;117;0
3;174;1;8;11;-1;170;1;180;651;-1;-1;236;0
3;175;1;4;8;-1;170;1;184;666;-1;-1;123;0
3;176;1;4;8;-1;170;1;171;654;-1;-1;123;0
3;177;1;553;645;-1;181;1;9;11;-1;-1;0;0
3;177;1;579;648;-1;182;1;4;8;-1;-1;0;0
3;177;1;571;656;-1;183;1;4;8;-1;-1;0;0
3;177;1;565;646;-1;184;1;4;8;-1;-1;0;0
3;177;1;581;656;-1;185;1;4;8;-1;-1;0;0
3;177;1;566;656;-1;179;1;8;12;-1;-1;0;0
3;177;1;571;665;-1;178;1;3;11;-1;-1;0;0
3;177;1;597;652;-1;225;0;5;11;-1;-1;0;0
3;177;1;595;655;-1;226;0;5;11;-1;-1;0;0
3;178;1;3;11;-1;177;1;571;665;-1;-1;122;0
3;179;1;8;12;-1;177;1;566;656;-1;-1;116;0
3;179;1;2;10;-1;180;1;2;10;-1;-1;116;0
3;179;1;14;10;-1;231;1;14;10;-1;-1;116;0
3;180;1;2;10;-1;179;1;2;10;-1;-1;117;0
3;180;1;8;2;-1;210;1;8;14;-1;-1;117;0
3;181;1;9;11;-1;177;1;553;645;-1;-1;137;0
3;182;1;4;8;-1;177;1;579;648;-1;-1;123;0
3;183;1;4;8;-1;177;1;571;656;-1;-1;244;0
3;184;1;4;8;-1;177;1;565;646;-1;-1;123;0
3;185;1;4;8;-1;177;1;581;656;-1;-1;123;0
3;186;1;463;515;-1;189;1;5;8;-1;-1;0;0
3;186;1;450;515;-1;190;1;4;8;-1;-1;0;0
3;186;1;473;515;-1;191;1;4;8;-1;-1;0;0
3;186;1;454;538;-1;192;1;4;8;-1;-1;0;0
3;186;1;463;521;-1;193;1;10;20;-1;-1;0;0
3;186;1;472;538;-1;187;1;8;12;-1;-1;0;0
3;187;1;8;12;-1;186;1;472;538;-1;-1;116;0
3;187;1;2;10;-1;188;1;2;10;-1;-1;116;0
3;187;1;14;10;-1;232;1;14;10;-1;-1;116;0
3;188;1;2;10;-1;187;1;2;10;-1;-1;117;0
3;188;1;8;2;-1;210;1;8;14;-1;-1;117;0
3;189;1;5;8;-1;186;1;463;515;-1;-1;168;0
3;190;1;4;8;-1;186;1;450;515;-1;-1;170;0
3;191;1;4;8;-1;186;1;473;515;-1;-1;124;0
3;192;1;4;8;-1;186;1;454;538;-1;-1;124;0
3;193;1;10;20;-1;186;1;463;521;-1;-1;169;0
3;194;1;652;338;-1;198;1;7;11;-1;-1;0;0
3;194;1;655;348;-1;199;1;4;8;-1;-1;0;0
3;194;1;656;325;-1;200;1;4;8;-1;-1;0;0
3;194;1;659;338;-1;196;1;8;12;-1;-1;0;0
3;194;1;663;338;-1;195;1;3;11;-1;-1;0;0
3;195;1;3;11;-1;194;1;663;338;-1;-1;122;0
3;196;1;8;12;-1;194;1;659;338;-1;-1;116;0
3;196;1;2;10;-1;197;1;2;10;-1;-1;116;0
3;196;1;14;10;-1;233;1;14;10;-1;-1;116;0
3;197;1;2;10;-1;196;1;2;10;-1;-1;117;0
3;197;1;8;2;-1;210;1;8;14;-1;-1;117;0
3;198;1;7;11;-1;194;1;652;338;-1;-1;265;0
3;199;1;4;8;-1;194;1;655;348;-1;-1;125;0
3;200;1;4;8;-1;194;1;656;325;-1;-1;244;0
3;201;1;822;469;-1;208;1;11;11;-1;-1;0;0
3;201;1;810;455;-1;209;1;4;8;-1;-1;0;0
3;201;1;824;453;-1;205;1;15;15;-1;-1;0;0
3;201;1;802;472;-1;203;1;8;12;-1;-1;0;0
3;202;1;3;11;-1;177;1;571;665;-1;-1;122;0
3;203;1;8;12;-1;201;1;802;472;-1;-1;116;0
3;203;1;2;10;-1;204;1;2;10;-1;-1;116;0
3;203;1;14;10;-1;234;1;14;10;-1;-1;116;0
3;204;1;2;10;-1;203;1;2;10;-1;-1;117;0
3;204;1;8;2;-1;210;1;8;14;-1;-1;117;0
3;205;1;15;15;-1;201;1;824;453;-1;-1;199;0
3;205;1;5;2;-1;207;1;3;6;-1;-1;199;0
3;206;1;5;2;-1;207;1;3;6;-1;-1;200;0
3;208;1;11;11;-1;201;1;822;469;-1;-1;264;0
3;209;1;4;8;-1;201;1;810;455;-1;-1;123;0
3;210;1;8;14;-1;165;1;8;2;-1;-1;120;0
3;213;1;739;339;-1;243;1;4;8;-1;-1;0;0
3;213;1;767;330;-1;245;1;1;7;-1;-1;0;0
3;213;1;767;331;-1;245;1;1;7;-1;-1;0;0
3;218;1;14;10;-1;6;0;14;10;-1;-1;235;0
3;219;1;14;10;-1;36;0;14;10;-1;-1;235;0
3;220;1;14;10;-1;48;0;14;10;-1;-1;235;0
3;221;1;14;10;-1;69;0;14;10;-1;-1;235;0
3;222;1;14;10;-1;101;0;14;10;-1;-1;235;0
3;223;1;14;10;-1;123;0;14;10;-1;-1;235;0
3;224;1;14;10;-1;134;0;14;10;-1;-1;235;0
3;225;1;14;10;-1;151;0;14;10;-1;-1;235;0
3;226;1;14;10;-1;168;0;14;10;-1;-1;235;0
3;227;1;14;10;-1;173;0;14;10;-1;-1;235;0
3;228;1;14;10;-1;189;0;14;10;-1;-1;235;0
3;229;1;14;10;-1;164;1;14;10;-1;-1;235;0
3;230;1;14;10;-1;172;1;14;10;-1;-1;235;0
3;231;1;14;10;-1;179;1;14;10;-1;-1;235;0
3;232;1;14;10;-1;187;1;14;10;-1;-1;235;0
3;233;1;14;10;-1;196;1;14;10;-1;-1;235;0
3;234;1;14;10;-1;203;1;14;10;-1;-1;235;0
3;235;1;4;8;-1;33;0;38;740;-1;-1;124;0
3;236;1;5;8;-1;106;1;566;591;-1;-1;171;0
3;238;1;8;13;-1;241;1;36;2;-1;-1;238;0
3;239;1;2;10;-1;175;0;2;12;-1;-1;117;0
3;239;1;8;2;-1;210;1;8;14;-1;-1;117;0
3;240;1;14;10;-1;175;0;6;14;-1;-1;235;0
3;241;1;1;11;-1;52;1;22;3;-1;-1;239;0
3;241;1;36;2;-1;238;1;8;13;-1;-1;239;0
3;242;1;4;8;-1;144;1;617;368;-1;-1;123;0
3;243;1;4;8;-1;213;1;739;339;-1;-1;244;0
3;244;1;4;8;-1;147;1;740;302;-1;-1;243;0
3;245;1;1;7;-1;213;1;767;330;-1;-1;258;0
3;245;1;10;7;-1;150;1;774;330;-1;-1;258;0
3;246;1;4;8;-1;150;1;789;356;-1;-1;244;0
3;247;1;4;8;-1;150;1;775;386;-1;-1;125;0
3;253;1;68;118;-1;125;0;5;2;-1;-1;240;0
3;253;1;69;118;-1;125;0;5;2;-1;-1;240;0
3;254;1;31;53;-1;215;0;7;5;-1;-1;241;0
3;0;2;60;7;-1;124;1;713;670;-1;-1;77;0
3;1;2;92;7;-1;124;1;713;670;-1;-1;78;0
3;1;2;2;7;-1;225;0;8;3;-1;-1;78;0
3;2;2;4;8;-1;32;1;111;499;-1;-1;243;0
3;3;2;2;3;-1;239;0;6;10;-1;-1;31;0
3;5;2;8;3;-1;30;0;15;3;-1;-1;208;0
3;6;2;11;1;-1;12;1;11;20;-1;-1;65;0
3;6;2;20;11;-1;12;1;2;11;-1;-1;65;0
3;6;2;11;20;-1;12;1;11;1;-1;-1;65;0
3;6;2;2;11;-1;12;1;20;11;-1;-1;65;0
3;7;2;11;1;-1;12;1;11;20;-1;-1;66;0
3;7;2;20;11;-1;12;1;2;11;-1;-1;66;0
3;7;2;11;20;-1;12;1;11;1;-1;-1;66;0
3;7;2;2;11;-1;12;1;20;11;-1;-1;66;0
3;8;2;11;1;-1;12;1;11;20;-1;-1;66;0
3;8;2;20;11;-1;12;1;2;11;-1;-1;66;0
3;8;2;11;20;-1;12;1;11;1;-1;-1;66;0
3;8;2;2;11;-1;12;1;20;11;-1;-1;66;0
3;9;2;11;1;-1;12;1;11;20;-1;-1;64;0
3;9;2;20;11;-1;12;1;2;11;-1;-1;64;0
3;9;2;11;20;-1;12;1;11;1;-1;-1;64;0
3;9;2;2;11;-1;12;1;20;11;-1;-1;64;0
3;10;2;11;1;-1;12;1;11;20;-1;-1;64;0
3;10;2;20;11;-1;12;1;2;11;-1;-1;64;0
3;10;2;11;20;-1;12;1;11;1;-1;-1;64;0
3;10;2;2;11;-1;12;1;20;11;-1;-1;64;0
3;11;2;11;1;-1;12;1;11;20;-1;-1;65;0
3;11;2;20;11;-1;12;1;2;11;-1;-1;65;0
3;11;2;11;20;-1;12;1;11;1;-1;-1;65;0
3;11;2;2;11;-1;12;1;20;11;-1;-1;65;0
3;12;2;11;1;-1;12;1;11;20;-1;-1;65;0
3;12;2;20;11;-1;12;1;2;11;-1;-1;65;0
3;12;2;11;20;-1;12;1;11;1;-1;-1;65;0
3;12;2;2;11;-1;12;1;20;11;-1;-1;65;0
3;13;2;11;1;-1;12;1;11;20;-1;-1;66;0
3;13;2;20;11;-1;12;1;2;11;-1;-1;66;0
3;13;2;11;20;-1;12;1;11;1;-1;-1;66;0
3;13;2;2;11;-1;12;1;20;11;-1;-1;66;0
3;14;2;11;1;-1;12;1;11;20;-1;-1;66;0
3;14;2;20;11;-1;12;1;2;11;-1;-1;66;0
3;14;2;11;20;-1;12;1;11;1;-1;-1;66;0
3;14;2;2;11;-1;12;1;20;11;-1;-1;66;0
3;15;2;11;1;-1;12;1;11;20;-1;-1;64;0
3;15;2;20;11;-1;12;1;2;11;-1;-1;64;0
3;15;2;11;20;-1;12;1;11;1;-1;-1;64;0
3;15;2;2;11;-1;12;1;20;11;-1;-1;64;0
3;16;2;11;1;-1;12;1;11;20;-1;-1;64;0
3;16;2;20;11;-1;12;1;2;11;-1;-1;64;0
3;16;2;11;20;-1;12;1;11;1;-1;-1;64;0
3;16;2;2;11;-1;12;1;20;11;-1;-1;64;0
3;17;2;11;1;-1;12;1;11;20;-1;-1;65;0
3;17;2;20;11;-1;12;1;2;11;-1;-1;65;0
3;17;2;11;20;-1;12;1;11;1;-1;-1;65;0
3;17;2;2;11;-1;12;1;20;11;-1;-1;65;0
3;18;2;11;1;-1;12;1;11;20;-1;-1;65;0
3;18;2;20;11;-1;12;1;2;11;-1;-1;65;0
3;18;2;11;20;-1;12;1;11;1;-1;-1;65;0
3;18;2;2;11;-1;12;1;20;11;-1;-1;65;0
3;19;2;11;1;-1;12;1;11;20;-1;-1;66;0
3;19;2;20;11;-1;12;1;2;11;-1;-1;66;0
3;19;2;11;20;-1;12;1;11;1;-1;-1;66;0
3;19;2;2;11;-1;12;1;20;11;-1;-1;66;0
3;20;2;11;1;-1;12;1;11;20;-1;-1;66;0
3;20;2;20;11;-1;12;1;2;11;-1;-1;66;0
3;20;2;11;20;-1;12;1;11;1;-1;-1;66;0
3;20;2;2;11;-1;12;1;20;11;-1;-1;66;0
3;46;2;29;14;-1;117;0;23;2;-1;-1;166;0
3;47;2;48;17;-1;70;1;15;19;-1;-1;256;0
3;47;2;49;17;-1;70;1;15;19;-1;-1;256;0
3;47;2;77;34;-1;50;2;1;7;-1;-1;256;0
3;47;2;77;35;-1;50;2;1;7;-1;-1;256;0
3;47;2;19;34;-1;51;2;25;9;-1;-1;256;0
3;47;2;19;35;-1;51;2;25;9;-1;-1;256;0
3;47;2;33;62;-1;52;2;21;9;-1;-1;256;0
3;47;2;33;63;-1;52;2;21;9;-1;-1;256;0
3;47;2;64;62;-1;53;2;1;6;-1;-1;256;0
3;47;2;64;63;-1;53;2;1;6;-1;-1;256;0
3;47;2;48;52;-1;48;2;7;2;-1;-1;256;0
3;47;2;49;52;-1;48;2;7;2;-1;-1;256;0
3;47;2;73;34;-1;50;2;1;7;-1;-1;256;0
3;47;2;23;34;-1;51;2;25;9;-1;-1;256;0
3;47;2;60;62;-1;53;2;1;6;-1;-1;256;0
3;47;2;36;62;-1;52;2;21;9;-1;-1;256;0
3;48;2;7;2;-1;47;2;48;52;-1;-1;250;0
3;48;2;6;2;-1;47;2;48;52;-1;-1;250;0
3;48;2;8;2;-1;47;2;48;52;-1;-1;250;0
3;48;2;7;20;-1;188;0;654;423;-1;-1;250;0
3;48;2;6;20;-1;188;0;654;423;-1;-1;250;0
3;48;2;8;20;-1;188;0;654;423;-1;-1;250;0
3;50;2;1;7;-1;47;2;73;34;-1;-1;252;0
3;50;2;1;6;-1;47;2;73;34;-1;-1;252;0
3;50;2;1;8;-1;47;2;73;34;-1;-1;252;0
3;51;2;25;9;-1;47;2;23;34;-1;-1;253;0
3;51;2;25;8;-1;47;2;23;34;-1;-1;253;0
3;51;2;25;10;-1;47;2;23;34;-1;-1;253;0
3;52;2;21;9;-1;47;2;36;62;-1;-1;254;0
3;52;2;21;8;-1;47;2;36;62;-1;-1;254;0
3;52;2;21;10;-1;47;2;36;62;-1;-1;254;0
3;53;2;1;6;-1;47;2;60;62;-1;-1;255;0
3;53;2;1;5;-1;47;2;60;62;-1;-1;255;0
3;53;2;1;7;-1;47;2;60;62;-1;-1;255;0
3;54;2;11;8;-1;137;0;7;8;-1;-1;246;0
3;54;2;14;2;-1;142;0;3;6;-1;-1;246;0
3;55;2;16;5;-1;28;0;16;4;-1;-1;262;0
3;55;2;16;15;-1;56;2;13;14;-1;-1;262;0
3;56;2;13;4;-1;28;0;20;4;-1;-1;263;0
3;56;2;13;14;-1;55;2;16;15;-1;-1;263;0
3;57;2;24;6;-1;50;1;29;13;-1;-1;261;0
3;57;2;1;12;-1;50;1;52;6;-1;-1;261;0
3;57;2;17;3;-1;52;1;8;3;-1;-1;261;0
3;59;2;7;11;-1;72;0;2;2;-1;-1;267;0
3;61;2;31;53;-1;215;0;7;5;-1;-1;269;0
3;72;2;31;53;-1;215;0;7;5;-1;-1;280;0
3;73;2;31;53;-1;215;0;7;5;-1;-1;281;0
3;75;2;7;12;-1;38;1;14;1;-1;-1;283;0
3;76;2;7;12;-1;38;1;14;1;-1;-1;284;0
3;77;2;7;12;-1;217;0;15;16;-1;-1;285;0
3;78;2;7;12;-1;217;0;15;16;-1;-1;286;0
3;79;2;7;12;-1;150;1;785;340;-1;-1;287;0
3;80;2;7;12;-1;150;1;785;340;-1;-1;288;0
4;2;0;8;14;-1;81;0;7;2;-1;-1;74;0
4;6;0;9;9;-1;216;0;6;3;-1;-1;67;0
4;6;0;9;10;-1;216;0;6;3;-1;-1;67;0
4;6;0;37;16;-1;111;0;15;26;-1;-1;67;0
4;7;0;15;26;-1;78;0;376;149;-1;-1;25;0
4;7;0;22;16;-1;217;0;23;16;-1;-1;25;0
4;9;0;1036;288;-1;15;2;5;12;-1;-1;0;0
4;9;0;1037;288;-1;15;2;5;12;-1;-1;0;0
4;10;0;1034;192;-1;163;1;5;12;-1;-1;0;0
4;10;0;1035;192;-1;163;1;5;12;-1;-1;0;0
4;10;0;1050;192;-1;162;1;5;12;-1;-1;0;0
4;10;0;1051;192;-1;162;1;5;12;-1;-1;0;0
4;11;0;1172;102;-1;107;0;4;4;-1;-1;0;0
4;11;0;1167;106;-1;255;1;8;19;-1;-1;0;0
4;12;0;1195;112;-1;107;0;22;23;-1;-1;0;0
4;13;0;1300;189;-1;135;1;5;2;-1;-1;0;0
4;13;0;1301;189;-1;135;1;5;2;-1;-1;0;0
4;13;0;1306;185;-1;213;1;5;9;-1;-1;0;0
4;13;0;1297;171;-1;5;2;4;8;-1;-1;0;0
4;14;0;1300;261;-1;133;1;5;12;-1;-1;0;0
4;14;0;1301;261;-1;133;1;5;12;-1;-1;0;0
4;14;0;1309;265;-1;214;1;5;9;-1;-1;0;0
4;15;0;1273;240;-1;237;1;1;7;-1;-1;0;0
4;15;0;1273;241;-1;237;1;1;7;-1;-1;0;0
4;16;0;1344;240;-1;134;1;10;7;-1;-1;0;0
4;16;0;1344;241;-1;134;1;10;7;-1;-1;0;0
4;18;0;1419;163;-1;108;0;46;10;-1;-1;0;0
4;18;0;1423;184;-1;211;1;7;20;-1;-1;0;0
4;18;0;1426;163;-1;210;1;8;19;-1;-1;0;0
4;19;0;1401;305;-1;169;1;1;7;-1;-1;0;0
4;19;0;1401;306;-1;169;1;1;7;-1;-1;0;0
4;19;0;1354;302;-1;106;0;4;6;-1;-1;0;0
4;20;0;1408;305;-1;169;1;10;7;-1;-1;0;0
4;20;0;1408;306;-1;169;1;10;7;-1;-1;0;0
4;20;0;1429;318;-1;21;2;4;8;-1;-1;0;0
4;23;0;1248;422;-1;136;1;10;7;-1;-1;0;0
4;23;0;1248;423;-1;136;1;10;7;-1;-1;0;0
4;24;0;1151;276;-1;165;1;1;7;-1;-1;0;0
4;24;0;1151;277;-1;165;1;1;7;-1;-1;0;0
4;26;0;1155;426;-1;167;1;1;7;-1;-1;0;0
4;26;0;1155;427;-1;167;1;1;7;-1;-1;0;0
4;26;0;1162;426;-1;167;1;10;7;-1;-1;0;0
4;26;0;1162;427;-1;167;1;10;7;-1;-1;0;0
4;27;0;936;266;-1;43;1;21;8;-1;-1;0;0
4;27;0;936;267;-1;43;1;21;8;-1;-1;0;0
4;29;0;1407;38;-1;184;1;7;11;-1;-1;0;0
4;30;0;923;345;-1;40;1;4;8;-1;-1;0;0
4;30;0;907;365;-1;41;1;7;14;-1;-1;0;0
4;30;0;909;296;-1;43;1;11;23;-1;-1;0;0
4;30;0;910;296;-1;43;1;11;23;-1;-1;0;0
4;31;0;740;396;-1;126;0;30;22;-1;-1;0;0
4;31;0;755;394;-1;126;0;45;20;-1;-1;0;0
4;31;0;751;400;-1;66;1;4;8;-1;-1;0;0
4;32;0;887;266;-1;43;1;1;8;-1;-1;0;0
4;32;0;887;267;-1;43;1;1;8;-1;-1;0;0
4;32;0;851;263;-1;254;1;4;8;-1;-1;0;0
4;33;0;626;389;-1;134;0;5;12;-1;-1;0;0
4;33;0;627;389;-1;134;0;5;12;-1;-1;0;0
4;34;0;568;294;-1;143;0;4;9;-1;-1;0;0
4;34;0;555;355;-1;127;0;4;8;-1;-1;0;0
4;35;0;518;269;-1;97;0;10;7;-1;-1;0;0
4;35;0;518;270;-1;97;0;10;7;-1;-1;0;0
4;35;0;565;269;-1;176;0;5;26;-1;-1;0;0
4;36;0;454;293;-1;98;0;10;7;-1;-1;0;0
4;36;0;454;294;-1;98;0;10;7;-1;-1;0;0
4;36;0;462;430;-1;99;0;27;43;-1;-1;0;0
4;36;0;468;418;-1;169;0;8;19;-1;-1;0;0
4;37;0;467;461;-1;99;0;27;93;-1;-1;0;0
4;38;0;372;449;-1;171;0;5;2;-1;-1;0;0
4;38;0;373;449;-1;171;0;5;2;-1;-1;0;0
4;38;0;368;410;-1;75;1;3;12;-1;-1;0;0
4;39;0;358;316;-1;101;0;5;2;-1;-1;0;0
4;39;0;359;316;-1;101;0;5;2;-1;-1;0;0
4;39;0;362;266;-1;102;0;25;11;-1;-1;0;0
4;39;0;363;266;-1;102;0;25;11;-1;-1;0;0
4;40;0;374;238;-1;104;0;10;7;-1;-1;0;0
4;40;0;374;237;-1;104;0;10;7;-1;-1;0;0
4;40;0;430;252;-1;103;0;5;2;-1;-1;0;0
4;40;0;431;252;-1;103;0;5;2;-1;-1;0;0
4;40;0;447;246;-1;149;0;1;7;-1;-1;0;0
4;40;0;447;247;-1;149;0;1;7;-1;-1;0;0
4;42;0;351;166;-1;172;0;1;7;-1;-1;0;0
4;42;0;351;167;-1;172;0;1;7;-1;-1;0;0
4;43;0;265;164;-1;214;0;6;10;-1;-1;0;0
4;43;0;260;164;-1;215;0;7;9;-1;-1;0;0
4;44;0;422;175;-1;132;0;10;7;-1;-1;0;0
4;44;0;422;176;-1;132;0;10;7;-1;-1;0;0
4;44;0;436;171;-1;119;0;20;46;-1;-1;0;0
4;44;0;464;175;-1;119;0;45;50;-1;-1;0;0
4;44;0;466;164;-1;119;0;59;53;-1;-1;0;0
4;44;0;493;171;-1;119;0;70;46;-1;-1;0;0
4;45;0;524;156;-1;142;0;5;2;-1;-1;0;0
4;45;0;525;156;-1;142;0;5;2;-1;-1;0;0
4;45;0;537;143;-1;245;0;5;12;-1;-1;0;0
4;45;0;538;143;-1;245;0;5;12;-1;-1;0;0
4;45;0;537;134;-1;245;0;5;2;-1;-1;0;0
4;45;0;538;134;-1;245;0;5;2;-1;-1;0;0
4;46;0;633;169;-1;120;0;11;58;-1;-1;0;0
4;47;0;650;198;-1;123;0;60;4;-1;-1;0;0
4;48;0;626;380;-1;134;0;5;2;-1;-1;0;0
4;48;0;627;380;-1;134;0;5;2;-1;-1;0;0
4;48;0;628;329;-1;176;0;55;56;-1;-1;0;0
4;49;0;1033;363;-1;247;1;5;10;-1;-1;0;0
4;49;0;1044;363;-1;248;1;5;10;-1;-1;0;0
4;49;0;1045;373;-1;249;1;8;13;-1;-1;0;0
4;50;0;1045;239;-1;240;1;5;47;-1;-1;0;0
4;50;0;1034;244;-1;241;1;4;8;-1;-1;0;0
4;50;0;1036;253;-1;242;1;5;15;-1;-1;0;0
4;50;0;1042;253;-1;244;1;4;11;-1;-1;0;0
4;50;0;1032;262;-1;245;1;8;19;-1;-1;0;0
4;50;0;1036;280;-1;15;2;5;2;-1;-1;0;0
4;50;0;1037;280;-1;15;2;5;2;-1;-1;0;0
4;51;0;1048;78;-1;215;1;10;19;-1;-1;0;0
4;51;0;1068;87;-1;216;1;4;8;-1;-1;0;0
4;51;0;1047;92;-1;217;1;7;27;-1;-1;0;0
4;51;0;1060;97;-1;218;1;4;11;-1;-1;0;0
4;51;0;1048;106;-1;219;1;8;19;-1;-1;0;0
4;51;0;1037;111;-1;221;1;4;8;-1;-1;0;0
4;52;0;1305;116;-1;173;1;4;8;-1;-1;0;0
4;52;0;1319;123;-1;174;1;4;8;-1;-1;0;0
4;52;0;1304;131;-1;175;1;4;8;-1;-1;0;0
4;52;0;1309;131;-1;172;1;8;19;-1;-1;0;0
4;52;0;1318;134;-1;171;1;10;25;-1;-1;0;0
4;52;0;1308;144;-1;170;1;4;11;-1;-1;0;0
4;52;0;1298;144;-1;176;1;6;11;-1;-1;0;0
4;52;0;1290;107;-1;145;0;49;42;-1;-1;0;0
4;53;0;1418;234;-1;178;1;8;19;-1;-1;0;0
4;53;0;1419;242;-1;179;1;5;12;-1;-1;0;0
4;53;0;1414;249;-1;180;1;4;8;-1;-1;0;0
4;53;0;1419;249;-1;181;1;5;8;-1;-1;0;0
4;53;0;1412;234;-1;177;1;4;11;-1;-1;0;0
4;53;0;1431;246;-1;182;1;4;17;-1;-1;0;0
4;53;0;1429;234;-1;183;1;3;12;-1;-1;0;0
4;54;0;1292;294;-1;105;1;4;8;-1;-1;0;0
4;54;0;1297;294;-1;102;1;8;19;-1;-1;0;0
4;54;0;1293;309;-1;106;1;7;12;-1;-1;0;0
4;54;0;1301;309;-1;107;1;4;8;-1;-1;0;0
4;54;0;1310;309;-1;104;1;4;11;-1;-1;0;0
4;54;0;1310;318;-1;108;1;4;8;-1;-1;0;0
4;54;0;1295;319;-1;109;1;6;22;-1;-1;0;0
4;54;0;1309;340;-1;130;1;7;2;-1;-1;0;0
4;55;0;1201;237;-1;114;1;12;12;-1;-1;0;0
4;55;0;1218;237;-1;120;1;7;13;-1;-1;0;0
4;55;0;1231;237;-1;137;1;8;19;-1;-1;0;0
4;55;0;1218;249;-1;25;2;7;12;-1;-1;0;0
4;55;0;1223;249;-1;126;1;4;7;-1;-1;0;0
4;55;0;1201;266;-1;139;1;7;46;-1;-1;0;0
4;55;0;1225;261;-1;127;1;5;11;-1;-1;0;0
4;56;0;1241;422;-1;136;1;1;7;-1;-1;0;0
4;56;0;1241;423;-1;136;1;1;7;-1;-1;0;0
4;56;0;1203;445;-1;168;1;5;2;-1;-1;0;0
4;56;0;1204;445;-1;168;1;5;2;-1;-1;0;0
4;56;0;1197;416;-1;222;1;4;11;-1;-1;0;0
4;56;0;1214;403;-1;223;1;7;19;-1;-1;0;0
4;56;0;1215;403;-1;223;1;7;19;-1;-1;0;0
4;56;0;1195;439;-1;224;1;7;25;-1;-1;0;0
4;56;0;1200;439;-1;225;1;4;8;-1;-1;0;0
4;56;0;1209;439;-1;226;1;8;19;-1;-1;0;0
4;56;0;1222;435;-1;227;1;4;8;-1;-1;0;0
4;57;0;1039;502;-1;252;1;8;19;-1;-1;0;0
4;58;0;912;218;-1;179;0;38;14;-1;-1;0;0
4;58;0;912;200;-1;44;1;11;25;-1;-1;0;0
4;59;0;1300;253;-1;133;1;5;2;-1;-1;0;0
4;59;0;1301;253;-1;133;1;5;2;-1;-1;0;0
4;59;0;1337;240;-1;134;1;1;7;-1;-1;0;0
4;59;0;1337;241;-1;134;1;1;7;-1;-1;0;0
4;59;0;1300;197;-1;135;1;5;12;-1;-1;0;0
4;59;0;1301;197;-1;135;1;5;12;-1;-1;0;0
4;59;0;1290;208;-1;144;1;14;20;-1;-1;0;0
4;59;0;1297;218;-1;148;1;8;11;-1;-1;0;0
4;59;0;1308;229;-1;146;1;11;14;-1;-1;0;0
4;59;0;1309;229;-1;146;1;11;14;-1;-1;0;0
4;59;0;1321;204;-1;142;1;7;14;-1;-1;0;0
4;59;0;1328;204;-1;154;1;15;28;-1;-1;0;0
4;59;0;1318;218;-1;153;1;4;11;-1;-1;0;0
4;59;0;1294;242;-1;151;1;8;19;-1;-1;0;0
4;59;0;1323;242;-1;143;1;4;8;-1;-1;0;0
4;59;0;1280;240;-1;237;1;10;7;-1;-1;0;0
4;59;0;1280;241;-1;237;1;10;7;-1;-1;0;0
4;60;0;684;393;-1;61;0;4;14;-1;-1;0;0
4;60;0;695;396;-1;63;0;3;10;-1;-1;0;0
4;60;0;679;405;-1;65;0;4;8;-1;-1;0;0
4;60;0;690;407;-1;66;0;3;10;-1;-1;0;0
4;60;0;688;392;-1;62;0;12;6;-1;-1;0;0
4;61;0;4;14;-1;60;0;684;393;-1;-1;100;0
4;62;0;12;6;-1;60;0;688;392;-1;-1;101;0
4;63;0;3;10;-1;60;0;695;396;-1;-1;71;0
4;63;0;3;3;-1;64;0;3;4;-1;-1;71;0
4;64;0;3;4;-1;63;0;3;3;-1;-1;72;0
4;65;0;4;8;-1;60;0;679;405;-1;-1;66;0
4;66;0;3;10;-1;60;0;690;407;-1;-1;71;0
4;66;0;3;3;-1;128;1;3;4;-1;-1;71;0
4;67;0;564;391;-1;69;0;8;19;-1;-1;0;0
4;67;0;555;391;-1;68;0;4;11;-1;-1;0;0
4;67;0;547;399;-1;70;0;4;8;-1;-1;0;0
4;67;0;558;401;-1;71;0;4;8;-1;-1;0;0
4;67;0;567;405;-1;72;0;4;8;-1;-1;0;0
4;68;0;4;11;-1;67;0;555;391;-1;-1;104;0
4;69;0;8;19;-1;67;0;564;391;-1;-1;73;0
4;69;0;14;17;-1;144;0;14;10;-1;-1;73;0
4;70;0;4;8;-1;67;0;547;399;-1;-1;97;0
4;71;0;4;8;-1;67;0;558;401;-1;-1;96;0
4;72;0;4;8;-1;67;0;567;405;-1;-1;97;0
4;73;0;511;269;-1;97;0;1;7;-1;-1;0;0
4;73;0;511;270;-1;97;0;1;7;-1;-1;0;0
4;73;0;479;257;-1;135;0;15;28;-1;-1;0;0
4;73;0;454;246;-1;149;0;10;7;-1;-1;0;0
4;73;0;454;247;-1;149;0;10;7;-1;-1;0;0
4;73;0;487;228;-1;110;0;15;28;-1;-1;0;0
4;73;0;495;257;-1;159;0;6;11;-1;-1;0;0
4;73;0;497;271;-1;158;0;8;19;-1;-1;0;0
4;73;0;459;254;-1;160;0;4;8;-1;-1;0;0
4;73;0;484;277;-1;162;0;4;8;-1;-1;0;0
4;73;0;469;257;-1;157;0;4;11;-1;-1;0;0
4;74;0;392;462;-1;100;0;10;7;-1;-1;0;0
4;74;0;392;463;-1;100;0;10;7;-1;-1;0;0
4;74;0;405;471;-1;136;0;7;11;-1;-1;0;0
4;74;0;410;460;-1;166;0;8;19;-1;-1;0;0
4;74;0;419;468;-1;163;0;4;9;-1;-1;0;0
4;74;0;419;457;-1;165;0;4;11;-1;-1;0;0
4;74;0;399;454;-1;164;0;4;9;-1;-1;0;0
4;74;0;433;454;-1;114;0;17;5;-1;-1;0;0
4;75;0;172;357;-1;139;0;13;19;-1;-1;0;0
4;75;0;187;369;-1;236;0;8;19;-1;-1;0;0
4;75;0;179;370;-1;233;0;5;9;-1;-1;0;0
4;75;0;170;367;-1;232;0;4;8;-1;-1;0;0
4;75;0;181;362;-1;235;0;4;8;-1;-1;0;0
4;75;0;181;354;-1;234;0;4;8;-1;-1;0;0
4;75;0;171;347;-1;23;1;40;22;-1;-1;0;0
4;75;0;167;335;-1;129;1;4;8;-1;-1;0;0
4;76;0;358;325;-1;101;0;5;12;-1;-1;0;0
4;76;0;359;325;-1;101;0;5;12;-1;-1;0;0
4;76;0;366;334;-1;137;0;6;25;-1;-1;0;0
4;76;0;370;374;-1;182;0;6;11;-1;-1;0;0
4;76;0;371;332;-1;184;0;5;9;-1;-1;0;0
4;76;0;352;368;-1;185;0;8;19;-1;-1;0;0
4;76;0;351;360;-1;24;2;7;12;-1;-1;0;0
4;76;0;342;349;-1;112;0;2;14;-1;-1;0;0
4;76;0;365;368;-1;191;0;12;11;-1;-1;0;0
4;76;0;348;349;-1;197;0;6;18;-1;-1;0;0
4;76;0;347;334;-1;118;0;5;9;-1;-1;0;0
4;76;0;347;374;-1;118;0;5;30;-1;-1;0;0
4;76;0;341;366;-1;203;0;4;8;-1;-1;0;0
4;76;0;373;362;-1;204;0;4;8;-1;-1;0;0
4;76;0;376;335;-1;205;0;4;8;-1;-1;0;0
4;76;0;352;334;-1;206;0;5;8;-1;-1;0;0
4;76;0;316;348;-1;207;0;13;18;-1;-1;0;0
4;77;0;269;238;-1;138;0;6;27;-1;-1;0;0
4;77;0;272;257;-1;226;0;8;19;-1;-1;0;0
4;77;0;285;257;-1;227;0;4;11;-1;-1;0;0
4;77;0;301;263;-1;115;0;8;17;-1;-1;0;0
4;77;0;273;247;-1;230;0;4;8;-1;-1;0;0
4;77;0;265;257;-1;231;0;5;10;-1;-1;0;0
4;77;0;287;241;-1;228;0;4;8;-1;-1;0;0
4;77;0;292;241;-1;229;0;4;8;-1;-1;0;0
4;77;0;279;276;-1;240;0;7;2;-1;-1;0;0
4;78;0;376;149;-1;7;0;15;26;-1;-1;0;0
4;78;0;375;173;-1;85;0;4;8;-1;-1;0;0
4;78;0;392;153;-1;83;0;9;11;-1;-1;0;0
4;78;0;386;183;-1;84;0;4;8;-1;-1;0;0
4;78;0;397;173;-1;86;0;7;17;-1;-1;0;0
4;78;0;397;183;-1;81;0;8;19;-1;-1;0;0
4;78;0;406;173;-1;79;0;4;11;-1;-1;0;0
4;78;0;376;183;-1;80;0;16;53;-1;-1;0;0
4;78;0;358;166;-1;172;0;10;7;-1;-1;0;0
4;78;0;358;167;-1;172;0;10;7;-1;-1;0;0
4;78;0;415;175;-1;132;0;1;7;-1;-1;0;0
4;78;0;415;176;-1;132;0;1;7;-1;-1;0;0
4;79;0;4;11;-1;78;0;406;173;-1;-1;104;0
4;80;0;16;53;-1;78;0;376;183;-1;-1;90;0
4;81;0;8;19;-1;78;0;397;183;-1;-1;73;0
4;81;0;7;2;-1;2;0;8;14;-1;-1;73;0
4;81;0;14;17;-1;131;0;14;10;-1;-1;73;0
4;83;0;9;11;-1;78;0;392;153;-1;-1;68;0
4;83;0;15;3;-1;216;0;3;19;-1;-1;68;0
4;84;0;4;8;-1;78;0;386;183;-1;-1;66;0
4;85;0;4;8;-1;78;0;375;173;-1;-1;66;0
4;86;0;7;17;-1;78;0;397;173;-1;-1;126;0
4;87;0;524;165;-1;142;0;5;12;-1;-1;0;0
4;87;0;525;165;-1;142;0;5;12;-1;-1;0;0
4;87;0;523;183;-1;141;1;4;19;-1;-1;0;0
4;87;0;534;183;-1;246;0;8;19;-1;-1;0;0
4;87;0;537;174;-1;133;0;4;8;-1;-1;0;0
4;87;0;528;174;-1;116;0;5;9;-1;-1;0;0
4;88;0;497;42;-1;38;1;4;8;-1;-1;0;0
4;88;0;536;89;-1;39;1;4;8;-1;-1;0;0
4;89;0;697;144;-1;120;0;55;40;-1;-1;0;0
4;89;0;668;151;-1;141;0;13;87;-1;-1;0;0
4;89;0;672;132;-1;125;0;6;9;-1;-1;0;0
4;89;0;660;165;-1;33;1;4;8;-1;-1;0;0
4;89;0;684;168;-1;34;1;4;8;-1;-1;0;0
4;89;0;667;176;-1;36;1;4;11;-1;-1;0;0
4;89;0;674;176;-1;37;1;8;19;-1;-1;0;0
4;89;0;658;176;-1;35;1;4;8;-1;-1;0;0
4;90;0;811;260;-1;122;0;40;61;-1;-1;0;0
4;90;0;820;265;-1;2;2;8;19;-1;-1;0;0
4;91;0;1203;453;-1;168;1;5;12;-1;-1;0;0
4;91;0;1204;453;-1;168;1;5;12;-1;-1;0;0
4;92;0;1127;501;-1;146;0;55;28;-1;-1;0;0
4;92;0;1113;495;-1;146;0;8;12;-1;-1;0;0
4;94;0;237;266;-1;110;1;5;12;-1;-1;0;0
4;94;0;238;266;-1;110;1;5;12;-1;-1;0;0
4;95;0;208;341;-1;121;0;11;20;-1;-1;0;0
4;95;0;211;370;-1;121;0;8;54;-1;-1;0;0
4;95;0;237;340;-1;121;0;37;25;-1;-1;0;0
4;95;0;241;372;-1;121;0;52;59;-1;-1;0;0
4;96;0;40;86;-1;102;0;25;2;-1;-1;27;0
4;96;0;41;86;-1;102;0;25;2;-1;-1;27;0
4;96;0;75;39;-1;104;0;1;7;-1;-1;27;0
4;96;0;75;40;-1;104;0;1;7;-1;-1;27;0
4;96;0;33;15;-1;150;0;5;12;-1;-1;27;0
4;96;0;34;15;-1;150;0;5;12;-1;-1;27;0
4;96;0;35;15;-1;150;0;5;12;-1;-1;27;0
4;97;0;1;7;-1;73;0;511;269;-1;-1;70;0
4;97;0;10;7;-1;35;0;518;269;-1;-1;70;0
4;98;0;10;7;-1;36;0;454;293;-1;-1;70;0
4;98;0;1;7;-1;113;0;447;293;-1;-1;70;0
4;99;0;27;43;-1;36;0;462;430;-1;-1;42;0
4;99;0;4;25;-1;153;0;29;43;-1;-1;42;0
4;99;0;27;93;-1;37;0;467;461;-1;-1;42;0
4;99;0;6;92;-1;153;0;2;60;-1;-1;42;0
4;99;0;5;3;-1;154;0;2;19;-1;-1;42;0
4;99;0;27;3;-1;154;0;20;3;-1;-1;42;0
4;99;0;4;4;-1;113;0;419;308;-1;-1;42;0
4;99;0;26;6;-1;113;0;419;289;-1;-1;42;0
4;100;0;10;7;-1;74;0;392;462;-1;-1;70;0
4;100;0;1;7;-1;117;0;15;80;-1;-1;70;0
4;101;0;5;12;-1;76;0;358;325;-1;-1;69;0
4;101;0;5;2;-1;39;0;358;316;-1;-1;69;0
4;102;0;25;11;-1;39;0;362;266;-1;-1;196;0
4;102;0;25;2;-1;96;0;40;86;-1;-1;196;0
4;102;0;4;2;-1;24;1;42;54;-1;-1;196;0
4;103;0;5;2;-1;40;0;430;252;-1;-1;69;0
4;103;0;5;12;-1;113;0;430;261;-1;-1;69;0
4;104;0;1;7;-1;96;0;75;39;-1;-1;70;0
4;104;0;10;7;-1;40;0;374;237;-1;-1;70;0
4;106;0;4;6;-1;19;0;1354;302;-1;-1;2;0
4;106;0;4;4;-1;106;0;34;86;-1;-1;2;0
4;106;0;34;86;-1;106;0;4;4;-1;-1;2;0
4;106;0;34;85;-1;106;0;4;4;-1;-1;2;0
4;106;0;10;38;-1;106;0;43;6;-1;-1;2;0
4;106;0;10;37;-1;106;0;43;6;-1;-1;2;0
4;106;0;43;6;-1;106;0;10;38;-1;-1;2;0
4;106;0;37;10;-1;158;1;1048;137;-1;-1;2;0
4;107;0;4;4;-1;11;0;1172;102;-1;-1;3;0
4;107;0;22;23;-1;12;0;1195;112;-1;-1;3;0
4;107;0;17;4;-1;192;1;5;4;-1;-1;3;0
4;107;0;22;16;-1;192;1;5;23;-1;-1;3;0
4;107;0;22;15;-1;192;1;5;23;-1;-1;3;0
4;107;0;17;3;-1;192;1;5;4;-1;-1;3;0
4;108;0;23;36;-1;132;1;1413;200;-1;-1;6;0
4;108;0;46;10;-1;18;0;1419;163;-1;-1;6;0
4;108;0;8;34;-1;196;1;8;34;-1;-1;6;0
4;108;0;10;18;-1;196;1;10;19;-1;-1;6;0
4;108;0;8;7;-1;196;1;8;7;-1;-1;6;0
4;108;0;37;17;-1;196;1;37;18;-1;-1;6;0
4;109;0;24;52;-1;223;1;7;19;-1;-1;8;0
4;109;0;25;52;-1;223;1;7;19;-1;-1;8;0
4;110;0;15;28;-1;73;0;487;228;-1;-1;12;0
4;110;0;10;15;-1;155;0;11;14;-1;-1;12;0
4;110;0;24;9;-1;155;0;24;9;-1;-1;12;0
4;110;0;6;16;-1;155;0;6;16;-1;-1;12;0
4;110;0;6;15;-1;155;0;6;16;-1;-1;12;0
4;110;0;10;14;-1;155;0;11;14;-1;-1;12;0
4;110;0;24;8;-1;155;0;24;9;-1;-1;12;0
4;111;0;15;26;-1;6;0;37;16;-1;-1;15;0
4;111;0;9;8;-1;76;1;9;8;-1;-1;15;0
4;111;0;9;7;-1;76;1;9;8;-1;-1;15;0
4;112;0;2;14;-1;76;0;342;349;-1;-1;28;0
4;112;0;23;5;-1;186;0;23;5;-1;-1;28;0
4;113;0;430;261;-1;103;0;5;12;-1;-1;0;0
4;113;0;431;261;-1;103;0;5;12;-1;-1;0;0
4;113;0;447;293;-1;98;0;1;7;-1;-1;0;0
4;113;0;447;294;-1;98;0;1;7;-1;-1;0;0
4;113;0;436;266;-1;56;1;6;17;-1;-1;0;0
4;113;0;436;309;-1;58;1;6;17;-1;-1;0;0
4;113;0;425;309;-1;60;1;6;17;-1;-1;0;0
4;113;0;425;289;-1;62;1;6;17;-1;-1;0;0
4;113;0;430;284;-1;67;1;6;13;-1;-1;0;0
4;113;0;431;284;-1;67;1;6;13;-1;-1;0;0
4;113;0;441;285;-1;65;1;4;12;-1;-1;0;0
4;113;0;430;284;-1;67;1;25;30;-1;-1;0;0
4;113;0;431;284;-1;67;1;25;30;-1;-1;0;0
4;113;0;430;284;-1;235;1;25;30;-1;-1;0;0
4;113;0;431;284;-1;235;1;25;30;-1;-1;0;0
4;113;0;419;308;-1;99;0;4;4;-1;-1;0;0
4;113;0;419;289;-1;99;0;26;6;-1;-1;0;0
4;114;0;17;5;-1;74;0;433;454;-1;-1;45;0
4;114;0;11;6;-1;177;0;42;27;-1;-1;45;0
4;115;0;8;17;-1;77;0;301;263;-1;-1;47;0
4;115;0;8;4;-1;190;1;3;6;-1;-1;47;0
4;115;0;2;3;-1;220;0;5;3;-1;-1;47;0
4;116;0;5;9;-1;87;0;528;174;-1;-1;138;0
4;116;0;6;3;-1;247;0;51;4;-1;-1;138;0
4;117;0;15;80;-1;100;0;1;7;-1;-1;56;0
4;117;0;15;81;-1;100;0;1;7;-1;-1;56;0
4;117;0;12;18;-1;171;0;5;12;-1;-1;56;0
4;117;0;13;18;-1;171;0;5;12;-1;-1;56;0
4;117;0;13;17;-1;171;0;5;12;-1;-1;56;0
4;117;0;12;17;-1;171;0;5;12;-1;-1;56;0
4;118;0;5;9;-1;76;0;347;334;-1;-1;57;0
4;118;0;5;30;-1;76;0;347;374;-1;-1;57;0
4;118;0;8;3;-1;199;0;4;4;-1;-1;57;0
4;118;0;8;24;-1;199;0;4;36;-1;-1;57;0
4;118;0;25;9;-1;199;0;25;30;-1;-1;57;0
4;118;0;25;3;-1;201;0;27;4;-1;-1;57;0
4;118;0;8;4;-1;199;0;4;4;-1;-1;57;0
4;118;0;8;5;-1;199;0;4;4;-1;-1;57;0
4;118;0;8;25;-1;199;0;4;36;-1;-1;57;0
4;118;0;8;26;-1;199;0;4;36;-1;-1;57;0
4;119;0;20;46;-1;44;0;436;171;-1;-1;62;0
4;119;0;45;50;-1;44;0;464;175;-1;-1;62;0
4;119;0;59;53;-1;44;0;466;164;-1;-1;62;0
4;119;0;70;46;-1;44;0;493;171;-1;-1;62;0
4;119;0;34;31;-1;250;0;35;81;-1;-1;62;0
4;119;0;56;31;-1;250;0;57;81;-1;-1;62;0
4;119;0;81;31;-1;250;0;82;81;-1;-1;62;0
4;119;0;26;14;-1;250;0;27;65;-1;-1;62;0
4;119;0;69;15;-1;250;0;70;66;-1;-1;62;0
4;119;0;45;2;-1;251;0;27;55;-1;-1;62;0
4;119;0;45;44;-1;252;0;32;71;-1;-1;62;0
4;120;0;11;58;-1;46;0;633;169;-1;-1;132;0
4;120;0;55;40;-1;89;0;697;144;-1;-1;132;0
4;120;0;55;7;-1;237;0;6;21;-1;-1;132;0
4;120;0;55;20;-1;237;0;6;42;-1;-1;132;0
4;121;0;37;25;-1;95;0;237;340;-1;-1;141;0
4;121;0;51;22;-1;242;0;64;16;-1;-1;141;0
4;121;0;56;9;-1;242;0;73;8;-1;-1;141;0
4;121;0;11;20;-1;95;0;208;341;-1;-1;141;0
4;121;0;8;16;-1;242;0;23;11;-1;-1;141;0
4;121;0;8;54;-1;95;0;211;370;-1;-1;141;0
4;121;0;6;49;-1;242;0;29;54;-1;-1;141;0
4;121;0;27;49;-1;242;0;46;54;-1;-1;141;0
4;121;0;52;49;-1;242;0;66;51;-1;-1;141;0
4;121;0;52;59;-1;95;0;241;372;-1;-1;141;0
4;122;0;40;61;-1;90;0;811;260;-1;-1;265;0
4;122;0;15;12;-1;206;1;10;22;-1;-1;265;0
4;122;0;34;47;-1;205;1;5;8;-1;-1;265;0
4;122;0;51;46;-1;204;1;27;42;-1;-1;265;0
4;122;0;53;41;-1;204;1;23;37;-1;-1;265;0
4;122;0;55;24;-1;204;1;19;20;-1;-1;265;0
4;122;0;32;9;-1;207;1;20;22;-1;-1;265;0
4;123;0;6;57;-1;176;0;26;4;-1;-1;98;0
4;123;0;60;4;-1;47;0;650;198;-1;-1;98;0
4;124;0;46;59;-1;43;1;11;2;-1;-1;161;0
4;124;0;19;7;-1;178;0;7;31;-1;-1;161;0
4;124;0;19;6;-1;178;0;7;31;-1;-1;161;0
4;125;0;6;9;-1;89;0;672;132;-1;-1;145;0
4;125;0;6;5;-1;253;0;28;6;-1;-1;145;0
4;126;0;30;22;-1;31;0;740;396;-1;-1;151;0
4;126;0;45;20;-1;31;0;755;394;-1;-1;151;0
4;126;0;27;11;-1;42;1;6;10;-1;-1;151;0
4;127;0;4;8;-1;34;0;555;355;-1;-1;66;0
4;131;0;14;10;-1;81;0;14;17;-1;-1;77;0
4;132;0;1;7;-1;78;0;415;175;-1;-1;70;0
4;132;0;10;7;-1;44;0;422;175;-1;-1;70;0
4;133;0;4;8;-1;87;0;537;174;-1;-1;95;0
4;134;0;5;12;-1;33;0;626;389;-1;-1;69;0
4;134;0;5;2;-1;48;0;626;380;-1;-1;69;0
4;135;0;15;28;-1;73;0;479;257;-1;-1;87;0
4;136;0;7;11;-1;74;0;405;471;-1;-1;88;0
4;136;0;7;3;-1;180;0;9;37;-1;-1;88;0
4;137;0;6;25;-1;76;0;366;334;-1;-1;89;0
4;138;0;6;27;-1;77;0;269;238;-1;-1;91;0
4;139;0;13;19;-1;75;0;172;357;-1;-1;92;0
4;140;0;5;19;-1;140;1;6;2;-1;-1;229;0
4;141;0;13;87;-1;89;0;668;151;-1;-1;94;0
4;142;0;5;12;-1;87;0;524;165;-1;-1;69;0
4;142;0;5;2;-1;45;0;524;156;-1;-1;69;0
4;143;0;4;9;-1;34;0;568;294;-1;-1;103;0
4;144;0;14;10;-1;69;0;14;17;-1;-1;77;0
4;145;0;49;42;-1;52;0;1290;107;-1;-1;78;0
4;145;0;55;11;-1;194;1;56;13;-1;-1;78;0
4;145;0;55;22;-1;195;1;56;20;-1;-1;78;0
4;145;0;45;25;-1;194;1;46;27;-1;-1;78;0
4;145;0;34;31;-1;194;1;35;33;-1;-1;78;0
4;145;0;9;11;-1;194;1;10;13;-1;-1;78;0
4;145;0;14;17;-1;194;1;15;19;-1;-1;78;0
4;145;0;6;19;-1;195;1;7;17;-1;-1;78;0
4;145;0;7;27;-1;194;1;8;29;-1;-1;78;0
4;145;0;55;10;-1;194;1;56;13;-1;-1;78;0
4;145;0;45;24;-1;194;1;46;27;-1;-1;78;0
4;145;0;34;30;-1;194;1;35;33;-1;-1;78;0
4;145;0;9;10;-1;194;1;10;13;-1;-1;78;0
4;145;0;14;16;-1;194;1;15;19;-1;-1;78;0
4;145;0;7;26;-1;194;1;8;29;-1;-1;78;0
4;146;0;55;28;-1;92;0;1127;501;-1;-1;81;0
4;146;0;8;12;-1;92;0;1113;495;-1;-1;81;0
4;146;0;52;20;-1;197;1;45;21;-1;-1;81;0
4;146;0;11;4;-1;197;1;2;8;-1;-1;81;0
4;146;0;55;24;-1;201;1;14;25;-1;-1;81;0
4;146;0;55;23;-1;201;1;14;25;-1;-1;81;0
4;147;0;32;77;-1;163;1;5;2;-1;-1;86;0
4;147;0;12;15;-1;164;1;5;12;-1;-1;86;0
4;147;0;33;77;-1;163;1;5;2;-1;-1;86;0
4;147;0;13;15;-1;164;1;5;12;-1;-1;86;0
4;147;0;12;16;-1;164;1;5;12;-1;-1;86;0
4;147;0;13;16;-1;164;1;5;12;-1;-1;86;0
4;149;0;10;7;-1;73;0;454;246;-1;-1;70;0
4;149;0;1;7;-1;40;0;447;246;-1;-1;70;0
4;150;0;5;12;-1;96;0;34;15;-1;-1;69;0
4;151;0;149;384;-1;23;1;18;46;-1;-1;0;0
4;151;0;130;385;-1;86;1;6;7;-1;-1;0;0
4;151;0;131;391;-1;86;1;26;13;-1;-1;0;0
4;151;0;130;381;-1;86;1;6;29;-1;-1;0;0
4;151;0;87;389;-1;12;2;16;29;-1;-1;0;0
4;151;0;87;389;-1;13;2;16;29;-1;-1;0;0
4;151;0;87;389;-1;14;2;16;29;-1;-1;0;0
4;153;0;29;43;-1;99;0;4;25;-1;-1;43;0
4;153;0;2;60;-1;99;0;6;92;-1;-1;43;0
4;153;0;27;57;-1;154;0;2;43;-1;-1;43;0
4;153;0;2;3;-1;154;0;27;15;-1;-1;43;0
4;153;0;2;12;-1;154;0;9;27;-1;-1;43;0
4;154;0;2;43;-1;153;0;27;57;-1;-1;44;0
4;154;0;27;15;-1;153;0;2;3;-1;-1;44;0
4;154;0;9;27;-1;153;0;2;12;-1;-1;44;0
4;154;0;20;3;-1;99;0;27;3;-1;-1;44;0
4;154;0;2;19;-1;99;0;5;3;-1;-1;44;0
4;155;0;11;14;-1;110;0;10;15;-1;-1;13;0
4;155;0;24;9;-1;110;0;24;9;-1;-1;13;0
4;155;0;6;16;-1;110;0;6;16;-1;-1;13;0
4;155;0;15;27;-1;156;0;15;27;-1;-1;13;0
4;156;0;15;27;-1;155;0;15;27;-1;-1;14;0
4;157;0;4;11;-1;73;0;469;257;-1;-1;104;0
4;158;0;8;19;-1;73;0;497;271;-1;-1;73;0
4;158;0;14;17;-1;167;0;14;10;-1;-1;73;0
4;159;0;6;11;-1;73;0;495;257;-1;-1;102;0
4;160;0;4;8;-1;73;0;459;254;-1;-1;95;0
4;162;0;4;8;-1;73;0;484;277;-1;-1;95;0
4;163;0;4;9;-1;74;0;419;468;-1;-1;125;0
4;164;0;4;9;-1;74;0;399;454;-1;-1;127;0
4;165;0;4;11;-1;74;0;419;457;-1;-1;104;0
4;166;0;8;19;-1;74;0;410;460;-1;-1;73;0
4;166;0;14;17;-1;168;0;14;10;-1;-1;73;0
4;167;0;14;10;-1;158;0;14;17;-1;-1;77;0
4;168;0;14;10;-1;166;0;14;17;-1;-1;77;0
4;169;0;8;19;-1;36;0;468;418;-1;-1;73;0
4;169;0;14;17;-1;170;0;14;10;-1;-1;73;0
4;170;0;14;10;-1;169;0;14;17;-1;-1;77;0
4;171;0;5;2;-1;38;0;372;449;-1;-1;69;0
4;171;0;5;12;-1;117;0;12;18;-1;-1;69;0
4;172;0;10;7;-1;78;0;358;166;-1;-1;70;0
4;172;0;1;7;-1;42;0;351;166;-1;-1;70;0
4;173;0;4;15;-1;174;0;88;293;-1;-1;227;0
4;173;0;5;2;-1;101;1;79;100;-1;-1;227;0
4;173;0;19;2;-1;101;1;79;100;-1;-1;227;0
4;174;0;88;293;-1;173;0;4;15;-1;-1;0;0
4;174;0;89;293;-1;173;0;4;15;-1;-1;0;0
4;174;0;82;302;-1;22;2;8;19;-1;-1;0;0
4;176;0;5;26;-1;35;0;565;269;-1;-1;99;0
4;176;0;26;4;-1;123;0;6;57;-1;-1;99;0
4;176;0;55;56;-1;48;0;628;329;-1;-1;99;0
4;177;0;42;27;-1;114;0;11;6;-1;-1;46;0
4;177;0;27;20;-1;181;0;13;20;-1;-1;46;0
4;178;0;7;31;-1;124;0;19;7;-1;-1;162;0
4;178;0;27;45;-1;179;0;25;45;-1;-1;162;0
4;178;0;27;44;-1;179;0;25;45;-1;-1;162;0
4;178;0;51;39;-1;179;0;49;39;-1;-1;162;0
4;178;0;51;38;-1;179;0;49;39;-1;-1;162;0
4;178;0;56;22;-1;179;0;54;22;-1;-1;162;0
4;178;0;56;21;-1;179;0;54;22;-1;-1;162;0
4;178;0;7;18;-1;179;0;5;19;-1;-1;162;0
4;178;0;7;17;-1;179;0;5;19;-1;-1;162;0
4;179;0;38;14;-1;58;0;912;218;-1;-1;163;0
4;179;0;25;45;-1;178;0;27;45;-1;-1;163;0
4;179;0;49;39;-1;178;0;51;39;-1;-1;163;0
4;179;0;54;22;-1;178;0;56;22;-1;-1;163;0
4;179;0;5;19;-1;178;0;7;18;-1;-1;163;0
4;179;0;38;13;-1;58;0;912;218;-1;-1;163;0
4;180;0;9;37;-1;136;0;7;3;-1;-1;105;0
4;181;0;13;20;-1;177;0;27;20;-1;-1;106;0
4;181;0;13;19;-1;177;0;27;20;-1;-1;106;0
4;182;0;6;11;-1;76;0;370;374;-1;-1;107;0
4;183;0;7;16;-1;76;0;351;360;-1;-1;109;0
4;184;0;5;9;-1;76;0;371;332;-1;-1;108;0
4;185;0;8;19;-1;76;0;352;368;-1;-1;73;0
4;185;0;14;17;-1;219;0;14;10;-1;-1;73;0
4;186;0;23;5;-1;112;0;23;5;-1;-1;29;0
4;186;0;3;5;-1;187;0;3;5;-1;-1;29;0
4;187;0;3;5;-1;186;0;3;5;-1;-1;30;0
4;187;0;12;5;-1;188;0;12;5;-1;-1;30;0
4;187;0;19;5;-1;188;0;19;5;-1;-1;30;0
4;188;0;12;5;-1;187;0;12;5;-1;-1;31;0
4;188;0;3;5;-1;189;0;3;5;-1;-1;31;0
4;188;0;19;5;-1;187;0;19;5;-1;-1;31;0
4;188;0;23;5;-1;189;0;19;5;-1;-1;31;0
4;189;0;3;5;-1;188;0;3;5;-1;-1;32;0
4;189;0;13;2;-1;191;1;3;6;-1;-1;32;0
4;189;0;19;5;-1;188;0;23;5;-1;-1;32;0
4;190;0;8;12;-1;191;1;3;6;-1;-1;110;0
4;191;0;12;11;-1;76;0;365;368;-1;-1;113;0
4;191;0;13;7;-1;192;0;18;7;-1;-1;113;0
4;191;0;19;2;-1;185;1;3;6;-1;-1;113;0
4;192;0;18;7;-1;191;0;13;7;-1;-1;114;0
4;192;0;13;7;-1;193;0;18;7;-1;-1;114;0
4;192;0;19;2;-1;185;1;3;6;-1;-1;114;0
4;193;0;18;7;-1;192;0;13;7;-1;-1;115;0
4;193;0;13;7;-1;194;0;18;7;-1;-1;115;0
4;193;0;19;2;-1;185;1;3;6;-1;-1;115;0
4;194;0;18;7;-1;193;0;13;7;-1;-1;116;0
4;194;0;13;7;-1;195;0;18;7;-1;-1;116;0
4;194;0;19;2;-1;185;1;3;6;-1;-1;116;0
4;195;0;18;7;-1;194;0;13;7;-1;-1;117;0
4;195;0;13;7;-1;196;0;18;7;-1;-1;117;0
4;195;0;19;2;-1;185;1;3;6;-1;-1;117;0
4;196;0;18;7;-1;195;0;13;7;-1;-1;118;0
4;196;0;19;2;-1;185;1;3;6;-1;-1;118;0
4;197;0;6;18;-1;76;0;348;349;-1;-1;111;0
4;197;0;3;3;-1;7;2;10;14;-1;-1;111;0
4;197;0;3;4;-1;7;2;10;14;-1;-1;111;0
4;199;0;4;3;-1;118;0;8;4;-1;-1;58;0
4;199;0;4;35;-1;118;0;8;25;-1;-1;58;0
4;199;0;20;4;-1;199;0;2;57;-1;-1;58;0
4;199;0;2;57;-1;199;0;20;4;-1;-1;58;0
4;199;0;25;30;-1;118;0;25;9;-1;-1;58;0
4;199;0;4;4;-1;118;0;8;4;-1;-1;58;0
4;199;0;4;36;-1;118;0;8;25;-1;-1;58;0
4;200;0;25;3;-1;202;0;28;4;-1;-1;59;0
4;200;0;18;6;-1;185;1;3;6;-1;-1;59;0
4;201;0;27;4;-1;118;0;25;3;-1;-1;60;0
4;201;0;26;14;-1;202;0;3;18;-1;-1;60;0
4;202;0;3;18;-1;201;0;26;14;-1;-1;61;0
4;202;0;28;4;-1;200;0;25;3;-1;-1;61;0
4;203;0;4;8;-1;76;0;341;366;-1;-1;97;0
4;204;0;4;8;-1;76;0;373;362;-1;-1;96;0
4;205;0;4;8;-1;76;0;376;335;-1;-1;96;0
4;206;0;5;8;-1;76;0;352;334;-1;-1;140;0
4;207;0;13;18;-1;76;0;316;348;-1;-1;237;0
4;207;0;16;4;-1;156;1;16;5;-1;-1;237;0
4;207;0;20;4;-1;157;1;13;4;-1;-1;237;0
4;214;0;6;10;-1;43;0;265;164;-1;-1;128;0
4;214;0;1;8;-1;215;0;19;7;-1;-1;128;0
4;215;0;7;9;-1;43;0;260;164;-1;-1;129;0
4;215;0;19;7;-1;214;0;1;8;-1;-1;129;0
4;216;0;3;19;-1;83;0;15;3;-1;-1;130;0
4;216;0;6;3;-1;6;0;9;9;-1;-1;130;0
4;217;0;23;16;-1;7;0;22;16;-1;-1;26;0
4;217;0;23;15;-1;7;0;22;16;-1;-1;26;0
4;219;0;14;10;-1;185;0;14;17;-1;-1;77;0
4;220;0;5;3;-1;115;0;2;3;-1;-1;48;0
4;220;0;13;6;-1;222;0;13;7;-1;-1;48;0
4;220;0;13;5;-1;222;0;13;7;-1;-1;48;0
4;221;0;8;12;-1;222;0;8;18;-1;-1;49;0
4;222;0;13;7;-1;220;0;13;6;-1;-1;50;0
4;222;0;10;7;-1;223;0;10;7;-1;-1;50;0
4;222;0;10;6;-1;223;0;10;7;-1;-1;50;0
4;222;0;6;7;-1;223;0;6;7;-1;-1;50;0
4;222;0;6;6;-1;223;0;6;7;-1;-1;50;0
4;222;0;8;18;-1;221;0;8;12;-1;-1;50;0
4;223;0;10;7;-1;222;0;10;7;-1;-1;51;0
4;223;0;6;7;-1;222;0;6;7;-1;-1;51;0
4;223;0;3;5;-1;224;0;4;5;-1;-1;51;0
4;223;0;3;4;-1;224;0;4;5;-1;-1;51;0
4;224;0;4;5;-1;223;0;3;5;-1;-1;52;0
4;224;0;10;10;-1;225;0;9;10;-1;-1;52;0
4;224;0;10;9;-1;225;0;9;10;-1;-1;52;0
4;225;0;9;10;-1;224;0;10;10;-1;-1;131;0
4;225;0;8;4;-1;190;1;3;6;-1;-1;131;0
4;226;0;8;19;-1;77;0;272;257;-1;-1;73;0
4;226;0;14;17;-1;111;1;14;10;-1;-1;73;0
4;227;0;4;11;-1;77;0;285;257;-1;-1;104;0
4;228;0;4;8;-1;77;0;287;241;-1;-1;97;0
4;229;0;4;8;-1;77;0;292;241;-1;-1;97;0
4;230;0;4;8;-1;77;0;273;247;-1;-1;97;0
4;231;0;5;10;-1;77;0;265;257;-1;-1;136;0
4;232;0;4;8;-1;75;0;170;367;-1;-1;95;0
4;233;0;5;9;-1;75;0;179;370;-1;-1;139;0
4;234;0;4;8;-1;75;0;181;354;-1;-1;97;0
4;235;0;4;8;-1;75;0;181;362;-1;-1;95;0
4;236;0;8;19;-1;75;0;187;369;-1;-1;73;0
4;236;0;14;17;-1;241;0;14;10;-1;-1;73;0
4;237;0;6;21;-1;120;0;55;7;-1;-1;133;0
4;237;0;6;20;-1;120;0;55;7;-1;-1;133;0
4;237;0;25;8;-1;238;0;26;11;-1;-1;133;0
4;237;0;27;40;-1;238;0;43;22;-1;-1;133;0
4;237;0;6;42;-1;120;0;55;20;-1;-1;133;0
4;237;0;6;41;-1;120;0;55;20;-1;-1;133;0
4;238;0;26;11;-1;237;0;25;8;-1;-1;134;0
4;238;0;26;10;-1;237;0;25;8;-1;-1;134;0
4;238;0;16;17;-1;239;0;5;11;-1;-1;134;0
4;238;0;50;5;-1;239;0;24;12;-1;-1;134;0
4;238;0;43;22;-1;237;0;27;40;-1;-1;134;0
4;238;0;43;21;-1;237;0;27;40;-1;-1;134;0
4;239;0;5;11;-1;238;0;16;17;-1;-1;135;0
4;239;0;5;10;-1;238;0;16;17;-1;-1;135;0
4;239;0;24;12;-1;238;0;50;5;-1;-1;135;0
4;239;0;24;11;-1;238;0;50;5;-1;-1;135;0
4;240;0;7;2;-1;77;0;279;276;-1;-1;137;0
4;240;0;7;11;-1;74;1;16;15;-1;-1;137;0
4;240;0;1;7;-1;74;1;11;13;-1;-1;137;0
4;241;0;14;10;-1;236;0;14;17;-1;-1;77;0
4;242;0;23;11;-1;121;0;8;16;-1;-1;142;0
4;242;0;23;10;-1;121;0;8;16;-1;-1;142;0
4;242;0;29;54;-1;121;0;6;49;-1;-1;142;0
4;242;0;29;53;-1;121;0;6;49;-1;-1;142;0
4;242;0;31;49;-1;243;0;27;28;-1;-1;142;0
4;242;0;64;16;-1;121;0;51;22;-1;-1;142;0
4;242;0;64;15;-1;121;0;51;22;-1;-1;142;0
4;242;0;73;8;-1;121;0;56;9;-1;-1;142;0
4;242;0;73;7;-1;121;0;56;9;-1;-1;142;0
4;242;0;46;54;-1;121;0;27;49;-1;-1;142;0
4;242;0;46;53;-1;121;0;27;49;-1;-1;142;0
4;242;0;54;43;-1;243;0;32;14;-1;-1;142;0
4;242;0;66;51;-1;121;0;52;49;-1;-1;142;0
4;242;0;66;50;-1;121;0;52;49;-1;-1;142;0
4;243;0;27;28;-1;242;0;31;49;-1;-1;143;0
4;243;0;27;27;-1;242;0;31;49;-1;-1;143;0
4;243;0;32;14;-1;242;0;54;43;-1;-1;143;0
4;243;0;32;13;-1;242;0;54;43;-1;-1;143;0
4;243;0;31;31;-1;230;1;16;29;-1;-1;143;0
4;243;0;31;43;-1;244;0;16;38;-1;-1;143;0
4;244;0;16;38;-1;243;0;31;43;-1;-1;144;0
4;245;0;5;12;-1;45;0;537;143;-1;-1;69;0
4;245;0;5;2;-1;45;0;537;134;-1;-1;69;0
4;246;0;8;19;-1;87;0;534;183;-1;-1;73;0
4;246;0;14;17;-1;112;1;14;10;-1;-1;73;0
4;247;0;51;4;-1;116;0;6;3;-1;-1;53;0
4;247;0;10;29;-1;248;0;10;29;-1;-1;53;0
4;248;0;10;29;-1;247;0;10;29;-1;-1;54;0
4;248;0;51;29;-1;249;0;51;29;-1;-1;54;0
4;248;0;10;10;-1;249;0;10;10;-1;-1;54;0
4;248;0;10;4;-1;249;0;10;4;-1;-1;54;0
4;248;0;51;4;-1;249;0;51;4;-1;-1;54;0
4;249;0;51;29;-1;248;0;51;29;-1;-1;55;0
4;249;0;10;10;-1;248;0;10;10;-1;-1;55;0
4;249;0;10;4;-1;248;0;10;4;-1;-1;55;0
4;249;0;51;4;-1;248;0;51;4;-1;-1;55;0
4;250;0;35;81;-1;119;0;34;31;-1;-1;63;0
4;250;0;57;81;-1;119;0;56;31;-1;-1;63;0
4;250;0;82;81;-1;119;0;81;31;-1;-1;63;0
4;250;0;27;65;-1;119;0;26;14;-1;-1;63;0
4;250;0;27;64;-1;119;0;26;14;-1;-1;63;0
4;250;0;70;66;-1;119;0;69;15;-1;-1;63;0
4;250;0;70;65;-1;119;0;69;15;-1;-1;63;0
4;250;0;35;38;-1;252;0;21;14;-1;-1;63;0
4;250;0;28;13;-1;251;0;9;16;-1;-1;63;0
4;250;0;28;12;-1;251;0;9;16;-1;-1;63;0
4;251;0;27;55;-1;119;0;45;2;-1;-1;64;0
4;251;0;9;16;-1;250;0;28;13;-1;-1;64;0
4;252;0;32;71;-1;119;0;45;44;-1;-1;65;0
4;252;0;21;14;-1;250;0;35;38;-1;-1;65;0
4;252;0;21;13;-1;250;0;35;38;-1;-1;65;0
4;252;0;32;70;-1;119;0;45;44;-1;-1;65;0
4;253;0;28;6;-1;125;0;6;5;-1;-1;146;0
4;253;0;28;5;-1;125;0;6;5;-1;-1;146;0
4;253;0;28;50;-1;32;1;6;19;-1;-1;146;0
4;9;1;15;19;-1;16;1;48;17;-1;-1;232;0
4;9;1;14;19;-1;16;1;48;17;-1;-1;232;0
4;9;1;16;19;-1;16;1;48;17;-1;-1;232;0
4;16;1;48;17;-1;9;1;15;19;-1;-1;230;0
4;16;1;49;17;-1;9;1;15;19;-1;-1;230;0
4;16;1;77;34;-1;19;1;1;7;-1;-1;230;0
4;16;1;77;35;-1;19;1;1;7;-1;-1;230;0
4;16;1;19;34;-1;20;1;25;9;-1;-1;230;0
4;16;1;19;35;-1;20;1;25;9;-1;-1;230;0
4;16;1;33;62;-1;21;1;21;9;-1;-1;230;0
4;16;1;33;63;-1;21;1;21;9;-1;-1;230;0
4;16;1;64;62;-1;22;1;1;6;-1;-1;230;0
4;16;1;64;63;-1;22;1;1;6;-1;-1;230;0
4;16;1;48;52;-1;17;1;7;2;-1;-1;230;0
4;16;1;49;52;-1;17;1;7;2;-1;-1;230;0
4;16;1;73;34;-1;19;1;1;7;-1;-1;230;0
4;16;1;23;34;-1;20;1;25;9;-1;-1;230;0
4;16;1;60;62;-1;22;1;1;6;-1;-1;230;0
4;16;1;36;62;-1;21;1;21;9;-1;-1;230;0
4;17;1;7;2;-1;16;1;48;52;-1;-1;231;0
4;17;1;6;2;-1;16;1;48;52;-1;-1;231;0
4;17;1;8;2;-1;16;1;48;52;-1;-1;231;0
4;17;1;6;20;-1;155;1;14;7;-1;-1;231;0
4;17;1;7;20;-1;155;1;14;7;-1;-1;231;0
4;17;1;8;20;-1;155;1;15;7;-1;-1;231;0
4;19;1;1;7;-1;16;1;73;34;-1;-1;233;0
4;19;1;1;6;-1;16;1;73;34;-1;-1;233;0
4;19;1;1;8;-1;16;1;73;34;-1;-1;233;0
4;20;1;25;9;-1;16;1;23;34;-1;-1;234;0
4;20;1;25;8;-1;16;1;23;34;-1;-1;234;0
4;20;1;25;10;-1;16;1;23;34;-1;-1;234;0
4;21;1;21;9;-1;16;1;36;62;-1;-1;235;0
4;21;1;21;8;-1;16;1;36;62;-1;-1;235;0
4;21;1;21;10;-1;16;1;36;62;-1;-1;235;0
4;22;1;1;6;-1;16;1;60;62;-1;-1;236;0
4;22;1;1;5;-1;16;1;60;62;-1;-1;236;0
4;22;1;1;7;-1;16;1;60;62;-1;-1;236;0
4;23;1;40;22;-1;75;0;171;347;-1;-1;152;0
4;23;1;18;46;-1;151;0;149;384;-1;-1;152;0
4;24;1;42;54;-1;102;0;4;2;-1;-1;153;0
4;24;1;42;22;-1;25;1;23;23;-1;-1;153;0
4;24;1;41;22;-1;25;1;23;23;-1;-1;153;0
4;24;1;43;22;-1;25;1;23;23;-1;-1;153;0
4;25;1;23;23;-1;24;1;42;22;-1;-1;154;0
4;25;1;29;4;-1;28;1;14;11;-1;-1;154;0
4;25;1;16;4;-1;27;1;4;18;-1;-1;154;0
4;26;1;23;14;-1;27;1;3;2;-1;-1;155;0
4;27;1;4;18;-1;25;1;16;4;-1;-1;156;0
4;27;1;3;2;-1;26;1;23;14;-1;-1;156;0
4;28;1;3;2;-1;29;1;3;12;-1;-1;157;0
4;28;1;14;11;-1;25;1;29;4;-1;-1;157;0
4;29;1;3;2;-1;30;1;3;14;-1;-1;158;0
4;29;1;3;12;-1;28;1;3;2;-1;-1;158;0
4;30;1;7;2;-1;31;1;7;14;-1;-1;159;0
4;30;1;3;14;-1;29;1;3;2;-1;-1;159;0
4;31;1;7;14;-1;30;1;7;2;-1;-1;160;0
4;32;1;6;19;-1;253;0;28;50;-1;-1;149;0
4;33;1;4;8;-1;89;0;660;165;-1;-1;95;0
4;34;1;4;8;-1;89;0;684;168;-1;-1;95;0
4;35;1;4;8;-1;89;0;658;176;-1;-1;95;0
4;36;1;4;11;-1;89;0;667;176;-1;-1;104;0
4;37;1;8;19;-1;89;0;674;176;-1;-1;73;0
4;37;1;14;17;-1;113;1;14;10;-1;-1;73;0
4;38;1;4;8;-1;88;0;497;42;-1;-1;66;0
4;39;1;4;8;-1;88;0;536;89;-1;-1;95;0
4;40;1;4;8;-1;30;0;923;345;-1;-1;66;0
4;41;1;7;14;-1;30;0;907;365;-1;-1;147;0
4;42;1;6;10;-1;126;0;27;11;-1;-1;164;0
4;43;1;11;23;-1;30;0;909;296;-1;-1;150;0
4;43;1;11;2;-1;124;0;46;59;-1;-1;150;0
4;43;1;21;8;-1;27;0;936;266;-1;-1;150;0
4;43;1;1;8;-1;32;0;887;266;-1;-1;150;0
4;44;1;11;25;-1;58;0;912;200;-1;-1;148;0
4;44;1;11;7;-1;45;1;6;22;-1;-1;148;0
4;44;1;20;24;-1;27;2;14;10;-1;-1;148;0
4;45;1;6;22;-1;44;1;11;7;-1;-1;165;0
4;45;1;6;2;-1;46;1;6;22;-1;-1;165;0
4;45;1;5;2;-1;46;1;6;22;-1;-1;165;0
4;45;1;7;2;-1;46;1;6;22;-1;-1;165;0
4;46;1;6;22;-1;44;1;11;7;-1;-1;166;0
4;46;1;6;2;-1;47;1;6;22;-1;-1;166;0
4;46;1;5;2;-1;47;1;6;22;-1;-1;166;0
4;46;1;7;2;-1;47;1;6;22;-1;-1;166;0
4;47;1;6;22;-1;44;1;11;7;-1;-1;167;0
4;47;1;6;2;-1;48;1;6;22;-1;-1;167;0
4;47;1;5;2;-1;48;1;6;22;-1;-1;167;0
4;47;1;7;2;-1;48;1;6;22;-1;-1;167;0
4;48;1;6;22;-1;44;1;11;7;-1;-1;168;0
4;48;1;6;2;-1;49;1;6;28;-1;-1;168;0
4;48;1;5;2;-1;49;1;6;28;-1;-1;168;0
4;48;1;7;2;-1;49;1;6;28;-1;-1;168;0
4;49;1;6;28;-1;48;1;6;2;-1;-1;169;0
4;49;1;6;2;-1;50;1;6;22;-1;-1;169;0
4;50;1;6;22;-1;49;1;6;2;-1;-1;170;0
4;51;1;24;19;-1;74;1;27;20;-1;-1;171;0
4;51;1;13;14;-1;54;1;9;2;-1;-1;171;0
4;51;1;19;14;-1;54;1;23;2;-1;-1;171;0
4;51;1;30;14;-1;53;1;9;2;-1;-1;171;0
4;51;1;36;14;-1;53;1;23;2;-1;-1;171;0
4;51;1;13;8;-1;72;1;9;11;-1;-1;171;0
4;51;1;19;8;-1;72;1;23;11;-1;-1;171;0
4;51;1;30;8;-1;55;1;9;11;-1;-1;171;0
4;51;1;36;8;-1;55;1;23;11;-1;-1;171;0
4;51;1;24;3;-1;73;1;24;3;-1;-1;171;0
4;51;1;42;9;-1;73;1;42;9;-1;-1;171;0
4;51;1;49;15;-1;52;1;9;11;-1;-1;171;0
4;51;1;24;19;-1;131;1;23;17;-1;-1;171;0
4;52;1;9;11;-1;51;1;49;15;-1;-1;172;0
4;53;1;9;2;-1;51;1;30;14;-1;-1;173;0
4;53;1;23;2;-1;51;1;36;14;-1;-1;173;0
4;54;1;9;2;-1;51;1;13;14;-1;-1;174;0
4;54;1;23;2;-1;51;1;19;14;-1;-1;174;0
4;55;1;9;11;-1;51;1;30;8;-1;-1;175;0
4;55;1;23;11;-1;51;1;36;8;-1;-1;175;0
4;56;1;6;17;-1;113;0;436;266;-1;-1;34;0
4;56;1;6;2;-1;68;1;6;17;-1;-1;34;0
4;58;1;6;17;-1;113;0;436;309;-1;-1;34;0
4;58;1;6;2;-1;69;1;6;17;-1;-1;34;0
4;59;1;18;24;-1;67;1;6;7;-1;-1;37;0
4;59;1;18;23;-1;67;1;6;7;-1;-1;37;0
4;60;1;6;17;-1;113;0;425;309;-1;-1;34;0
4;60;1;6;2;-1;71;1;6;17;-1;-1;34;0
4;62;1;6;17;-1;113;0;425;289;-1;-1;34;0
4;62;1;6;2;-1;70;1;6;17;-1;-1;34;0
4;65;1;4;12;-1;113;0;441;285;-1;-1;273;0
4;66;1;4;8;-1;31;0;751;400;-1;-1;66;0
4;67;1;6;13;-1;113;0;430;284;-1;-1;181;0
4;67;1;6;7;-1;59;1;18;24;-1;-1;181;0
4;67;1;25;30;-1;113;0;430;284;-1;-1;181;0
4;67;1;25;24;-1;234;1;18;24;-1;-1;181;0
4;68;1;6;17;-1;56;1;6;2;-1;-1;182;0
4;69;1;6;17;-1;58;1;6;2;-1;-1;182;0
4;70;1;6;17;-1;62;1;6;2;-1;-1;182;0
4;71;1;6;17;-1;60;1;6;2;-1;-1;182;0
4;72;1;9;11;-1;51;1;13;8;-1;-1;176;0
4;72;1;23;11;-1;51;1;19;8;-1;-1;176;0
4;73;1;24;3;-1;51;1;24;3;-1;-1;177;0
4;73;1;42;9;-1;51;1;42;9;-1;-1;177;0
4;73;1;42;8;-1;51;1;42;9;-1;-1;177;0
4;74;1;16;15;-1;240;0;7;11;-1;-1;178;0
4;74;1;27;20;-1;51;1;24;19;-1;-1;178;0
4;74;1;11;13;-1;240;0;1;7;-1;-1;178;0
4;75;1;3;12;-1;38;0;368;410;-1;-1;179;0
4;76;1;9;8;-1;111;0;9;8;-1;-1;16;0
4;76;1;15;25;-1;77;1;15;25;-1;-1;16;0
4;76;1;15;24;-1;77;1;15;25;-1;-1;16;0
4;77;1;15;25;-1;76;1;15;25;-1;-1;17;0
4;77;1;24;8;-1;78;1;24;8;-1;-1;17;0
4;77;1;24;7;-1;78;1;24;8;-1;-1;17;0
4;78;1;24;8;-1;77;1;24;8;-1;-1;18;0
4;78;1;6;8;-1;79;1;6;8;-1;-1;18;0
4;78;1;6;7;-1;79;1;6;8;-1;-1;18;0
4;78;1;6;25;-1;79;1;6;25;-1;-1;18;0
4;78;1;6;24;-1;79;1;6;25;-1;-1;18;0
4;78;1;24;25;-1;79;1;24;25;-1;-1;18;0
4;78;1;24;24;-1;79;1;24;25;-1;-1;18;0
4;79;1;6;8;-1;78;1;6;8;-1;-1;19;0
4;79;1;6;25;-1;78;1;6;25;-1;-1;19;0
4;79;1;24;25;-1;78;1;24;25;-1;-1;19;0
4;79;1;13;25;-1;80;1;13;25;-1;-1;19;0
4;79;1;13;24;-1;80;1;13;25;-1;-1;19;0
4;80;1;13;25;-1;79;1;13;25;-1;-1;20;0
4;80;1;6;19;-1;81;1;6;19;-1;-1;20;0
4;80;1;6;18;-1;81;1;6;19;-1;-1;20;0
4;81;1;6;19;-1;80;1;6;19;-1;-1;21;0
4;81;1;15;26;-1;82;1;7;12;-1;-1;21;0
4;81;1;12;16;-1;83;1;24;15;-1;-1;21;0
4;81;1;18;16;-1;81;1;9;10;-1;-1;21;0
4;81;1;9;10;-1;81;1;18;16;-1;-1;21;0
4;82;1;7;12;-1;81;1;15;26;-1;-1;22;0
4;82;1;7;20;-1;83;1;20;7;-1;-1;22;0
4;82;1;16;9;-1;83;1;18;15;-1;-1;22;0
4;82;1;11;18;-1;83;1;14;25;-1;-1;22;0
4;82;1;23;17;-1;83;1;6;12;-1;-1;22;0
4;82;1;24;24;-1;83;1;10;23;-1;-1;22;0
4;83;1;6;12;-1;82;1;23;17;-1;-1;23;0
4;83;1;20;7;-1;82;1;7;20;-1;-1;23;0
4;83;1;18;15;-1;82;1;16;9;-1;-1;23;0
4;83;1;24;15;-1;81;1;12;16;-1;-1;23;0
4;83;1;10;23;-1;82;1;24;24;-1;-1;23;0
4;83;1;14;25;-1;82;1;11;18;-1;-1;23;0
4;83;1;12;17;-1;85;1;11;17;-1;-1;23;0
4;83;1;12;16;-1;85;1;11;17;-1;-1;23;0
4;84;1;15;24;-1;85;1;15;25;-1;-1;24;0
4;85;1;11;17;-1;83;1;12;17;-1;-1;183;0
4;85;1;15;25;-1;84;1;15;24;-1;-1;183;0
4;85;1;15;24;-1;84;1;15;24;-1;-1;183;0
4;86;1;6;7;-1;151;0;130;385;-1;-1;184;0
4;86;1;26;13;-1;151;0;131;391;-1;-1;184;0
4;86;1;6;29;-1;151;0;130;381;-1;-1;184;0
4;86;1;4;5;-1;86;1;4;22;-1;-1;184;0
4;86;1;4;4;-1;86;1;4;22;-1;-1;184;0
4;86;1;4;22;-1;86;1;4;5;-1;-1;184;0
4;86;1;8;5;-1;86;1;27;4;-1;-1;184;0
4;86;1;27;4;-1;86;1;8;5;-1;-1;184;0
4;86;1;27;3;-1;86;1;8;5;-1;-1;184;0
4;102;1;8;19;-1;54;0;1297;294;-1;-1;73;0
4;102;1;14;17;-1;103;1;14;10;-1;-1;73;0
4;103;1;14;10;-1;102;1;14;17;-1;-1;77;0
4;104;1;4;11;-1;54;0;1310;309;-1;-1;104;0
4;105;1;4;8;-1;54;0;1292;294;-1;-1;95;0
4;106;1;7;12;-1;54;0;1293;309;-1;-1;185;0
4;107;1;4;8;-1;54;0;1301;309;-1;-1;95;0
4;108;1;4;8;-1;54;0;1310;318;-1;-1;95;0
4;109;1;6;22;-1;54;0;1295;319;-1;-1;255;0
4;110;1;5;12;-1;94;0;237;266;-1;-1;69;0
4;110;1;5;2;-1;155;1;14;34;-1;-1;69;0
4;111;1;14;10;-1;226;0;14;17;-1;-1;77;0
4;112;1;14;10;-1;246;0;14;17;-1;-1;77;0
4;113;1;14;10;-1;37;1;14;17;-1;-1;77;0
4;114;1;12;12;-1;55;0;1201;237;-1;-1;215;0
4;114;1;6;8;-1;115;1;11;8;-1;-1;215;0
4;114;1;5;2;-1;186;1;3;6;-1;-1;215;0
4;115;1;11;8;-1;114;1;6;8;-1;-1;216;0
4;115;1;6;8;-1;116;1;11;8;-1;-1;216;0
4;115;1;5;2;-1;186;1;3;6;-1;-1;216;0
4;116;1;11;8;-1;115;1;6;8;-1;-1;217;0
4;116;1;6;8;-1;117;1;11;8;-1;-1;217;0
4;116;1;5;2;-1;186;1;3;6;-1;-1;217;0
4;117;1;11;8;-1;116;1;6;8;-1;-1;218;0
4;117;1;6;8;-1;118;1;11;8;-1;-1;218;0
4;117;1;5;2;-1;186;1;3;6;-1;-1;218;0
4;118;1;11;8;-1;117;1;6;8;-1;-1;219;0
4;118;1;6;8;-1;119;1;11;8;-1;-1;219;0
4;118;1;5;2;-1;186;1;3;6;-1;-1;219;0
4;119;1;11;8;-1;118;1;6;8;-1;-1;220;0
4;119;1;5;2;-1;186;1;3;6;-1;-1;220;0
4;120;1;7;13;-1;55;0;1218;237;-1;-1;221;0
4;120;1;13;10;-1;121;1;13;9;-1;-1;221;0
4;120;1;3;2;-1;187;1;3;6;-1;-1;221;0
4;121;1;13;9;-1;120;1;13;10;-1;-1;222;0
4;121;1;7;2;-1;188;1;3;6;-1;-1;222;0
4;122;1;3;2;-1;187;1;3;6;-1;-1;223;0
4;123;1;12;7;-1;124;1;6;11;-1;-1;224;0
4;123;1;2;4;-1;187;1;3;6;-1;-1;224;0
4;123;1;6;4;-1;188;1;3;6;-1;-1;224;0
4;124;1;6;11;-1;123;1;12;7;-1;-1;225;0
4;125;1;10;16;-1;55;0;1218;249;-1;-1;213;0
4;126;1;4;7;-1;55;0;1223;249;-1;-1;214;0
4;127;1;5;11;-1;55;0;1225;261;-1;-1;226;0
4;128;1;3;4;-1;66;0;3;3;-1;-1;72;0
4;129;1;4;8;-1;75;0;167;335;-1;-1;95;0
4;130;1;7;2;-1;54;0;1309;340;-1;-1;186;0
4;130;1;7;11;-1;131;1;12;12;-1;-1;186;0
4;131;1;12;12;-1;130;1;7;11;-1;-1;211;0
4;131;1;23;17;-1;51;1;24;19;-1;-1;211;0
4;132;1;1413;200;-1;108;0;23;36;-1;-1;0;0
4;133;1;5;12;-1;14;0;1300;261;-1;-1;69;0
4;133;1;5;2;-1;59;0;1300;253;-1;-1;69;0
4;134;1;1;7;-1;59;0;1337;240;-1;-1;70;0
4;134;1;10;7;-1;16;0;1344;240;-1;-1;70;0
4;135;1;5;12;-1;59;0;1300;197;-1;-1;69;0
4;135;1;5;2;-1;13;0;1300;189;-1;-1;69;0
4;136;1;1;7;-1;56;0;1241;422;-1;-1;70;0
4;136;1;10;7;-1;23;0;1248;422;-1;-1;70;0
4;137;1;8;19;-1;55;0;1231;237;-1;-1;73;0
4;137;1;14;17;-1;138;1;14;10;-1;-1;73;0
4;138;1;14;10;-1;137;1;14;17;-1;-1;77;0
4;139;1;7;46;-1;55;0;1201;266;-1;-1;258;0
4;140;1;6;15;-1;141;1;3;2;-1;-1;228;0
4;140;1;6;2;-1;140;0;5;19;-1;-1;228;0
4;141;1;4;19;-1;87;0;523;183;-1;-1;93;0
4;141;1;3;2;-1;140;1;6;15;-1;-1;93;0
4;142;1;7;14;-1;59;0;1321;204;-1;-1;192;0
4;143;1;4;8;-1;59;0;1323;242;-1;-1;97;0
4;144;1;14;20;-1;59;0;1290;208;-1;-1;187;0
4;144;1;3;4;-1;8;2;21;14;-1;-1;187;0
4;144;1;3;3;-1;8;2;21;14;-1;-1;187;0
4;146;1;11;14;-1;59;0;1308;229;-1;-1;189;0
4;146;1;3;2;-1;189;1;3;6;-1;-1;189;0
4;147;1;7;2;-1;189;1;3;6;-1;-1;241;0
4;148;1;8;11;-1;59;0;1297;218;-1;-1;190;0
4;148;1;8;3;-1;149;1;5;3;-1;-1;190;0
4;149;1;5;3;-1;148;1;8;3;-1;-1;191;0
4;151;1;8;19;-1;59;0;1294;242;-1;-1;73;0
4;151;1;14;17;-1;152;1;14;10;-1;-1;73;0
4;152;1;14;10;-1;151;1;14;17;-1;-1;77;0
4;153;1;4;11;-1;59;0;1318;218;-1;-1;104;0
4;154;1;15;28;-1;59;0;1328;204;-1;-1;256;0
4;154;1;18;22;-1;154;1;28;25;-1;-1;256;0
4;154;1;28;25;-1;154;1;18;22;-1;-1;256;0
4;154;1;28;22;-1;154;1;28;13;-1;-1;256;0
4;154;1;28;13;-1;154;1;28;22;-1;-1;256;0
4;154;1;28;16;-1;154;1;2;13;-1;-1;256;0
4;154;1;2;13;-1;154;1;28;16;-1;-1;256;0
4;154;1;2;16;-1;154;1;8;7;-1;-1;256;0
4;154;1;8;7;-1;154;1;2;16;-1;-1;256;0
4;154;1;8;4;-1;154;1;17;4;-1;-1;256;0
4;154;1;17;4;-1;154;1;8;4;-1;-1;256;0
4;154;1;17;7;-1;154;1;2;25;-1;-1;256;0
4;154;1;2;25;-1;154;1;17;7;-1;-1;256;0
4;154;1;2;22;-1;154;1;28;7;-1;-1;256;0
4;154;1;28;7;-1;154;1;2;22;-1;-1;256;0
4;154;1;28;4;-1;154;1;22;22;-1;-1;256;0
4;154;1;22;22;-1;154;1;28;4;-1;-1;256;0
4;154;1;22;25;-1;154;1;8;22;-1;-1;256;0
4;154;1;8;22;-1;154;1;22;25;-1;-1;256;0
4;154;1;8;25;-1;154;1;8;16;-1;-1;256;0
4;154;1;8;16;-1;154;1;8;25;-1;-1;256;0
4;154;1;8;13;-1;154;1;13;7;-1;-1;256;0
4;154;1;13;7;-1;154;1;8;13;-1;-1;256;0
4;154;1;13;4;-1;154;1;22;16;-1;-1;256;0
4;154;1;22;16;-1;154;1;13;4;-1;-1;256;0
4;154;1;22;13;-1;154;1;22;4;-1;-1;256;0
4;154;1;22;4;-1;154;1;22;13;-1;-1;256;0
4;154;1;22;7;-1;154;1;2;4;-1;-1;256;0
4;154;1;2;4;-1;154;1;22;7;-1;-1;256;0
4;154;1;2;7;-1;154;1;18;17;-1;-1;256;0
4;154;1;18;17;-1;154;1;2;7;-1;-1;256;0
4;155;1;14;34;-1;110;1;5;2;-1;-1;240;0
4;155;1;15;34;-1;110;1;5;2;-1;-1;240;0
4;155;1;14;7;-1;17;1;7;20;-1;-1;240;0
4;155;1;15;7;-1;17;1;7;20;-1;-1;240;0
4;155;1;8;14;-1;16;2;8;19;-1;-1;240;0
4;155;1;19;14;-1;18;2;4;11;-1;-1;240;0
4;155;1;4;23;-1;19;2;4;8;-1;-1;240;0
4;156;1;16;5;-1;207;0;16;4;-1;-1;238;0
4;156;1;16;15;-1;157;1;13;14;-1;-1;238;0
4;157;1;13;4;-1;207;0;20;4;-1;-1;239;0
4;157;1;13;14;-1;156;1;16;15;-1;-1;239;0
4;158;1;1028;138;-1;164;1;5;2;-1;-1;0;0
4;158;1;1029;138;-1;164;1;5;2;-1;-1;0;0
4;158;1;1050;183;-1;162;1;5;2;-1;-1;0;0
4;158;1;1051;183;-1;162;1;5;2;-1;-1;0;0
4;158;1;1048;137;-1;106;0;37;10;-1;-1;0;0
4;158;1;1047;155;-1;161;1;4;8;-1;-1;0;0
4;159;1;4;8;-1;166;1;1153;258;-1;-1;66;0
4;161;1;4;8;-1;158;1;1047;155;-1;-1;66;0
4;162;1;5;2;-1;158;1;1050;183;-1;-1;69;0
4;162;1;5;12;-1;10;0;1050;192;-1;-1;69;0
4;163;1;5;12;-1;10;0;1034;192;-1;-1;69;0
4;163;1;5;2;-1;147;0;32;77;-1;-1;69;0
4;164;1;5;12;-1;147;0;12;16;-1;-1;69;0
4;164;1;5;2;-1;158;1;1028;138;-1;-1;69;0
4;165;1;10;7;-1;166;1;1158;276;-1;-1;70;0
4;165;1;1;7;-1;24;0;1151;276;-1;-1;70;0
4;166;1;1158;276;-1;165;1;10;7;-1;-1;0;0
4;166;1;1158;277;-1;165;1;10;7;-1;-1;0;0
4;166;1;1153;258;-1;159;1;4;8;-1;-1;0;0
4;167;1;1;7;-1;26;0;1155;426;-1;-1;70;0
4;167;1;10;7;-1;26;0;1162;426;-1;-1;70;0
4;168;1;5;2;-1;56;0;1203;445;-1;-1;69;0
4;168;1;5;12;-1;91;0;1203;453;-1;-1;69;0
4;169;1;1;7;-1;19;0;1401;305;-1;-1;70;0
4;169;1;10;7;-1;20;0;1408;305;-1;-1;70;0
4;170;1;4;11;-1;52;0;1308;144;-1;-1;104;0
4;171;1;10;25;-1;52;0;1318;134;-1;-1;257;0
4;172;1;8;19;-1;52;0;1309;131;-1;-1;73;0
4;172;1;14;17;-1;239;1;14;10;-1;-1;73;0
4;173;1;4;8;-1;52;0;1305;116;-1;-1;96;0
4;174;1;4;8;-1;52;0;1319;123;-1;-1;97;0
4;175;1;4;8;-1;52;0;1304;131;-1;-1;96;0
4;176;1;6;11;-1;52;0;1298;144;-1;-1;274;0
4;177;1;4;11;-1;53;0;1412;234;-1;-1;104;0
4;178;1;8;19;-1;53;0;1418;234;-1;-1;73;0
4;178;1;14;17;-1;238;1;14;10;-1;-1;73;0
4;179;1;5;12;-1;53;0;1419;242;-1;-1;193;0
4;180;1;4;8;-1;53;0;1414;249;-1;-1;96;0
4;181;1;5;8;-1;53;0;1419;249;-1;-1;140;0
4;182;1;4;17;-1;53;0;1431;246;-1;-1;194;0
4;183;1;3;12;-1;53;0;1429;234;-1;-1;195;0
4;184;1;7;11;-1;29;0;1407;38;-1;-1;254;0
4;192;1;5;4;-1;107;0;17;4;-1;-1;4;0
4;192;1;5;6;-1;193;1;28;8;-1;-1;4;0
4;192;1;5;25;-1;193;1;32;20;-1;-1;4;0
4;192;1;5;23;-1;107;0;22;16;-1;-1;4;0
4;192;1;9;7;-1;1;2;28;8;-1;-1;4;0
4;192;1;9;26;-1;1;2;32;20;-1;-1;4;0
4;193;1;28;8;-1;192;1;5;6;-1;-1;5;0
4;193;1;32;20;-1;192;1;5;25;-1;-1;5;0
4;193;1;18;10;-1;6;2;5;9;-1;-1;5;0
4;194;1;10;13;-1;145;0;9;11;-1;-1;79;0
4;194;1;15;19;-1;145;0;14;17;-1;-1;79;0
4;194;1;8;29;-1;145;0;7;27;-1;-1;79;0
4;194;1;56;13;-1;145;0;55;11;-1;-1;79;0
4;194;1;46;27;-1;145;0;45;25;-1;-1;79;0
4;194;1;35;33;-1;145;0;34;31;-1;-1;79;0
4;195;1;7;17;-1;145;0;6;19;-1;-1;80;0
4;195;1;56;20;-1;145;0;55;22;-1;-1;80;0
4;195;1;56;19;-1;145;0;55;22;-1;-1;80;0
4;195;1;7;16;-1;145;0;6;19;-1;-1;80;0
4;196;1;8;34;-1;108;0;8;34;-1;-1;7;0
4;196;1;10;19;-1;108;0;10;18;-1;-1;7;0
4;196;1;8;7;-1;108;0;8;7;-1;-1;7;0
4;196;1;37;18;-1;108;0;37;17;-1;-1;7;0
4;196;1;8;33;-1;108;0;8;34;-1;-1;7;0
4;196;1;10;18;-1;108;0;10;18;-1;-1;7;0
4;196;1;8;6;-1;108;0;8;7;-1;-1;7;0
4;196;1;37;17;-1;108;0;37;17;-1;-1;7;0
4;197;1;45;21;-1;146;0;52;20;-1;-1;82;0
4;197;1;2;8;-1;146;0;11;4;-1;-1;82;0
4;197;1;32;22;-1;198;1;34;25;-1;-1;82;0
4;197;1;13;18;-1;198;1;15;21;-1;-1;82;0
4;197;1;17;9;-1;198;1;18;12;-1;-1;82;0
4;197;1;7;20;-1;198;1;9;23;-1;-1;82;0
4;198;1;34;25;-1;197;1;32;22;-1;-1;83;0
4;198;1;15;21;-1;197;1;13;18;-1;-1;83;0
4;198;1;18;12;-1;197;1;17;9;-1;-1;83;0
4;198;1;9;23;-1;197;1;7;20;-1;-1;83;0
4;198;1;43;12;-1;199;1;43;13;-1;-1;83;0
4;198;1;42;23;-1;199;1;42;25;-1;-1;83;0
4;198;1;23;14;-1;199;1;23;15;-1;-1;83;0
4;198;1;5;24;-1;199;1;4;25;-1;-1;83;0
4;198;1;34;24;-1;197;1;32;22;-1;-1;83;0
4;198;1;18;11;-1;197;1;17;9;-1;-1;83;0
4;198;1;15;20;-1;197;1;13;18;-1;-1;83;0
4;198;1;9;22;-1;197;1;7;20;-1;-1;83;0
4;199;1;43;13;-1;198;1;43;12;-1;-1;84;0
4;199;1;42;25;-1;198;1;42;23;-1;-1;84;0
4;199;1;23;15;-1;198;1;23;14;-1;-1;84;0
4;199;1;4;25;-1;198;1;5;24;-1;-1;84;0
4;199;1;44;22;-1;200;1;45;22;-1;-1;84;0
4;199;1;37;23;-1;200;1;38;23;-1;-1;84;0
4;199;1;32;4;-1;200;1;33;4;-1;-1;84;0
4;199;1;27;13;-1;200;1;28;13;-1;-1;84;0
4;199;1;11;20;-1;200;1;12;19;-1;-1;84;0
4;199;1;5;5;-1;200;1;6;5;-1;-1;84;0
4;199;1;42;24;-1;198;1;42;23;-1;-1;84;0
4;199;1;43;12;-1;198;1;43;12;-1;-1;84;0
4;199;1;23;14;-1;198;1;23;14;-1;-1;84;0
4;199;1;4;24;-1;198;1;5;24;-1;-1;84;0
4;200;1;45;22;-1;199;1;44;22;-1;-1;85;0
4;200;1;38;23;-1;199;1;37;23;-1;-1;85;0
4;200;1;33;4;-1;199;1;32;4;-1;-1;85;0
4;200;1;28;13;-1;199;1;27;13;-1;-1;85;0
4;200;1;12;19;-1;199;1;11;20;-1;-1;85;0
4;200;1;6;5;-1;199;1;5;5;-1;-1;85;0
4;200;1;38;22;-1;199;1;37;23;-1;-1;85;0
4;200;1;33;3;-1;199;1;32;4;-1;-1;85;0
4;200;1;28;12;-1;199;1;27;13;-1;-1;85;0
4;200;1;12;18;-1;199;1;11;20;-1;-1;85;0
4;200;1;6;4;-1;199;1;5;5;-1;-1;85;0
4;200;1;45;21;-1;199;1;44;22;-1;-1;85;0
4;201;1;14;25;-1;146;0;55;24;-1;-1;264;0
4;203;1;24;12;-1;207;1;20;1;-1;-1;266;0
4;203;1;39;19;-1;207;1;38;8;-1;-1;266;0
4;203;1;39;31;-1;207;1;38;20;-1;-1;266;0
4;203;1;39;43;-1;207;1;38;32;-1;-1;266;0
4;203;1;32;51;-1;207;1;34;38;-1;-1;266;0
4;203;1;18;51;-1;207;1;20;38;-1;-1;266;0
4;203;1;14;39;-1;208;1;34;18;-1;-1;266;0
4;204;1;19;20;-1;122;0;55;24;-1;-1;267;0
4;204;1;23;37;-1;122;0;53;41;-1;-1;267;0
4;204;1;27;42;-1;122;0;51;46;-1;-1;267;0
4;205;1;5;8;-1;122;0;34;47;-1;-1;268;0
4;206;1;10;22;-1;122;0;15;12;-1;-1;269;0
4;207;1;20;22;-1;122;0;32;9;-1;-1;270;0
4;207;1;20;1;-1;203;1;24;12;-1;-1;270;0
4;207;1;38;8;-1;203;1;39;19;-1;-1;270;0
4;207;1;38;20;-1;203;1;39;31;-1;-1;270;0
4;207;1;38;32;-1;203;1;39;43;-1;-1;270;0
4;207;1;34;38;-1;203;1;32;51;-1;-1;270;0
4;207;1;20;38;-1;203;1;18;51;-1;-1;270;0
4;208;1;34;18;-1;203;1;14;39;-1;-1;271;0
4;208;1;13;1;-1;209;1;30;36;-1;-1;271;0
4;209;1;30;36;-1;208;1;13;1;-1;-1;272;0
4;210;1;8;19;-1;18;0;1426;163;-1;-1;73;0
4;210;1;14;17;-1;228;1;14;10;-1;-1;73;0
4;211;1;7;20;-1;18;0;1423;184;-1;-1;251;0
4;213;1;5;9;-1;13;0;1306;185;-1;-1;253;0
4;213;1;8;3;-1;20;2;4;4;-1;-1;253;0
4;213;1;8;4;-1;20;2;4;4;-1;-1;253;0
4;213;1;8;5;-1;20;2;4;4;-1;-1;253;0
4;214;1;5;9;-1;14;0;1309;265;-1;-1;253;0
4;214;1;8;3;-1;20;2;4;57;-1;-1;253;0
4;214;1;8;4;-1;20;2;4;57;-1;-1;253;0
4;214;1;8;5;-1;20;2;4;57;-1;-1;253;0
4;215;1;10;19;-1;51;0;1048;78;-1;-1;242;0
4;216;1;4;8;-1;51;0;1068;87;-1;-1;66;0
4;217;1;7;27;-1;51;0;1047;92;-1;-1;260;0
4;218;1;4;11;-1;51;0;1060;97;-1;-1;104;0
4;219;1;8;19;-1;51;0;1048;106;-1;-1;73;0
4;219;1;14;17;-1;220;1;14;10;-1;-1;73;0
4;220;1;14;10;-1;219;1;14;17;-1;-1;77;0
4;221;1;4;8;-1;51;0;1037;111;-1;-1;66;0
4;222;1;4;11;-1;56;0;1197;416;-1;-1;104;0
4;223;1;7;19;-1;56;0;1214;403;-1;-1;243;0
4;224;1;7;25;-1;56;0;1195;439;-1;-1;259;0
4;225;1;4;8;-1;56;0;1200;439;-1;-1;96;0
4;226;1;8;19;-1;56;0;1209;439;-1;-1;73;0
4;226;1;14;17;-1;229;1;14;10;-1;-1;73;0
4;227;1;4;8;-1;56;0;1222;435;-1;-1;97;0
4;228;1;14;10;-1;210;1;14;17;-1;-1;77;0
4;229;1;14;10;-1;226;1;14;17;-1;-1;77;0
4;230;1;16;29;-1;243;0;31;31;-1;-1;275;0
4;231;1;40;86;-1;102;0;25;2;-1;-1;27;0
4;231;1;41;86;-1;102;0;25;2;-1;-1;27;0
4;231;1;75;39;-1;104;0;1;7;-1;-1;27;0
4;231;1;75;40;-1;104;0;1;7;-1;-1;27;0
4;231;1;33;15;-1;150;0;5;12;-1;-1;27;0
4;231;1;34;15;-1;150;0;5;12;-1;-1;27;0
4;231;1;35;15;-1;150;0;5;12;-1;-1;27;0
4;233;1;7;20;-1;18;0;1423;184;-1;-1;276;0
4;234;1;18;24;-1;67;1;25;24;-1;-1;37;0
4;234;1;18;23;-1;67;1;25;24;-1;-1;37;0
4;235;1;25;30;-1;113;0;430;284;-1;-1;181;0
4;235;1;25;24;-1;236;1;18;24;-1;-1;181;0
4;236;1;18;24;-1;235;1;25;24;-1;-1;37;0
4;236;1;18;23;-1;235;1;25;24;-1;-1;37;0
4;237;1;10;7;-1;59;0;1280;240;-1;-1;70;0
4;237;1;1;7;-1;15;0;1273;240;-1;-1;70;0
4;238;1;14;10;-1;178;1;14;17;-1;-1;77;0
4;239;1;14;10;-1;172;1;14;17;-1;-1;77;0
4;240;1;5;47;-1;50;0;1045;239;-1;-1;261;0
4;241;1;4;8;-1;50;0;1034;244;-1;-1;96;0
4;242;1;5;15;-1;50;0;1036;253;-1;-1;244;0
4;242;1;13;3;-1;243;1;11;3;-1;-1;244;0
4;243;1;11;3;-1;242;1;13;3;-1;-1;245;0
4;244;1;4;11;-1;50;0;1042;253;-1;-1;104;0
4;245;1;8;19;-1;50;0;1032;262;-1;-1;73;0
4;245;1;14;17;-1;246;1;14;10;-1;-1;73;0
4;246;1;14;10;-1;245;1;14;17;-1;-1;77;0
4;247;1;5;10;-1;49;0;1033;363;-1;-1;246;0
4;247;1;9;3;-1;250;1;9;3;-1;-1;246;0
4;248;1;5;10;-1;49;0;1044;363;-1;-1;248;0
4;248;1;3;3;-1;251;1;3;3;-1;-1;248;0
4;249;1;8;13;-1;49;0;1045;373;-1;-1;250;0
4;250;1;9;3;-1;247;1;9;3;-1;-1;247;0
4;251;1;3;3;-1;248;1;3;3;-1;-1;249;0
4;252;1;8;19;-1;57;0;1039;502;-1;-1;73;0
4;252;1;14;17;-1;253;1;14;10;-1;-1;73;0
4;253;1;14;10;-1;252;1;14;17;-1;-1;77;0
4;254;1;4;8;-1;32;0;851;263;-1;-1;66;0
4;255;1;8;19;-1;11;0;1167;106;-1;-1;73;0
4;255;1;14;17;-1;0;2;14;10;-1;-1;73;0
4;0;2;14;10;-1;255;1;14;17;-1;-1;77;0
4;1;2;28;8;-1;192;1;5;6;-1;-1;281;0
4;1;2;32;20;-1;192;1;5;25;-1;-1;281;0
4;2;2;8;19;-1;90;0;820;265;-1;-1;73;0
4;2;2;14;17;-1;3;2;14;10;-1;-1;73;0
4;3;2;14;10;-1;2;2;14;17;-1;-1;77;0
4;5;2;4;8;-1;13;0;1297;171;-1;-1;66;0
4;6;2;5;9;-1;193;1;18;10;-1;-1;139;0
4;7;2;10;14;-1;197;0;3;3;-1;-1;282;0
4;8;2;21;14;-1;144;1;3;3;-1;-1;283;0
4;9;2;20;25;-1;11;2;4;8;-1;-1;277;0
4;9;2;13;7;-1;10;2;16;30;-1;-1;277;0
4;10;2;16;30;-1;9;2;13;7;-1;-1;278;0
4;11;2;4;8;-1;9;2;20;25;-1;-1;287;0
4;12;2;16;29;-1;151;0;87;389;-1;-1;279;0
4;13;2;16;29;-1;151;0;87;389;-1;-1;284;0
4;14;2;16;29;-1;151;0;87;389;-1;-1;285;0
4;15;2;5;12;-1;9;0;1036;288;-1;-1;69;0
4;15;2;5;2;-1;50;0;1036;280;-1;-1;69;0
4;16;2;8;19;-1;155;1;8;14;-1;-1;73;0
4;16;2;14;17;-1;17;2;14;10;-1;-1;73;0
4;17;2;14;10;-1;16;2;14;17;-1;-1;77;0
4;18;2;4;11;-1;155;1;19;14;-1;-1;104;0
4;19;2;4;8;-1;155;1;4;23;-1;-1;97;0
4;20;2;4;3;-1;213;1;8;4;-1;-1;252;0
4;20;2;4;4;-1;213;1;8;4;-1;-1;252;0
4;20;2;4;5;-1;213;1;8;4;-1;-1;252;0
4;20;2;4;57;-1;214;1;8;4;-1;-1;252;0
4;20;2;4;58;-1;214;1;8;4;-1;-1;252;0
4;20;2;4;56;-1;214;1;8;4;-1;-1;252;0
4;21;2;4;8;-1;20;0;1429;318;-1;-1;66;0
4;22;2;8;19;-1;174;0;82;302;-1;-1;73;0
4;22;2;14;17;-1;23;2;14;10;-1;-1;73;0
4;23;2;14;10;-1;22;2;14;17;-1;-1;77;0
4;24;2;7;12;-1;76;0;351;360;-1;-1;286;0
4;25;2;7;12;-1;55;0;1218;249;-1;-1;286;0
4;27;2;14;10;-1;44;1;20;24;-1;-1;77;0
